1775251345.0493774,8,425.91,6.2,0
1775251345.047053,5,430.89,0.0,0
1775251345.051389,7,429.24,0.0,0
1775251345.0355191,2,446.73,100.0,0
1775251345.0488677,6,434.45,16.7,0
1775251345.0450542,4,439.83,0.0,0
1775251345.0440533,3,442.47,0.0,0
1775251345.0395322,1,1014.02,2.3,0
1775251345.0533886,9,1002.15,0.0,0
1775251345.052389,10,1004.15,0.0,0
1775251345.0563886,12,1001.51,0.0,0
1775251345.0543885,11,1004.51,0.0,0
1775251345.055389,13,1004.52,0.0,0
1775251345.0573885,14,1003.52,13.3,0
1775251345.058389,15,1003.52,0.0,0
1775251345.0604334,16,1002.47,0.0,0
1775251345.0614326,17,1002.53,0.0,0
1775251345.0614326,18,1006.31,0.0,0
1775251345.1116138,19,1472.32,13.8,0
1775251345.472624,20,1112.83,0.0,0
1775251345.0629423,21,1523.51,0.0,0
1775251345.0639536,22,1523.56,0.0,0
1775251345.0741448,24,1514.50,0.0,0
1775251345.0711255,23,1517.52,0.0,0
1775251345.0815065,26,1508.13,0.0,0
1775251345.0776966,25,1512.95,0.0,0
1775251345.0899525,28,1711.15,8.4,0
1775251345.0879073,27,1714.57,0.0,0
1775251345.4886796,29,1318.01,0.0,0
1775251345.0933735,30,1713.31,0.0,0
1775251345.9998329,31,808.84,0.0,0
1775251345.097973,32,1711.71,0.0,0
1775251345.1004999,33,1920.03,12.4,0
1775251345.1045172,34,1917.71,0.0,0
1775251346.0687785,2,954.46,0.0,0
1775251346.0712917,3,1107.35,8.0,0
1775251345.108029,35,2887.22,4.4,0
1775251346.4789138,4,1518.33,0.0,0
1775251346.065471,1,1933.09,21.4,0
1775251346.5926418,5,1514.69,2.0,0
1775251346.795939,6,1312.39,12.5,0
1775251346.795939,8,1313.85,0.0,0
1775251346.795939,9,1314.86,0.0,0
1775251346.795939,7,1316.09,0.0,0
1775251346.795939,10,1316.09,0.0,0
1775251346.797463,11,1316.08,0.0,0
1775251346.797463,12,1318.08,0.0,0
1775251346.797463,13,1319.18,0.0,0
1775251346.797463,15,1319.18,0.0,0
1775251346.797463,14,1321.15,0.0,0
1775251346.797463,16,1322.16,0.0,0
1775251346.797463,17,1322.16,0.0,0
1775251346.797463,18,1323.81,0.0,0
1775251346.7990942,19,1322.17,0.0,0
1775251346.7990942,20,1323.41,50.0,0
1775251346.803582,21,1478.12,4.8,0
1775251346.8046854,23,1478.01,0.0,0
1775251346.8046854,24,1534.54,2.0,0
1775251346.8046854,22,1536.55,0.0,0
1775251346.810681,25,1531.56,25.0,0
1775251346.967779,26,1378.48,0.0,0
1775251347.1806479,2,1730.70,5.4,0
1775251347.9922295,3,1381.05,4.3,0
1775251348.1028013,3,1272.70,11.1,0
1775251348.1028013,2,1273.71,0.0,0
1775251347.0242376,1,2353.27,0.0,0
1775251348.1038215,4,1275.05,0.0,0
1775251348.1038215,5,1276.17,0.0,0
1775251348.1038215,6,1277.20,0.0,0
1775251348.1038215,7,1278.21,0.0,0
1775251348.1048129,9,1278.22,0.0,0
1775251348.1048129,8,1279.22,0.0,0
1775251348.12401,10,1372.14,3.5,0
1775251348.2756524,11,1221.50,42.9,0
1775251348.276826,12,1222.34,0.0,0
1775251348.276826,13,1223.37,0.0,0
1775251348.2778597,14,1223.56,0.0,0
1775251348.2778597,15,1224.56,0.0,0
1775251348.2778597,16,1225.63,0.0,0
1775251348.2778597,17,1226.25,0.0,0
1775251348.2788556,18,1226.66,0.0,0
1775251348.0004332,1,1609.98,1.0,0
1775251348.283742,19,1329.31,0.0,0
1775251348.3442407,21,1326.48,17.5,0
1775251348.3432405,20,1329.00,0.0,0
1775251348.347771,22,1378.86,4.2,0
1775251348.401202,23,1332.03,11.1,0
1775251348.9134517,24,2196.95,2.2,0
1775251349.4874823,2,1623.95,0.0,0
1775251349.4896302,5,1624.35,0.0,0
1775251349.4896302,4,1624.86,0.0,0
1775251349.487993,3,1627.50,0.0,0
1775251349.4906466,6,1625.86,0.0,0
1775251349.4906466,7,1626.86,0.0,0
1775251349.4906466,8,1628.88,0.0,0
1775251349.4906466,9,1630.50,0.0,0
1775251349.4906466,10,1631.50,0.0,0
1775251349.4917352,11,1631.43,40.0,0
1775251349.4917352,12,1632.43,0.0,0
1775251349.4917352,13,1632.43,0.0,0
1775251349.4917352,14,1633.48,0.0,0
1775251349.4927351,16,1633.48,0.0,0
1775251349.4927351,15,1634.49,0.0,0
1775251349.4927351,17,1635.49,0.0,0
1775251349.4927351,18,1635.49,0.0,0
1775251349.4927351,19,1636.99,0.0,0
1775251349.4927351,20,1638.08,0.0,0
1775251349.4927351,21,1638.08,0.0,0
1775251349.4927351,22,1639.10,0.0,0
1775251349.4941406,23,1638.69,0.0,0
1775251349.4941406,24,1639.69,0.0,0
1775251349.4941406,25,1639.69,0.0,0
1775251349.4941406,26,1641.78,0.0,0
1775251349.5069153,27,1740.18,2.7,0
1775251349.6135592,28,1636.90,7.7,0
1775251349.385025,1,1867.43,0.0,0
1775251349.6732445,29,1790.25,8.9,0
1775251349.7245145,30,1740.99,0.0,0
1775251349.7299159,31,1736.70,100.0,0
1775251349.7345786,32,1741.43,6.2,0
1775251351.1364398,2,1569.05,2.8,0
1775251351.238047,3,1469.45,0.0,0
1775251351.2390628,4,1468.44,0.0,0
1775251351.2390628,5,1469.43,0.0,0
1775251351.2400763,7,1469.42,0.0,0
1775251351.2390628,6,1471.43,0.0,0
1775251351.2400763,8,1471.42,0.0,0
1775251351.2400763,9,1472.92,0.0,0
1775251351.2400763,10,1474.45,0.0,0
1775251351.2400763,11,1475.46,0.0,0
1775251351.2411666,12,1475.38,50.0,0
1775251351.2411666,13,1475.96,10.0,0
1775251351.2411666,14,1476.96,0.0,0
1775251351.2411666,15,1476.96,0.0,0
1775251351.2411666,16,1478.47,0.0,0
1775251351.2411666,17,1479.99,0.0,0
1775251351.242482,19,1478.67,0.0,0
1775251351.242482,18,1479.68,0.0,0
1775251351.242482,20,1480.68,0.0,0
1775251351.242482,22,1480.68,0.0,0
1775251351.242482,21,1482.19,0.0,0
1775251351.242482,23,1482.19,0.0,0
1775251351.2481863,24,1546.99,21.4,0
1775251351.05622,1,1739.96,14.3,0
1775251351.253454,25,1597.60,3.9,0
1775251351.4092038,26,1856.71,5.6,0
1775251351.4676495,27,2158.08,3.3,0
1775251349.7299159,33,3896.83,0.0,0
1775251349.731226,34,3897.54,0.0,0
1775251351.4686513,28,2160.67,0.0,0
1775251351.4686513,29,2161.19,0.0,0
1775251349.7276707,35,3903.17,0.0,0
1775251351.4686513,30,2163.20,0.0,0
1775251351.46965,31,2163.20,0.0,0
1775251351.4770198,32,2213.35,12.3,0
1775251352.5934625,2,1097.96,0.0,0
1775251352.5956204,7,1096.92,0.0,0
1775251352.5945375,3,1098.55,0.0,0
1775251352.5945375,5,1099.09,0.0,0
1775251352.5945375,6,1099.09,0.0,0
1775251352.5945375,4,1100.58,0.0,0
1775251352.5991414,8,1961.38,6.0,0
1775251352.7773483,9,1839.51,0.0,0
1775251352.7783618,12,1839.52,0.0,0
1775251352.7773483,11,1841.54,0.0,0
1775251352.7783618,13,1842.13,0.0,0
1775251352.7773483,10,1843.76,0.0,0
1775251352.7783618,14,1845.21,52.9,0
1775251352.7799795,16,1844.62,0.0,0
1775251352.7799795,15,1846.82,0.0,0
1775251352.7799795,17,1847.89,0.0,0
1775251352.7799795,18,1848.90,0.0,0
1775251352.7799795,19,1849.90,0.0,0
1775251352.7810295,20,1849.93,0.0,0
1775251352.7810295,21,1850.93,0.0,0
1775251352.7810295,22,1852.14,0.0,0
1775251352.7820954,24,1852.12,0.0,0
1775251352.7810295,23,1854.69,0.0,0
1775251352.5934625,1,2043.27,0.0,0
1775251352.7971919,25,1896.08,32.8,0
1775251352.855063,26,1841.22,0.0,0
1775251351.46965,33,3690.80,11.0,0
1775251351.4713047,34,3690.15,0.0,0
1775251353.6860695,2,1475.38,0.0,0
1775251353.6876845,3,1475.27,0.0,0
1775251353.6876845,5,1476.28,0.0,0
1775251353.6876845,4,1477.78,0.0,0
1775251353.6882205,6,1478.48,0.0,0
1775251353.6882205,7,1479.76,0.0,0
1775251353.689292,8,1478.69,0.0,0
1775251353.2675612,1,2365.84,8.3,0
1775251354.6156828,2,1019.23,0.0,0
1775251354.6377277,3,1102.56,4.4,0
1775251352.7820954,30,2959.19,0.0,0
1775251352.7905786,28,2952.71,0.0,0
1775251352.7855005,27,2957.78,0.0,0
1775251352.7875097,31,2957.78,0.0,0
1775251352.7833664,29,2963.55,0.0,0
1775251354.6916547,4,1055.78,37.5,0
1775251354.5585163,1,1194.38,12.5,0
1775251354.6952791,5,1058.90,0.0,0
1775251355.158454,2,904.95,1.9,0
1775251355.2725677,6,896.62,2.0,0
1775251355.27154,3,899.16,25.0,0
1775251355.2725677,5,899.64,0.0,0
1775251355.2725677,4,900.64,0.0,0
1775251355.2736764,7,901.04,0.0,0
1775251355.1554585,1,1074.37,16.3,0
1775251355.2761312,8,954.21,0.0,0
1775251355.7382236,9,750.28,6.6,0
1775251355.7490797,10,845.91,6.2,0
1775251355.7505054,12,845.49,0.0,0
1775251355.7505054,11,847.00,0.0,0
1775251355.7505054,14,848.50,0.0,0
1775251355.7505054,13,850.53,0.0,0
1775251355.754175,15,901.77,4.7,0
1775251355.805525,16,852.01,0.0,0
1775251355.807556,17,853.31,0.0,0
1775251356.2268248,4,794.58,11.6,0
1775251356.2268248,2,796.09,0.0,0
1775251356.2268248,3,798.21,0.0,0
1775251356.2268248,5,799.22,0.0,0
1775251356.487492,8,644.62,36.1,0
1775251356.4859643,6,647.16,0.0,0
1775251356.4864821,7,648.64,0.0,0
1775251356.490176,9,751.24,23.5,0
1775251356.1668541,1,1075.58,0.0,0
1775251356.6533992,10,693.89,10.8,0
1775251356.6533992,11,695.49,0.0,0
1775251356.6585383,12,847.95,12.8,0
1775251356.6585383,13,850.12,0.0,0
1775251356.8645225,15,699.24,16.1,0
1775251356.8645225,14,700.75,0.0,0
1775251356.8645225,16,701.75,0.0,0
1775251357.0196655,2,703.75,14.2,0
1775251357.1285362,3,853.90,22.9,0
1775251357.1290486,4,854.98,0.0,0
1775251357.1290486,5,856.50,0.0,0
1775251357.2376668,6,853.36,5.1,0
1775251357.2391818,9,854.03,12.5,0
1775251357.0191462,1,1075.60,0.0,0
1775251357.2381797,7,857.57,0.0,0
1775251357.2381797,8,857.57,0.0,0
1775251357.3455348,10,806.38,6.2,0
1775251357.3455348,11,808.38,54.5,0
1775251357.503745,12,807.82,7.8,0
1775251357.561239,15,855.87,46.1,0
1775251357.561239,13,856.86,0.0,0
1775251357.561239,14,858.37,41.7,0
1775251357.5672755,16,957.58,17.0,0
1775251357.7209034,17,805.56,0.0,0
1775251357.9789746,18,603.37,12.7,0
1775251357.9799814,19,603.36,0.0,0
1775251357.986552,20,904.75,5.9,0
1775251358.089018,2,856.61,7.0,0
1775251358.1489124,4,799.37,0.0,0
1775251358.1489124,6,800.97,0.0,0
1775251358.1489124,5,801.97,20.0,0
1775251358.1489124,3,803.97,0.0,0
1775251358.1489124,7,806.11,0.0,0
1775251358.1551535,8,956.41,12.3,0
1775251358.089018,1,1025.06,0.0,0
1775251358.4146345,9,700.95,0.0,0
1775251358.415642,10,700.95,0.0,0
1775251358.522823,11,1108.05,14.2,0
1775251358.5788033,12,1053.40,0.0,0
1775251358.5788033,13,1054.40,0.0,0
1775251358.8889055,14,798.96,10.3,0
1775251358.8889055,15,800.07,0.0,0
1775251358.8889055,16,801.54,0.0,0
1775251358.8889055,17,801.54,0.0,0
1775251358.8900175,18,801.88,0.0,0
1775251358.8900175,19,803.33,0.0,0
1775251358.8900175,20,804.85,0.0,0
1775251358.8933485,21,958.79,5.6,0
1775251359.1085398,3,746.60,0.0,0
1775251359.1085398,2,747.60,0.0,0
1775251359.1095467,4,748.59,25.0,0
1775251359.1130688,5,1005.13,4.2,0
1775251359.2704725,6,847.73,0.0,0
1775251359.271059,8,849.66,0.0,0
1775251359.2704725,7,850.81,0.0,0
1775251359.1085398,1,1014.79,50.0,0
1775251359.6297677,9,1061.23,12.8,0
1775251359.635127,10,1056.94,0.0,0
1775251359.847769,11,899.62,5.3,0
1775251359.847769,12,902.25,0.0,0
1775251359.847769,13,903.25,0.0,0
1775251359.847769,14,905.25,0.0,0
1775251359.8500602,15,904.55,0.0,0
1775251359.8500602,16,905.57,0.0,0
1775251359.8505723,17,907.10,0.0,0
1775251359.8505723,18,908.10,0.0,0
1775251359.8505723,19,909.10,0.0,0
1775251359.854138,20,960.47,3.2,0
1775251359.8581376,21,960.75,0.0,0
1775251360.2262936,2,903.65,6.9,0
1775251360.2273045,4,905.00,0.0,0
1775251360.2273045,5,905.98,0.0,0
1775251360.2262936,3,907.99,0.0,0
1775251360.6887515,6,603.57,2.5,0
1775251360.116189,1,1177.14,0.0,0
1775251360.744871,7,858.22,5.6,0
1775251360.744871,8,859.23,0.0,0
1775251360.744871,9,861.23,0.0,0
1775251360.8111901,10,900.20,7.1,0
1775251360.8116994,11,901.19,0.0,0
1775251360.8116994,12,901.19,0.0,0
1775251360.8116994,13,902.20,0.0,0
1775251360.8116994,14,903.71,0.0,0
1775251360.8116994,15,905.00,33.3,0
1775251360.8172002,16,902.35,0.0,0
1775251360.8172002,17,904.47,0.0,0
1775251361.1278348,2,955.34,7.3,0
1775251361.2890043,4,1000.63,16.9,0
1775251361.2890043,5,1002.65,0.0,0
1775251361.288496,3,1004.23,0.0,0
1775251361.2890043,6,1005.05,66.7,0
1775251361.0230105,1,1272.55,12.5,0
1775251361.2902381,7,1006.32,0.0,0
1775251361.6010792,8,903.78,6.1,0
1775251361.6010792,10,906.05,0.0,0
1775251361.6010792,9,907.36,0.0,0
1775251361.6010792,11,908.67,0.0,0
1775251361.708384,12,958.43,12.6,0
1775251361.708384,14,959.74,0.0,0
1775251361.708384,15,961.25,75.0,0
1775251361.708384,13,962.32,0.0,0
1775251361.71776,16,1109.54,16.4,0
1775251361.71776,17,1110.56,33.3,0
1775251361.71776,18,1113.07,0.0,0
1775251361.7737777,19,1060.34,0.0,0
1775251361.7743049,20,1060.83,0.0,0
1775251361.775452,21,1061.70,0.0,0
1775251362.2876434,2,961.52,15.4,0
1775251362.500827,3,957.02,6.6,0
1775251362.5013404,4,957.67,0.0,0
1775251362.5018492,6,959.03,0.0,0
1775251362.5018492,5,961.79,0.0,0
1775251362.5028594,7,962.49,0.0,0
1775251362.5028594,8,963.57,0.0,0
1775251362.0811176,1,1386.37,33.3,0
1775251362.6632612,9,861.26,1.8,0
1775251362.6632612,10,862.89,0.0,0
1775251362.6632612,11,864.32,0.0,0
1775251362.6642702,12,864.69,33.3,0
1775251362.8251023,13,758.70,3.4,0
1775251362.8318303,14,857.53,7.0,0
1775251362.888713,15,803.11,0.0,0
1775251362.889735,16,803.44,0.0,0
1775251363.4532974,2,1009.66,4.1,0
1775251363.4538407,3,1011.63,0.0,0
1775251363.4538407,4,1012.64,50.0,0
1775251363.519202,6,1053.96,2.8,0
1775251363.519716,9,1055.60,0.0,0
1775251363.519202,7,1057.12,8.3,0
1775251363.5186875,5,1059.11,0.0,0
1775251363.519716,8,1060.10,0.0,0
1775251363.519716,10,1061.62,0.0,0
1775251363.5208285,11,1061.50,0.0,0
1775251363.5208285,13,1062.50,0.0,0
1775251363.5208285,12,1064.50,0.0,0
1775251363.5208285,14,1065.01,0.0,0
1775251363.5208285,15,1067.01,0.0,0
1775251363.2464306,1,1341.41,0.0,0
1775251363.5807948,17,1063.13,3.2,0
1775251363.5807948,16,1065.13,0.0,0
1775251363.6878881,18,1013.58,6.8,0
1775251363.690357,19,1115.89,11.5,0
1775251363.8472185,20,961.04,0.0,0
1775251363.847728,21,961.53,0.0,0
1775251364.4684827,2,903.93,7.8,0
1775251364.5700462,3,804.41,7.7,0
1775251364.5705764,4,805.39,0.0,0
1775251364.5705764,5,806.53,0.0,0
1775251364.5711477,6,807.99,0.0,0
1775251364.6397378,7,797.06,16.1,0
1775251364.6407514,8,798.14,0.0,0
1775251364.6407514,9,799.69,0.0,0
1775251364.6407514,11,800.79,0.0,0
1775251364.6407514,10,801.84,0.0,0
1775251364.4614246,1,982.74,0.0,0
1775251364.6990871,12,799.69,28.1,0
1775251364.8041325,13,750.75,25.5,0
1775251364.8072536,14,852.09,7.1,0
1775251365.0634487,2,649.79,0.0,0
1775251365.0634487,3,651.85,0.0,0
1775251365.3699644,4,807.27,7.7,0
1775251365.4315472,5,1002.88,8.1,0
1775251365.4320672,6,1003.46,62.5,0
1775251365.4320672,7,1003.46,0.0,0
1775251365.4325852,8,1005.12,0.0,0
1775251365.4325852,9,1006.60,0.0,0
1775251365.4325852,10,1006.60,0.0,0
1775251365.4331176,11,1007.14,0.0,0
1775251365.0634487,1,1378.86,0.0,0
1775251365.4336472,12,1009.69,0.0,0
1775251365.4960725,13,1002.85,11.3,0
1775251365.4966097,14,1005.01,0.0,0
1775251365.4966097,15,1006.61,0.0,0
1775251365.4966097,16,1008.73,0.0,0
1775251365.4966097,17,1010.33,0.0,0
1775251365.5528846,18,1007.64,7.4,0
1775251365.6578345,19,1009.57,17.9,0
1775251365.6583405,20,1164.92,14.7,0
1775251365.7117143,21,1113.05,0.0,0
1775251366.1751988,2,703.23,18.5,0
1775251366.1751988,3,705.74,0.0,0
1775251366.176225,4,706.08,0.0,0
1775251366.178238,5,1116.44,19.7,0
1775251366.4957294,9,854.14,11.9,0
1775251366.4951844,7,855.98,0.0,0
1775251366.4946759,6,857.95,0.0,0
1775251366.4951844,8,858.51,0.0,0
1775251366.4962726,11,858.42,0.0,0
1775251366.4962726,10,859.71,0.0,0
1775251366.1741612,1,1183.54,58.3,0
1775251366.4968123,12,862.02,0.0,0
1775251366.558521,13,857.06,13.7,0
1775251366.6652513,14,855.37,8.8,0
1775251366.8205893,15,856.13,11.2,0
1775251366.821249,16,856.47,0.0,0
1775251366.876415,18,1058.63,5.1,0
1775251366.876415,17,1059.64,30.0,0
1775251366.8774254,19,1059.62,0.0,0
1775251367.2906911,2,702.25,0.0,0
1775251367.2919104,4,703.14,0.0,0
1775251367.2919104,3,704.16,0.0,0
1775251367.2924492,5,705.13,66.7,0
1775251367.2924492,6,706.71,0.0,0
1775251367.3473468,7,1062.75,14.6,0
1775251367.41085,10,1053.77,6.2,0
1775251367.41085,9,1055.36,0.0,0
1775251367.3601758,8,1107.09,36.4,0
1775251367.4118807,11,1056.45,0.0,0
1775251367.41085,12,1058.54,0.0,0
1775251367.4118807,13,1059.08,0.0,0
1775251367.2901535,1,1181.37,0.0,0
1775251367.4118807,14,1062.55,0.0,0
1775251367.5184615,15,1011.03,12.7,0
1775251367.67555,16,856.59,0.0,0
1775251367.932517,17,1213.23,6.4,0
1775251367.9384108,18,1207.34,0.0,0
1775251367.9893253,20,1157.94,0.0,0
1775251367.9893253,19,1159.21,0.0,0
1775251368.4081006,8,796.41,4.8,0
1775251368.4081006,7,797.76,0.0,0
1775251368.4081006,5,800.42,0.0,0
1775251368.4081006,6,801.61,0.0,0
1775251368.4070914,2,803.93,0.0,0
1775251368.4070914,3,805.07,0.0,0
1775251368.4070914,4,806.07,0.0,0
1775251368.4081006,9,806.16,0.0,0
1775251368.4120998,10,1063.51,8.0,0
1775251368.4754336,11,1055.68,9.5,0
1775251368.5259786,12,1006.15,0.0,0
1775251368.5259786,14,1007.47,0.0,0
1775251368.5259786,13,1007.47,0.0,0
1775251368.4070914,1,1128.42,0.0,0
1775251368.5310686,15,1061.74,18.3,0
1775251368.7354414,16,859.77,0.0,0
1775251369.2005038,2,1058.90,7.6,0
1775251369.2005038,3,1059.91,0.0,0
1775251369.2015135,4,1060.33,0.0,0
1775251369.4712975,13,895.81,14.9,0
1775251369.4689722,5,899.13,0.0,0
1775251369.4704869,9,900.13,0.0,0
1775251369.4704869,10,900.64,0.0,0
1775251369.470994,11,901.21,0.0,0
1775251369.470994,12,901.21,37.5,0
1775251369.4694772,8,904.05,0.0,0
1775251369.4694772,6,905.55,0.0,0
1775251369.4694772,7,906.56,0.0,0
1775251369.4734926,14,903.71,0.0,0
1775251369.1432364,1,1341.48,21.7,0
1775251369.5282867,15,956.94,0.0,0
1775251369.588799,16,951.19,10.2,0
1775251369.5898094,17,952.18,0.0,0
1775251369.5942113,18,953.03,47.1,0
1775251369.750015,19,1058.07,8.9,0
1775251370.3645458,3,904.40,13.6,0
1775251370.365061,2,905.50,0.0,0
1775251370.365061,5,906.80,0.0,0
1775251370.365061,4,907.81,0.0,0
1775251370.481049,8,848.81,6.5,0
1775251370.481049,9,849.82,0.0,0
1775251370.479973,6,852.33,0.0,0
1775251370.481049,10,852.25,0.0,0
1775251370.481049,11,854.24,0.0,0
1775251370.479973,7,857.72,0.0,0
1775251370.481049,12,857.64,0.0,0
1775251370.481049,13,859.01,0.0,0
1775251370.257402,1,1083.66,0.0,0
1775251370.5375104,14,806.55,25.0,0
1775251370.5445445,15,907.99,9.0,0
1775251370.600363,16,853.32,0.0,0
1775251370.8055599,17,1058.32,3.4,0
1775251371.3256204,3,695.42,4.9,0
1775251371.3256204,4,697.43,0.0,0
1775251371.3256204,2,698.93,0.0,0
1775251371.3256204,5,699.99,0.0,0
1775251371.3267603,7,700.15,0.0,0
1775251371.3267603,6,701.49,0.0,0
1775251371.3267603,8,704.01,35.7,0
1775251371.342058,9,895.48,11.3,0
1775251371.342058,10,896.48,0.0,0
1775251371.342058,11,898.04,0.0,0
1775251371.343058,13,951.67,9.3,0
1775251371.343058,12,952.67,0.0,0
1775251371.2669387,1,1030.30,0.0,0
1775251371.4477565,14,850.49,0.0,0
1775251371.4505293,15,902.94,2.0,0
1775251371.505433,16,902.46,10.2,0
1775251371.8628657,17,547.63,0.0,0
1775251372.0179164,2,957.07,4.0,0
1775251372.2339036,3,741.08,0.0,0
1775251372.2344086,4,742.58,0.0,0
1775251372.2344086,5,743.59,0.0,0
1775251372.2344086,6,744.60,0.0,0
1775251372.2349136,8,745.09,0.0,0
1775251372.2349136,7,745.59,0.0,0
1775251372.2349136,9,746.60,0.0,0
1775251372.2355294,10,747.98,41.7,0
1775251372.2355294,11,747.98,0.0,0
1775251372.2355294,12,750.05,0.0,0
1775251372.2922184,13,902.81,15.3,0
1775251372.0179164,1,1178.11,0.0,0
1775251372.3514628,14,846.07,0.0,0
1775251372.4059813,15,847.06,4.6,0
1775251372.4094732,16,897.05,8.3,0
1775251372.971332,17,388.84,3.3,0
1775251372.9724698,18,899.63,2.9,0
1775251373.1378746,2,738.32,5.9,0
1775251373.1388838,4,739.32,0.0,0
1775251373.1388838,6,741.84,0.0,0
1775251373.1388838,3,742.83,0.0,0
1775251373.1388838,5,744.83,0.0,0
1775251373.1401122,7,745.11,0.0,0
1775251373.1407154,11,745.63,0.0,0
1775251373.1401122,9,746.23,0.0,0
1775251373.1407154,10,748.09,44.4,0
1775251373.1401122,8,749.70,0.0,0
1775251373.1940186,12,856.27,9.3,0
1775251373.197532,13,853.75,0.0,0
1775251373.1378746,1,914.42,0.0,0
1775251373.3050141,14,906.09,13.7,0
1775251373.3588297,15,853.33,0.0,0
1775251373.8690593,16,498.43,4.3,0
1775251373.873098,17,905.42,3.4,0
1775251373.873098,18,905.94,25.0,0
1775251373.873098,19,907.91,0.0,0
1775251374.044849,2,790.68,3.8,0
1775251374.0458684,4,792.38,0.0,0
1775251374.0458684,5,793.41,0.0,0
1775251374.044849,3,795.79,0.0,0
1775251374.0458684,6,797.02,22.2,0
1775251374.0458684,7,798.14,0.0,0
1775251374.0458684,9,799.41,0.0,0
1775251374.0458684,8,800.84,0.0,0
1775251374.04928,10,905.67,12.5,0
1775251374.044849,1,964.58,16.7,0
1775251374.1558812,11,854.73,0.0,0
1775251374.2089393,12,805.02,75.0,0
1775251374.3654802,13,1058.94,5.7,0
1775251374.7756748,14,650.00,0.0,0
1775251374.7761836,15,651.12,0.0,0
1775251374.8323793,16,953.06,13.0,0
1775251374.8323793,18,954.08,0.0,0
1775251374.8323793,17,955.26,0.0,0
1775251374.8333983,19,956.03,0.0,0
1775251374.8333983,20,957.22,0.0,0
1775251374.9511812,21,843.45,0.0,0
1775251374.9511812,22,844.46,27.3,0
1775251374.9511812,23,845.49,0.0,0
1775251374.9511812,24,847.28,0.0,0
1775251374.9521902,26,846.78,0.0,0
1775251374.9521902,25,848.18,0.0,0
1775251374.9521902,27,849.31,0.0,0
1775251375.0129535,2,948.77,3.1,0
1775251375.0078173,1,955.43,0.0,0
1775251375.1676443,3,796.99,0.0,0
1775251375.4232144,4,1204.94,4.5,0
1775251375.7828538,6,846.83,0.0,0
1775251375.7828538,5,848.83,0.0,0
1775251375.7828538,7,850.19,0.0,0
1775251375.7828538,8,851.47,0.0,0
1775251375.79185,10,847.45,53.8,0
1775251375.79185,9,848.45,0.0,0
1775251375.79185,11,850.45,0.0,0
1775251375.79185,12,851.52,0.0,0
1775251375.79185,13,852.77,0.0,0
1775251375.7929347,14,852.88,0.0,0
1775251375.7929347,15,852.88,0.0,0
1775251375.7929347,16,854.97,0.0,0
1775251375.8025904,17,1005.85,4.3,0
1775251375.9581285,18,905.17,0.0,0
1775251375.9601264,19,904.44,0.0,0
1775251375.9656374,20,901.45,0.0,0
1775251376.6352913,2,950.22,5.0,0
1775251376.6363013,3,951.27,0.0,0
1775251376.6363013,4,952.27,0.0,0
1775251376.6363013,6,953.27,0.0,0
1775251376.6373003,8,953.27,0.0,0
1775251376.6363013,5,955.27,41.7,0
1775251376.6373003,7,955.27,0.0,0
1775251376.6373003,9,956.85,0.0,0
1775251376.6373003,10,957.86,0.0,0
1775251376.6383045,11,958.28,0.0,0
1775251376.6383045,12,958.79,0.0,0
1775251376.6995173,13,955.00,16.7,0
1775251376.2209294,1,1435.57,0.0,0
1775251376.7005312,14,957.16,0.0,0
1775251376.8073657,15,854.13,0.0,0
1775251376.8607807,16,960.39,1.2,0
1775251376.8655734,17,956.12,0.0,0
1775251376.8660812,18,958.21,0.0,0
1775251377.4280698,2,960.36,16.2,0
1775251377.5829995,3,806.01,0.0,0
1775251377.5829995,4,808.16,0.0,0
1775251377.6502335,8,847.71,26.1,0
1775251377.6486948,5,851.33,0.0,0
1775251377.6492229,7,851.80,0.0,0
1775251377.6502335,9,851.79,0.0,0
1775251377.6492229,6,853.80,0.0,0
1775251377.6502335,10,853.79,0.0,0
1775251377.6512334,11,853.79,0.0,0
1775251377.6512334,12,855.79,0.0,0
1775251377.4280698,1,1185.86,8.1,0
1775251377.6604187,13,956.04,0.0,0
1775251377.81643,14,854.79,31.8,0
1775251377.8179586,15,855.45,0.0,0
1775251377.820063,16,907.57,21.3,0
1775251377.8254766,17,904.67,0.0,0
1775251378.4948409,3,1052.58,11.0,0
1775251378.4948409,4,1055.22,0.0,0
1775251378.4948409,7,1056.22,0.0,0
1775251378.4948409,6,1058.22,0.0,0
1775251378.4948409,5,1059.22,0.0,0
1775251378.4938333,2,1062.22,0.0,0
1775251378.4958453,9,1061.21,0.0,0
1775251378.4948409,8,1063.22,0.0,0
1775251378.6098192,10,1005.94,3.1,0
1775251378.6098192,11,1007.42,0.0,0
1775251378.6098192,13,1009.43,0.0,0
1775251378.6098192,12,1011.05,0.0,0
1775251378.6110823,16,1011.57,0.0,0
1775251378.6110823,14,1012.57,28.6,0
1775251378.6110823,15,1013.60,14.3,0
1775251378.3854032,1,1240.55,0.0,0
1775251378.6174593,17,1065.24,4.2,0
1775251378.6749165,18,1013.06,17.6,0
1775251378.7296376,19,1013.75,22.9,0
1775251379.544899,2,968.73,5.3,0
1775251379.6101778,3,904.47,0.0,0
1775251379.6106987,4,904.95,0.0,0
1775251379.6117299,6,906.31,0.0,0
1775251379.6106987,5,907.34,0.0,0
1775251379.6117299,8,908.89,0.0,0
1775251379.6117299,7,911.09,0.0,0
1775251379.6117299,9,912.60,0.0,0
1775251379.6117299,10,913.11,0.0,0
1775251379.6117299,12,914.12,0.0,0
1775251379.6117299,11,915.62,0.0,0
1775251379.1369655,1,1396.69,25.0,0
1775251379.6771672,13,858.00,0.0,0
1775251379.6771672,14,859.01,0.0,0
1775251379.67969,15,857.48,0.0,0
1775251379.6857855,16,1011.57,2.5,0
1775251379.7408364,17,958.12,0.0,0
1775251379.7423017,18,959.66,38.5,0
1775251380.5099542,2,1111.85,4.9,0
1775251380.528362,3,1149.87,6.2,0
1775251380.5293562,4,1151.39,0.0,0
1775251380.5298624,5,1152.88,0.0,0
1775251380.5298624,6,1153.88,0.0,0
1775251380.5298624,7,1155.38,100.0,0
1775251380.5298624,8,1156.39,12.5,0
1775251380.5298624,10,1157.39,0.0,0
1775251380.5298624,9,1159.87,0.0,0
1775251380.5298624,11,1160.89,0.0,0
1775251380.5310977,12,1159.65,0.0,0
1775251380.5310977,13,1161.70,0.0,0
1775251380.5310977,14,1161.70,0.0,0
1775251380.5310977,15,1162.72,0.0,0
1775251380.5310977,17,1163.99,0.0,0
1775251380.5310977,16,1165.99,0.0,0
1775251380.5310977,18,1167.36,0.0,0
1775251380.304986,1,1393.97,0.0,0
1775251380.537751,19,1218.16,4.6,0
1775251380.6956236,20,1064.82,0.0,0
1775251380.6999602,21,1319.99,1.1,0
1775251380.7029896,22,1318.03,0.0,0
1775251380.7533965,23,1268.98,0.0,0
1775251380.754416,24,1269.87,0.0,0
1775251380.7554126,25,1271.23,0.0,0
1775251381.622838,2,868.89,3.5,0
1775251381.674961,3,818.06,0.0,0
1775251381.6759746,4,818.55,0.0,0
1775251381.6759746,5,819.71,0.0,0
1775251381.7509046,6,903.77,2.9,0
1775251381.7509046,7,905.70,0.0,0
1775251381.7509046,8,906.72,0.0,0
1775251381.7509046,9,907.73,0.0,0
1775251381.7519135,10,907.72,0.0,0
1775251381.7519135,11,912.69,0.0,0
1775251381.620272,1,1045.33,0.0,0
1775251381.7579088,12,907.69,0.0,0
1775251382.0184402,2,1058.92,0.9,0
1775251382.2310517,3,901.91,10.9,0
1775251382.2315707,6,903.41,0.0,0
1775251382.2315707,5,904.82,0.0,0
1775251382.2315707,7,906.83,50.0,0
1775251382.2315707,4,908.43,14.3,0
1775251382.2325804,8,908.43,0.0,0
1775251382.0154316,1,1127.36,0.0,0
1775251382.4894495,9,912.96,21.0,0
1775251382.650664,11,958.55,3.6,0
1775251382.6501434,10,960.09,0.0,0
1775251382.650664,12,961.59,0.0,0
1775251382.650664,13,963.09,0.0,0
1775251382.6516745,14,963.59,0.0,0
1775251382.6619785,18,1161.03,1.9,0
1775251382.660632,15,1163.88,0.0,0
1775251382.6619785,17,1164.55,21.4,0
1775251382.660632,16,1166.90,0.0,0
1775251382.7171223,19,1115.34,0.0,0
1775251382.7176406,20,1115.83,0.0,0
1775251382.7180355,21,1116.94,0.0,0
1775251382.718543,22,1117.12,0.0,0
1775251383.130656,2,1168.52,5.2,0
1775251383.3972597,3,956.86,3.8,0
1775251383.3982933,5,956.83,0.0,0
1775251383.3972597,4,959.17,0.0,0
1775251383.3992832,6,958.15,37.5,0
1775251383.3992832,7,960.15,0.0,0
1775251383.3992832,8,961.20,0.0,0
1775251383.3992832,9,961.20,0.0,0
1775251383.0762403,1,1285.61,0.0,0
1775251383.607214,10,810.27,7.8,0
1775251383.8214226,11,700.98,0.9,0
1775251383.8300352,13,899.88,3.4,0
1775251383.8285286,12,902.95,0.0,0
1775251383.8874462,14,846.05,8.3,0
1775251383.8874462,15,846.05,0.0,0
1775251383.8884583,16,847.10,0.0,0
1775251383.8892033,17,847.38,0.0,0
1775251384.3515904,2,1051.18,4.8,0
1775251384.4136188,4,1043.56,14.1,0
1775251384.3628464,3,1096.47,0.0,0
1775251384.4136188,6,1046.75,0.0,0
1775251384.4136188,5,1047.27,0.0,0
1775251384.4136188,7,1048.78,0.0,0
1775251384.4136188,8,1049.82,0.0,0
1775251384.41523,10,1049.26,0.0,0
1775251384.41523,9,1050.31,0.0,0
1775251384.41523,11,1051.88,61.5,0
1775251384.41523,12,1052.95,0.0,0
1775251384.41523,13,1054.58,0.0,0
1775251384.2971675,1,1174.88,0.0,0
1775251384.5206866,14,1006.48,46.0,0
1775251384.728916,15,800.91,43.8,0
1775251384.7314825,16,1006.94,13.0,0
1775251384.7880232,18,951.40,0.0,0
1775251384.7880232,17,952.65,0.0,0
1775251384.7896144,19,952.23,0.0,0
1775251385.4545298,2,699.88,7.2,0
1775251385.4555912,3,699.88,0.0,0
1775251385.523961,4,737.49,15.6,0
1775251385.5244823,5,739.05,57.1,0
1775251385.5244823,7,740.25,0.0,0
1775251385.5244823,6,741.77,0.0,0
1775251385.5250268,8,742.25,0.0,0
1775251385.5255642,9,742.71,0.0,0
1775251385.4003303,1,871.04,0.0,0
1775251385.5287662,10,743.11,0.0,0
1775251385.7337968,11,745.03,19.6,0
1775251385.735885,12,743.95,0.0,0
1775251385.84507,13,637.66,42.9,0
1775251385.84507,14,638.66,0.0,0
1775251386.2604473,4,637.77,8.0,0
1775251386.258441,3,640.85,0.0,0
1775251386.258441,2,746.01,2.6,0
1775251386.2682748,5,738.60,0.0,0
1775251386.2682748,7,739.60,0.0,0
1775251386.2682748,6,741.60,0.0,0
1775251386.2682748,8,743.19,0.0,0
1775251386.151902,1,859.56,0.0,0
1775251386.3745086,9,743.17,0.0,0
1775251386.3745086,11,744.17,0.0,0
1775251386.3745086,10,798.41,13.8,0
1775251386.4778152,12,696.63,0.0,0
1775251386.481171,13,695.30,0.0,0
1775251386.5864344,15,949.95,10.0,0
1775251386.587477,17,949.92,0.0,0
1775251386.587477,18,951.25,0.0,0
1775251386.587477,16,952.78,0.0,0
1775251386.5864344,14,954.34,0.0,0
1775251386.89491,19,647.46,0.0,0
1775251386.896562,20,646.82,0.0,0
1775251387.0024447,2,751.74,6.9,0
1775251387.1144464,3,640.74,0.0,0
1775251387.1708918,5,689.96,2.6,0
1775251387.171406,4,690.45,0.0,0
1775251387.0019326,1,964.68,8.6,0
1775251387.1754487,6,793.18,0.0,0
1775251387.531866,7,440.36,0.0,0
1775251387.531866,8,442.88,0.0,0
1775251387.5348742,9,801.54,1.1,0
1775251387.6465838,10,690.84,0.0,0
1775251387.6471028,12,692.39,0.0,0
1775251387.6471028,11,694.61,66.7,0
1775251387.6471028,13,695.66,8.3,0
1775251387.6471028,14,697.18,0.0,0
1775251387.6489446,15,800.09,18.4,0
1775251387.8578458,17,698.04,8.8,0
1775251387.8578458,16,699.37,0.0,0
1775251387.8588555,18,905.36,2.8,0
1775251387.9654768,19,799.74,25.0,0
1775251387.9701328,20,798.27,0.0,0
1775251387.9706378,22,800.44,0.0,0
1775251387.9706378,21,802.05,0.0,0
1775251387.9706378,23,804.05,0.0,0
1775251388.3353083,2,496.36,0.0,0
1775251388.280005,1,965.56,2.4,0
1775251388.4469142,3,799.65,0.0,0
1775251388.4474385,5,800.64,66.7,0
1775251388.4474385,4,801.64,0.0,0
1775251388.5534368,6,696.66,0.0,0
1775251388.5544538,7,696.64,0.0,0
1775251388.7616265,8,545.79,3.4,0
1775251388.7616265,9,547.79,0.0,0
1775251388.7673292,10,799.02,14.0,0
1775251388.8265214,11,794.75,16.3,0
1775251388.8275318,14,795.06,66.7,0
1775251388.8265214,12,797.10,20.0,0
1775251388.8265214,13,798.60,0.0,0
1775251388.8275318,15,798.60,0.0,0
1775251388.8306527,16,900.72,9.8,0
1775251389.1374664,2,598.01,25.0,0
1775251389.1384895,3,598.60,0.0,0
1775251389.2420497,4,855.38,12.0,0
1775251389.3039024,5,793.53,0.0,0
1775251389.3044121,6,794.63,0.0,0
1775251389.3044121,7,796.64,0.0,0
1775251389.3044121,8,797.82,0.0,0
1775251389.1374664,1,965.76,0.0,0
1775251389.3054183,9,799.16,0.0,0
1775251389.5647764,11,850.51,13.6,0
1775251389.5642717,10,852.65,0.0,0
1775251389.618557,12,800.38,0.0,0
1775251389.6195638,13,800.37,57.1,0
1775251389.728747,14,745.85,11.8,0
1775251389.728747,15,746.85,0.0,0
1775251389.7333915,16,745.21,0.0,0
1775251390.0958617,2,844.78,7.8,0
1775251390.3084497,3,687.28,1.8,0
1775251390.3089554,4,688.28,0.0,0
1775251390.3089554,5,690.29,18.2,0
1775251390.3099647,6,690.41,0.0,0
1775251390.3099647,7,692.42,0.0,0
1775251390.3099647,8,693.42,0.0,0
1775251390.3099647,9,695.42,0.0,0
1775251390.0931988,1,913.19,0.0,0
1775251390.4142785,10,698.72,0.9,0
1775251390.4716463,11,644.99,0.0,0
1775251390.4725652,12,645.71,0.0,0
1775251390.4766011,13,900.09,2.2,0
1775251390.5302026,15,848.48,0.0,0
1775251390.5302026,14,850.00,0.0,0
1775251390.5312197,16,848.98,0.0,0
1775251390.5332131,17,903.16,47.7,0
1775251390.9416435,18,752.18,5.8,0
1775251391.1098194,3,739.24,8.1,0
1775251391.1098194,2,741.30,0.0,0
1775251391.1098194,5,742.36,0.0,0
1775251391.1098194,4,743.39,0.0,0
1775251391.1108415,6,743.36,0.0,0
1775251391.1140077,8,846.19,6.2,0
1775251391.1140077,7,848.19,0.0,0
1775251391.11552,9,848.18,0.0,0
1775251391.1088061,1,909.56,0.0,0
1775251391.3215802,10,699.59,0.0,0
1775251391.3746786,11,853.58,1.9,0
1775251391.4333038,12,850.38,6.0,0
1775251391.4343197,15,850.87,0.0,0
1775251391.4333038,13,851.88,0.0,0
1775251391.4343197,14,852.06,0.0,0
1775251391.4378858,16,1004.75,3.8,0
1775251391.8473759,18,752.95,1.2,0
1775251391.846872,17,754.76,0.0,0
1775251391.8473759,19,755.33,0.0,0
1775251391.9563653,20,802.26,5.6,0
1775251391.9573784,21,803.25,0.0,0
1775251391.957988,22,803.64,0.0,0
1775251391.957988,23,859.54,4.7,0
1775251391.957988,24,860.55,0.0,0
1775251391.9651237,25,855.55,0.0,0
1775251392.227191,2,649.19,3.1,0
1775251392.2816718,3,851.50,5.4,0
1775251392.43995,6,953.80,2.9,0
1775251392.43995,4,954.80,0.0,0
1775251392.43995,7,956.17,0.0,0
1775251392.2261767,1,1170.95,0.0,0
1775251392.43995,5,959.32,0.0,0
1775251392.5972347,9,908.11,10.7,0
1775251392.5978003,10,909.56,0.0,0
1775251392.5972347,8,911.14,0.0,0
1775251392.5978003,11,911.58,0.0,0
1775251392.5993161,12,911.06,0.0,0
1775251392.7555768,14,861.57,5.4,0
1775251392.7555768,13,862.58,0.0,0
1775251392.8147554,15,957.91,13.5,0
1775251392.8152802,16,959.32,0.0,0
1775251392.8731534,18,956.67,20.6,0
1775251392.8731534,17,958.11,0.0,0
1775251392.8731534,19,959.59,0.0,0
1775251393.1321666,2,756.68,41.5,0
1775251393.389179,3,857.97,16.3,0
1775251393.400429,4,1054.90,5.3,0
1775251393.5023396,5,954.99,0.0,0
1775251393.1311593,1,1327.49,0.0,0
1775251393.5033538,8,956.47,0.0,0
1775251393.5023396,7,959.49,0.0,0
1775251393.5033538,9,959.99,0.0,0
1775251393.5023396,6,963.19,0.0,0
1775251393.6132438,10,908.97,4.7,0
1775251393.6132438,11,910.95,0.0,0
1775251393.6145284,12,911.52,0.0,0
1775251393.6145284,13,912.90,0.0,0
1775251393.7710536,14,811.29,1.6,0
1775251393.8272893,15,911.43,9.8,0
1775251393.8868408,18,854.68,0.0,0
1775251393.884761,16,857.76,0.0,0
1775251393.8858294,17,858.00,0.0,0
1775251394.451804,2,908.32,5.0,0
1775251394.4528115,3,908.31,0.0,0
1775251394.517165,4,952.64,22.8,0
1775251394.5181756,6,953.20,0.0,0
1775251394.5181756,8,955.90,0.0,0
1775251394.517165,5,959.06,0.0,0
1775251394.5181756,7,959.65,0.0,0
1775251394.5181756,9,961.79,0.0,0
1775251394.5181756,10,963.40,0.0,0
1775251394.5181756,11,965.56,56.2,0
1775251394.5181756,12,967.70,0.0,0
1775251394.2446969,1,1242.26,0.0,0
1775251394.5798874,14,964.41,40.0,0
1775251394.5798874,13,965.48,33.3,0
1775251394.5833406,15,1015.78,4.1,0
1775251394.7400002,16,966.36,5.3,0
1775251394.8472052,17,862.30,0.0,0
1775251394.8472052,18,863.81,0.0,0
1775251395.4650078,2,914.58,2.6,0
1775251395.4655263,4,916.22,0.0,0
1775251395.4660604,6,916.75,0.0,0
1775251395.4660604,5,919.05,0.0,0
1775251395.4655263,3,921.15,0.0,0
1775251395.4665928,7,921.23,0.0,0
1775251395.5405564,11,904.14,10.9,0
1775251395.5405564,12,906.66,0.0,0
1775251395.5394862,8,908.74,0.0,0
1775251395.541092,13,908.14,0.0,0
1775251395.5405564,10,910.95,15.4,0
1775251395.5400195,9,913.49,0.0,0
1775251395.3570294,1,1097.05,0.0,0
1775251395.5416324,14,966.80,0.0,0
1775251395.5986109,15,1016.03,25.0,0
1775251395.704793,16,911.36,0.0,0
1775251395.7073755,17,909.78,0.0,0
1775251396.019759,2,1161.24,6.2,0
1775251396.377584,3,1011.83,6.3,0
1775251396.4414177,7,950.54,0.0,0
1775251396.440402,5,952.56,0.0,0
1775251396.4414177,8,952.64,0.0,0
1775251396.3893323,4,1004.72,0.0,0
1775251396.4414177,9,953.92,0.0,0
1775251396.4414177,6,954.92,0.0,0
1775251396.4427075,10,955.14,0.0,0
1775251396.4427075,11,956.64,0.0,0
1775251396.4427075,12,957.65,0.0,0
1775251396.4427075,14,1014.19,3.1,0
1775251396.4427075,13,1015.73,0.0,0
1775251396.0177548,1,1440.68,0.0,0
1775251396.5064127,15,953.90,0.0,0
1775251396.5104308,16,1003.86,6.3,0
1775251396.615644,17,1056.31,25.9,0
1775251396.618157,18,1058.75,0.0,0
1775251396.670356,19,1008.55,0.0,0
1775251396.670356,20,1010.06,0.0,0
1775251397.3870099,2,960.34,12.0,0
1775251397.401356,3,1001.33,15.7,0
1775251397.4521425,4,952.56,18.2,0
1775251397.4531505,10,952.55,0.0,0
1775251397.4531505,8,953.55,0.0,0
1775251397.4531505,7,954.92,0.0,0
1775251397.4521425,6,956.94,0.0,0
1775251397.4531505,9,957.93,0.0,0
1775251397.4531505,5,958.93,0.0,0
1775251397.4531505,11,959.93,0.0,0
1775251397.4531505,12,960.43,0.0,0
1775251397.1796665,1,1235.30,0.0,0
1775251397.4542925,13,961.18,0.0,0
1775251397.5122435,14,986.71,7.9,0
1775251397.6708434,15,831.11,0.0,0
1775251397.6749017,16,1189.42,4.6,0
1775251397.7335825,20,1131.75,0.0,0
1775251397.7335825,18,1134.00,0.0,0
1775251397.7335825,19,1136.10,0.0,0
1775251397.7335825,17,1137.61,0.0,0
1775251397.7350993,21,1137.17,50.0,0
1775251397.7350993,22,1142.00,10.0,0
1775251398.4682953,2,1279.36,6.3,0
1775251398.468837,5,1280.33,11.1,0
1775251398.4682953,4,1282.88,0.0,0
1775251398.4682953,3,1284.76,0.0,0
1775251398.4704216,6,1283.81,0.0,0
1775251398.4704216,7,1285.12,0.0,0
1775251398.4704216,8,1287.18,0.0,0
1775251398.47095,9,1287.83,0.0,0
1775251398.47095,10,1289.14,0.0,0
1775251398.47095,12,1289.14,0.0,0
1775251398.47095,11,1291.23,0.0,0
1775251398.47095,13,1291.23,0.0,0
1775251398.47095,14,1292.28,14.3,0
1775251398.47095,15,1294.35,0.0,0
1775251398.4963307,16,1268.97,0.0,0
1775251398.499954,17,1324.21,1.9,0
1775251398.4006116,1,1423.55,0.0,0
1775251398.8093445,18,1070.79,4.8,0
1775251398.8620436,19,1275.95,6.4,0
1775251398.874279,21,1420.30,4.0,0
1775251398.874279,20,1421.32,12.5,0
1775251398.874279,23,1423.85,0.0,0
1775251398.874279,22,1424.85,0.0,0
1775251398.874279,24,1426.89,0.0,0
1775251399.6398075,2,719.04,6.9,0
1775251399.6398075,3,720.47,0.0,0
1775251399.6398075,4,721.91,0.0,0
1775251399.7450469,5,1129.54,6.6,0
1775251399.8176138,6,1112.69,5.9,0
1775251399.8181188,8,1113.19,0.0,0
1775251399.8181188,7,1115.20,0.0,0
1775251399.819632,10,1115.41,0.0,0
1775251399.8181188,9,1118.09,22.2,0
1775251399.819632,11,1117.61,0.0,0
1775251399.819632,13,1119.56,0.0,0
1775251399.819632,12,1120.75,0.0,0
1775251399.6393008,1,1302.38,0.0,0
1775251399.8211513,14,1120.53,0.0,0
1775251399.8774357,15,1069.78,0.0,0
1775251400.2915606,2,1219.54,1.7,0
1775251400.302616,3,1466.38,15.3,0
1775251400.35331,4,1417.25,0.0,0
1775251400.35331,5,1418.49,0.0,0
1775251400.35331,6,1419.50,0.0,0
1775251400.354327,8,1420.16,0.0,0
1775251400.354327,10,1422.17,0.0,0
1775251400.354327,7,1423.17,0.0,0
1775251400.354327,9,1424.77,77.8,0
1775251400.3553255,11,1425.29,0.0,0
1775251400.136862,1,1644.76,0.0,0
1775251400.8715713,14,1069.57,11.6,0
1775251400.8704326,12,1072.71,0.0,0
1775251400.8715713,13,1072.57,0.0,0
1775251400.8715713,15,1074.57,0.0,0
1775251400.8715713,16,1076.08,0.0,0
1775251400.926625,17,1278.92,4.0,0
1775251400.926625,18,1280.91,0.0,0
1775251400.9287944,19,1280.74,0.0,0
1775251400.942824,20,1321.59,14.8,0
1775251400.943835,21,1322.60,0.0,0
1775251400.943835,22,1323.59,0.0,0
1775251400.943835,23,1324.10,0.0,0
1775251400.943835,24,1325.60,0.0,0
1775251400.9472163,25,1326.26,0.0,0
1775251401.7658167,2,1176.62,6.5,0
1775251401.9344857,3,1008.98,0.0,0
1775251401.9356456,4,1007.82,0.0,0
1775251401.9356456,5,1010.29,0.0,0
1775251401.9356456,6,1010.85,0.0,0
1775251401.9366786,8,1010.34,0.0,0
1775251401.9366786,7,1012.28,0.0,0
1775251401.9366786,9,1013.30,0.0,0
1775251401.9377902,10,1013.29,50.0,0
1775251401.9377902,11,1014.34,0.0,0
1775251401.9377902,12,1015.47,0.0,0
1775251401.9377902,13,1016.60,0.0,0
1775251401.9377902,14,1017.66,0.0,0
1775251401.5098548,1,1761.52,5.0,0
1775251402.2627833,2,1009.17,0.0,0
1775251402.2709482,3,1108.12,4.5,0
1775251402.2709482,4,1109.74,0.0,0
1775251402.2709482,5,1111.75,0.0,0
1775251402.2714636,6,1112.23,0.0,0
1775251402.2025251,1,1390.14,3.7,0
1775251402.2755733,7,1318.10,33.3,0
1775251402.9356024,8,714.90,3.8,0
1775251402.9356024,9,715.90,0.0,0
1775251402.9366214,10,717.68,53.3,0
1775251402.9376576,11,717.87,0.0,0
1775251402.9386618,12,1487.18,4.4,0
1775251403.0579476,2,1423.05,16.0,0
1775251403.0579476,3,1424.62,37.5,0
1775251403.0589743,4,1424.61,0.0,0
1775251403.0599878,5,1426.15,0.0,0
1775251403.0599878,7,1427.16,0.0,0
1775251403.0599878,6,1428.40,0.0,0
1775251403.0599878,8,1430.53,0.0,0
1775251403.060957,11,1431.56,0.0,0
1775251403.0599878,9,1433.53,0.0,0
1775251403.060957,10,1433.65,0.0,0
1775251403.060957,12,1434.68,0.0,0
1775251403.060957,14,1434.68,0.0,0
1775251403.060957,13,1437.05,42.9,0
1775251403.060957,15,1438.05,0.0,0
1775251403.0620737,16,1438.02,0.0,0
1775251403.2683573,17,1340.00,16.8,0
1775251403.0579476,1,1755.99,11.3,0
1775251403.3768325,18,1438.62,0.0,0
1775251403.5876598,20,1334.68,12.5,0
1775251403.5876598,19,1337.17,0.0,0
1775251403.5876598,21,1338.18,0.0,0
1775251403.5896766,22,1337.30,0.0,0
1775251403.6458075,23,1642.56,10.9,0
1775251403.647338,24,1643.17,0.0,0
1775251404.4216523,2,923.96,3.1,0
1775251404.4216523,3,925.46,0.0,0
1775251404.4226851,5,925.44,0.0,0
1775251404.4226851,4,926.44,0.0,0
1775251404.4226851,6,927.50,0.0,0
1775251404.423722,7,927.50,0.0,0
1775251404.423722,8,928.51,0.0,0
1775251404.4780953,9,1134.91,13.6,0
1775251404.601705,10,1067.64,4.2,0
1775251404.601705,11,1069.35,15.4,0
1775251404.4216523,1,1250.41,0.0,0
1775251404.602716,12,1070.85,0.0,0
1775251404.60423,13,1070.93,0.0,0
1775251404.8123584,14,918.39,12.5,0
1775251404.9201071,15,967.08,12.4,0
1775251405.2835064,2,912.20,5.3,0
1775251405.2835064,3,913.80,0.0,0
1775251405.285056,4,914.12,0.0,0
1775251405.342606,6,1471.48,10.5,0
1775251405.342606,7,1473.05,0.0,0
1775251405.342606,5,1475.07,0.0,0
1775251405.342606,8,1476.82,0.0,0
1775251405.342606,9,1478.45,0.0,0
1775251405.3436146,10,1478.86,0.0,0
1775251405.6069753,11,1271.59,4.7,0
1775251405.6069753,12,1273.76,0.0,0
1775251405.6079836,13,1274.80,0.0,0
1775251405.6079836,15,1275.80,0.0,0
1775251405.6079836,14,1277.31,0.0,0
1775251405.6079836,16,1278.31,0.0,0
1775251405.6094944,17,1277.80,0.0,0
1775251405.6094944,18,1278.80,0.0,0
1775251405.6094944,19,1279.82,14.3,0
1775251405.6094944,20,1281.06,0.0,0
1775251405.2835064,1,1608.22,0.0,0
1775251405.6104944,21,1282.62,0.0,0
1775251405.6663496,22,1384.88,2.5,0
1775251405.727167,23,1431.22,1.8,0
1775251405.727167,24,1432.22,0.0,0
1775251405.729685,25,1432.16,0.0,0
1775251405.884667,26,1281.20,0.0,0
1775251405.885172,27,1281.71,0.0,0
1775251406.8100684,3,973.12,6.9,0
1775251406.8100684,4,973.67,0.0,0
1775251406.8100684,2,975.18,0.0,0
1775251406.8745577,8,1017.32,13.4,0
1775251406.8745577,7,1019.32,0.0,0
1775251406.874053,5,1020.42,0.0,0
1775251406.8745577,6,1021.42,0.0,0
1775251406.8745577,9,1022.92,0.0,0
1775251406.875564,10,1023.48,0.0,0
1775251406.875564,11,1024.48,0.0,0
1775251406.875564,12,1025.48,0.0,0
1775251406.1935847,1,1708.46,0.0,0
1775251407.0461953,3,911.89,6.2,0
1775251407.0472054,2,911.88,0.0,0
1775251407.1563854,4,909.35,0.9,0
1775251407.0461953,1,1176.61,1.9,0
1775251407.1633525,5,1062.34,0.0,0
1775251407.3209264,6,960.06,3.2,0
1775251407.3209264,7,961.68,0.0,0
1775251407.3214333,8,962.75,0.0,0
1775251407.7811892,9,1013.81,4.5,0
1775251407.8878782,11,1472.76,6.0,0
1775251407.8878782,12,1473.75,0.0,0
1775251407.8878782,13,1475.26,0.0,0
1775251407.8878782,10,1476.27,0.0,0
1775251407.8888814,14,1476.77,0.0,0
1775251407.8888814,15,1478.77,0.0,0
1775251407.8888814,16,1479.77,0.0,0
1775251407.8888814,17,1481.79,0.0,0
1775251407.8888814,18,1482.33,0.0,0
1775251407.8898847,19,1482.33,100.0,0
1775251407.9534013,21,1423.84,0.0,0
1775251407.9534013,22,1424.84,0.0,0
1775251407.9534013,20,1426.34,0.0,0
1775251407.954414,24,1426.34,0.0,0
1775251407.9534013,23,1428.85,0.0,0
1775251407.954414,25,1429.13,0.0,0
1775251407.954414,26,1429.13,0.0,0
1775251407.954414,27,1430.67,0.0,0
1775251407.954414,28,1432.29,0.0,0
1775251407.95542,29,1431.28,0.0,0
1775251407.95542,30,1432.29,0.0,0
1775251408.221744,2,1328.25,3.4,0
1775251408.0641267,1,1485.87,0.0,0
1775251408.2774627,3,1273.57,0.0,0
1775251408.7930079,6,1374.89,5.8,0
1775251408.791996,5,1377.83,55.6,0
1775251408.7930079,4,1378.01,0.0,0
1775251408.7930079,9,1379.48,0.0,0
1775251408.7930079,7,1379.48,0.0,0
1775251408.7930079,8,1381.54,0.0,0
1775251409.357547,2,818.26,0.0,0
1775251409.357547,3,819.38,0.0,0
1775251409.374232,6,1064.34,5.5,0
1775251409.374232,5,1065.35,0.0,0
1775251409.3737283,4,1067.85,0.0,0
1775251409.374232,7,1068.34,0.0,0
1775251409.3752387,8,1072.26,0.0,0
1775251409.3887088,9,1058.79,0.0,0
1775251409.3902154,10,1058.79,0.0,0
1775251409.3902154,11,1060.84,100.0,0
1775251409.357547,1,1093.51,0.0,0
1775251409.5458493,12,1269.69,7.8,0
1775251409.5473638,13,1269.19,0.0,0
1775251409.9583097,15,862.91,0.0,0
1775251409.9577966,14,864.43,0.0,0
1775251409.9583097,16,866.06,0.0,0
1775251409.9593163,17,865.05,80.0,0
1775251409.9593163,18,868.27,38.5,0
1775251410.432214,2,1216.54,12.7,0
1775251410.433225,3,1217.05,0.0,0
1775251410.433225,4,1218.04,0.0,0
1775251410.4342248,6,1219.05,0.0,0
1775251410.433225,5,1221.66,46.7,0
1775251410.4342248,7,1222.67,0.0,0
1775251410.4342248,8,1223.67,0.0,0
1775251410.4342248,9,1225.82,0.0,0
1775251410.4352243,10,1225.82,0.0,0
1775251410.4352243,11,1227.06,0.0,0
1775251410.4352243,12,1227.57,0.0,0
1775251410.4352243,13,1228.84,0.0,0
1775251410.4352243,14,1228.84,0.0,0
1775251410.4363532,15,1229.22,0.0,0
1775251410.4454749,16,1225.69,62.5,0
1775251410.163477,1,1508.69,0.0,0
1775251410.55713,17,1272.85,15.5,0
1775251410.81297,18,1019.16,0.0,0
1775251410.8186393,19,1320.32,16.1,0
1775251411.5405588,3,705.57,10.4,0
1775251411.5405588,4,707.16,50.0,0
1775251411.5393465,2,709.89,28.6,0
1775251411.5405588,5,709.79,0.0,0
1775251411.5405588,6,710.85,0.0,0
1775251411.541583,7,709.82,0.0,0
1775251411.6457691,8,969.48,9.1,0
1775251411.6457691,9,971.00,0.0,0
1775251411.6665804,10,1006.04,9.4,0
1775251411.6665804,12,1007.58,0.0,0
1775251411.6665804,11,1008.59,0.0,0
1775251411.6675806,13,1009.59,0.0,0
1775251411.6675806,14,1010.59,0.0,0
1775251411.5393465,1,1140.33,0.0,0
1775251411.6685789,15,1012.53,0.0,0
1775251411.774192,16,963.40,1.6,0
1775251411.8284574,17,912.94,0.0,0
1775251412.2432609,2,1416.52,11.0,0
1775251412.2438114,3,1417.97,0.0,0
1775251412.6080365,4,1210.84,0.6,0
1775251412.610044,7,1210.34,0.0,0
1775251412.610044,8,1211.91,0.0,0
1775251412.6107264,10,1213.52,0.0,0
1775251412.610044,9,1215.29,75.0,0
1775251412.6107264,13,1217.32,0.0,0
1775251412.6107264,11,1218.54,0.0,0
1775251412.6107264,12,1219.05,0.0,0
1775251412.6090431,5,1221.83,0.0,0
1775251412.6090431,6,1223.19,0.0,0
1775251412.6117346,14,1221.66,0.0,0
1775251412.6117346,15,1221.66,0.0,0
1775251412.6117346,16,1223.74,0.0,0
1775251412.6117346,17,1223.74,0.0,0
1775251412.6117346,18,1225.60,0.0,0
1775251412.1373284,1,1701.16,0.0,0
1775251412.618277,19,1277.27,18.2,0
1775251412.6693156,20,1229.29,0.0,0
1775251412.6698337,21,1229.28,0.0,0
1775251412.735271,22,1218.11,16.1,0
1775251412.7388055,23,1272.41,2.0,0
1775251412.844536,24,1169.86,33.3,0
1775251413.8153675,3,917.66,2.9,0
1775251413.8153675,2,919.65,0.0,0
1775251413.8905087,5,952.28,2.9,0
1775251413.8905087,4,954.55,0.0,0
1775251413.8915153,7,954.80,0.0,0
1775251413.8915153,6,955.80,0.0,0
1775251413.8915153,9,955.80,0.0,0
1775251413.8915153,8,957.57,0.0,0
1775251413.8915153,10,958.89,0.0,0
1775251413.8915153,11,958.89,0.0,0
1775251413.892534,12,959.69,0.0,0
1775251413.892534,14,960.73,0.0,0
1775251413.892534,13,961.73,0.0,0
1775251413.8935366,15,962.13,0.0,0
1775251413.6577644,1,1203.30,18.8,0
1775251413.9513752,16,910.69,0.0,0
1775251414.0122898,2,1010.35,19.3,0
1775251414.0079868,1,1068.46,17.0,0
1775251414.1182826,3,958.17,0.0,0
1775251414.7300096,4,703.30,10.6,0
1775251414.838037,6,1258.37,25.0,0
1775251414.838037,7,1261.00,0.0,0
1775251414.838037,5,1262.26,0.0,0
1775251414.8391626,8,1262.90,0.0,0
1775251414.8391626,9,1265.53,0.0,0
1775251414.8391626,10,1267.55,68.8,0
1775251414.8391626,11,1271.01,0.0,0
1775251414.8570614,13,1311.53,40.8,0
1775251414.8570614,12,1313.64,35.7,0
1775251414.8570614,15,1315.25,0.0,0
1775251414.8570614,14,1317.75,0.0,0
1775251414.8570614,16,1319.76,0.0,0
1775251414.8570614,17,1321.41,0.0,0
1775251414.8570614,18,1324.16,0.0,0
1775251414.8580623,19,1325.68,0.0,0
1775251414.8580623,20,1327.06,53.8,0
1775251414.8580623,21,1329.53,0.0,0
1775251414.8580623,23,1331.53,0.0,0
1775251414.8580623,22,1333.53,0.0,0
1775251414.8580623,24,1336.13,0.0,0
1775251414.9152315,25,1286.08,100.0,0
1775251415.0744395,2,1389.06,24.5,0
1775251415.431301,3,1086.89,8.5,0
1775251415.431301,4,1088.39,0.0,0
1775251415.0204785,1,1500.75,0.0,0
1775251415.4323084,5,1089.45,0.0,0
1775251415.435397,6,1596.35,10.5,0
1775251416.1635468,3,872.95,0.0,0
1775251416.1635468,5,873.95,0.0,0
1775251416.1635468,4,874.95,0.0,0
1775251416.1635468,2,875.95,0.0,0
1775251416.1645737,6,876.93,0.0,0
1775251416.1645737,7,877.97,0.0,0
1775251416.1655822,10,877.98,0.0,0
1775251416.1655822,9,878.98,25.0,0
1775251416.1645737,8,880.99,0.0,0
1775251416.166594,11,880.48,0.0,0
1775251416.197233,12,1010.14,10.9,0
1775251416.1629362,1,1045.43,0.0,0
1775251416.2034054,13,1005.96,0.0,0
1775251416.4619834,14,1059.11,7.8,0
1775251416.4645042,15,1057.60,0.0,0
1775251417.030754,3,649.13,9.3,0
1775251417.030754,2,650.16,0.0,0
1775251417.030754,4,651.66,0.0,0
1775251417.030754,5,652.67,0.0,0
1775251417.0333908,6,1366.75,16.6,0
1775251417.0333908,8,1367.80,0.0,0
1775251417.0333908,7,1369.11,0.0,0
1775251417.2017298,12,1257.10,24.6,0
1775251417.2007232,10,1259.75,0.0,0
1775251417.2007232,9,1261.34,0.0,0
1775251417.2017298,11,1262.96,0.0,0
1775251417.2017298,14,1264.02,0.0,0
1775251417.2027295,16,1264.66,33.3,0
1775251417.2017298,15,1266.74,0.0,0
1775251417.2027295,17,1267.32,0.0,0
1775251417.2017298,13,1269.40,0.0,0
1775251417.2027295,18,1269.53,0.0,0
1775251417.2027295,20,1270.55,0.0,0
1775251417.2027295,19,1272.05,0.0,0
1775251417.2027295,21,1273.19,0.0,0
1775251417.029741,1,1447.24,0.0,0
1775251417.206369,22,1376.45,29.2,0
1775251417.312206,23,1324.73,20.4,0
1775251417.3143554,24,1324.74,16.7,0
1775251417.5193973,25,1275.84,2.6,0
1775251417.6763673,26,1275.54,8.8,0
1775251417.6763673,27,1276.54,0.0,0
1775251417.677381,28,1277.53,0.0,0
1775251418.3975854,2,970.52,3.6,0
1775251418.3975854,3,971.97,0.0,0
1775251418.3975854,4,973.38,0.0,0
1775251418.4555683,7,1123.34,4.9,0
1775251418.4555683,8,1124.33,0.0,0
1775251418.455058,5,1126.25,0.0,0
1775251418.4555683,6,1127.48,0.0,0
1775251418.4555683,9,1129.43,0.0,0
1775251418.4555683,10,1130.52,0.0,0
1775251418.4565704,11,1130.83,0.0,0
1775251418.4565704,12,1131.83,0.0,0
1775251418.5791612,13,1066.19,4.7,0
1775251418.3975854,1,1250.46,0.0,0
1775251418.5796814,14,1069.37,0.0,0
1775251418.5796814,15,1070.61,0.0,0
1775251418.6363182,16,1069.31,3.1,0
1775251418.792016,17,969.82,0.0,0
1775251418.94832,18,1326.02,5.6,0
1775251419.3630693,2,1171.26,4.1,0
1775251419.3653388,4,1171.50,0.0,0
1775251419.3653388,3,1172.68,0.0,0
1775251419.3658793,6,1173.54,0.0,0
1775251419.3658793,7,1175.56,0.0,0
1775251419.3658793,8,1177.00,0.0,0
1775251419.3658793,5,1179.01,33.3,0
1775251419.3658793,9,1180.01,33.3,0
1775251419.3658793,10,1180.01,0.0,0
1775251419.3671052,11,1180.30,0.0,0
1775251419.5748746,12,1334.28,9.2,0
1775251419.575893,14,1334.84,0.0,0
1775251419.575893,15,1336.14,0.0,0
1775251419.575893,16,1337.18,0.0,0
1775251419.575893,13,1337.18,0.0,0
1775251419.6400888,17,1329.46,7.9,0
1775251419.3625464,1,1608.52,0.0,0
1775251419.641113,20,1331.52,0.0,0
1775251419.641113,21,1333.21,0.0,0
1775251419.6400888,18,1334.76,0.0,0
1775251419.641113,19,1335.21,0.0,0
1775251419.6432598,22,1334.12,0.0,0
1775251419.7026198,23,1330.97,1.6,0
1775251419.7598438,24,1277.38,0.0,0
1775251420.5311143,3,1375.67,6.8,0
1775251420.5311143,2,1377.70,0.0,0
1775251420.5321746,4,1377.72,0.0,0
1775251420.904145,8,1061.37,10.4,0
1775251420.904145,6,1063.51,42.9,0
1775251420.904145,7,1064.68,0.0,0
1775251420.9051533,9,1064.67,0.0,0
1775251420.90364,5,1066.69,0.0,0
1775251420.9051533,10,1066.69,0.0,0
1775251420.9051533,12,1067.71,0.0,0
1775251420.9051533,11,1069.23,0.0,0
1775251420.9051533,13,1070.36,0.0,0
1775251420.9061522,14,1070.67,0.0,0
1775251420.9061522,15,1071.85,0.0,0
1775251420.9061522,16,1073.02,0.0,0
1775251420.2713249,1,1709.51,0.0,0
1775251420.9061522,17,1074.68,0.0,0
1775251420.9656804,18,1021.63,12.5,0
1775251421.0356655,2,1112.40,19.3,0
1775251421.1911597,3,1009.98,26.7,0
1775251421.0307791,1,1171.69,0.0,0
1775251421.9036362,4,811.28,3.7,0
1775251421.961759,6,1315.53,11.1,0
1775251421.961759,5,1317.09,50.0,0
1775251421.961759,7,1318.62,0.0,0
1775251421.961759,8,1320.05,0.0,0
1775251421.9633079,9,1319.83,0.0,0
1775251421.9633079,10,1321.93,0.0,0
1775251421.9633079,11,1323.16,0.0,0
1775251421.9633079,12,1324.59,0.0,0
1775251421.9633079,13,1325.87,0.0,0
1775251421.9633079,14,1326.99,0.0,0
1775251421.9820178,16,1315.00,15.4,0
1775251421.9820178,15,1316.28,0.0,0
1775251421.9831343,18,1316.16,0.0,0
1775251421.9831343,17,1317.52,0.0,0
1775251421.9831343,19,1318.70,0.0,0
1775251421.9831343,20,1319.91,0.0,0
1775251421.9841487,21,1320.07,0.0,0
1775251421.9841487,22,1321.38,0.0,0
1775251421.9841487,23,1322.57,0.0,0
1775251421.9841487,24,1323.67,0.0,0
1775251421.9841487,25,1325.76,0.0,0
1775251422.1455529,2,1328.33,26.9,0
1775251422.0407355,1,1434.20,0.0,0
1775251422.200105,3,1276.00,0.0,0
1775251422.7111905,4,1583.75,16.9,0
1775251423.273768,2,1022.17,11.1,0
1775251422.7121968,5,1585.25,0.0,0
1775251423.2742758,3,1024.78,0.0,0
1775251423.2742758,6,1025.79,0.0,0
1775251423.2742758,5,1026.79,0.0,0
1775251423.2742758,4,1028.09,0.0,0
1775251423.291302,7,1119.98,2.6,0
1775251423.291302,9,1122.50,0.0,0
1775251423.291302,8,1124.01,0.0,0
1775251423.291302,10,1125.87,0.0,0
1775251423.291302,11,1126.89,0.0,0
1775251423.2929013,12,1126.85,50.0,0
1775251423.2929013,13,1127.43,0.0,0
1775251423.2929013,14,1128.48,0.0,0
1775251423.2945006,15,1128.38,0.0,0
1775251423.3099043,16,1168.07,6.1,0
1775251423.2732284,1,1206.32,0.0,0
1775251423.4683821,17,1067.70,1.6,0
1775251423.4711893,18,1321.72,9.2,0
1775251423.830939,19,965.15,40.0,0
1775251423.830939,20,967.21,0.0,0
1775251423.8319485,22,967.20,0.0,0
1775251423.830939,21,970.28,0.0,0
1775251423.8319485,23,970.39,0.0,0
1775251424.40574,2,1319.08,12.8,0
1775251424.4067502,6,1319.19,0.0,0
1775251424.4067502,4,1321.19,0.0,0
1775251424.40574,3,1323.28,0.0,0
1775251424.4067502,7,1323.78,0.0,0
1775251424.4067502,8,1325.00,22.2,0
1775251424.4067502,5,1327.40,0.0,0
1775251424.4082623,11,1327.40,0.0,0
1775251424.4082623,9,1328.52,0.0,0
1775251424.4082623,13,1329.52,0.0,0
1775251424.4082623,10,1331.17,0.0,0
1775251424.4082623,12,1331.70,0.0,0
1775251424.4082623,14,1333.27,0.0,0
1775251424.4092703,15,1333.57,0.0,0
1775251424.4092703,16,1334.92,0.0,0
1775251424.4092703,17,1336.00,0.0,0
1775251424.4749455,18,1329.04,0.0,0
1775251424.290285,1,1514.70,0.0,0
1775251424.5334842,19,1325.61,7.0,0
1775251424.7910485,20,1124.29,0.0,0
1775251424.7934208,21,1684.78,6.6,0
1775251425.6155288,3,920.23,0.0,0
1775251425.6155288,4,921.71,0.0,0
1775251425.6155288,2,922.95,0.0,0
1775251425.6165364,7,923.94,0.0,0
1775251425.6165364,6,925.05,0.0,0
1775251425.6155288,5,928.26,0.0,0
1775251425.6165364,8,927.76,14.3,0
1775251425.6165364,10,928.96,0.0,0
1775251425.6165364,9,930.47,0.0,0
1775251425.6165364,11,932.08,0.0,0
1775251425.6175396,12,932.71,0.0,0
1775251425.7216814,13,1141.52,10.2,0
1775251425.796876,16,1069.55,0.0,0
1775251425.7974102,14,1070.02,0.0,0
1775251425.7974102,15,1071.35,0.0,0
1775251425.7990527,17,1070.71,0.0,0
1775251425.6150086,1,1255.26,0.0,0
1775251425.8002,18,1071.07,0.0,0
1775251425.9128149,19,1017.28,36.9,0
1775251426.53136,3,1523.46,12.2,0
1775251426.4797118,2,1577.11,0.0,0
1775251426.53136,6,1527.53,0.0,0
1775251426.5308506,4,1529.70,62.5,0
1775251426.53136,5,1530.20,0.0,0
1775251426.8554287,9,1265.28,32.7,0
1775251426.8572166,11,1265.01,0.0,0
1775251426.8572166,10,1265.57,20.0,0
1775251426.8572166,12,1267.09,0.0,0
1775251426.8564594,7,1269.21,0.0,0
1775251426.8554287,8,1271.69,0.0,0
1775251426.8572166,13,1271.17,0.0,0
1775251426.8582435,14,1270.15,0.0,0
1775251426.8582435,16,1271.82,0.0,0
1775251426.8582435,15,1273.39,0.0,0
1775251426.8582435,17,1274.59,0.0,0
1775251426.8582435,18,1275.76,0.0,0
1775251426.8582435,19,1276.76,0.0,0
1775251426.8596764,20,1276.46,0.0,0
1775251426.8596764,21,1277.60,0.0,0
1775251426.476189,1,1662.08,0.0,0
1775251426.8596764,22,1279.14,54.5,0
1775251426.8643343,23,1333.30,16.4,0
1775251426.9246194,24,1327.81,10.9,0
1775251426.9280932,25,1328.33,0.0,0
1775251428.0528028,2,820.09,9.2,0
1775251428.0641117,3,1218.44,7.0,0
1775251428.114653,6,1168.90,0.0,0
1775251428.114653,4,1170.41,0.0,0
1775251428.114653,5,1172.41,0.0,0
1775251428.1156611,8,1172.40,0.0,0
1775251428.1161792,10,1173.88,0.0,0
1775251428.1156611,7,1175.97,0.0,0
1775251428.1171868,11,1175.45,0.0,0
1775251428.1161792,9,1177.46,0.0,0
1775251428.1171868,12,1177.45,0.0,0
1775251427.1859853,1,2109.16,21.4,0
1775251428.1905365,13,1163.59,15.7,0
1775251428.1905365,14,1164.59,0.0,0
1775251428.1916068,15,1164.52,0.0,0
1775251428.1916068,16,1166.52,40.0,0
1775251428.1916068,17,1167.52,0.0,0
1775251428.1916068,18,1169.52,0.0,0
1775251428.1931164,19,1169.01,0.0,0
1775251428.0517933,1,1311.33,0.0,0
1775251428.2503629,20,1167.66,10.2,0
1775251428.2544188,21,1220.17,7.8,0
1775251428.308288,22,1271.45,3.0,0
1775251428.3093243,23,1274.43,0.0,0
1775251428.310566,24,1275.30,0.0,0
1775251429.3475246,2,1262.50,5.2,0
1775251429.3475246,3,1263.58,0.0,0
1775251429.3480265,5,1265.17,0.0,0
1775251429.3480265,4,1266.91,0.0,0
1775251429.3480265,6,1268.49,0.0,0
1775251429.3480265,7,1269.65,0.0,0
1775251429.3495364,10,1270.10,0.0,0
1775251429.3490334,8,1271.67,0.0,0
1775251429.3490334,9,1272.81,0.0,0
1775251429.3495364,11,1273.65,20.0,0
1775251429.3495364,12,1275.15,0.0,0
1775251429.3495364,13,1276.49,0.0,0
1775251429.3495364,14,1277.49,0.0,0
1775251429.3495364,15,1278.57,0.0,0
1775251429.3505418,19,1277.56,0.0,0
1775251429.3505418,16,1279.07,0.0,0
1775251429.3505418,17,1280.07,0.0,0
1775251429.3505418,18,1281.31,0.0,0
1775251429.3515399,21,1281.31,0.0,0
1775251429.3505418,20,1393.52,0.0,0
1775251429.4200215,22,1328.53,10.0,0
1775251429.280553,1,1469.58,0.0,0
1775251429.4761777,23,1382.05,10.2,0
1775251429.5827503,24,1277.47,0.0,0
1775251430.5536864,3,1330.06,3.6,0
1775251430.5536864,4,1332.77,0.0,0
1775251430.552671,2,1334.81,0.0,0
1775251430.5536864,5,1334.80,22.2,0
1775251430.6065888,6,1284.30,0.0,0
1775251430.7353418,7,1263.56,2.8,0
1775251430.7369978,11,1263.97,0.0,0
1775251430.7364373,8,1265.53,0.0,0
1775251430.7369978,10,1266.97,0.0,0
1775251430.7364373,9,1268.53,0.0,0
1775251430.7369978,12,1268.97,0.0,0
1775251430.7375553,13,1270.53,0.0,0
1775251430.7381089,15,1270.99,0.0,0
1775251430.7375553,14,1272.54,0.0,0
1775251430.7381089,16,1272.98,0.0,0
1775251430.7381089,17,1274.98,0.0,0
1775251430.738657,18,1275.57,33.3,0
1775251430.738657,19,1276.58,0.0,0
1775251430.738657,20,1277.58,0.0,0
1775251430.739203,21,1278.04,0.0,0
1775251430.552671,1,1522.77,0.0,0
1775251430.7462237,22,1331.22,18.2,0
1775251430.8537066,23,1227.50,0.0,0
1775251430.8561497,24,1334.26,4.4,0
1775251431.115365,2,1076.05,0.0,0
1775251431.8817341,3,1537.16,3.8,0
1775251431.9929893,4,1426.92,28.6,0
1775251431.9940007,6,1427.11,0.0,0
1775251431.9929893,5,1430.72,0.0,0
1775251431.9940007,7,1431.78,0.0,0
1775251431.9940007,8,1432.77,0.0,0
1775251431.995025,10,1433.75,0.0,0
1775251431.9940007,9,1435.77,0.0,0
1775251431.995025,11,1435.99,0.0,0
1775251431.995025,12,1436.98,0.0,0
1775251431.995025,13,1437.99,0.0,0
1775251431.995025,14,1439.21,0.0,0
1775251431.115365,1,2319.87,22.2,0
1775251431.996341,15,1440.25,0.0,0
1775251432.0691452,2,1424.92,6.1,0
1775251432.0702584,5,1425.81,0.0,0
1775251432.0702584,6,1426.81,0.0,0
1775251432.069662,4,1427.41,33.3,0
1775251432.069662,3,1429.58,0.0,0
1775251432.0707893,7,1428.46,0.0,0
1775251432.0707893,8,1430.58,0.0,0
1775251432.071347,9,1431.46,0.0,0
1775251432.071347,10,1432.46,0.0,0
1775251432.0719037,11,1431.90,0.0,0
1775251432.0799434,12,1428.68,0.0,0
1775251432.1852024,13,1483.15,6.7,0
1775251432.068637,1,1599.72,0.0,0
1775251432.1883996,14,1482.07,28.6,0
1775251432.9047725,15,1737.74,8.5,0
1775251432.9047725,16,1738.76,0.0,0
1775251432.9058368,17,1739.11,0.0,0
1775251433.4892707,3,1315.15,32.5,0
1775251433.437601,2,1367.82,0.0,0
1775251433.4897773,5,1317.65,0.0,0
1775251433.4897773,4,1319.65,0.0,0
1775251433.4897773,7,1321.24,18.2,0
1775251433.4897773,6,1322.74,0.0,0
1775251433.4897773,8,1323.26,0.0,0
1775251433.490806,9,1323.24,0.0,0
1775251433.490806,10,1324.74,0.0,0
1775251433.490806,11,1325.75,0.0,0
1775251433.490806,12,1326.75,0.0,0
1775251433.4915273,13,1327.03,0.0,0
1775251433.4915273,15,1328.53,0.0,0
1775251433.4920373,16,1329.08,0.0,0
1775251433.4915273,14,1330.59,0.0,0
1775251433.4920373,17,1331.13,0.0,0
1775251433.4920373,18,1388.24,18.2,0
1775251433.5050333,19,1377.26,0.0,0
1775251433.4153783,1,1467.99,0.0,0
1775251433.50963,20,1429.37,10.9,0
1775251433.665729,21,1431.90,9.9,0
1775251433.824365,22,1277.38,0.0,0
1775251433.824365,23,1279.42,0.0,0
1775251433.824365,24,1280.45,0.0,0
1775251434.7983322,2,1485.46,9.0,0
1775251434.7998965,6,1485.41,0.0,0
1775251434.7998965,5,1487.01,0.0,0
1775251434.7983322,3,1490.47,0.0,0
1775251434.7993722,4,1490.93,0.0,0
1775251434.7998965,7,1493.08,0.0,0
1775251434.7998965,9,1494.35,33.3,0
1775251434.8009076,8,1494.63,20.0,0
1775251434.8009076,10,1496.16,0.0,0
1775251434.8747666,11,1480.38,10.2,0
1775251434.8757732,14,1481.37,0.0,0
1775251434.8747666,12,1483.52,25.0,0
1775251434.8747666,13,1484.71,0.0,0
1775251434.8757732,15,1484.90,0.0,0
1775251434.8757732,16,1484.90,0.0,0
1775251434.8757732,18,1486.26,0.0,0
1775251434.8757732,17,1487.57,0.0,0
1775251434.8767743,19,1488.07,0.0,0
1775251434.8767743,20,1488.57,0.0,0
1775251434.8767743,21,1489.97,0.0,0
1775251434.8767743,22,1491.46,0.0,0
1775251434.8767743,23,1493.08,0.0,0
1775251434.6392581,1,1731.73,0.0,0
1775251434.9357367,24,1439.07,42.9,0
1775251435.099136,2,1791.17,8.6,0
1775251435.5630476,3,1332.58,0.0,0
1775251435.5653224,4,1331.82,0.0,0
1775251435.5653224,5,1333.82,0.0,0
1775251435.565863,6,1334.84,0.0,0
1775251435.565863,7,1335.85,0.0,0
1775251435.565863,8,1337.21,0.0,0
1775251435.0951242,1,1807.95,0.0,0
1775251435.5664067,9,1337.87,37.5,0
1775251435.56695,10,1338.44,0.0,0
1775251436.349269,2,1532.77,8.1,0
1775251436.349269,4,1534.36,0.0,0
1775251436.349269,5,1537.03,0.0,0
1775251436.349269,3,1538.03,0.0,0
1775251436.349269,6,1539.20,22.2,0
1775251436.3503077,9,1539.65,0.0,0
1775251436.3503077,7,1541.65,0.0,0
1775251436.3503077,8,1542.78,0.0,0
1775251436.3503077,10,1544.25,0.0,0
1775251436.3503077,11,1545.61,0.0,0
1775251436.3514912,12,1545.93,0.0,0
1775251436.3514912,13,1545.93,0.0,0
1775251436.3514912,14,1548.11,0.0,0
1775251436.3514912,15,1549.12,0.0,0
1775251436.3514912,16,1550.26,0.0,0
1775251436.3531141,17,1549.73,0.0,0
1775251436.2801766,1,1731.29,0.9,0
1775251436.3722594,20,1640.72,14.3,0
1775251436.3709834,18,1643.61,0.0,0
1775251436.3709834,19,1699.30,0.0,0
1775251436.4291413,21,1642.77,0.0,0
1775251436.8882763,22,1239.58,6.5,0
1775251436.892558,23,2254.87,5.1,0
1775251437.721189,4,1485.35,4.8,0
1775251437.721189,3,1486.95,0.0,0
1775251437.7205267,2,1489.61,0.0,0
1775251437.721189,5,1489.95,0.0,0
1775251437.7222037,7,1490.93,0.0,0
1775251437.721189,6,1492.96,0.0,0
1775251437.7222037,8,1493.46,0.0,0
1775251437.7222037,9,1494.47,42.9,0
1775251437.7222037,11,1495.73,0.0,0
1775251437.7222037,10,1496.75,0.0,0
1775251437.7222037,12,1497.27,0.0,0
1775251437.7222037,14,1498.78,0.0,0
1775251437.7222037,13,1499.86,0.0,0
1775251437.7236254,15,1499.19,0.0,0
1775251437.7236254,16,1500.63,0.0,0
1775251437.7236254,17,1501.72,0.0,0
1775251437.7236254,18,1503.08,0.0,0
1775251437.7236254,19,1504.08,0.0,0
1775251437.7236254,20,1505.26,0.0,0
1775251437.7236254,21,1506.26,0.0,0
1775251437.8800244,22,1411.96,0.0,0
1775251437.7205267,1,1627.43,9.2,0
1775251438.0671208,2,1488.93,1.9,0
1775251438.1242485,3,1435.83,0.0,0
1775251438.1247628,4,1437.48,12.5,0
1775251438.0073676,1,1555.87,0.0,0
1775251438.1257646,5,1438.74,0.0,0
1775251439.2010152,2,1639.48,4.9,0
1775251439.2010152,3,1641.56,18.8,0
1775251439.2020326,4,1642.14,0.0,0
1775251439.2020326,5,1643.18,0.0,0
1775251439.2812603,6,1620.99,8.2,0
1775251439.2822754,7,1621.99,77.8,0
1775251439.2822754,9,1623.08,0.0,0
1775251439.2812603,8,1626.11,0.0,0
1775251439.2822754,10,1626.22,0.0,0
1775251439.2822754,11,1628.21,0.0,0
1775251439.2832806,13,1628.21,0.0,0
1775251439.2822754,12,1629.21,0.0,0
1775251439.2832806,14,1629.71,0.0,0
1775251439.2843516,16,1629.65,0.0,0
1775251439.2832806,15,1632.22,0.0,0
1775251439.2843516,17,1632.15,0.0,0
1775251439.2848625,19,1632.65,0.0,0
1775251439.2843516,18,1634.54,0.0,0
1775251439.2848625,20,1635.02,66.7,0
1775251439.2848625,21,1636.60,0.0,0
1775251439.2854269,22,1637.04,0.0,0
1775251439.2869766,23,1636.49,0.0,0
1775251439.2869766,24,1637.49,0.0,0
1775251439.2869766,25,1639.04,0.0,0
1775251439.1459072,1,1781.07,0.0,0
1775251439.344785,26,1639.28,32.3,0
1775251439.5546622,27,1485.71,18.8,0
1775251439.5580478,28,1892.50,9.5,0
1775251439.768363,29,1689.11,14.3,0
1775251439.768363,34,1690.73,0.0,0
1775251439.768363,31,1692.22,0.0,0
1775251439.768363,30,1693.16,0.0,0
1775251439.768363,32,1694.27,0.0,0
1775251439.768363,33,1695.31,0.0,0
1775251439.7698765,35,1695.37,0.0,0
1775251439.7704282,36,1695.89,0.0,0
1775251440.8970428,3,1492.09,5.8,0
1775251440.8965364,2,1494.59,0.0,0
1775251440.8970428,4,1495.20,0.0,0
1775251440.8970428,5,1497.46,0.0,0
1775251440.8970428,6,1498.46,0.0,0
1775251440.8980546,7,1499.30,0.0,0
1775251440.8980546,8,1501.20,0.0,0
1775251440.8980546,9,1501.75,0.0,0
1775251440.8980546,10,1503.76,0.0,0
1775251440.8990538,12,1503.76,0.0,0
1775251440.8990538,11,1503.76,0.0,0
1775251440.9001803,13,1503.79,33.3,0
1775251440.9782774,14,1432.11,0.0,0
1775251440.9782774,15,1433.11,0.0,0
1775251440.979826,16,1434.08,0.0,0
1775251440.979826,17,1434.67,0.0,0
1775251440.979826,18,1435.68,0.0,0
1775251440.83749,1,1579.43,0.0,0
1775251441.447847,2,1129.02,1.2,0
1775251441.0383716,1,2660.75,3.1,0
1775251441.4526863,3,2246.44,0.0,0
1775251442.0761433,6,1679.54,1.6,0
1775251442.0761433,3,1680.72,0.0,0
1775251442.0761433,5,1682.84,0.0,0
1775251442.0771525,8,1682.84,0.0,0
1775251442.0761433,2,1685.89,0.0,0
1775251442.0761433,4,1687.90,18.2,0
1775251442.0771525,7,1688.40,0.0,0
1775251442.0771525,9,1689.41,0.0,0
1775251442.0781553,11,1689.40,0.0,0
1775251442.0781553,12,1691.41,0.0,0
1775251442.0771525,10,1693.42,0.0,0
1775251442.0781553,13,1692.98,0.0,0
1775251442.0781553,15,1694.10,0.0,0
1775251442.0781553,14,1696.10,0.0,0
1775251442.0781553,16,1696.61,0.0,0
1775251442.0781553,17,1698.61,0.0,0
1775251442.0781553,18,1699.63,0.0,0
1775251442.0781553,19,1700.89,50.0,0
1775251442.0796633,20,1700.38,12.5,0
1775251442.0796633,21,1701.62,0.0,0
1775251442.0796633,22,1702.65,0.0,0
1775251442.0796633,23,1703.65,0.0,0
1775251442.3870268,24,1456.62,7.1,0
1775251442.0756292,1,1771.54,0.0,0
1775251442.468441,27,1639.18,4.5,0
1775251442.4679017,25,1641.73,0.0,0
1775251442.468441,26,1642.24,0.0,0
1775251442.573395,28,1538.75,0.0,0
1775251442.573395,29,1539.75,0.0,0
1775251443.752695,3,1185.26,4.6,0
1775251443.7516794,2,1187.29,0.0,0
1775251443.8364253,6,1104.71,0.0,0
1775251443.8354187,5,1106.72,0.0,0
1775251443.8354187,4,1108.72,0.0,0
1775251443.8364253,7,1108.72,0.0,0
1775251443.8364253,8,1109.75,0.0,0
1775251443.8364253,9,1111.27,0.0,0
1775251443.8374736,11,1110.22,0.0,0
1775251443.8374736,10,1111.72,0.0,0
1775251443.8385334,13,1111.69,0.0,0
1775251443.8385334,12,1113.69,21.4,0
1775251443.8385334,14,1114.68,0.0,0
1775251443.8385334,15,1115.25,0.0,0
1775251443.8385334,16,1116.25,0.0,0
1775251443.8395314,17,1175.03,3.8,0
1775251443.7516794,1,1266.70,0.0,0
1775251444.1155105,3,1162.95,15.8,0
1775251444.1155105,4,1164.45,18.2,0
1775251444.1155105,5,1165.46,0.0,0
1775251444.1155105,2,1166.01,0.0,0
1775251444.1169667,6,1165.57,0.0,0
1775251444.933037,7,1422.09,7.9,0
1775251444.1155105,1,2241.62,54.5,0
1775251445.0073237,2,1355.86,0.0,0
1775251445.0073237,3,1356.88,0.0,0
1775251445.0073237,4,1358.39,0.0,0
1775251445.008784,5,1358.29,0.0,0
1775251445.008784,7,1359.88,0.0,0
1775251445.008784,8,1361.38,0.0,0
1775251445.008784,6,1362.45,0.0,0
1775251445.008784,9,1364.26,42.9,0
1775251445.00976,10,1364.79,0.0,0
1775251445.00976,11,1365.80,0.0,0
1775251445.00976,13,1368.31,0.0,0
1775251445.00976,12,1369.54,0.0,0
1775251445.00976,15,1370.04,0.0,0
1775251445.00976,14,1371.47,0.0,0
1775251445.0108685,16,1371.73,0.0,0
1775251445.0108685,17,1372.31,0.0,0
1775251445.0108685,18,1374.33,0.0,0
1775251445.0108685,19,1375.42,0.0,0
1775251445.0108685,20,1375.42,0.0,0
1775251445.0063117,1,1442.74,14.3,0
1775251445.3853211,21,1479.98,14.0,0
1775251445.3858273,23,1481.52,0.0,0
1775251445.3858273,22,1483.03,0.0,0
1775251445.3858273,24,1484.03,0.0,0
1775251445.3858273,25,1485.19,0.0,0
1775251445.3858273,26,1486.20,0.0,0
1775251445.3858273,27,1487.20,61.5,0
1775251445.3868322,28,1487.70,0.0,0
1775251446.3541155,2,1240.56,4.9,0
1775251446.4397073,4,1161.41,0.0,0
1775251446.4397073,5,1162.91,0.0,0
1775251446.4397073,3,1164.92,0.0,0
1775251446.4407191,8,1164.90,0.0,0
1775251446.4386983,6,1167.92,0.0,0
1775251446.4397073,7,1167.92,26.7,0
1775251446.4407191,9,1167.90,0.0,0
1775251446.4407191,10,1169.90,0.0,0
1775251446.4407191,11,1170.90,0.0,0
1775251446.4407191,12,1172.41,0.0,0
1775251446.4417968,13,1172.33,0.0,0
1775251446.4417968,14,1173.84,0.0,0
1775251446.3541155,1,1261.52,0.0,0
1775251446.9270482,21,1468.32,4.0,0
1775251446.9270482,15,1469.34,0.0,0
1775251446.9270482,17,1470.85,0.0,0
1775251446.9270482,19,1472.87,0.0,0
1775251446.9270482,16,1474.03,0.0,0
1775251446.9270482,20,1475.41,0.0,0
1775251446.9270482,18,1476.81,42.9,0
1775251446.928952,23,1475.97,0.0,0
1775251446.928952,22,1477.32,0.0,0
1775251446.929969,24,1477.59,0.0,0
1775251446.929969,25,1478.59,0.0,0
1775251446.929969,26,1479.90,0.0,0
1775251446.929969,28,1481.29,0.0,0
1775251446.929969,27,1482.80,0.0,0
1775251446.929969,29,1482.80,0.0,0
1775251447.5972772,3,1539.94,4.5,0
1775251447.5972772,4,1540.95,50.0,0
1775251447.5972772,2,1543.06,0.0,0
1775251447.6176424,5,1632.99,3.3,0
1775251447.6186454,8,1633.56,0.0,0
1775251447.6186454,7,1634.70,0.0,0
1775251447.6176424,6,1635.70,0.0,0
1775251447.6196454,12,1636.07,0.0,0
1775251447.6196454,9,1636.07,0.0,0
1775251447.6196454,10,1637.21,0.0,0
1775251447.6196454,11,1639.30,0.0,0
1775251447.6207237,14,1639.32,0.0,0
1775251447.6196454,13,1641.76,0.0,0
1775251447.6207237,15,1640.68,0.0,0
1775251447.5972772,1,1697.16,9.4,0
1775251447.6243858,16,1671.49,25.0,0
1775251448.5697193,12,1396.57,5.8,0
1775251448.5671873,2,1400.69,7.1,0
1775251448.5697193,8,1399.18,0.0,0
1775251448.5697193,9,1400.76,0.0,0
1775251448.5697193,10,1402.32,0.0,0
1775251448.568206,3,1405.27,0.0,0
1775251448.5697193,11,1404.76,0.0,0
1775251448.568206,4,1407.47,0.0,0
1775251448.570734,13,1406.34,0.0,0
1775251448.568206,5,1409.87,0.0,0
1775251448.568206,6,1409.87,0.0,0
1775251448.568206,7,1411.38,0.0,0
1775251448.570734,14,1409.85,0.0,0
1775251448.5671873,1,2182.88,9.7,0
1775251449.262909,3,1493.95,0.0,0
1775251449.262909,2,1494.95,0.0,0
1775251449.262909,4,1495.95,0.0,0
1775251449.262909,6,1497.33,0.0,0
1775251449.262909,5,1498.35,0.0,0
1775251449.2894397,7,1473.32,0.0,0
1775251449.29044,8,1473.89,33.3,0
1775251449.29044,9,1474.91,0.0,0
1775251449.29044,10,1476.07,0.0,0
1775251449.29044,11,1477.09,0.0,0
1775251449.29044,12,1478.09,0.0,0
1775251449.291441,13,1478.09,0.0,0
1775251449.291441,14,1479.15,0.0,0
1775251449.291441,15,1479.72,0.0,0
1775251449.262909,1,1569.12,17.2,0
1775251450.0337088,4,1565.38,4.7,0
1775251450.0337088,3,1566.94,0.0,0
1775251450.032688,2,1570.41,0.0,0
1775251450.0337088,5,1570.43,0.0,0
1775251450.0347013,7,1571.56,0.0,0
1775251450.0337088,6,1573.55,25.0,0
1775251450.0347013,8,1573.98,0.0,0
1775251450.0352247,9,1574.99,0.0,0
1775251450.0352247,10,1576.10,0.0,0
1775251450.0352247,11,1576.10,0.0,0
1775251450.0362573,12,1576.54,0.0,0
1775251450.0362573,13,1578.01,0.0,0
1775251450.0362573,14,1579.33,0.0,0
1775251450.0362573,15,1580.42,0.0,0
1775251450.0362573,16,1581.55,0.0,0
1775251450.032688,1,2304.21,2.2,0
1775251450.8246236,17,1519.51,17.6,0
1775251450.8236115,18,1522.54,0.0,0
1775251450.8246236,21,1522.53,0.0,0
1775251450.8236115,19,1524.67,0.0,0
1775251450.8246236,22,1525.16,0.0,0
1775251450.8246236,20,1526.54,0.0,0
1775251450.826505,24,1525.24,0.0,0
1775251450.825999,23,1527.87,0.0,0
1775251450.826505,26,1527.37,0.0,0
1775251450.826505,25,1528.55,0.0,0
1775251450.827513,28,1528.97,0.0,0
1775251450.826505,27,1531.19,9.1,0
1775251450.827513,29,1531.26,0.0,0
1775251451.670012,2,1413.76,10.9,0
1775251451.6724427,13,1413.86,0.0,0
1775251451.6713705,12,1416.22,0.0,0
1775251451.6724427,15,1415.70,0.0,0
1775251451.6713705,11,1418.29,0.0,0
1775251451.6713705,9,1419.66,0.0,0
1775251451.6724427,14,1419.82,31.2,0
1775251451.6713705,8,1422.22,0.0,0
1775251451.6707265,7,1425.31,0.0,0
1775251451.6707265,4,1426.31,0.0,0
1775251451.6707265,6,1427.77,0.0,0
1775251451.6713705,10,1427.64,0.0,0
1775251451.670012,3,1430.55,0.0,0
1775251451.670012,5,1431.93,0.0,0
1775251451.6694775,1,2256.23,6.6,0
1775251452.3598378,3,1572.86,0.0,0
1775251452.3622136,15,1571.49,0.0,0
1775251452.3622136,13,1574.00,36.4,0
1775251452.3610497,9,1575.16,0.0,0
1775251452.3622136,14,1575.24,0.0,0
1775251452.3610497,10,1577.40,0.0,0
1775251452.3622136,11,1577.62,0.0,0
1775251452.3622136,12,1577.62,0.0,0
1775251452.3622136,16,1579.84,0.0,0
1775251452.3610497,8,1582.01,0.0,0
1775251452.3610497,6,1583.28,0.0,0
1775251452.3598378,4,1585.51,0.0,0
1775251452.3598378,2,1586.51,0.0,0
1775251452.3610497,5,1586.80,0.0,0
1775251452.3610497,7,1587.81,0.0,0
1775251452.3598378,1,1650.18,3.1,0
1775251453.1557236,6,1522.52,3.9,0
1775251453.1557236,7,1524.03,0.0,0
1775251453.1546485,5,1526.11,0.0,0
1775251453.1546485,3,1527.11,0.0,0
1775251453.1546485,2,1528.11,0.0,0
1775251453.1546485,4,1529.11,0.0,0
1775251453.1567204,8,1528.54,50.0,0
1775251453.1567204,9,1529.54,9.1,0
1775251453.1577191,10,1529.54,0.0,0
1775251453.1577191,11,1531.05,0.0,0
1775251453.1577191,12,1531.62,0.0,0
1775251453.1577191,13,1532.63,0.0,0
1775251453.1577191,14,1534.14,0.0,0
1775251453.1546485,1,2261.60,4.1,0
1775251454.0004992,2,1424.16,37.5,0
1775251454.001508,4,1424.29,0.0,0
1775251454.0004992,3,1427.51,0.0,0
1775251454.001508,6,1427.50,0.0,0
1775251454.001508,5,1428.50,0.0,0
1775251454.001508,7,1429.91,0.0,0
1775251454.0025086,9,1429.97,0.0,0
1775251454.0025086,8,1429.97,0.0,0
1775251454.0035062,10,1431.34,0.0,0
1775251454.0035062,11,1431.85,14.3,0
1775251454.0035062,12,1433.31,0.0,0
1775251454.0035062,13,1433.31,0.0,0
1775251454.0035062,14,1435.31,0.0,0
1775251454.0004992,1,1600.48,17.4,0
1775251454.6729906,15,930.00,0.0,0
1775251454.6745894,16,1793.62,10.2,0
1775251454.6928797,17,1779.30,0.0,0
1775251454.744299,18,1727.89,0.0,0
1775251454.744808,19,1729.38,0.0,0
1775251454.744808,20,1729.38,0.0,0
1775251454.745833,23,1730.82,0.0,0
1775251454.744808,21,1732.85,0.0,0
1775251454.745833,24,1732.82,0.0,0
1775251454.744808,22,1734.84,0.0,0
1775251454.745833,26,1733.82,0.0,0
1775251454.745833,25,1735.46,0.0,0
1775251454.745833,27,1736.95,28.6,0
1775251454.7474012,28,1736.40,0.0,0
1775251454.7474012,30,1736.40,0.0,0
1775251454.7474012,29,1737.91,0.0,0
1775251454.7474012,32,1739.39,0.0,0
1775251454.7474012,31,1739.39,0.0,0
1775251454.7474012,33,1740.50,0.0,0
1775251455.4209008,2,1893.19,8.1,0
1775251455.5412705,3,1778.48,0.0,0
1775251455.5417979,4,1779.53,0.0,0
1775251455.5428753,7,1778.45,0.0,0
1775251455.5423384,5,1780.54,0.0,0
1775251455.5423384,6,1780.54,0.0,0
1775251455.5434098,9,1780.98,0.0,0
1775251455.5434098,8,1782.22,100.0,0
1775251455.5439503,12,1782.68,0.0,0
1775251455.5434098,11,1784.22,0.0,0
1775251455.5434098,10,1786.23,0.0,0
1775251455.544494,13,1785.65,0.0,0
1775251455.545027,15,1786.12,0.0,0
1775251455.544494,14,1788.04,0.0,0
1775251455.545027,16,1788.51,0.0,0
1775251455.4142215,1,1920.31,0.0,0
1775251456.4695556,2,1692.51,7.5,0
1775251456.5397992,3,1623.27,0.0,0
1775251456.5408158,5,1625.15,0.0,0
1775251456.5408158,4,1626.29,0.0,0
1775251456.5418131,6,1626.68,0.0,0
1775251456.5418131,7,1627.69,100.0,0
1775251456.5424652,8,1628.05,0.0,0
1775251456.5424652,9,1628.63,0.0,0
1775251456.5424652,10,1629.64,0.0,0
1775251456.5434744,11,1629.63,0.0,0
1775251456.5434744,13,1631.14,0.0,0
1775251456.5434744,14,1632.14,0.0,0
1775251456.5434744,12,1632.14,0.0,0
1775251456.5434744,15,1633.53,0.0,0
1775251456.5455189,16,1632.51,0.0,0
1775251456.4669645,1,1712.50,0.0,0
1775251457.3170624,2,1581.90,3.8,0
1775251457.3360896,6,1670.82,0.0,0
1775251457.3360896,4,1671.82,0.0,0
1775251457.3366258,8,1672.79,0.0,0
1775251457.3366258,9,1674.80,0.0,0
1775251457.3360896,5,1675.34,0.0,0
1775251457.3360896,7,1677.86,66.7,0
1775251457.3355544,3,1678.39,0.0,0
1775251457.337168,11,1679.29,0.0,0
1775251457.337168,13,1680.29,0.0,0
1775251457.337168,15,1681.29,0.0,0
1775251457.3366258,10,1682.84,0.0,0
1775251457.337168,12,1683.31,0.0,0
1775251457.337168,14,1683.87,0.0,0
1775251457.3119757,1,1714.42,0.0,0
1775251457.341633,16,1685.76,0.0,0
1775251458.16006,2,1587.83,5.5,0
1775251458.2311835,4,1517.71,0.0,0
1775251458.2321901,5,1518.71,0.0,0
1775251458.2321901,7,1519.71,0.0,0
1775251458.2311835,3,1522.72,0.0,0
1775251458.2321901,8,1522.71,0.0,0
1775251458.2321901,6,1523.72,0.0,0
1775251458.2321901,10,1524.72,0.0,0
1775251458.2321901,9,1525.72,0.0,0
1775251458.2331982,12,1526.74,0.0,0
1775251458.2331982,11,1527.75,0.0,0
1775251458.234289,13,1527.65,0.0,0
1775251458.234289,14,1528.65,0.0,0
1775251458.1580486,1,1606.01,28.6,0
1775251458.8969438,15,1384.06,3.6,0
1775251459.0224912,2,1366.07,3.0,0
1775251459.0224912,5,1367.07,12.5,0
1775251459.0224912,4,1368.65,0.0,0
1775251459.0224912,3,1371.13,0.0,0
1775251459.0224912,6,1372.65,0.0,0
1775251459.0238283,7,1372.31,0.0,0
1775251459.024336,8,1372.81,0.0,0
1775251459.024336,10,1374.73,0.0,0
1775251459.024336,9,1374.73,0.0,0
1775251459.0283926,11,1428.86,1.6,0
1775251459.004908,1,1454.34,0.0,0
1775251459.7439241,12,770.34,12.1,0
1775251459.7449284,13,1333.80,7.8,0
1775251459.8155684,15,1266.86,0.0,0
1775251459.8155684,14,1267.87,0.0,0
1775251459.8165927,17,1268.91,0.0,0
1775251459.8165927,16,1269.92,0.0,0
1775251459.8165927,18,1270.92,0.0,0
1775251459.8165927,20,1271.92,0.0,0
1775251459.8165927,19,1273.12,0.0,0
1775251459.8185804,23,1272.13,0.0,0
1775251459.8185804,22,1273.26,37.5,0
1775251459.817575,21,1274.90,0.0,0
1775251459.8185804,24,1275.37,0.0,0
1775251460.3853953,2,1378.53,11.9,0
1775251460.4511511,3,1420.21,5.7,0
1775251460.452168,6,1420.75,0.0,0
1775251460.452168,4,1420.75,37.5,0
1775251460.4511511,5,1423.28,0.0,0
1775251460.4531686,7,1423.73,0.0,0
1775251460.4531686,8,1424.73,0.0,0
1775251460.4536767,11,1426.12,0.0,0
1775251460.4531686,9,1428.20,0.0,0
1775251460.4536767,10,1428.72,0.0,0
1775251460.45424,13,1429.34,0.0,0
1775251460.2783463,1,1605.23,0.0,0
1775251460.45424,12,1429.34,0.0,0
1775251460.511744,14,1378.14,36.4,0
1775251460.5122533,15,1379.64,0.0,0
1775251461.0797327,2,1481.14,3.1,0
1775251461.1461024,4,1415.78,0.0,0
1775251461.1461024,5,1417.28,0.0,0
1775251461.1461024,3,1419.29,0.0,0
1775251461.1471105,8,1418.79,0.0,0
1775251461.1471105,6,1420.83,0.0,0
1775251461.1471105,7,1422.56,0.0,0
1775251461.1471105,10,1424.79,0.0,0
1775251461.148281,11,1424.74,0.0,0
1775251461.1471105,9,1427.42,0.0,0
1775251461.076251,1,1499.65,0.0,0
1775251461.1492903,12,1426.62,55.6,0
1775251461.7623994,13,871.34,3.6,0
1775251461.867798,14,1327.96,3.8,0
1775251461.885671,15,1368.18,0.0,0
1775251461.8868854,20,1368.58,0.0,0
1775251461.8868854,18,1369.59,0.0,0
1775251461.8868854,21,1371.61,0.0,0
1775251461.885671,16,1373.83,0.0,0
1775251461.8868854,19,1374.61,0.0,0
1775251461.8868854,17,1375.66,0.0,0
1775251461.887886,22,1375.68,25.0,0
1775251461.887886,23,1376.73,0.0,0
1775251461.887886,24,1378.76,0.0,0
1775251461.887886,25,1378.76,0.0,0
1775251461.892887,26,1379.33,0.0,0
1775251462.557404,2,1435.64,4.7,0
1775251462.6278408,5,1366.21,0.0,0
1775251462.6278408,3,1367.21,0.0,0
1775251462.628869,6,1368.17,0.0,0
1775251462.628869,7,1369.29,20.0,0
1775251462.6278408,4,1372.34,0.0,0
1775251462.628869,9,1372.31,0.0,0
1775251462.628869,10,1373.64,0.0,0
1775251462.628869,8,1374.66,0.0,0
1775251462.6298485,12,1374.68,0.0,0
1775251462.6298485,13,1375.68,0.0,0
1775251462.6298485,11,1376.68,0.0,0
1775251462.631111,14,1376.97,0.0,0
1775251462.5038228,1,1505.27,0.0,0
1775251463.2517023,2,1121.67,4.7,0
1775251463.2681496,6,1415.48,2.3,0
1775251463.2681496,4,1417.99,12.5,0
1775251463.2681496,3,1419.26,0.0,0
1775251463.2681496,5,1420.40,0.0,0
1775251463.2681496,7,1423.00,0.0,0
1775251463.2681496,8,1424.01,0.0,0
1775251463.2681496,9,1430.06,0.0,0
1775251463.2700753,11,1429.13,0.0,0
1775251463.2700753,12,1429.64,0.0,0
1775251463.2700753,10,1430.74,28.6,0
1775251463.194237,1,1507.58,0.0,0
1775251463.2742286,13,1427.59,0.0,0
1775251463.988869,14,1331.95,2.2,0
1775251463.9900184,15,1331.31,0.0,0
1775251464.0604274,2,1317.33,4.7,0
1775251464.0604274,3,1319.43,0.0,0
1775251464.0614522,4,1319.42,0.0,0
1775251464.0614522,5,1320.75,0.0,0
1775251464.0614522,7,1322.19,0.0,0
1775251464.0614522,6,1323.71,0.0,0
1775251464.0629592,10,1323.71,0.0,0
1775251464.0614522,8,1327.33,33.3,0
1775251464.0629592,9,1326.85,0.0,0
1775251464.0629592,11,1327.98,0.0,0
1775251464.3713567,12,1128.63,16.1,0
1775251464.0604274,1,1799.43,12.6,0
1775251464.6811893,13,1180.75,0.0,0
1775251464.6951535,18,1476.13,3.4,0
1775251464.6951535,17,1478.14,0.0,0
1775251464.694158,16,1480.28,0.0,0
1775251464.694158,14,1482.31,0.0,0
1775251464.694158,15,1484.32,0.0,0
1775251464.6951535,19,1485.84,0.0,0
1775251464.6951535,20,1487.05,0.0,0
1775251464.6951535,21,1493.17,21.4,0
1775251464.6951535,22,1494.72,0.0,0
1775251464.805344,25,1385.54,0.0,0
1775251464.805344,24,1387.61,0.0,0
1775251464.805344,23,1388.61,0.0,0
1775251464.80636,26,1388.59,0.0,0
1775251465.374381,2,1386.52,5.4,0
1775251465.4936438,4,1374.18,11.6,0
1775251465.4931061,3,1375.73,0.0,0
1775251465.4941778,5,1376.16,0.0,0
1775251465.4947174,7,1377.13,0.0,0
1775251465.4941778,6,1377.67,0.0,0
1775251465.4952476,9,1377.62,37.5,0
1775251465.4952476,8,1378.94,0.0,0
1775251465.4968736,11,1379.33,0.0,0
1775251465.4968736,10,1380.43,0.0,0
1775251465.4973907,12,1380.91,0.0,0
1775251465.319305,1,1563.57,0.0,0
1775251465.8585536,13,1025.32,0.0,0
1775251466.1836724,3,1315.36,14.7,0
1775251466.1836724,5,1317.36,0.0,0
1775251466.1836724,4,1318.36,0.0,0
1775251466.1836724,2,1319.38,0.0,0
1775251466.1863172,6,1317.73,0.0,0
1775251466.2469187,7,1313.69,20.3,0
1775251466.2474248,8,1315.40,0.0,0
1775251466.2474248,9,1316.98,0.0,0
1775251466.2474248,10,1317.99,0.0,0
1775251466.2474248,11,1320.18,0.0,0
1775251466.1685474,1,1401.19,0.0,0
1775251466.2474248,12,1323.94,0.0,0
1775251466.758874,13,869.54,41.5,0
1775251466.864627,14,1428.02,21.7,0
1775251466.8783002,16,1419.60,42.9,0
1775251466.8783002,15,1420.61,0.0,0
1775251466.8783002,17,1422.62,0.0,0
1775251466.8798077,18,1422.11,0.0,0
1775251466.8798077,19,1423.11,0.0,0
1775251466.8798077,21,1425.11,0.0,0
1775251466.8798077,20,1426.11,0.0,0
1775251466.8798077,22,1427.11,0.0,0
1775251466.8798077,23,1428.11,0.0,0
1775251466.8808138,24,1428.11,0.0,0
1775251466.8808138,25,1428.74,63.6,0
1775251466.8808138,26,1431.27,0.0,0
1775251466.8808138,27,1432.28,0.0,0
1775251467.4980133,2,1079.16,10.4,0
1775251467.5571432,6,1431.34,6.7,0
1775251467.556135,4,1433.55,0.0,0
1775251467.5556202,3,1435.17,0.0,0
1775251467.556135,5,1435.89,0.0,0
1775251467.139005,1,1858.55,33.3,0
1775251467.6238666,7,1375.19,0.0,0
1775251467.62439,9,1376.11,0.0,0
1775251467.62439,8,1377.11,0.0,0
1775251467.62439,10,1378.22,0.0,0
1775251467.62439,12,1378.22,0.0,0
1775251467.62439,11,1379.40,0.0,0
1775251467.6254094,13,1379.82,0.0,0
1775251468.2942684,2,1176.85,5.2,0
1775251468.3645103,3,1315.81,5.7,0
1775251468.3645103,4,1317.37,0.0,0
1775251468.3655186,5,1317.36,0.0,0
1775251468.3655186,8,1318.69,0.0,0
1775251468.3655186,7,1320.20,64.3,0
1775251468.3655186,6,1321.20,0.0,0
1775251468.3655186,9,1322.20,0.0,0
1775251468.3655186,10,1323.67,0.0,0
1775251468.3669376,11,1328.87,0.0,0
1775251468.3669376,12,1331.96,0.0,0
1775251468.2904246,1,1409.76,0.0,0
1775251468.5748746,13,1126.70,28.6,0
1775251468.9864836,14,1431.47,4.8,0
1775251468.9944339,15,1425.01,0.0,0
1775251469.0574958,2,1416.72,9.4,0
1775251469.0574958,3,1419.34,0.0,0
1775251469.0585275,4,1419.64,0.0,0
1775251469.0585275,5,1421.69,0.0,0
1775251469.0585275,6,1422.90,0.0,0
1775251469.0585275,8,1425.41,35.7,0
1775251469.0585275,7,1426.41,0.0,0
1775251469.0597696,9,1426.68,0.0,0
1775251469.0597696,10,1427.68,0.0,0
1775251469.0597696,11,1428.80,0.0,0
1775251469.0597696,12,1429.85,0.0,0
1775251469.0607965,13,1429.87,0.0,0
1775251469.4694645,14,1130.20,7.1,0
1775251469.0568702,1,2002.64,1.7,0
1775251469.6768513,15,1383.73,18.2,0
1775251469.6903448,16,1478.79,4.9,0
1775251469.6903448,17,1480.39,28.6,0
1775251469.6913505,19,1481.10,0.0,0
1775251469.6903448,18,1483.15,0.0,0
1775251469.6913505,20,1483.66,0.0,0
1775251469.6926312,22,1484.24,0.0,0
1775251469.6926312,21,1485.63,0.0,0
1775251469.6926312,23,1487.13,0.0,0
1775251469.6926312,24,1489.11,0.0,0
1775251469.8035138,25,1384.50,7.1,0
1775251469.8045223,26,1384.49,0.0,0
1775251470.471347,2,1284.24,19.1,0
1775251470.5928035,4,1217.55,31.7,0
1775251470.5939553,6,1218.23,0.0,0
1775251470.5928035,3,1221.41,0.0,0
1775251470.5928035,5,1222.40,0.0,0
1775251470.5939553,7,1222.36,0.0,0
1775251470.5939553,8,1223.35,0.0,0
1775251470.594955,10,1223.35,0.0,0
1775251470.5939553,9,1225.86,0.0,0
1775251470.594955,11,1225.42,0.0,0
1775251470.594955,12,1225.98,0.0,0
1775251470.4167483,1,1464.17,4.7,0
1775251471.165553,2,1378.67,8.5,0
1775251471.182992,4,1417.78,8.2,0
1775251471.182992,3,1418.78,0.0,0
1775251471.182992,6,1421.18,0.0,0
1775251471.182992,5,1422.18,0.0,0
1775251471.182992,7,1423.18,0.0,0
1775251471.182992,8,1424.80,27.3,0
1775251471.182992,9,1426.12,0.0,0
1775251471.1850007,10,1425.24,0.0,0
1775251471.1850007,11,1426.47,0.0,0
1775251471.1850007,12,1427.98,0.0,0
1775251471.186007,13,1428.04,0.0,0
1775251471.186007,14,1428.04,0.0,0
1775251471.0573566,1,1558.21,0.0,0
1775251471.241629,15,1429.84,42.2,0
1775251471.7535727,16,921.94,0.0,0
1775251471.8076062,17,1483.04,6.5,0
1775251471.8739123,21,1417.74,0.0,0
1775251471.8728938,19,1420.35,0.0,0
1775251471.8728938,18,1422.70,57.1,0
1775251471.8739123,22,1421.68,0.0,0
1775251471.8744187,23,1422.69,0.0,0
1775251471.8728938,20,1425.22,0.0,0
1775251471.8744187,25,1425.85,0.0,0
1775251471.8744187,24,1427.19,0.0,0
1775251471.8754296,26,1427.18,0.0,0
1775251471.8760178,27,1427.61,0.0,0
1775251471.877048,28,1427.78,0.0,0
1775251472.5982573,2,1122.32,5.8,0
1775251472.667298,4,1311.69,12.4,0
1775251472.667298,6,1313.20,0.0,0
1775251472.667298,3,1315.11,50.0,0
1775251472.667298,5,1317.05,0.0,0
1775251472.668309,7,1317.04,0.0,0
1775251472.668309,8,1318.51,0.0,0
1775251472.668309,9,1320.50,0.0,0
1775251472.6698134,12,1324.44,0.0,0
1775251472.668309,11,1325.95,0.0,0
1775251472.668309,10,1327.42,0.0,0
1775251472.5426025,1,1455.24,100.0,0
1775251472.672988,13,1324.85,25.0,0
1775251473.288349,2,1378.87,7.5,0
1775251473.3568604,4,1416.35,6.2,0
1775251473.3568604,5,1417.35,0.0,0
1775251473.3563526,3,1419.85,0.0,0
1775251473.3568604,6,1420.59,0.0,0
1775251473.3578744,7,1420.99,66.7,0
1775251473.3578744,8,1421.99,25.0,0
1775251473.3578744,9,1423.33,0.0,0
1775251473.3578744,10,1424.54,0.0,0
1775251473.35925,11,1424.42,0.0,0
1775251473.35925,12,1425.42,0.0,0
1775251473.35925,13,1425.92,0.0,0
1775251473.3602555,14,1426.94,0.0,0
1775251473.2861848,1,1559.14,4.8,0
1775251473.718035,15,1128.29,0.0,0
1775251473.9769862,16,1227.28,5.7,0
1775251473.9900014,17,1420.91,3.3,0
1775251473.9910007,21,1422.41,0.0,0
1775251473.9900014,18,1424.42,0.0,0
1775251473.9900014,19,1425.93,0.0,0
1775251473.9910007,22,1426.43,0.0,0
1775251473.9910007,20,1428.56,75.0,0
1775251473.9910007,23,1430.07,0.0,0
1775251474.049951,2,1428.11,9.6,0
1775251474.049951,4,1430.12,0.0,0
1775251474.049951,3,1431.41,0.0,0
1775251474.0513942,5,1431.41,30.8,0
1775251474.6654227,6,821.39,0.0,0
1775251474.7705603,7,1334.43,8.0,0
1775251474.049951,1,2056.04,0.0,0
1775251474.8383327,9,1269.66,12.5,0
1775251474.8383327,8,1270.67,0.0,0
1775251474.8398142,11,1271.19,0.0,0
1775251474.8398142,12,1272.20,0.0,0
1775251474.8398142,10,1273.19,0.0,0
1775251474.8398142,13,1274.71,0.0,0
1775251474.8398142,14,1275.70,0.0,0
1775251474.8408148,15,1275.77,0.0,0
1775251474.8418105,16,1275.40,0.0,0
1775251474.8418105,17,1276.42,0.0,0
1775251475.4085655,2,1174.83,5.4,0
1775251475.4725466,3,1420.14,5.0,0
1775251475.4730513,5,1420.64,0.0,0
1775251475.4730513,4,1422.08,0.0,0
1775251475.4730513,6,1424.08,0.0,0
1775251475.4730513,7,1425.49,0.0,0
1775251475.4745603,10,1426.11,0.0,0
1775251475.4745603,9,1427.10,0.0,0
1775251475.4745603,8,1428.43,0.0,0
1775251475.485027,11,1422.99,13.3,0
1775251475.202256,1,1706.76,0.0,0
1775251475.485027,12,1424.98,0.0,0
1775251475.485027,13,1426.42,0.0,0
1775251475.485537,14,1425.91,0.0,0
1775251475.485537,15,1427.41,0.0,0
1775251476.1028926,2,1427.18,11.5,0
1775251476.170304,3,1415.92,20.4,0
1775251476.170304,5,1417.52,0.0,0
1775251476.170304,4,1418.60,0.0,0
1775251476.171374,8,1418.59,0.0,0
1775251476.171374,9,1420.20,44.4,0
1775251476.171374,6,1421.80,0.0,0
1775251476.171374,7,1423.39,0.0,0
1775251476.171374,10,1424.44,0.0,0
1775251476.173382,11,1423.52,0.0,0
1775251476.1743817,12,1423.04,0.0,0
1775251476.0992196,1,1498.20,0.0,0
1775251476.5828567,13,1072.23,10.2,0
1775251476.8903873,14,1223.72,10.7,0
1775251476.9040124,15,1367.86,5.0,0
1775251476.9040124,16,1368.88,0.0,0
1775251476.9050121,17,1370.40,0.0,0
1775251476.9050121,18,1371.41,0.0,0
1775251476.9050121,19,1372.42,0.0,0
1775251476.9050121,20,1373.40,50.0,0
1775251476.9050121,21,1374.93,0.0,0
1775251476.9060125,23,1375.44,0.0,0
1775251476.9060125,22,1376.45,0.0,0
1775251476.9651294,24,1322.95,0.0,0
1775251476.965657,26,1323.43,0.0,0
1775251476.965657,25,1324.43,0.0,0
1775251477.5824547,2,1428.82,7.9,0
1775251477.65043,5,1362.37,0.0,0
1775251477.65043,3,1363.80,14.3,0
1775251477.6515517,6,1363.68,0.0,0
1775251477.65043,4,1366.27,0.0,0
1775251477.6515517,8,1366.61,0.0,0
1775251477.6515517,7,1368.14,0.0,0
1775251477.6515517,9,1369.26,0.0,0
1775251477.6515517,10,1369.78,0.0,0
1775251477.6529799,12,1369.61,0.0,0
1775251477.6515517,11,1372.04,0.0,0
1775251477.6529799,13,1371.61,0.0,0
1775251477.529049,1,1497.34,0.0,0
1775251477.6529799,14,1373.40,0.0,0
1775251478.269823,2,1123.17,3.6,0
1775251478.2838836,3,1418.33,5.6,0
1775251478.2838836,5,1419.68,0.0,0
1775251478.2838836,4,1421.60,0.0,0
1775251478.2838836,6,1422.62,0.0,0
1775251478.2838836,7,1424.62,0.0,0
1775251478.2848973,8,1425.61,0.0,0
1775251478.285503,11,1429.77,0.0,0
1775251478.285503,10,1431.02,20.0,0
1775251478.285503,9,1432.03,0.0,0
1775251478.1130936,1,1606.43,0.0,0
1775251478.2910848,12,1428.95,0.0,0
1775251478.2923658,13,1428.70,0.0,0
1775251479.009036,2,1329.53,7.6,0
1775251479.079541,6,1366.83,4.4,0
1775251479.079541,4,1368.34,0.0,0
1775251479.0785067,3,1371.39,0.0,0
1775251479.079541,5,1372.36,12.5,0
1775251479.0800598,7,1372.83,0.0,0
1775251479.0800598,8,1374.83,0.0,0
1775251479.0800598,10,1375.83,0.0,0
1775251479.0800598,9,1376.83,0.0,0
1775251479.0800598,11,1377.83,0.0,0
1775251479.081771,12,1377.63,0.0,0
1775251479.081771,13,1378.63,0.0,0
1775251479.0067742,1,1511.79,12.5,0
1775251479.3906012,14,1128.97,0.0,0
1775251479.700106,15,975.98,20.4,0
1775251479.7115045,18,1477.75,9.5,0
1775251479.7115045,17,1478.74,0.0,0
1775251479.7115045,16,1481.32,0.0,0
1775251479.7725406,19,1425.23,0.0,0
1775251479.7725406,20,1425.23,0.0,0
1775251479.7725406,21,1426.74,0.0,0
1775251479.7735558,22,1427.73,38.5,0
1775251479.7735558,23,1428.73,0.0,0
1775251479.7735558,24,1430.04,0.0,0
1775251479.774554,26,1430.34,0.0,0
1775251479.7735558,25,1432.34,0.0,0
1775251479.774554,27,1432.34,0.0,0
1775251479.775686,28,1432.21,0.0,0
1775251480.4443817,2,1231.26,7.1,0
1775251480.5119934,5,1371.82,7.7,0
1775251480.5119934,3,1373.94,0.0,0
1775251480.5119934,4,1374.95,0.0,0
1775251480.5129998,6,1375.92,25.0,0
1775251480.5135238,8,1377.41,0.0,0
1775251480.5129998,7,1378.93,0.0,0
1775251480.5135238,9,1379.91,0.0,0
1775251480.5145361,10,1379.91,0.0,0
1775251480.5145361,11,1386.43,0.0,0
1775251480.5145361,12,1388.21,0.0,0
1775251480.337057,1,1566.69,0.0,0
1775251480.6745498,13,1229.20,16.7,0
1775251481.1938496,2,1326.61,7.1,0
1775251481.1948605,3,1327.18,0.0,0
1775251481.1948605,4,1329.03,0.0,0
1775251481.1948605,5,1330.62,0.0,0
1775251481.2591543,7,1372.26,5.4,0
1775251481.2591543,6,1373.84,0.0,0
1775251481.2601857,8,1373.94,0.0,0
1775251481.2601857,9,1374.95,0.0,0
1775251481.2601857,10,1376.46,0.0,0
1775251481.2601857,11,1377.45,0.0,0
1775251481.2601857,12,1378.46,38.5,0
1775251481.2612293,13,1378.41,0.0,0
1775251481.1871777,1,1508.57,5.9,0
1775251481.6731102,14,1022.64,0.0,0
1775251481.8815925,15,1224.68,11.0,0
1775251481.8954442,16,1419.15,4.1,0
1775251481.896443,17,1419.16,0.0,0
1775251481.896443,18,1421.17,0.0,0
1775251481.896443,20,1423.31,0.0,0
1775251481.896443,19,1424.96,0.0,0
1775251481.896443,21,1425.97,0.0,0
1775251481.8974428,22,1426.97,0.0,0
1775251481.8979483,23,1426.97,0.0,0
1775251482.1074011,2,1223.02,31.2,0
1775251482.108423,5,1223.00,0.0,0
1775251482.108423,3,1223.00,0.0,0
1775251482.108423,4,1225.15,0.0,0
1775251482.5183449,6,1483.02,5.8,0
1775251482.627857,7,1374.51,0.0,0
1775251482.628363,9,1376.00,0.0,0
1775251482.628363,8,1377.00,0.0,0
1775251482.1074011,1,1898.97,0.0,0
1775251482.6915245,11,1319.02,0.0,0
1775251482.6915245,13,1320.05,0.0,0
1775251482.6915245,10,1321.56,41.7,0
1775251482.6915245,12,1322.87,0.0,0
1775251482.6925347,14,1322.87,0.0,0
1775251482.6925347,15,1323.88,0.0,0
1775251482.6925347,16,1324.88,0.0,0
1775251482.6925347,17,1325.88,0.0,0
1775251483.3114944,2,1325.60,7.6,0
1775251483.3259223,4,1418.46,6.2,0
1775251483.3259223,3,1419.53,0.0,0
1775251483.3259223,5,1421.16,0.0,0
1775251483.3269205,6,1421.93,20.0,0
1775251483.3269205,9,1423.03,0.0,0
1775251483.3269205,7,1425.94,0.0,0
1775251483.3269205,8,1426.94,0.0,0
1775251483.3269205,10,1428.09,0.0,0
1775251483.3279226,11,1428.55,0.0,0
1775251483.3279226,12,1429.71,0.0,0
1775251483.1042712,1,1653.94,0.0,0
1775251483.5881252,13,1228.56,3.1,0
1775251483.588641,14,1230.05,0.0,0
1775251483.998116,15,1027.09,4.3,0
1775251484.0083606,2,1376.87,5.2,0
1775251484.0083606,3,1377.95,0.0,0
1775251484.0083606,4,1378.96,0.0,0
1775251484.0083606,5,1379.96,20.0,0
1775251484.0713205,6,1423.43,14.4,0
1775251484.0718782,7,1423.89,0.0,0
1775251484.0718782,10,1425.40,0.0,0
1775251484.0718782,8,1425.92,40.0,0
1775251484.0718782,11,1427.44,0.0,0
1775251484.0718782,9,1428.94,0.0,0
1775251484.0730038,12,1429.07,0.0,0
1775251484.0083606,1,1550.68,31.2,0
1775251484.6350555,13,926.13,46.7,0
1775251484.740558,14,1381.83,6.3,0
1775251484.8112857,18,1316.47,9.1,0
1775251484.8102744,15,1319.63,0.0,0
1775251484.8102744,16,1321.65,0.0,0
1775251484.8102744,17,1322.65,0.0,0
1775251484.8112857,19,1323.14,0.0,0
1775251484.8112857,20,1324.22,0.0,0
1775251484.8112857,22,1325.23,0.0,0
1775251484.8112857,21,1326.23,0.0,0
1775251484.8129923,23,1325.53,14.3,0
1775251484.8129923,24,1326.53,0.0,0
1775251484.8129923,25,1327.53,0.0,0
1775251485.383726,2,818.29,9.5,0
1775251485.0225227,1,1848.11,11.4,0
1775251485.4909813,4,1380.23,0.0,0
1775251485.4909813,3,1381.24,75.0,0
1775251485.5547328,6,1319.51,0.0,0
1775251485.5541978,5,1321.63,0.0,0
1775251485.5552619,8,1322.33,0.0,0
1775251485.5547328,7,1323.87,0.0,0
1775251485.5552619,9,1324.35,0.0,0
1775251485.5558238,11,1325.37,0.0,0
1775251485.5558238,10,1326.41,0.0,0
1775251485.5563643,13,1326.89,0.0,0
1775251485.5563643,12,1328.15,0.0,0
1775251485.5569015,14,1328.12,0.0,0
1775251486.1257553,2,1329.29,3.4,0
1775251486.1932008,3,1369.63,18.1,0
1775251486.1932008,6,1371.15,0.0,0
1775251486.1932008,5,1372.18,0.0,0
1775251486.1942203,7,1373.35,0.0,0
1775251486.1932008,4,1375.37,0.0,0
1775251486.1942203,8,1376.36,0.0,0
1775251486.1942203,9,1377.95,0.0,0
1775251486.1942203,10,1377.95,0.0,0
1775251486.1942203,11,1379.97,0.0,0
1775251486.1955082,12,1379.69,0.0,0
1775251486.1202302,1,1512.22,23.1,0
1775251486.2009292,13,1432.53,0.0,0
1775251486.8655038,14,770.61,0.0,0
1775251486.8679757,15,1431.20,13.8,0
1775251486.9376473,16,1363.04,0.0,0
1775251486.9376473,17,1364.05,0.0,0
1775251486.9386542,18,1364.04,0.0,0
1775251486.9386542,20,1365.04,0.0,0
1775251486.9386542,19,1366.04,0.0,0
1775251486.9386542,21,1367.04,0.0,0
1775251486.9400434,23,1366.65,0.0,0
1775251486.9386542,22,1369.04,0.0,0
1775251486.9400434,25,1368.65,0.0,0
1775251486.9400434,26,1369.66,66.7,0
1775251486.9400434,24,1371.66,0.0,0
1775251486.94155,27,1371.66,0.0,0
1775251487.5600896,2,1422.32,23.6,0
1775251487.627839,4,1355.97,0.0,0
1775251487.6273358,3,1357.98,0.0,0
1775251487.627839,5,1358.48,0.0,0
1775251487.627839,6,1360.49,0.0,0
1775251487.627839,7,1361.49,0.0,0
1775251487.6293645,9,1365.03,0.0,0
1775251487.6293645,8,1367.04,0.0,0
1775251487.6293645,10,1368.04,0.0,0
1775251487.6298742,12,1369.12,15.4,0
1775251487.6298742,11,1370.17,0.0,0
1775251487.6298742,13,1370.17,0.0,0
1775251487.452727,1,1548.83,0.0,0
1775251488.3146594,3,1100.67,8.1,0
1775251488.3156705,7,1101.21,0.0,0
1775251488.3146594,5,1103.22,0.0,0
1775251488.3146594,4,1104.22,0.0,0
1775251488.3146594,6,1105.22,88.9,0
1775251488.3146594,2,1109.79,0.0,0
1775251488.3156705,8,1109.88,0.0,0
1775251488.3156705,9,1111.88,0.0,0
1775251488.3146594,1,1623.89,16.3,0
1775251488.9913669,12,1002.96,12.5,0
1775251488.9913669,10,1005.98,0.0,0
1775251488.992384,13,1005.47,33.3,0
1775251488.9913669,11,1008.00,0.0,0
1775251488.992384,14,1007.98,0.0,0
1775251489.0015538,2,999.82,0.0,0
1775251489.0028937,5,999.98,0.0,0
1775251489.0015538,3,1002.67,0.0,0
1775251489.0028937,4,1002.49,0.0,0
1775251489.0028937,6,1006.50,0.0,0
1775251489.0015538,1,1419.11,12.2,0
1775251489.421948,9,1000.36,0.0,0
1775251489.421948,10,1001.36,0.0,0
1775251489.421948,7,1002.36,0.0,0
1775251489.421948,11,1058.09,8.3,0
1775251489.421948,12,1060.22,0.0,0
1775251489.421948,8,1061.22,15.4,0
1775251489.422952,13,1061.22,0.0,0
1775251489.4800112,14,1008.85,0.0,0
1775251489.9908397,15,960.32,9.8,0
1775251489.9913452,16,961.82,0.0,0
1775251490.0070267,2,947.29,0.0,0
1775251490.0070267,3,949.37,0.0,0
1775251490.0070267,4,950.61,0.0,0
1775251490.0070267,5,951.99,0.0,0
1775251490.0070267,7,952.99,0.0,0
1775251490.0070267,6,954.47,0.0,0
1775251490.0070267,8,958.93,0.0,0
1775251490.0070267,1,1520.79,2.3,0
1775251490.4770305,10,1053.55,14.3,0
1775251490.4770305,9,1059.12,0.0,0
1775251490.4780467,12,1059.11,0.0,0
1775251490.4780467,11,1061.14,0.0,0
1775251490.4862678,14,1053.92,0.0,0
1775251490.4872668,16,1053.92,0.0,0
1775251490.4862678,15,1055.92,0.0,0
1775251490.4862678,13,1057.92,0.0,0
1775251490.4872668,17,1057.92,29.4,0
1775251490.4872668,18,1058.54,0.0,0
1775251490.8962545,19,707.79,2.1,0
1775251490.963002,20,1001.00,15.2,0
1775251490.963002,22,1002.50,0.0,0
1775251490.963002,21,1004.13,28.6,0
1775251490.963002,23,1005.13,0.0,0
1775251490.963002,24,1006.64,0.0,0
1775251490.9644566,25,1006.73,0.0,0
1775251490.9644566,26,1007.96,0.0,0
1775251491.5990357,5,938.60,14.0,0
1775251491.5990357,4,940.60,0.0,0
1775251491.5990357,3,941.64,0.0,0
1775251491.5990357,6,942.99,0.0,0
1775251491.5985126,2,945.53,0.0,0
1775251491.6000545,7,946.54,46.2,0
1775251491.6000545,8,948.04,0.0,0
1775251491.6000545,9,949.05,0.0,0
1775251491.601051,10,949.06,0.0,0
1775251491.601051,11,950.06,0.0,0
1775251491.5326235,1,1024.92,0.0,0
1775251491.9741857,14,792.22,10.4,0
1775251491.9741857,12,794.46,0.0,0
1775251491.9741857,13,796.47,0.0,0
1775251491.9762616,15,797.97,0.0,0
1775251492.5534601,8,782.53,6.4,0
1775251492.5534601,7,783.58,0.0,0
1775251492.5534601,6,785.09,0.0,0
1775251492.5523508,3,787.81,0.0,0
1775251492.5523508,4,789.23,45.5,0
1775251492.5534601,5,789.40,0.0,0
1775251492.5523508,2,791.62,0.0,0
1775251492.5545466,10,790.42,0.0,0
1775251492.5534601,9,999.10,8.6,0
1775251492.5555465,12,998.02,0.0,0
1775251492.5555465,11,1000.07,0.0,0
1775251492.5555465,14,1002.29,0.0,0
1775251492.5555465,13,1003.46,0.0,0
1775251492.5555465,15,1004.97,80.0,0
1775251492.5523508,1,1009.18,0.0,0
1775251492.7722306,16,895.19,8.2,0
1775251492.7722306,17,898.25,50.0,0
1775251493.3339794,2,694.14,3.6,0
1775251493.5494325,3,636.41,4.9,0
1775251493.5494325,4,637.81,0.0,0
1775251493.5504448,7,638.79,0.0,0
1775251493.5504448,6,639.93,0.0,0
1775251493.5494325,5,642.98,0.0,0
1775251493.5504448,8,643.13,0.0,0
1775251493.5514374,10,750.34,3.6,0
1775251493.5504448,9,753.34,0.0,0
1775251493.5514374,11,754.16,0.0,0
1775251493.1803095,1,1178.78,3.2,0
1775251493.5566356,12,804.86,0.0,0
1775251493.6138887,13,751.07,0.0,0
1775251494.297278,4,732.80,9.4,0
1775251494.297278,2,734.81,33.3,0
1775251494.297278,3,736.02,0.0,0
1775251494.2985165,7,735.84,0.0,0
1775251494.2985165,5,736.90,0.0,0
1775251494.2985165,6,737.90,0.0,0
1775251494.2990284,9,738.39,0.0,0
1775251494.2990284,8,739.64,0.0,0
1775251494.2990284,10,740.92,0.0,0
1775251494.3001213,11,740.83,0.0,0
1775251494.3001213,12,849.01,2.7,0
1775251494.3001213,13,850.02,0.0,0
1775251494.3001213,14,851.87,0.0,0
1775251494.3578653,15,898.93,4.0,0
1775251494.3578653,16,900.19,0.0,0
1775251494.3614912,17,951.63,8.5,0
1775251494.1823022,1,1132.99,0.0,0
1775251494.3665369,18,951.77,0.0,0
1775251495.1446445,5,533.49,12.9,0
1775251495.1436298,2,743.40,3.8,0
1775251495.1446445,4,743.39,40.0,0
1775251495.145645,6,744.40,0.0,0
1775251495.1446445,3,746.39,0.0,0
1775251495.145645,8,747.52,0.0,0
1775251495.145645,7,748.54,0.0,0
1775251495.145645,9,806.26,6.9,0
1775251495.145645,10,808.26,0.0,0
1775251495.145645,11,809.68,0.0,0
1775251495.145645,12,811.16,0.0,0
1775251495.1436298,1,817.01,0.0,0
1775251495.3198075,13,747.05,2.7,0
1775251495.320364,14,748.50,0.0,0
1775251495.883906,15,851.79,3.2,0
1775251495.9478784,16,788.82,0.0,0
1775251495.9478784,18,790.82,0.0,0
1775251495.9478784,17,792.83,0.0,0
1775251495.9488928,19,792.81,0.0,0
1775251495.9488928,21,794.00,0.0,0
1775251495.9488928,22,796.31,0.0,0
1775251495.9488928,20,797.31,0.0,0
1775251495.9488928,23,798.34,0.0,0
1775251495.9499037,25,797.88,22.2,0
1775251495.9499037,24,904.99,39.4,0
1775251495.9499037,26,906.99,100.0,0
1775251495.9499037,27,907.99,30.0,0
1775251495.9583085,28,953.03,13.5,0
1775251495.9583085,29,955.14,0.0,0
1775251495.9583085,30,959.24,0.0,0
1775251496.0709372,1,1410.67,3.7,0
1775251496.8505192,2,633.10,12.5,0
1775251496.8515277,4,632.09,0.0,0
1775251496.8505192,3,634.61,0.0,0
1775251496.8515277,5,635.65,0.0,0
1775251496.8515277,6,636.20,0.0,0
1775251496.8526227,8,636.58,0.0,0
1775251496.8515277,7,639.07,0.0,0
1775251496.8526227,9,796.59,8.8,0
1775251496.8526227,10,798.63,0.0,0
1775251496.8526227,11,799.76,0.0,0
1775251496.8536232,12,801.28,33.3,0
1775251496.8536232,14,802.30,0.0,0
1775251496.8536232,13,803.88,0.0,0
1775251497.64426,5,680.02,5.8,0
1775251497.64426,3,681.02,0.0,0
1775251497.64426,2,682.34,15.4,0
1775251497.6462693,6,681.94,0.0,0
1775251497.64426,4,683.94,0.0,0
1775251497.6462693,7,683.65,0.0,0
1775251497.6472685,9,684.07,0.0,0
1775251497.6472685,8,685.49,0.0,0
1775251497.6472685,10,686.49,0.0,0
1775251497.6477764,11,685.98,0.0,0
1775251497.648138,13,687.12,0.0,0
1775251497.6477764,12,846.96,6.1,0
1775251497.648138,14,847.60,0.0,0
1775251497.6536696,15,845.17,31.2,0
1775251497.6536696,16,846.19,0.0,0
1775251497.6437383,1,857.40,0.0,0
1775251498.491143,11,677.94,13.5,0
1775251498.491143,7,680.08,14.3,0
1775251498.491143,9,681.88,0.0,0
1775251498.491143,8,683.39,0.0,0
1775251498.4901412,2,686.56,0.0,0
1775251498.4901412,3,687.94,0.0,0
1775251498.4901412,4,689.88,0.0,0
1775251498.491143,5,688.88,0.0,0
1775251498.491143,6,690.48,0.0,0
1775251498.4926462,12,746.79,4.7,0
1775251498.491143,10,750.29,0.0,0
1775251498.4926462,14,749.85,0.0,0
1775251498.4926462,13,751.32,0.0,0
1775251498.4896362,1,758.21,0.0,0
1775251499.235329,5,628.32,8.6,0
1775251499.2338026,3,631.86,0.0,0
1775251499.2338026,4,632.87,0.0,0
1775251499.2338026,2,634.87,0.0,0
1775251499.235329,7,634.85,0.0,0
1775251499.235329,8,636.49,0.0,0
1775251499.235329,6,637.71,12.5,0
1775251499.2364385,9,793.47,12.5,0
1775251499.2364385,10,795.16,0.0,0
1775251499.2364385,12,797.25,0.0,0
1775251499.2364385,11,797.25,0.0,0
1775251499.2364385,13,798.76,0.0,0
1775251499.2374406,14,852.23,12.2,0
1775251499.2453737,15,846.30,66.7,0
1775251499.2453737,16,847.34,0.0,0
1775251499.2338026,1,861.37,0.0,0
1775251500.0278084,4,685.39,3.2,0
1775251500.0268013,3,688.49,0.0,0
1775251500.0268013,2,689.50,50.0,0
1775251500.0278084,5,690.50,0.0,0
1775251500.0283935,6,691.43,0.0,0
1775251500.0283935,7,692.61,0.0,0
1775251500.0880952,12,742.47,6.9,0
1775251500.087087,8,744.49,0.0,0
1775251500.0880952,11,745.75,0.0,0
1775251500.087087,9,748.43,0.0,0
1775251500.087087,10,749.59,0.0,0
1775251500.0880952,13,749.64,0.0,0
1775251500.0880952,14,777.50,6.2,0
1775251500.0268013,1,840.43,0.0,0
1775251500.8246748,16,605.29,8.0,0
1775251500.826,18,605.42,0.0,0
1775251500.8246748,15,608.12,0.0,0
1775251500.8246748,17,609.14,0.0,0
1775251500.826,19,815.07,3.2,0
1775251500.8270037,20,816.07,0.0,0
1775251500.8270037,21,817.42,0.0,0
1775251500.8280334,22,818.30,0.0,0
1775251500.8280334,23,819.31,0.0,0
1775251500.8390481,24,809.93,0.0,0
1775251500.8390481,25,812.12,0.0,0
1775251500.8390481,27,866.86,3.1,0
1775251500.8390481,26,868.86,0.0,0
1775251500.8390481,28,869.42,0.0,0
1775251500.8403878,29,869.09,0.0,0
1775251500.8403878,30,871.10,0.0,0
1775251501.6378741,2,587.21,2.7,0
1775251501.7028937,3,524.20,0.0,0
1775251501.7028937,4,526.20,0.0,0
1775251501.7039042,5,526.69,0.0,0
1775251501.7039042,7,528.70,25.0,0
1775251501.7039042,6,529.70,12.5,0
1775251501.7039042,8,688.21,3.0,0
1775251501.7039042,9,690.21,0.0,0
1775251501.7039042,10,692.32,0.0,0
1775251501.7049048,11,692.32,0.0,0
1775251501.7049048,12,747.19,4.8,0
1775251501.7049048,13,749.38,0.0,0
1775251501.7049048,14,751.27,0.0,0
1775251501.6378741,1,820.97,0.0,0
1775251502.3901424,10,687.15,7.2,0
1775251502.389143,4,689.17,0.0,0
1775251502.3901424,9,689.68,0.0,0
1775251502.3881078,3,694.03,0.0,0
1775251502.389143,5,694.58,0.0,0
1775251502.389143,7,694.58,0.0,0
1775251502.389143,6,696.09,0.0,0
1775251502.3881078,2,698.63,0.0,0
1775251502.3901424,8,697.97,0.0,0
1775251502.450041,12,639.30,0.0,0
1775251502.450041,11,797.92,2.4,0
1775251502.450041,13,799.93,0.0,0
1775251502.4510548,15,852.58,7.4,0
1775251502.4510548,14,854.56,0.0,0
1775251502.4510548,16,855.56,0.0,0
1775251502.3881078,1,923.51,43.8,0
1775251503.2439787,6,631.64,4.2,0
1775251503.2429624,2,634.67,0.0,0
1775251503.2439787,7,635.76,0.0,0
1775251503.2439787,4,636.78,0.0,0
1775251503.2439787,5,638.77,0.0,0
1775251503.2439787,9,639.77,0.0,0
1775251503.2439787,8,641.28,0.0,0
1775251503.2429624,3,643.51,0.0,0
1775251503.2453632,10,750.27,0.9,0
1775251503.2453632,11,752.79,40.0,0
1775251503.2453632,12,753.80,0.0,0
1775251503.2453632,13,808.41,11.1,0
1775251503.2464514,14,808.32,0.0,0
1775251503.2429624,1,815.66,0.0,0
1775251503.9896243,15,734.73,6.8,0
1775251503.9896243,16,736.73,0.0,0
1775251503.9896243,17,738.21,0.0,0
1775251503.9906366,19,738.21,0.0,0
1775251503.9906366,18,740.62,0.0,0
1775251503.9906366,20,741.62,55.6,0
1775251503.9916563,21,741.60,0.0,0
1775251503.992634,23,745.69,0.0,0
1775251503.9916563,22,747.68,0.0,0
1775251503.992634,25,748.04,0.0,0
1775251503.992634,24,749.08,0.0,0
1775251503.992634,26,750.08,0.0,0
1775251503.9936366,27,750.08,0.0,0
1775251504.052759,2,849.94,2.5,0
1775251504.052759,3,852.10,18.2,0
1775251504.0517366,1,855.47,0.0,0
1775251504.7357635,5,634.68,12.4,0
1775251504.7357635,6,636.40,0.0,0
1775251504.7352571,4,638.42,37.5,0
1775251504.7357635,8,638.94,0.0,0
1775251504.7357635,7,640.03,0.0,0
1775251504.7357635,9,641.65,0.0,0
1775251504.7357635,10,851.18,12.9,0
1775251504.7357635,11,852.78,0.0,0
1775251504.7367737,12,853.47,0.0,0
1775251504.8469148,13,798.38,18.5,0
1775251504.8474264,14,799.06,0.0,0
1775251504.8474264,15,799.94,0.0,0
1775251504.8474264,17,802.62,0.0,0
1775251504.8474264,16,806.68,16.7,0
1775251505.583182,2,533.23,9.3,0
1775251505.5837035,3,533.71,0.0,0
1775251505.5842383,5,534.51,0.0,0
1775251505.5837035,4,536.62,0.0,0
1775251505.5842383,6,744.28,7.6,0
1775251505.5847833,7,746.25,0.0,0
1775251505.5847833,8,747.25,0.0,0
1775251505.5853145,9,748.20,0.0,0
1775251505.5853145,10,749.70,0.0,0
1775251505.6422887,11,849.73,3.1,0
1775251505.6422887,12,852.40,0.0,0
1775251505.6422887,13,853.42,0.0,0
1775251505.6432981,14,855.04,33.3,0
1775251505.3679063,1,1134.13,0.0,0
1775251505.6432981,15,859.74,0.0,0
1775251505.6510978,16,852.94,0.0,0
1775251506.3263593,4,591.19,4.8,0
1775251506.3263593,3,593.38,0.0,0
1775251506.3263593,2,594.50,25.0,0
1775251506.4890063,6,433.45,0.0,0
1775251506.4890063,5,434.55,0.0,0
1775251506.490015,8,693.78,3.5,0
1775251506.490015,7,695.28,25.0,0
1775251506.490015,9,697.39,0.0,0
1775251506.490015,10,751.52,15.7,0
1775251506.491015,11,752.12,0.0,0
1775251506.4998486,12,744.36,0.0,0
1775251506.4998486,13,745.82,0.0,0
1775251506.4998486,14,747.33,50.0,0
1775251506.3253467,1,926.83,0.0,0
1775251506.5084748,15,799.44,18.8,0
1775251507.1806352,2,486.31,6.2,0
1775251507.1816466,7,486.30,0.0,0
1775251507.1806352,3,488.82,0.0,0
1775251507.1806352,5,489.82,33.3,0
1775251507.1806352,4,748.13,6.5,0
1775251507.1821544,8,748.14,0.0,0
1775251507.1816466,6,750.65,0.0,0
1775251507.2392766,10,850.04,10.6,0
1775251507.2392766,9,851.04,0.0,0
1775251507.2392766,11,852.04,55.6,0
1775251507.240294,12,852.03,0.0,0
1775251507.2492788,14,844.04,0.0,0
1775251507.2492788,13,847.04,0.0,0
1775251507.2492788,15,848.55,0.0,0
1775251507.1806352,1,918.70,0.0,0
1775251507.9251144,17,688.18,2.5,0
1775251507.9251144,16,690.29,0.0,0
1775251507.9261403,18,690.27,0.0,0
1775251508.086113,2,531.30,0.0,0
1775251508.087118,5,532.80,0.0,0
1775251508.087118,4,692.67,4.7,0
1775251508.086113,3,695.69,0.0,0
1775251508.087118,6,695.68,0.0,0
1775251508.087118,8,696.68,0.0,0
1775251508.087118,7,698.76,0.0,0
1775251508.0953221,11,796.51,2.7,0
1775251508.0953221,10,798.51,0.0,0
1775251508.0953221,9,800.39,0.0,0
1775251508.1009471,12,798.16,0.0,0
1775251508.086113,1,815.17,0.0,0
1775251508.7758574,16,535.75,6.5,0
1775251508.774831,13,538.43,0.0,0
1775251508.774831,15,540.53,0.0,0
1775251508.7758574,14,645.41,18.5,0
1775251508.7758574,17,646.47,0.0,0
1775251508.7758574,19,647.74,0.0,0
1775251508.7758574,20,648.74,0.0,0
1775251508.7758574,18,649.79,0.0,0
1775251508.8888183,22,793.28,9.3,0
1775251508.8898325,25,793.26,0.0,0
1775251508.8888183,21,796.27,30.0,0
1775251508.8898325,23,796.77,0.0,0
1775251508.8898325,26,797.76,0.0,0
1775251508.8898325,24,798.77,0.0,0
1775251508.8898325,27,800.13,0.0,0
1775251509.418294,4,787.39,3.9,0
1775251509.418294,6,789.04,0.0,0
1775251509.418294,5,791.10,0.0,0
1775251509.418294,2,792.09,0.0,0
1775251509.418294,3,793.10,0.0,0
1775251509.6795633,7,533.34,0.0,0
1775251509.6800873,9,534.05,0.0,0
1775251509.6800873,8,535.56,0.0,0
1775251509.6800873,10,792.96,10.2,0
1775251509.6800873,11,794.52,0.0,0
1775251509.6800873,12,848.01,4.2,0
1775251509.6800873,13,850.04,18.2,0
1775251509.6810935,14,850.04,0.0,0
1775251509.418294,1,1112.84,0.0,0
1775251509.6840937,15,848.54,0.0,0
1775251509.6919563,16,843.84,0.0,0
1775251510.4707441,6,526.89,6.8,0
1775251510.4697337,2,530.42,0.0,0
1775251510.4707441,7,531.41,0.0,0
1775251510.4707441,5,533.49,0.0,0
1775251510.4697337,4,536.11,0.0,0
1775251510.4697337,3,744.53,4.3,0
1775251510.4712524,8,745.09,36.4,0
1775251510.4718049,10,746.53,0.0,0
1775251510.4712524,9,748.59,0.0,0
1775251510.5270913,12,747.28,10.4,0
1775251510.5265849,11,749.07,0.0,0
1775251510.5270913,14,749.60,0.0,0
1775251510.5270913,13,750.98,0.0,0
1775251510.4697337,1,811.86,12.5,0
1775251511.2114992,2,685.84,6.6,0
1775251511.2114992,4,688.54,0.0,0
1775251511.2114992,3,690.57,0.0,0
1775251511.2114992,6,691.79,0.0,0
1775251511.2114992,5,693.37,23.5,0
1775251511.2723563,8,634.53,0.0,0
1775251511.2723563,7,635.53,0.0,0
1775251511.2723563,9,743.63,24.8,0
1775251511.273371,10,744.69,0.0,0
1775251511.273371,12,746.19,0.0,0
1775251511.273371,11,747.76,0.0,0
1775251511.273371,13,748.77,0.0,0
1775251511.273371,14,853.87,8.9,0
1775251511.2104838,1,917.73,0.0,0
1775251511.2795832,16,852.15,0.0,0
1775251511.2795832,15,853.14,0.0,0
1775251512.0124552,3,581.89,5.0,0
1775251512.0124552,2,583.99,0.0,0
1775251512.0129967,5,584.96,0.0,0
1775251512.0124552,4,587.53,0.0,0
1775251512.0129967,6,694.67,4.5,0
1775251512.0129967,7,696.67,0.0,0
1775251512.0129967,8,697.68,0.0,0
1775251512.0129967,10,698.97,0.0,0
1775251512.0129967,9,699.97,0.0,0
1775251512.0144794,12,855.82,28.6,0
1775251512.0144794,11,857.91,0.0,0
1775251512.1262126,13,750.06,12.5,0
1775251512.1262126,14,751.15,0.0,0
1775251512.0118897,1,866.74,0.0,0
1775251512.7034295,15,586.86,5.3,0
1775251512.7044513,16,586.34,0.0,0
1775251512.7044513,18,588.35,0.0,0
1775251512.7044513,17,896.78,12.1,0
1775251512.7044513,19,898.36,0.0,0
1775251512.7044513,20,899.36,0.0,0
1775251512.7055492,22,899.26,0.0,0
1775251512.7055492,21,900.26,0.0,0
1775251512.8667786,24,844.87,7.1,0
1775251512.8667786,23,846.38,0.0,0
1775251512.8667786,25,847.38,0.0,0
1775251512.8677888,27,847.77,0.0,0
1775251512.8677888,26,848.78,50.0,0
1775251512.8677888,28,849.77,0.0,0
1775251512.8677888,29,853.38,0.0,0
1775251512.873544,30,849.00,0.0,0
1775251513.5992239,2,636.64,5.7,0
1775251513.7086473,3,529.40,0.0,0
1775251513.7086473,4,531.43,0.0,0
1775251513.7096536,5,532.00,0.0,0
1775251513.7096536,7,533.00,0.0,0
1775251513.7096536,6,534.00,0.0,0
1775251513.7096536,8,536.01,0.0,0
1775251513.7096536,9,644.10,7.1,0
1775251513.71067,11,645.46,0.0,0
1775251513.71067,10,646.46,42.9,0
1775251513.7185667,12,742.84,5.7,0
1775251513.7195609,14,744.96,0.0,0
1775251513.7195609,13,747.47,22.2,0
1775251513.59872,1,869.31,0.0,0
1775251514.351734,12,733.82,9.8,0
1775251514.351734,10,735.83,0.0,0
1775251514.351734,11,737.83,0.0,0
1775251514.351734,9,738.83,0.0,0
1775251514.3507164,5,741.35,11.1,0
1775251514.3501089,4,742.97,0.0,0
1775251514.3507164,6,744.36,0.0,0
1775251514.3491023,2,747.97,0.0,0
1775251514.3507164,8,748.37,0.0,0
1775251514.3501089,3,907.34,4.3,0
1775251514.3507164,7,908.74,0.0,0
1775251514.4599981,14,800.45,0.0,0
1775251514.4599981,15,854.24,7.8,0
1775251514.4599981,13,855.75,0.0,0
1775251514.461405,16,855.69,0.0,0
1775251514.3491023,1,1022.29,4.2,0
1775251514.4730654,17,901.91,8.3,0
1775251515.2521381,2,634.06,16.7,0
1775251515.2531445,4,635.05,66.7,0
1775251515.2531445,5,637.05,20.0,0
1775251515.2521381,3,639.18,0.0,0
1775251515.2531445,7,639.30,0.0,0
1775251515.2531445,6,641.78,0.0,0
1775251515.2531445,8,698.45,8.5,0
1775251515.2531445,9,700.48,0.0,0
1775251515.2544568,11,701.17,0.0,0
1775251515.2544568,10,703.16,0.0,0
1775251515.2544568,12,807.10,7.2,0
1775251515.3132322,13,752.51,0.0,0
1775251515.2521381,1,815.24,0.0,0
1775251515.9471962,14,786.03,5.7,0
1775251515.9482102,17,786.02,0.0,0
1775251515.9471962,15,789.12,0.0,0
1775251515.9482102,16,789.18,0.0,0
1775251515.9482102,18,790.53,0.0,0
1775251515.9482102,20,791.53,0.0,0
1775251515.9482102,19,792.76,0.0,0
1775251515.9492085,21,793.27,0.0,0
1775251515.9492085,22,794.36,0.0,0
1775251515.9492085,23,795.36,0.0,0
1775251515.9492085,24,852.44,0.0,0
1775251515.9492085,25,854.44,0.0,0
1775251515.9492085,26,855.44,0.0,0
1775251516.0602193,2,849.42,3.5,0
1775251516.0602193,3,902.87,10.4,0
1775251516.0602193,4,905.04,0.0,0
1775251516.0602193,1,908.05,6.2,0
1775251516.7960784,6,682.82,3.7,0
1775251516.797085,7,683.96,0.0,0
1775251516.7960784,5,685.97,37.5,0
1775251516.797085,8,686.96,0.0,0
1775251516.797085,9,688.47,0.0,0
1775251516.7982738,11,845.52,8.5,0
1775251516.797085,10,848.82,0.0,0
1775251516.7982738,12,849.14,0.0,0
1775251516.7982738,13,849.14,0.0,0
1775251516.7988925,14,850.11,0.0,0
1775251516.7988925,16,853.46,0.0,0
1775251516.7988925,15,854.70,50.0,0
1775251516.7994432,17,855.61,0.0,0
1775251517.6427877,11,733.21,7.1,0
1775251517.6427877,10,735.43,0.0,0
1775251517.6427877,12,735.97,0.0,0
1775251517.641623,5,738.65,0.0,0
1775251517.641623,6,739.66,0.0,0
1775251517.6422358,8,740.04,0.0,0
1775251517.6427877,9,740.49,0.0,0
1775251517.6422358,7,743.28,0.0,0
1775251517.640605,3,746.01,0.0,0
1775251517.640605,2,747.01,0.0,0
1775251517.641623,4,905.58,10.7,0
1775251517.651027,13,898.19,0.0,0
1775251517.651027,15,899.71,0.0,0
1775251517.651027,14,900.72,0.0,0
1775251517.651027,16,903.72,0.0,0
1775251517.651027,17,905.71,0.0,0
1775251517.640605,1,917.13,0.0,0
1775251518.5417137,2,528.02,11.8,0
1775251518.5427256,3,529.20,0.0,0
1775251518.5427256,7,636.00,18.8,0
1775251518.5427256,6,637.00,0.0,0
1775251518.5427256,5,639.45,0.0,0
1775251518.5427256,4,640.44,0.0,0
1775251518.5427256,8,641.44,0.0,0
1775251518.5427256,9,643.13,18.8,0
1775251518.5427256,10,645.15,0.0,0
1775251518.5439742,11,644.90,0.0,0
1775251518.5439742,12,649.90,0.0,0
1775251518.5439742,13,650.90,0.0,0
1775251518.5417137,1,708.77,23.1,0
1775251519.1898787,3,776.05,12.7,0
1775251519.1898787,2,778.05,0.0,0
1775251519.1898787,4,779.56,0.0,0
1775251519.190874,5,778.57,0.0,0
1775251519.190874,7,780.14,0.0,0
1775251519.190874,6,781.53,0.0,0
1775251519.190874,8,782.68,0.0,0
1775251519.190874,9,783.67,0.0,0
1775251519.190874,10,784.88,0.0,0
1775251519.1918757,11,784.90,0.0,0
1775251519.1918757,12,941.36,8.7,0
1775251519.1918757,13,943.37,0.0,0
1775251519.1918757,14,943.87,0.0,0
1775251519.1918757,15,945.14,0.0,0
1775251519.1918757,16,948.14,44.4,0
1775251519.1918757,17,949.14,0.0,0
1775251519.1756434,1,966.38,0.0,0
1775251520.1302323,2,523.88,8.6,0
1775251520.1302323,4,524.88,10.0,0
1775251520.1302323,5,526.91,0.0,0
1775251520.1312366,7,526.99,0.0,0
1775251520.1312366,6,528.26,0.0,0
1775251520.1302323,3,530.38,0.0,0
1775251520.1312366,8,530.45,0.0,0
1775251520.1312366,9,530.45,0.0,0
1775251520.1312366,10,639.19,5.4,0
1775251520.1312366,11,640.75,0.0,0
1775251520.1312366,12,695.39,6.9,0
1775251520.1312366,13,696.41,16.7,0
1775251520.1297157,1,702.15,0.0,0
1775251520.7658718,14,579.75,3.4,0
1775251520.7668982,17,580.25,0.0,0
1775251520.7658718,16,583.38,0.0,0
1775251520.7668982,19,583.36,0.0,0
1775251520.7658718,15,586.84,0.0,0
1775251520.7668982,18,846.32,5.8,0
1775251520.7668982,20,847.93,0.0,0
1775251520.7668982,21,850.09,0.0,0
1775251520.7679305,23,850.13,0.0,0
1775251520.7679305,22,851.76,0.0,0
1775251520.8236544,24,900.76,5.4,0
1775251520.824172,25,901.85,0.0,0
1775251520.824172,26,904.00,0.0,0
1775251520.824172,27,904.00,0.0,0
1775251520.824172,28,905.51,0.0,0
1775251520.8251865,29,907.50,55.6,0
1775251520.8251865,30,908.49,0.0,0
1775251521.6110358,6,635.85,13.3,0
1775251521.6104176,4,638.58,10.0,0
1775251521.6098695,3,640.26,0.0,0
1775251521.6098695,2,641.49,0.0,0
1775251521.6104176,5,642.42,0.0,0
1775251521.7228956,9,637.55,7.9,0
1775251521.6110358,7,751.94,0.0,0
1775251521.61159,8,751.38,0.0,0
1775251521.7228956,10,642.72,0.0,0
1775251521.7228956,12,643.72,0.0,0
1775251521.7228956,11,699.38,16.1,0
1775251521.7228956,13,701.38,0.0,0
1775251521.6093242,1,818.77,0.0,0
1775251522.358441,7,633.65,8.7,0
1775251522.357432,5,636.66,0.0,0
1775251522.357432,4,637.90,0.0,0
1775251522.357432,6,640.57,50.0,0
1775251522.357432,2,798.26,9.5,0
1775251522.357432,3,800.26,0.0,0
1775251522.358441,9,801.00,0.0,0
1775251522.358441,8,802.16,0.0,0
1775251522.4187324,10,744.09,0.0,0
1775251522.4187324,12,745.71,0.0,0
1775251522.4187324,11,746.71,0.0,0
1775251522.419816,14,903.85,5.6,0
1775251522.419816,13,905.36,0.0,0
1775251522.419816,15,906.36,44.4,0
1775251522.420496,16,909.20,0.0,0
1775251522.4211361,17,909.57,0.0,0
1775251522.3569188,1,974.79,0.0,0
1775251523.1524642,2,639.90,4.9,0
1775251523.1535888,3,640.82,100.0,0
1775251523.3195693,5,631.52,3.1,0
1775251523.3195693,4,633.65,0.0,0
1775251523.3205755,9,634.17,0.0,0
1775251523.3205755,7,636.34,0.0,0
1775251523.3205755,8,637.34,0.0,0
1775251523.3195693,6,640.35,0.0,0
1775251523.3210866,10,639.83,0.0,0
1775251523.3210866,11,696.66,27.3,0
1775251523.3210866,12,699.19,0.0,0
1775251523.3210866,13,700.23,0.0,0
1775251523.1524642,1,871.84,0.0,0
1775251523.9490821,14,793.75,15.4,0
1775251524.0129561,2,731.97,0.0,0
1775251524.0129561,3,733.03,0.0,0
1775251524.0139682,4,733.53,73.3,0
1775251524.0139682,5,737.20,0.0,0
1775251524.0139682,6,739.85,0.0,0
1775251524.0154755,8,740.99,0.0,0
1775251524.0139682,7,744.37,0.0,0
1775251524.0154755,9,745.20,0.0,0
1775251524.0154755,10,747.48,0.0,0
1775251524.0154755,11,748.64,36.4,0
1775251524.0154755,12,907.94,11.0,0
1775251524.0154755,13,908.95,0.0,0
1775251524.0164833,14,909.52,0.0,0
1775251524.0164833,15,911.66,0.0,0
1775251524.022462,16,907.19,0.0,0
1775251524.0129561,1,917.97,0.0,0
1775251524.9196074,19,474.00,4.4,0
1775251524.9190936,17,476.78,0.0,0
1775251524.9196074,18,479.43,0.0,0
1775251524.9196074,20,686.41,25.0,0
1775251524.920137,21,687.52,43.8,0
1775251524.9206588,23,688.65,0.0,0
1775251524.9206588,22,690.26,0.0,0
1775251524.9206588,24,692.40,0.0,0
1775251524.9206588,25,694.62,0.0,0
1775251524.9212503,26,700.02,0.0,0
1775251524.9212503,27,702.17,37.5,0
1775251524.9212503,28,703.30,0.0,0
1775251524.9212503,29,704.91,0.0,0
1775251525.6044288,3,691.12,16.7,0
1775251525.6044288,2,693.64,0.0,0
1775251525.617422,4,682.15,0.0,0
1775251525.6179554,5,683.62,0.0,0
1775251525.6179554,6,684.62,0.0,0
1775251525.618488,7,685.45,0.0,0
1775251525.619016,8,686.32,0.0,0
1775251525.619016,9,688.35,0.0,0
1775251525.619016,11,690.49,0.0,0
1775251525.619016,10,691.49,29.4,0
1775251525.6196613,12,693.62,0.0,0
1775251525.6196613,13,851.29,1.9,0
1775251525.6196613,14,852.76,0.0,0
1775251525.6272585,15,898.78,10.4,0
1775251525.6277912,17,899.42,0.0,0
1775251525.6277912,16,902.14,30.8,0
1775251525.603875,1,929.29,0.0,0
1775251526.4679163,7,577.98,6.1,0
1775251526.4679163,5,581.02,0.0,0
1775251526.4679163,4,582.04,0.0,0
1775251526.4669042,2,585.05,0.0,0
1775251526.4679163,6,585.04,0.0,0
1775251526.4679163,11,692.28,0.0,0
1775251526.4679163,8,694.37,0.0,0
1775251526.4679163,3,695.88,0.0,0
1775251526.4679163,10,697.41,0.0,0
1775251526.4679163,9,698.42,0.0,0
1775251526.4679163,12,755.35,0.0,0
1775251526.4694328,13,754.83,0.0,0
1775251526.4669042,1,761.55,0.0,0
1775251527.1566606,3,635.37,8.3,0
1775251527.1566606,2,792.39,3.7,0
1775251527.1566606,4,794.40,50.0,0
1775251527.1576715,5,795.90,0.0,0
1775251527.1576715,6,796.90,0.0,0
1775251527.1576715,7,797.90,0.0,0
1775251527.2192447,8,738.84,0.0,0
1775251527.2197838,10,739.30,0.0,0
1775251527.2203789,12,739.70,0.0,0
1775251527.2197838,9,741.81,0.0,0
1775251527.2203789,13,742.73,0.0,0
1775251527.2203789,11,900.64,5.0,0
1775251527.2209666,14,902.05,52.9,0
1775251527.2209666,15,902.05,0.0,0
1775251527.2209666,16,905.56,0.0,0
1775251527.2209666,17,906.57,0.0,0
1775251527.1566606,1,970.87,0.0,0
1775251528.1168332,2,524.06,30.5,0
1775251528.1168332,5,632.28,15.0,0
1775251528.1168332,4,634.33,0.0,0
1775251528.1168332,3,635.40,0.0,0
1775251528.1183565,6,635.38,0.0,0
1775251528.1183565,9,636.43,0.0,0
1775251528.1183565,7,638.45,0.0,0
1775251528.1183565,8,639.45,0.0,0
1775251528.1183565,11,640.45,0.0,0
1775251528.1183565,10,641.44,0.0,0
1775251528.119877,12,646.96,41.2,0
1775251528.119877,13,648.16,0.0,0
1775251528.1168332,1,706.93,14.3,0
1775251528.7618098,14,830.37,6.5,0
1775251528.7628043,17,830.37,0.0,0
1775251528.7628043,15,832.72,0.0,0
1775251528.7633107,19,833.73,0.0,0
1775251528.7628043,16,836.06,0.0,0
1775251528.7633107,18,837.38,0.0,0
1775251528.7633107,20,838.58,0.0,0
1775251528.7633107,21,840.58,0.0,0
1775251528.764317,23,840.60,0.0,0
1775251528.764317,24,840.60,0.0,0
1775251528.7633107,22,843.70,0.0,0
1775251528.764317,25,843.71,18.2,0
1775251528.764317,26,951.75,4.0,0
1775251528.764317,27,953.25,15.4,0
1775251528.764317,28,954.76,0.0,0
1775251528.764317,29,956.77,0.0,0
1775251528.7653172,30,956.78,0.0,0
1775251529.71152,3,524.15,4.8,0
1775251529.7098715,2,526.81,0.0,0
1775251529.71152,4,526.62,0.0,0
1775251529.7119563,5,528.32,0.0,0
1775251529.7124643,7,634.79,14.5,0
1775251529.7119563,6,636.98,0.0,0
1775251529.7124643,8,639.04,0.0,0
1775251529.713002,9,639.65,0.0,0
1775251529.713002,10,640.73,0.0,0
1775251529.7135503,11,640.76,0.0,0
1775251529.7135503,12,696.61,10.9,0
1775251529.7135503,13,698.62,0.0,0
1775251529.7098715,1,705.87,0.0,0
1775251530.345257,5,787.71,11.0,0
1775251530.3438418,2,791.12,0.0,0
1775251530.345257,6,791.22,0.0,0
1775251530.3438418,3,794.63,0.0,0
1775251530.3438418,4,795.63,22.2,0
1775251530.4071538,7,734.32,0.0,0
1775251530.4071538,8,735.32,0.0,0
1775251530.4081612,10,735.31,0.0,0
1775251530.4081612,12,737.32,0.0,0
1775251530.4081612,9,738.83,0.0,0
1775251530.4081612,13,846.50,2.7,0
1775251530.4081612,11,847.50,0.0,0
1775251530.4081612,15,849.00,0.0,0
1775251530.4081612,14,849.59,0.0,0
1775251530.409166,16,902.92,11.5,0
1775251530.409166,17,905.43,0.0,0
1775251530.3438418,1,976.43,0.0,0
1775251531.2506478,6,688.99,8.1,0
1775251531.2506478,4,690.55,0.0,0
1775251531.2496274,2,692.58,0.0,0
1775251531.2506478,5,692.61,0.0,0
1775251531.2506478,3,693.61,0.0,0
1775251531.2506478,8,695.61,0.0,0
1775251531.2506478,7,697.12,0.0,0
1775251531.2516537,10,698.63,0.0,0
1775251531.2506478,9,701.63,56.2,0
1775251531.2516537,11,701.73,0.0,0
1775251531.2526574,12,810.76,15.0,0
1775251531.2526574,13,812.37,0.0,0
1775251531.3161175,14,752.10,0.0,0
1775251531.2496274,1,819.63,0.0,0
1775251531.3223531,15,905.11,4.3,0
1775251531.3247318,16,904.99,0.0,0
1775251531.3260937,17,959.16,9.4,0
1775251531.8357737,18,1265.78,9.3,0
1775251531.9546936,19,1203.35,8.3,0
1775251532.0580764,2,1101.53,0.0,0
1775251532.0586047,3,1102.01,0.0,0
1775251532.0586047,4,1103.02,0.0,0
1775251532.0586047,5,1105.47,0.0,0
1775251532.059122,6,1104.95,0.0,0
1775251532.059122,7,1107.48,0.0,0
1775251532.059122,8,1108.01,0.0,0
1775251532.0596545,9,1108.48,0.0,0
1775251532.0596545,10,1109.99,50.0,0
1775251532.060191,11,1110.96,0.0,0
1775251532.060191,12,1111.96,0.0,0
1775251532.060191,13,1112.96,0.0,0
1775251532.0607305,14,1113.42,0.0,0
1775251532.0607305,15,1113.93,0.0,0
1775251532.0607305,16,1114.94,0.0,0
1775251532.0607305,17,1276.54,11.0,0
1775251532.0660772,18,1275.53,50.0,0
1775251532.0708544,19,1271.82,0.0,0
1775251532.0580764,1,1285.61,0.0,0
1775251532.1743498,20,1329.53,5.6,0
1775251532.2319071,21,1273.20,0.0,0
1775251532.2872863,22,1220.21,0.0,0
1775251533.1766684,2,1203.00,5.8,0
1775251533.3302522,3,1051.53,0.0,0
1775251533.3302522,5,1052.53,0.0,0
1775251533.3312924,6,1052.49,0.0,0
1775251533.3302522,4,1056.04,0.0,0
1775251533.3312924,7,1056.00,0.0,0
1775251533.3312924,8,1058.16,18.8,0
1775251533.3324826,10,1058.62,0.0,0
1775251533.3324826,9,1059.62,0.0,0
1775251533.3324826,11,1060.63,0.0,0
1775251533.3324826,12,1062.64,0.0,0
1775251533.3324826,13,1063.63,0.0,0
1775251533.3336146,14,1063.50,0.0,0
1775251533.3336146,15,1065.41,0.0,0
1775251533.3336146,16,1066.46,0.0,0
1775251533.3336146,18,1229.44,14.6,0
1775251533.3336146,17,1231.05,0.0,0
1775251533.3402746,19,1229.20,0.0,0
1775251533.344681,20,1225.86,0.0,0
1775251533.104075,1,1467.52,0.0,0
1775251533.451638,21,1332.10,17.8,0
1775251533.5064552,23,1279.80,0.0,0
1775251533.5064552,22,1281.01,0.0,0
1775251533.5088956,24,1333.44,18.2,0
1775251534.2741659,2,1740.48,16.9,0
1775251534.4012918,3,1721.99,13.0,0
1775251534.5538385,4,1571.96,0.0,0
1775251534.5549822,7,1571.78,0.0,0
1775251534.5549822,8,1572.78,0.0,0
1775251534.5538385,5,1574.92,0.0,0
1775251534.5549822,9,1574.78,0.0,0
1775251534.5549822,6,1576.42,0.0,0
1775251534.5549822,10,1577.70,0.0,0
1775251534.5549822,11,1579.97,0.0,0
1775251534.5564272,13,1579.13,0.0,0
1775251534.5564272,12,1580.14,0.0,0
1775251534.5564272,14,1582.14,100.0,0
1775251534.5564272,15,1583.47,20.0,0
1775251534.5564272,16,1587.47,0.0,0
1775251534.5585623,17,1587.34,0.0,0
1775251534.5585623,18,1588.84,0.0,0
1775251534.5585623,19,1591.70,0.0,0
1775251534.5595627,20,1592.13,0.0,0
1775251534.5595627,21,1594.48,87.5,0
1775251534.5595627,22,1595.96,75.0,0
1775251534.5595627,23,1597.16,0.0,0
1775251534.5595627,24,1598.44,0.0,0
1775251534.5595627,25,1601.38,0.0,0
1775251534.272655,1,1950.81,29.7,0
1775251534.5657005,26,1659.80,0.0,0
1775251534.5726035,27,1707.80,19.0,0
1775251534.7317052,28,1656.50,14.4,0
1775251534.788971,29,1654.05,14.1,0
1775251534.8401663,30,1603.86,0.0,0
1775251534.8436449,31,1605.19,0.0,0
1775251536.1196713,2,1604.83,17.1,0
1775251536.1196713,3,1607.16,0.0,0
1775251536.1196713,4,1608.71,0.0,0
1775251536.1647565,5,1565.13,0.0,0
1775251536.2159214,6,1516.24,45.5,0
1775251536.2159214,7,1518.31,0.0,0
1775251536.2169409,8,1518.31,0.0,0
1775251536.2169409,9,1520.31,0.0,0
1775251536.2169409,10,1522.31,0.0,0
1775251536.2169409,12,1523.31,0.0,0
1775251536.2169409,13,1524.31,0.0,0
1775251536.2169409,11,1525.87,0.0,0
1775251536.2169409,14,1526.88,0.0,0
1775251536.2169409,16,1527.89,0.0,0
1775251536.2169409,17,1531.22,60.0,0
1775251536.2169409,15,1532.22,0.0,0
1775251536.2184489,19,1533.16,0.0,0
1775251536.2184489,18,1534.15,0.0,0
1775251536.2184489,20,1536.15,0.0,0
1775251536.2184489,21,1537.41,0.0,0
1775251536.2184489,22,1538.47,0.0,0
1775251536.2184489,23,1540.06,0.0,0
1775251536.2184489,24,1706.04,15.6,0
1775251536.2184489,25,1707.60,0.0,0
1775251536.2265675,26,1700.49,0.0,0
1775251536.0171504,1,1914.51,0.0,0
1775251536.2817261,27,1651.93,0.0,0
1775251536.384282,28,1550.88,0.0,0
1775251536.3892224,29,1808.75,9.6,0
1775251536.4460142,30,1752.96,0.0,0
1775251536.4460142,32,1754.97,50.0,0
1775251536.4460142,31,1755.97,0.0,0
1775251536.4498446,33,1910.15,10.4,0
1775251537.5668633,3,2118.20,8.0,0
1775251537.5668633,2,2120.21,10.0,0
1775251537.5678735,4,2120.19,0.0,0
1775251537.759909,5,2038.22,12.4,0
1775251537.913834,7,1885.80,0.0,0
1775251537.913834,8,1886.82,0.0,0
1775251537.913834,9,1888.82,0.0,0
1775251537.913834,11,1889.94,0.0,0
1775251537.913834,6,1891.29,0.0,0
1775251537.913834,10,1892.45,0.0,0
1775251537.9153738,12,1891.95,0.0,0
1775251537.9153738,13,1893.07,0.0,0
1775251537.9153738,15,1894.24,0.0,0
1775251537.9153738,14,1895.45,12.5,0
1775251537.9153738,16,1896.46,0.0,0
1775251537.9153738,17,1897.45,0.0,0
1775251537.9164913,18,1898.10,0.0,0
1775251537.9164913,19,1899.10,0.0,0
1775251537.9164913,20,1900.17,0.0,0
1775251537.9164913,22,1901.45,0.0,0
1775251537.9164913,21,1901.45,0.0,0
1775251537.9164913,23,1902.96,0.0,0
1775251537.9164913,24,1904.56,0.0,0
1775251537.9164913,25,1905.58,0.0,0
1775251537.9177139,26,1905.36,0.0,0
1775251537.9197438,28,1903.33,0.0,0
1775251537.9197438,27,1905.63,0.0,0
1775251537.9197438,29,1906.63,33.3,0
1775251537.9197438,30,1907.63,0.0,0
1775251537.9280543,31,1961.01,3.4,0
1775251537.5668633,1,2323.20,0.0,0
1775251537.9361696,32,1958.22,0.0,0
1775251538.3558104,2,2158.70,8.5,0
1775251538.3558104,3,2160.73,0.0,0
1775251538.3558104,4,2162.73,0.0,0
1775251538.3569064,5,2163.14,0.0,0
1775251538.3569064,6,2164.22,0.0,0
1775251538.3579786,7,2164.15,0.0,0
1775251538.362005,8,2676.44,11.6,0
1775251538.1445377,1,2896.01,0.0,0
1775251539.6811686,2,1360.40,0.0,0
1775251539.682178,3,1360.40,0.0,0
1775251539.682178,4,1361.40,0.0,0
1775251539.682178,5,1362.53,35.3,0
1775251539.7924104,9,1868.69,8.5,0
1775251539.7934241,10,1869.70,0.0,0
1775251539.7924104,7,1871.77,0.0,0
1775251539.7924104,8,1873.28,0.0,0
1775251539.7924104,6,1874.29,0.0,0
1775251539.7934241,12,1874.27,0.0,0
1775251539.7934241,11,1875.27,0.0,0
1775251539.7946107,13,1875.59,20.0,0
1775251539.7946107,14,1876.64,0.0,0
1775251539.7956128,15,1876.64,0.0,0
1775251539.8283699,16,1900.51,5.8,0
1775251539.880114,17,1850.86,0.0,0
1775251539.8813124,19,1850.73,80.0,0
1775251539.880114,18,1853.46,0.0,0
1775251539.8813124,21,1852.26,0.0,0
1775251539.8813124,20,1853.76,0.0,0
1775251539.8813124,22,1854.77,0.0,0
1775251539.8823056,24,1854.79,0.0,0
1775251539.8823056,23,1855.80,0.0,0
1775251539.8823056,25,1856.79,0.0,0
1775251539.8823056,26,1857.79,0.0,0
1775251539.6811686,1,2059.93,0.0,0
1775251539.892388,27,1856.71,35.7,0
1775251540.2038627,2,2595.19,3.7,0
1775251540.5231316,3,2842.67,5.7,0
1775251541.0313244,2,2336.50,0.0,0
1775251541.0313244,3,2337.53,0.0,0
1775251541.0328488,4,2337.51,0.0,0
1775251541.0328488,7,2339.52,0.0,0
1775251541.0328488,6,2340.53,33.3,0
1775251541.0328488,5,2341.52,0.0,0
1775251541.0328488,8,2343.00,0.0,0
1775251541.0328488,9,2344.43,0.0,0
1775251541.0328488,11,2344.43,0.0,0
1775251541.0328488,10,2346.99,0.0,0
1775251541.0343819,12,2346.91,0.0,0
1775251541.0343819,15,2347.90,0.0,0
1775251541.0343819,13,2349.01,0.0,0
1775251541.0343819,14,2349.01,0.0,0
1775251541.0343819,17,2351.10,0.0,0
1775251541.0354054,18,2351.20,0.0,0
1775251541.0343819,16,2353.23,0.0,0
1775251540.2026124,1,3186.00,50.0,0
1775251541.0457516,19,2506.88,8.9,0
1775251541.6559029,20,1898.73,0.0,0
1775251541.6569076,22,1898.99,0.0,0
1775251541.6569076,24,1900.39,0.0,0
1775251541.6569076,23,1901.69,0.0,0
1775251541.6559029,21,1903.90,0.0,0
1775251541.6569076,25,1904.12,22.2,0
1775251541.6569076,27,1905.32,0.0,0
1775251541.6589394,26,1904.28,0.0,0
1775251541.6589394,28,1905.50,0.0,0
1775251541.6589394,29,1906.66,0.0,0
1775251541.6599555,30,2216.30,2.5,0
1775251541.6732566,31,2205.01,0.0,0
1775251541.0313244,1,2848.44,0.0,0
1775251541.7431524,32,2195.83,15.2,0
1775251541.74367,34,2196.31,0.0,0
1775251541.74367,35,2197.31,0.0,0
1775251541.7431524,33,2199.32,0.0,0
1775251541.74367,36,2199.81,0.0,0
1775251541.745002,37,2199.48,0.0,0
1775251541.8016815,38,2153.05,20.0,0
1775251542.8018427,2,2538.64,7.2,0
1775251543.5432878,3,1957.73,7.1,0
1775251543.5432878,4,1959.81,0.0,0
1775251543.5432878,5,1961.81,0.0,0
1775251543.542271,2,1963.83,0.0,0
1775251543.5432878,6,1964.81,0.0,0
1775251543.5442848,7,1964.81,0.0,0
1775251543.5442848,9,1966.25,0.0,0
1775251543.5442848,8,1967.28,0.0,0
1775251543.5452812,10,1967.79,100.0,0
1775251543.5452812,11,1968.92,16.7,0
1775251543.5452812,12,1970.43,0.0,0
1775251543.5452812,13,1971.44,0.0,0
1775251543.5452812,14,1972.44,0.0,0
1775251543.5452812,15,1973.45,0.0,0
1775251543.5463846,16,1973.84,0.0,0
1775251543.5463846,17,1974.85,0.0,0
1775251543.5463846,18,1976.35,0.0,0
1775251543.5463846,19,1976.35,0.0,0
1775251543.5463846,20,1977.86,0.0,0
1775251543.5463846,21,1978.95,0.0,0
1775251543.5473843,22,1978.99,0.0,0
1775251543.5473843,23,1979.99,0.0,0
1775251543.5479004,24,1980.48,33.3,0
1775251543.5479004,26,1983.03,0.0,0
1775251543.5479004,25,1984.02,0.0,0
1775251543.5479004,27,1985.53,0.0,0
1775251543.5670164,28,2031.75,27.7,0
1775251542.7974854,1,2802.92,0.0,0
1775251543.3602955,1,2241.20,0.0,0
1775251543.881779,29,2233.68,8.6,0
1775251543.9454792,30,2284.32,5.4,0
1775251543.9454792,35,2286.03,25.0,0
1775251543.9454792,32,2288.12,16.7,0
1775251543.9454792,36,2288.12,0.0,0
1775251543.9454792,33,2289.63,0.0,0
1775251543.9454792,34,2290.70,0.0,0
1775251543.9454792,31,2292.19,0.0,0
1775251543.9469833,39,2291.69,0.0,0
1775251543.9469833,38,2292.69,0.0,0
1775251543.9454792,37,2295.70,0.0,0
1775251544.0107038,2,2312.32,26.8,0
1775251544.0107038,3,2312.32,0.0,0
1775251545.3378558,2,1193.87,16.0,0
1775251544.0066888,1,3651.45,9.9,0
1775251545.34249,3,2318.26,0.0,0
1775251545.4953132,4,2166.43,0.0,0
1775251545.4958222,5,2167.94,0.0,0
1775251545.5857782,6,2136.30,12.5,0
1775251545.5857782,7,2136.86,0.0,0
1775251545.5863156,8,2138.12,0.0,0
1775251545.5868475,10,2137.59,0.0,0
1775251545.5863156,9,2139.69,0.0,0
1775251545.5868475,11,2140.45,0.0,0
1775251545.5874288,12,2140.88,0.0,0
1775251545.58799,13,2141.82,0.0,0
1775251545.58799,14,2142.97,0.0,0
1775251545.58799,15,2144.07,62.5,0
1775251545.5885139,17,2145.03,0.0,0
1775251545.5885139,16,2145.03,0.0,0
1775251545.5885139,18,2146.54,0.0,0
1775251545.589048,19,2147.47,0.0,0
1775251545.589048,20,2148.73,0.0,0
1775251545.589048,21,2149.32,0.0,0
1775251545.5917637,22,2148.07,0.0,0
1775251545.5922976,24,2148.55,0.0,0
1775251545.5922976,23,2149.72,0.0,0
1775251545.5928411,25,2150.25,0.0,0
1775251545.5933783,26,2150.71,0.0,0
1775251545.3355336,1,2409.56,0.0,0
1775251545.6031234,27,2149.18,68.8,0
1775251546.2411761,2,2491.23,5.0,0
1775251543.950161,42,4783.34,0.0,0
1775251543.9469833,41,4789.03,0.0,0
1775251546.2943149,3,2442.70,0.0,0
1775251543.9490697,40,4789.95,0.0,0
1775251546.295598,6,2444.54,0.0,0
1775251546.2943149,4,2446.99,0.0,0
1775251546.295598,7,2445.70,0.0,0
1775251546.295598,5,2447.21,0.0,0
1775251546.295598,8,2448.22,0.0,0
1775251546.295598,9,2449.59,0.0,0
1775251546.2965946,10,2450.65,0.0,0
1775251546.297103,11,2451.72,20.0,0
1775251546.297103,12,2451.72,0.0,0
1775251546.297103,13,2453.21,0.0,0
1775251546.297103,14,2455.25,0.0,0
1775251546.3255386,15,2492.80,6.2,0
1775251544.007702,4,4813.30,0.0,0
1775251546.1174664,1,2704.73,0.0,0
1775251546.5363011,16,2289.43,100.0,0
1775251547.7170396,3,1885.45,12.0,0
1775251547.7170396,2,1887.48,0.0,0
1775251547.718039,5,1887.53,0.0,0
1775251547.7170396,4,1888.53,0.0,0
1775251547.7464821,6,1860.39,71.4,0
1775251547.7469883,7,1861.56,0.0,0
1775251547.7469883,8,1862.57,0.0,0
1775251547.7469883,10,1863.76,0.0,0
1775251547.7469883,9,1865.26,0.0,0
1775251547.7469883,12,1865.77,0.0,0
1775251547.7481494,14,1866.52,0.0,0
1775251547.7469883,11,1868.69,0.0,0
1775251547.7481494,13,1868.54,0.0,0
1775251547.749148,15,1869.24,0.0,0
1775251547.749148,16,1869.24,0.0,0
1775251547.7160316,1,4061.13,5.4,0
1775251548.7278192,2,3050.35,0.0,0
1775251548.7533488,3,3134.90,5.2,0
1775251546.297103,17,5593.17,0.0,0
1775251546.3183994,30,5573.91,0.0,0
1775251546.317396,29,5575.91,0.0,0
1775251546.3128676,26,5581.67,0.0,0
1775251546.299119,19,5597.43,0.0,0
1775251546.3153896,28,5582.68,0.0,0
1775251546.3089747,22,5590.10,0.0,0
1775251546.3113515,25,5589.00,0.0,0
1775251546.310353,23,5591.23,0.0,0
1775251546.3076825,24,5595.01,0.0,0
1775251546.3053236,20,5598.44,0.0,0
1775251546.3038883,21,5601.10,22.2,0
1775251548.807703,6,3098.31,0.0,0
1775251548.807703,5,3099.32,0.0,0
1775251546.3015199,18,5606.74,0.0,0
1775251548.807703,7,3101.91,0.0,0
1775251548.8065822,4,3104.10,0.0,0
1775251546.3138802,27,5597.80,0.0,0
1775251548.807703,8,3103.98,0.0,0
1775251548.807703,9,3106.60,0.0,0
1775251548.807703,10,3107.59,0.0,0
1775251548.807703,11,3108.82,0.0,0
1775251548.8108149,12,3106.99,0.0,0
1775251548.8108149,13,3107.99,0.0,0
1775251548.8108149,14,3109.00,44.4,0
1775251548.8108149,15,3110.13,0.0,0
1775251548.8108149,16,3111.43,0.0,0
1775251548.8108149,17,3112.48,0.0,0
1775251548.8119338,18,3112.36,0.0,0
1775251548.8119338,19,3113.54,0.0,0
1775251548.8119338,20,3114.54,0.0,0
1775251548.8119338,21,3115.83,0.0,0
1775251548.8129337,22,3116.14,0.0,0
1775251548.8134413,23,3116.63,0.0,0
1775251548.8134413,24,3118.17,0.0,0
1775251548.8134413,25,3119.17,0.0,0
1775251548.8134413,26,3120.17,0.0,0
1775251548.8134413,27,3121.70,0.0,0
1775251548.8147175,28,3121.49,25.0,0
1775251548.5682344,1,3433.59,7.4,0
1775251548.824217,29,3178.70,0.0,0
1775251548.826938,30,3230.01,4.2,0
1775251549.5971334,2,3231.82,8.2,0
1775251549.6204746,3,3269.12,3.8,0
1775251549.7226117,4,3168.99,0.0,0
1775251549.7226117,6,3169.98,0.0,0
1775251549.7226117,5,3170.98,0.0,0
1775251549.7226117,8,3171.54,0.0,0
1775251549.7236214,9,3171.55,0.0,0
1775251549.7236214,7,3173.51,0.0,0
1775251549.7251282,10,3173.02,0.0,0
1775251549.7251282,11,3174.53,0.0,0
1775251549.7251282,12,3175.53,0.0,0
1775251549.7251282,14,3176.53,0.0,0
1775251549.7251282,13,3177.53,0.0,0
1775251549.7251282,15,3179.03,66.7,0
1775251549.7261384,16,3179.18,14.3,0
1775251549.5891118,1,3317.20,0.0,0
1775251549.742238,17,3179.88,7.1,0
1775251551.9892566,3,1764.10,8.6,0
1775251551.9892566,4,1766.10,0.0,0
1775251551.9372168,2,1819.15,0.0,0
1775251551.9892566,5,1768.11,0.0,0
1775251551.9892566,6,1769.10,0.0,0
1775251551.9902656,8,1769.21,0.0,0
1775251551.9902656,7,1770.27,0.0,0
1775251551.9902656,9,1771.51,0.0,0
1775251551.9902656,10,1773.71,36.4,0
1775251551.9912655,11,1774.30,0.0,0
1775251551.9912655,15,1774.84,0.0,0
1775251551.9912655,13,1776.25,0.0,0
1775251551.9912655,12,1777.25,0.0,0
1775251551.9912655,16,1842.42,8.1,0
1775251551.9912655,14,1844.93,0.0,0
1775251551.9922657,17,1845.03,0.0,0
1775251551.885393,1,2109.88,2.5,0
1775251552.8267105,2,3462.96,6.2,0
1775251552.003505,1,4288.18,0.0,0
1775251552.8317065,3,3461.22,0.0,0
1775251552.907314,4,3444.83,6.2,0
1775251549.7261384,18,6627.01,0.0,0
1775251549.7286556,19,6626.49,0.0,0
1775251549.7331746,22,6622.97,0.0,0
1775251549.7301652,20,6627.98,25.0,0
1775251549.7351732,21,6623.97,0.0,0
1775251552.9083183,5,3451.40,0.0,0
1775251549.7366908,23,6624.04,0.0,0
1775251552.9083183,6,3453.41,0.0,0
1775251552.9083183,7,3454.92,0.0,0
1775251552.9083183,8,3456.89,0.0,0
1775251552.9093401,9,3456.87,0.0,0
1775251552.9093401,10,3457.87,0.0,0
1775251552.9093401,11,3458.88,0.0,0
1775251552.9093401,12,3458.88,0.0,0
1775251552.9093401,13,3460.38,0.0,0
1775251552.9093401,14,3461.89,0.0,0
1775251552.9093401,15,3463.02,0.0,0
1775251552.9106972,16,3462.68,18.2,0
1775251552.9106972,17,3464.18,0.0,0
1775251552.9106972,18,3465.19,0.0,0
1775251552.9106972,19,3466.19,0.0,0
1775251552.9106972,20,3467.51,0.0,0
1775251552.9106972,21,3467.51,0.0,0
1775251552.9106972,22,3469.02,0.0,0
1775251552.9106972,23,3470.13,0.0,0
1775251552.9117005,24,3470.14,0.0,0
1775251552.9117005,25,3471.21,0.0,0
1775251552.9117005,26,3473.23,0.0,0
1775251552.9117005,27,3473.73,0.0,0
1775251552.9117005,28,3474.74,0.0,0
1775251552.9117005,29,3475.74,0.0,0
1775251552.9117005,30,3476.74,16.7,0
1775251552.912704,31,3476.73,0.0,0
1775251552.912704,32,3478.29,0.0,0
1775251552.912704,33,3478.29,0.0,0
1775251552.912704,36,3479.74,0.0,0
1775251552.912704,34,3480.74,0.0,0
1775251552.912704,35,3481.74,0.0,0
1775251552.912704,37,3482.74,0.0,0
1775251552.912704,38,3484.65,0.0,0
1775251552.912704,39,3486.55,0.0,0
1775251552.914049,40,3486.21,0.0,0
1775251552.914049,41,3487.21,0.0,0
1775251552.914049,42,3488.21,0.0,0
1775251552.9231212,43,3490.77,31.2,0
1775251553.8211224,4,3370.25,8.6,0
1775251553.7695134,2,3422.86,0.0,0
1775251553.8211224,3,3373.37,0.0,0
1775251553.8211224,5,3374.46,0.0,0
1775251553.8222458,8,3373.34,0.0,0
1775251553.8222458,7,3375.42,0.0,0
1775251553.8211224,6,3378.06,0.0,0
1775251553.8222458,10,3377.94,0.0,0
1775251553.8222458,9,3379.17,18.2,0
1775251553.8222458,11,3380.39,0.0,0
1775251553.8234062,12,3380.35,0.0,0
1775251553.8234062,13,3381.46,0.0,0
1775251553.8234062,14,3382.54,0.0,0
1775251553.8234062,15,3382.54,0.0,0
1775251553.8244317,16,3382.74,0.0,0
1775251553.9921615,17,3592.95,8.8,0
1775251553.7490199,1,3837.67,0.0,0
1775251556.295529,2,2171.50,10.1,0
1775251556.346999,4,2122.16,0.0,0
1775251556.347507,6,2122.79,0.0,0
1775251556.346999,3,2124.86,0.0,0
1775251556.347507,5,2125.38,0.0,0
1775251556.403287,7,2128.74,15.6,0
1775251552.915557,44,5618.08,0.0,0
1775251552.914049,45,5621.10,0.0,0
1775251552.9175646,46,5619.82,0.0,0
1775251556.4042861,8,2134.10,0.0,0
1775251556.4042861,9,2135.26,0.0,0
1775251556.4042861,11,2136.51,0.0,0
1775251556.4042861,10,2137.73,0.0,0
1775251556.4042861,12,2138.82,0.0,0
1775251556.405791,13,2138.32,0.0,0
1775251556.405791,14,2139.32,50.0,0
1775251556.405791,15,2140.48,0.0,0
1775251556.405791,16,2141.99,0.0,0
1775251556.4063692,17,2142.93,0.0,0
1775251556.4063692,18,2142.93,0.0,0
1775251556.4063692,19,2145.50,0.0,0
1775251556.4063692,20,2145.50,0.0,0
1775251556.2886689,1,2324.61,3.1,0
1775251557.1834676,2,3820.45,8.9,0
1775251557.2082121,3,3853.25,28.6,0
1775251553.8260615,20,7238.09,0.0,0
1775251553.8282478,19,7237.42,0.0,0
1775251553.8244317,18,7243.27,0.0,0
1775251557.3105483,4,3758.17,0.0,0
1775251557.3105483,5,3759.17,0.0,0
1775251557.3115542,6,3759.73,0.0,0
1775251557.3115542,8,3761.16,0.0,0
1775251557.3115542,7,3762.20,0.0,0
1775251557.3115542,9,3762.71,0.0,0
1775251557.3115542,10,3763.83,100.0,0
1775251557.313059,11,3763.79,9.1,0
1775251557.313059,13,3765.06,0.0,0
1775251557.313059,12,3765.06,0.0,0
1775251557.313059,15,3767.74,0.0,0
1775251557.313059,16,3769.19,0.0,0
1775251557.313059,14,3770.69,0.0,0
1775251557.313059,17,3772.06,0.0,0
1775251557.314379,19,3771.76,0.0,0
1775251557.313059,18,3774.56,0.0,0
1775251557.314379,20,3774.25,0.0,0
1775251557.314379,21,3775.41,0.0,0
1775251557.314379,23,3776.61,0.0,0
1775251557.314379,24,3777.78,25.0,0
1775251557.3152325,25,3777.93,0.0,0
1775251557.314379,22,3778.78,0.0,0
1775251557.3152325,26,3779.44,0.0,0
1775251557.3152325,27,3780.52,0.0,0
1775251557.3152325,28,3783.57,0.0,0
1775251557.3152325,29,3785.10,0.0,0
1775251557.3152325,31,3786.17,0.0,0
1775251557.3152325,30,3787.80,0.0,0
1775251557.3152325,32,3788.84,0.0,0
1775251557.3152325,33,3790.26,0.0,0
1775251557.3152325,34,3791.27,0.0,0
1775251557.3152325,35,3792.39,11.1,0
1775251557.3152325,36,3792.39,0.0,0
1775251557.3168578,37,3792.37,0.0,0
1775251557.3168578,39,3793.39,0.0,0
1775251557.3168578,38,3795.06,0.0,0
1775251557.3168578,40,3796.08,0.0,0
1775251557.3168578,41,3798.52,0.0,0
1775251557.3168578,42,3799.61,0.0,0
1775251557.3168578,43,3801.64,0.0,0
1775251557.3168578,44,3802.63,0.0,0
1775251557.3168578,45,3803.65,0.0,0
1775251557.1791437,1,3941.93,0.0,0
1775251557.328315,46,3858.07,8.5,0
1775251557.5888367,47,3965.29,28.5,0
1775251558.5268588,8,3547.52,9.7,0
1775251558.52585,4,3551.01,25.0,0
1775251558.5268588,7,3551.00,0.0,0
1775251558.52585,3,3552.01,0.0,0
1775251558.52585,5,3554.11,0.0,0
1775251558.52585,2,3556.31,0.0,0
1775251558.5268588,6,3557.36,0.0,0
1775251558.6054454,10,3594.33,9.7,0
1775251558.5533626,9,3648.42,38.5,0
1775251558.6054454,11,3597.34,0.0,0
1775251558.6054454,13,3598.42,0.0,0
1775251558.6054454,12,3599.60,0.0,0
1775251558.6054454,14,3600.70,0.0,0
1775251558.6064553,15,3600.77,0.0,0
1775251558.6064553,16,3600.77,0.0,0
1775251558.6064553,17,3603.27,0.0,0
1775251558.6064553,18,3603.27,0.0,0
1775251558.6143758,19,3611.50,12.5,0
1775251558.52585,1,3701.03,0.0,0
1775251557.3168578,48,6449.82,8.7,0
1775251561.122122,2,2646.55,0.0,0
1775251557.3191395,50,6451.04,0.0,0
1775251557.3207283,49,6450.53,0.0,0
1775251557.3217988,51,6451.46,0.0,0
1775251557.3228052,52,6451.96,0.0,0
1775251561.174651,3,2601.12,0.0,0
1775251561.174651,4,2602.12,0.0,0
1775251561.174651,5,2603.12,0.0,0
1775251561.174651,6,2604.12,33.3,0
1775251561.174651,7,2606.30,0.0,0
1775251561.1762106,8,2606.94,0.0,0
1775251561.1762106,9,2608.45,0.0,0
1775251561.1762106,10,2608.97,0.0,0
1775251561.1762106,11,2610.12,0.0,0
1775251561.1762106,12,2611.52,0.0,0
1775251561.1762106,13,2612.54,0.0,0
1775251561.1772182,15,2612.55,0.0,0
1775251561.1772182,14,2613.55,0.0,0
1775251561.1772182,16,2614.56,0.0,0
1775251561.1772182,17,2615.56,0.0,0
1775251561.1772182,18,2616.56,0.0,0
1775251561.1772182,19,2617.56,28.6,0
1775251561.1772182,20,2619.96,0.0,0
1775251561.1772182,21,2620.47,0.0,0
1775251561.1772182,22,2622.98,0.0,0
1775251561.1782777,23,2622.92,0.0,0
1775251561.1782777,24,2623.92,0.0,0
1775251561.188387,25,2678.29,14.1,0
1775251561.0594058,1,2808.78,0.0,0
1775251561.556133,26,3738.70,7.0,0
1775251562.1927395,21,3979.46,10.9,0
1775251562.1907396,16,3983.41,0.0,0
1775251562.1907396,17,3985.41,0.0,0
1775251562.1917398,20,3985.41,0.0,0
1775251562.1917398,19,3986.41,0.0,0
1775251562.1917398,18,3986.41,0.0,0
1775251562.188742,5,3990.92,0.0,0
1775251562.18974,9,3992.23,0.0,0
1775251562.188742,6,3995.24,0.0,0
1775251562.188742,7,3996.24,0.0,0
1775251562.18974,11,3996.34,22.2,0
1775251562.188742,8,3998.59,0.0,0
1775251562.1927395,23,3995.62,0.0,0
1775251562.18974,10,3999.83,0.0,0
1775251562.1927395,25,3997.83,0.0,0
1775251562.1877317,3,4003.84,0.0,0
1775251562.1877317,4,4004.84,0.0,0
1775251562.18974,14,4003.83,0.0,0
1775251562.18974,15,4004.85,0.0,0
1775251562.18974,13,4006.12,0.0,0
1775251562.18974,12,4007.67,0.0,0
1775251562.1927395,26,4006.28,0.0,0
1775251562.19374,28,4006.57,0.0,0
1775251562.1927395,24,4008.77,38.5,0
1775251562.1877317,2,4015.22,0.0,0
1775251562.1927395,22,4011.38,0.0,0
1775251562.1927395,27,4012.39,0.0,0
1775251562.19374,29,4012.47,0.0,0
1775251562.2112145,31,4060.77,21.5,0
1775251562.2112145,30,4061.77,0.0,0
1775251562.2126975,32,4061.80,0.0,0
1775251562.2126975,33,4063.36,0.0,0
1775251562.2132041,34,4064.08,0.0,0
1775251562.2132041,35,4064.08,0.0,0
1775251562.2132041,36,4065.59,28.6,0
1775251562.2132041,37,4068.17,0.0,0
1775251562.2132041,38,4069.47,0.0,0
1775251562.214485,39,4069.19,0.0,0
1775251562.214485,41,4071.21,0.0,0
1775251562.214485,40,4072.65,0.0,0
1775251562.214485,42,4073.81,0.0,0
1775251562.214485,43,4074.82,0.0,0
1775251562.2154922,44,4074.82,0.0,0
1775251562.2154922,45,4075.82,0.0,0
1775251562.2226977,46,4070.25,0.0,0
1775251562.086445,1,4265.91,28.8,0
1775251563.6577451,2,3667.76,5.5,0
1775251563.803198,3,3585.11,4.7,0
1775251563.8543074,4,3535.00,15.4,0
1775251563.8543074,6,3537.09,0.0,0
1775251563.8543074,5,3538.27,0.0,0
1775251563.8543074,7,3539.60,0.0,0
1775251563.8553162,8,3539.63,0.0,0
1775251563.8553162,9,3541.27,0.0,0
1775251563.8563125,10,3541.31,0.0,0
1775251563.8563125,11,3542.86,0.0,0
1775251563.8563125,12,3544.16,0.0,0
1775251563.8563125,13,3545.29,0.0,0
1775251563.8573148,14,3545.51,0.0,0
1775251563.8573148,15,3546.83,50.0,0
1775251563.8573148,16,3547.88,20.0,0
1775251563.8573148,17,3548.88,0.0,0
1775251563.8573148,18,3549.88,0.0,0
1775251563.8583167,19,3549.95,0.0,0
1775251563.8583167,20,3550.94,0.0,0
1775251563.6521924,1,3758.08,0.0,0
1775251563.868183,21,3561.51,10.5,0
1775251566.2598977,4,3065.47,8.5,0
1775251566.260516,5,3065.85,10.0,0
1775251566.2588902,2,3069.47,0.0,0
1775251566.2598977,3,3068.46,0.0,0
1775251566.260516,6,3069.93,0.0,0
1775251566.2615402,7,3070.41,0.0,0
1775251566.2615402,9,3071.41,0.0,0
1775251566.2615402,10,3072.40,0.0,0
1775251566.2615402,8,3073.91,0.0,0
1775251566.2615402,12,3074.91,0.0,0
1775251566.2615402,11,3075.91,0.0,0
1775251566.2630475,13,3075.41,0.0,0
1775251566.2630475,14,3076.41,0.0,0
1775251566.2630475,15,3077.41,0.0,0
1775251566.2630475,16,3078.41,55.6,0
1775251566.2630475,17,3079.41,0.0,0
1775251566.2643907,18,3079.06,0.0,0
1775251566.2643907,19,3080.06,0.0,0
1775251566.2643907,20,3081.69,0.0,0
1775251566.2643907,21,3082.70,0.0,0
1775251566.265424,22,3084.78,0.0,0
1775251566.265424,24,3085.92,0.0,0
1775251566.265424,23,3086.96,0.0,0
1775251566.265424,26,3087.98,0.0,0
1775251566.265424,25,3089.98,0.0,0
1775251566.265424,28,3090.98,0.0,0
1775251566.265424,27,3091.98,28.6,0
1775251566.266938,29,3091.47,16.7,0
1775251566.266938,30,3092.47,0.0,0
1775251566.266938,31,3093.47,0.0,0
1775251565.2973492,1,4127.73,4.6,0
1775251562.2187297,49,7207.86,0.0,0
1775251562.2160017,50,7211.10,0.0,0
1775251566.2939525,32,3134.24,0.0,0
1775251562.220757,48,7208.95,0.0,0
1775251562.2170932,47,7213.98,0.0,0
1775251566.345763,33,3086.52,0.0,0
1775251566.2072327,1,3282.64,6.2,0
1775251567.327587,2,4302.82,7.5,0
1775251567.4120338,9,4279.22,13.1,0
1775251567.4120338,4,4280.73,0.0,0
1775251567.4114397,3,4282.33,0.0,0
1775251567.4120338,6,4283.76,0.0,0
1775251567.4120338,5,4284.76,0.0,0
1775251567.4120338,8,4285.89,0.0,0
1775251567.4120338,7,4288.36,0.0,0
1775251567.4130409,11,4288.35,16.7,0
1775251567.4130409,10,4289.60,0.0,0
1775251567.4135466,12,4290.37,0.0,0
1775251567.4135466,13,4291.60,0.0,0
1775251567.4135466,14,4292.74,0.0,0
1775251567.4135466,15,4292.74,0.0,0
1775251567.414554,17,4293.24,0.0,0
1775251567.4135466,16,4295.33,0.0,0
1775251567.414554,18,4295.33,0.0,0
1775251567.414554,20,4296.33,0.0,0
1775251567.414554,19,4298.32,0.0,0
1775251567.414554,21,4299.76,0.0,0
1775251567.414554,23,4302.37,66.7,0
1775251567.414554,22,4303.41,0.0,0
1775251567.415554,24,4304.27,0.0,0
1775251567.415554,25,4305.95,0.0,0
1775251567.415554,26,4305.95,0.0,0
1775251567.416059,27,4306.97,0.0,0
1775251567.416059,29,4308.51,0.0,0
1775251567.416059,28,4309.57,0.0,0
1775251567.416059,30,4310.62,0.0,0
1775251567.416059,31,4311.70,0.0,0
1775251567.416059,32,4312.83,0.0,0
1775251567.416059,33,4313.87,0.0,0
1775251567.417064,35,4314.48,0.0,0
1775251567.416059,34,4317.08,33.3,0
1775251567.417064,36,4318.19,0.0,0
1775251567.417064,37,4319.23,0.0,0
1775251567.417064,38,4320.66,0.0,0
1775251567.417064,39,4321.66,0.0,0
1775251567.417064,40,4322.94,0.0,0
1775251567.417064,41,4324.10,0.0,0
1775251567.417064,42,4325.41,0.0,0
1775251567.322901,1,4420.67,0.0,0
1775251567.4256103,43,4319.04,0.0,0
1775251567.4317005,44,4332.96,56.7,0
1775251569.361978,2,3589.14,10.1,0
1775251569.4155169,9,3537.60,11.1,0
1775251569.4140072,8,3540.24,0.0,0
1775251569.4140072,6,3541.81,0.0,0
1775251569.4140072,7,3541.81,0.0,0
1775251569.4155169,10,3541.38,0.0,0
1775251569.4129941,3,3544.90,0.0,0
1775251569.4129941,4,3547.02,0.0,0
1775251569.4140072,5,3547.01,0.0,0
1775251569.4155169,11,3546.50,0.0,0
1775251569.4155169,12,3547.50,0.0,0
1775251569.4155169,14,3548.53,0.0,0
1775251569.4155169,13,3550.04,0.0,0
1775251569.4155169,15,3551.05,60.0,0
1775251569.4155169,16,3552.16,0.0,0
1775251569.4155169,17,3553.16,0.0,0
1775251569.4169881,19,3553.19,0.0,0
1775251569.4169881,18,3554.26,0.0,0
1775251569.4169881,20,3555.37,0.0,0
1775251569.4169881,21,3556.37,0.0,0
1775251569.4169881,22,3557.37,0.0,0
1775251569.4332945,23,3615.65,15.0,0
1775251569.321269,1,3728.82,0.0,0
1775251569.4918761,24,3614.13,0.0,0
1775251571.633607,2,3719.62,7.9,0
1775251571.7461197,3,3665.28,16.1,0
1775251567.4180708,45,7995.86,0.0,0
1775251567.4195757,46,7995.86,0.0,0
1775251567.4230955,49,7993.43,0.0,0
1775251567.4210887,47,7997.83,0.0,0
1775251567.4220958,48,7998.45,37.5,0
1775251571.7476268,4,3674.54,0.0,0
1775251571.7476268,5,3675.53,0.0,0
1775251571.7476268,6,3676.72,0.0,0
1775251571.7476268,8,3678.19,0.0,0
1775251571.7476268,7,3678.19,0.0,0
1775251571.7501483,10,3676.95,0.0,0
1775251571.7491372,9,3679.17,0.0,0
1775251571.7501483,11,3679.72,0.0,0
1775251571.7501483,12,3680.77,0.0,0
1775251571.7501483,14,3681.98,0.0,0
1775251571.7501483,13,3683.05,0.0,0
1775251571.751148,16,3683.09,0.0,0
1775251571.751148,17,3684.09,0.0,0
1775251571.751148,15,3685.22,36.4,0
1775251571.751148,19,3686.34,0.0,0
1775251571.751148,18,3687.35,0.0,0
1775251571.7521465,20,3687.79,0.0,0
1775251571.7521465,21,3689.06,0.0,0
1775251571.7521465,22,3690.39,0.0,0
1775251571.7521465,24,3691.46,0.0,0
1775251571.7521465,23,3692.11,0.0,0
1775251571.7531478,25,3692.11,0.0,0
1775251571.7531478,26,3694.11,0.0,0
1775251571.7531478,28,3695.73,0.0,0
1775251571.7531478,29,3697.28,0.0,0
1775251571.7531478,27,3698.28,28.6,0
1775251571.7561443,30,3696.45,0.0,0
1775251571.7561443,31,3697.45,0.0,0
1775251571.7561443,32,3698.95,0.0,0
1775251571.7561443,33,3699.97,0.0,0
1775251571.7561443,35,3701.06,0.0,0
1775251571.7561443,34,3702.14,0.0,0
1775251571.7561443,37,3703.17,0.0,0
1775251571.7561443,36,3704.17,0.0,0
1775251571.7571454,38,3704.24,0.0,0
1775251571.7571454,39,3704.24,0.0,0
1775251571.7571454,40,3706.75,0.0,0
1775251571.6250567,1,3838.84,0.0,0
1775251571.7661715,41,3712.48,18.8,0
1775251572.9748604,2,4500.55,9.8,0
1775251573.030215,15,4446.23,0.0,0
1775251573.0312245,16,4446.22,0.0,0
1775251573.0312245,17,4447.22,0.0,0
1775251573.030215,10,4449.64,0.0,0
1775251573.030215,13,4450.71,0.0,0
1775251573.030215,11,4451.71,66.7,0
1775251573.030215,12,4453.71,0.0,0
1775251573.030215,14,4454.71,0.0,0
1775251573.0276704,5,4457.75,0.0,0
1775251573.0276704,6,4459.32,0.0,0
1775251573.028681,7,4459.32,0.0,0
1775251573.0323272,21,4456.67,0.0,0
1775251573.0323272,23,4457.67,0.0,0
1775251573.0323272,20,4458.67,0.0,0
1775251573.0323272,24,4460.67,0.0,0
1775251573.031804,19,4462.20,0.0,0
1775251573.028681,8,4466.32,0.0,0
1775251573.0276704,4,4468.33,0.0,0
1775251573.0323272,22,4464.68,0.0,0
1775251573.028681,9,4469.95,20.0,0
1775251573.0333383,25,4465.83,0.0,0
1775251573.0312245,18,4468.94,0.0,0
1775251573.0333383,27,4468.92,0.0,0
1775251573.0276704,3,4475.78,0.0,0
1775251573.0276704,2,4476.79,0.0,0
1775251573.0333383,26,4472.13,0.0,0
1775251573.0333383,29,4473.12,0.0,0
1775251573.0333383,28,4474.13,0.0,0
1775251573.0333383,30,4475.13,0.0,0
1775251573.0343378,31,4475.13,0.0,0
1775251573.0343378,32,4476.13,0.0,0
1775251573.0343378,33,4477.13,0.0,0
1775251573.0343378,34,4478.63,100.0,0
1775251573.0343378,35,4479.73,33.3,0
1775251573.0353374,37,4480.24,0.0,0
1775251573.0343378,36,4482.25,0.0,0
1775251573.0514853,38,4635.78,9.7,0
1775251572.9445777,1,4743.71,0.0,0
1775251573.1084173,39,4584.52,0.0,0
1775251573.0276704,1,4666.74,0.0,0
1775251575.4664187,4,3464.85,6.8,0
1775251575.4664187,2,3465.87,0.0,0
1775251575.4664187,5,3467.74,0.0,0
1775251575.4664187,6,3469.25,50.0,0
1775251575.4664187,3,3470.25,0.0,0
1775251575.4664187,7,3471.25,0.0,0
1775251575.4684167,9,3470.25,0.0,0
1775251575.4684167,10,3471.26,0.0,0
1775251575.4674206,8,3473.25,0.0,0
1775251575.4684167,11,3473.25,0.0,0
1775251575.4684167,13,3474.25,0.0,0
1775251575.4684167,14,3475.25,0.0,0
1775251575.4684167,12,3476.25,0.0,0
1775251575.4684167,16,3477.25,0.0,0
1775251575.4684167,15,3478.76,0.0,0
1775251575.4694185,18,3479.56,0.0,0
1775251575.4684167,17,3481.18,0.0,0
1775251575.4694185,19,3481.54,36.4,0
1775251575.469928,21,3483.03,0.0,0
1775251575.469928,20,3484.03,0.0,0
1775251575.469928,22,3485.03,0.0,0
1775251575.4705064,24,3485.45,0.0,0
1775251575.469928,23,3487.03,0.0,0
1775251575.4710686,25,3487.34,0.0,0
1775251575.3562262,1,6378.83,10.5,0
1775251577.3629458,2,4373.29,0.0,0
1775251573.0388546,41,8815.55,6.2,0
1775251573.0353374,40,8820.09,0.0,0
1775251573.036855,42,8821.08,12.5,0
1775251573.0408533,43,8817.08,0.0,0
1775251577.6211498,3,4237.83,0.0,0
1775251573.0418532,44,8818.54,0.0,0
1775251577.6211498,4,4240.92,0.0,0
1775251577.6211498,5,4243.30,0.0,0
1775251577.6224005,6,4243.04,0.0,0
1775251577.6224005,8,4244.63,0.0,0
1775251577.6224005,7,4246.08,0.0,0
1775251577.6224005,9,4247.12,0.0,0
1775251577.623498,10,4247.04,0.0,0
1775251577.623498,11,4247.63,0.0,0
1775251577.623498,12,4248.68,0.0,0
1775251577.623498,13,4249.71,50.0,0
1775251577.6244972,15,4249.71,0.0,0
1775251577.623498,14,4252.27,0.0,0
1775251577.6244972,16,4252.50,0.0,0
1775251577.6250057,17,4252.99,0.0,0
1775251577.6250057,19,4253.55,0.0,0
1775251577.6250057,18,4255.08,0.0,0
1775251577.6250057,21,4256.48,0.0,0
1775251577.6260204,22,4256.90,0.0,0
1775251577.6250057,20,4259.23,0.0,0
1775251577.6260204,23,4259.48,0.0,0
1775251577.6260204,24,4260.80,0.0,0
1775251577.6260204,25,4262.18,0.0,0
1775251577.6260204,26,4263.22,10.0,0
1775251577.6270146,27,4263.24,0.0,0
1775251577.6270146,28,4264.24,0.0,0
1775251577.6270146,29,4264.24,0.0,0
1775251577.6270146,30,4265.71,0.0,0
1775251577.6270146,32,4267.13,0.0,0
1775251577.6270146,31,4267.72,0.0,0
1775251577.6280146,33,4267.73,0.0,0
1775251577.6280146,34,4269.24,0.0,0
1775251577.6280146,35,4270.67,0.0,0
1775251577.6280146,36,4272.25,0.0,0
1775251577.6280146,37,4273.45,0.0,0
1775251577.631108,38,4271.56,0.0,0
1775251577.631108,39,4272.56,0.0,0
1775251577.631108,40,4272.56,33.3,0
1775251577.631108,41,4274.23,0.0,0
1775251577.631108,42,4275.53,0.0,0
1775251577.632152,44,4274.49,0.0,0
1775251577.631108,43,4277.04,0.0,0
1775251577.632152,46,4277.06,0.0,0
1775251577.632152,45,4278.62,0.0,0
1775251577.6783273,47,4233.63,0.0,0
1775251577.678854,48,4234.10,0.0,0
1775251577.678854,49,4235.32,0.0,0
1775251577.6892889,50,4293.36,12.3,0
1775251577.3590858,1,4624.64,0.0,0
1775251577.6957936,51,4292.85,0.0,0
1775251578.9584038,2,4722.48,9.4,0
1775251579.0610204,3,4621.12,0.0,0
1775251579.0610204,4,4622.38,0.0,0
1775251579.0610204,2,4624.47,42.9,0
1775251579.0610204,5,4625.47,0.0,0
1775251579.0628488,7,4624.65,0.0,0
1775251579.0623405,6,4626.15,0.0,0
1775251579.0628488,8,4626.64,0.0,0
1775251579.0628488,9,4627.64,0.0,0
1775251579.0628488,10,4628.65,0.0,0
1775251579.0628488,11,4629.64,0.0,0
1775251579.0628488,12,4630.65,0.0,0
1775251579.0628488,13,4631.64,0.0,0
1775251579.0644417,14,4631.05,0.0,0
1775251579.0644417,15,4632.56,0.0,0
1775251579.0644417,16,4634.57,0.0,0
1775251579.0644417,17,4635.64,0.0,0
1775251579.0654488,18,4635.73,42.9,0
1775251579.0654488,19,4637.13,0.0,0
1775251579.0654488,20,4638.34,0.0,0
1775251579.0654488,21,4639.34,0.0,0
1775251579.0654488,22,4640.34,0.0,0
1775251579.0668492,24,4640.44,0.0,0
1775251579.0654488,23,4643.36,0.0,0
1775251579.0668492,25,4641.96,0.0,0
1775251579.0668492,26,4643.46,0.0,0
1775251579.068012,27,4643.30,0.0,0
1775251579.068012,28,4644.81,0.0,0
1775251579.068012,29,4646.13,0.0,0
1775251579.068012,30,4647.64,0.0,0
1775251579.068012,32,4647.64,55.6,0
1775251579.068012,31,4649.24,0.0,0
1775251579.068012,33,4650.85,0.0,0
1775251578.9260173,1,6235.21,7.5,0
1775251579.0610204,1,6101.20,0.0,0
1775251581.8502367,2,3314.10,0.0,0
1775251581.9141734,3,3417.11,15.9,0
1775251581.9672983,5,3364.98,0.0,0
1775251581.9662888,4,3367.99,0.0,0
1775251581.9672983,6,3367.98,0.0,0
1775251581.9672983,8,3367.98,0.0,0
1775251581.9672983,7,3369.97,0.0,0
1775251581.968299,10,3369.98,0.0,0
1775251581.968299,9,3370.98,0.0,0
1775251581.968299,12,3372.98,0.0,0
1775251581.968299,11,3373.98,22.2,0
1775251581.968299,13,3374.98,0.0,0
1775251581.968299,15,3375.98,0.0,0
1775251581.9698062,16,3374.98,0.0,0
1775251581.968299,14,3377.49,0.0,0
1775251581.9698062,18,3377.50,0.0,0
1775251581.970439,19,3378.88,0.0,0
1775251581.9698062,17,3380.81,0.0,0
1775251581.970439,20,3381.80,0.0,0
1775251581.970439,21,3382.80,0.0,0
1775251581.9710042,22,3383.23,0.0,0
1775251581.9710042,25,3384.23,0.0,0
1775251581.9710042,23,3385.23,0.0,0
1775251581.9710042,24,3386.23,20.0,0
1775251581.9710042,26,3387.25,0.0,0
1775251581.9710042,27,3388.25,0.0,0
1775251581.9720125,28,3406.85,10.0,0
1775251581.9850686,29,3394.79,0.0,0
1775251581.7317688,1,3650.49,0.0,0
1775251583.6733117,2,4930.47,9.7,0
1775251579.0695188,34,9536.25,0.0,0
1775251579.077879,38,9528.97,66.7,0
1775251579.0742724,35,9534.57,0.0,0
1775251579.0797482,39,9530.22,0.0,0
1775251579.0721703,36,9539.10,0.0,0
1775251583.8731823,3,4739.09,0.0,0
1775251579.076859,37,9537.49,0.0,0
1775251583.8731823,5,4742.24,0.0,0
1775251583.8731823,6,4742.24,0.0,0
1775251583.8731823,4,4743.81,0.0,0
1775251583.8731823,7,4745.05,0.0,0
1775251583.8741822,9,4744.05,0.0,0
1775251583.8741822,8,4746.12,0.0,0
1775251583.8746874,10,4746.63,0.0,0
1775251583.8746874,11,4747.80,0.0,0
1775251583.8746874,12,4747.80,16.7,0
1775251583.8746874,13,4748.88,0.0,0
1775251583.8746874,14,4749.88,0.0,0
1775251583.8746874,15,4751.37,0.0,0
1775251583.8746874,17,4752.37,0.0,0
1775251583.8756938,18,4752.60,0.0,0
1775251583.8756938,19,4752.60,0.0,0
1775251583.8746874,16,4755.67,0.0,0
1775251583.8756938,21,4755.84,0.0,0
1775251583.8756938,20,4757.04,0.0,0
1775251583.8756938,22,4758.22,0.0,0
1775251583.8756938,23,4759.27,0.0,0
1775251583.8756938,24,4759.83,0.0,0
1775251583.8766937,25,4760.24,0.0,0
1775251583.8766937,27,4761.61,0.0,0
1775251583.8766937,26,4762.69,20.0,0
1775251583.877694,28,4761.69,0.0,0
1775251583.8786936,29,4761.76,0.0,0
1775251583.8786936,30,4762.76,0.0,0
1775251583.8786936,31,4763.99,0.0,0
1775251583.8786936,32,4765.33,0.0,0
1775251583.8786936,33,4766.54,0.0,0
1775251583.8786936,34,4767.12,0.0,0
1775251583.8786936,35,4768.64,0.0,0
1775251583.8786936,36,4768.64,0.0,0
1775251583.8796928,37,4769.38,0.0,0
1775251583.8796928,38,4770.41,0.0,0
1775251583.8796928,39,4771.41,0.0,0
1775251583.880199,40,4772.07,0.0,0
1775251583.880199,41,4773.17,0.0,0
1775251583.880199,42,4774.20,55.6,0
1775251583.880199,43,4774.20,0.0,0
1775251583.880199,44,4775.31,0.0,0
1775251583.880199,45,4776.31,0.0,0
1775251583.880199,46,4777.64,0.0,0
1775251583.8812063,47,4777.14,0.0,0
1775251583.8812063,50,4778.47,0.0,0
1775251583.8812063,48,4780.03,0.0,0
1775251583.8812063,49,4781.34,0.0,0
1775251583.8812063,52,4781.85,0.0,0
1775251583.8812063,51,4783.24,0.0,0
1775251583.8812063,53,4784.28,0.0,0
1775251583.8812063,54,4785.67,0.0,0
1775251583.8822062,55,4785.99,0.0,0
1775251583.8822062,56,4786.99,0.0,0
1775251583.8832123,57,4786.49,14.3,0
1775251583.8888102,58,4848.89,18.1,0
1775251583.6705058,1,6647.73,8.5,0
1775251585.362139,3,5018.86,14.1,0
1775251585.360756,2,5022.25,0.0,0
1775251585.362139,4,5021.86,0.0,0
1775251585.362139,5,5022.86,0.0,0
1775251585.362139,6,5024.62,0.0,0
1775251585.362139,7,5025.63,0.0,0
1775251585.362139,8,5025.63,75.0,0
1775251585.3631964,10,5025.58,25.0,0
1775251585.362139,9,5027.65,0.0,0
1775251585.3631964,11,5027.59,0.0,0
1775251585.3631964,12,5027.59,0.0,0
1775251585.3631964,13,5028.59,0.0,0
1775251585.3631964,14,5028.59,0.0,0
1775251585.3642907,16,5028.98,0.0,0
1775251585.3642907,15,5028.98,0.0,0
1775251585.3642907,17,5030.00,0.0,0
1775251585.3642907,18,5032.00,0.0,0
1775251585.3642907,19,5033.00,0.0,0
1775251585.365293,20,5032.00,0.0,0
1775251585.365293,21,5033.66,0.0,0
1775251585.365293,22,5035.11,0.0,0
1775251585.365293,23,5035.11,0.0,0
1775251585.365293,24,5036.72,0.0,0
1775251585.365293,25,5037.77,0.0,0
1775251585.365293,26,5038.78,0.0,0
1775251585.365293,27,5039.78,22.2,0
1775251585.365293,28,5039.78,0.0,0
1775251585.365293,29,5040.78,0.0,0
1775251585.365293,30,5041.97,0.0,0
1775251585.3670454,32,5041.23,0.0,0
1775251585.3670454,31,5042.34,0.0,0
1775251585.3257217,1,5151.92,10.4,0
1775251585.3904738,33,5091.48,0.0,0
1775251588.7218587,3,2888.69,4.8,0
1775251588.7218587,2,2889.69,0.0,0
1775251588.7229104,6,2890.14,0.0,0
1775251588.7229104,7,2890.74,0.0,0
1775251588.7229104,5,2891.75,0.0,0
1775251588.7218587,4,2893.80,0.0,0
1775251588.724513,8,2892.45,0.0,0
1775251588.724513,9,2892.45,0.0,0
1775251588.724513,10,2893.49,0.0,0
1775251588.724513,11,2893.49,0.0,0
1775251588.7256312,12,2895.01,0.0,0
1775251588.728678,14,2892.54,0.0,0
1775251588.7256312,13,2896.59,0.0,0
1775251588.728678,15,2894.83,37.5,0
1775251588.728678,16,2895.83,0.0,0
1775251588.728678,17,2895.83,0.0,0
1775251588.7296822,20,2896.42,0.0,0
1775251588.7296822,18,2897.57,0.0,0
1775251588.7296822,19,2898.81,0.0,0
1775251588.7296822,21,2898.81,0.0,0
1775251588.7296822,22,2900.37,0.0,0
1775251588.7322848,23,2898.85,0.0,0
1775251588.5479772,1,5583.93,5.5,0
1775251590.374307,2,3758.66,0.0,0
1775251585.3703313,3,8922.77,5.6,0
1775251585.3682497,2,8925.87,75.0,0
1775251590.4664092,20,3829.72,0.0,0
1775251590.4653995,19,3831.73,0.0,0
1775251590.4653995,15,3833.46,0.0,0
1775251590.4653995,16,3835.02,0.0,0
1775251590.4653995,18,3837.01,0.0,0
1775251590.4653995,17,3838.01,0.0,0
1775251590.463302,7,3841.11,0.0,0
1775251590.463302,8,3842.38,0.0,0
1775251590.4638772,9,3842.85,0.0,0
1775251590.4638772,10,3843.85,0.0,0
1775251590.4638772,11,3844.85,0.0,0
1775251590.4664092,21,3843.32,0.0,0
1775251590.4617295,5,3849.00,25.0,0
1775251590.4684079,25,3843.32,0.0,0
1775251590.4638772,13,3849.36,0.0,0
1775251590.4653995,14,3848.99,0.0,0
1775251590.4638772,12,3852.14,0.0,0
1775251590.4684079,28,3848.62,0.0,0
1775251590.4684079,23,3849.61,0.0,0
1775251590.4617295,4,3856.29,0.0,0
1775251590.469915,30,3849.61,0.0,0
1775251590.4684079,22,3852.13,0.0,0
1775251590.4617295,6,3859.31,0.0,0
1775251590.4617295,3,3860.36,0.0,0
1775251585.3718424,4,8951.25,0.0,0
1775251590.4684079,24,3854.69,0.0,0
1775251590.4684079,26,3856.19,0.0,0
1775251590.4684079,27,3857.26,37.5,0
1775251590.469915,29,3856.77,0.0,0
1775251590.469915,31,3858.27,0.0,0
1775251590.4705353,33,3858.17,0.0,0
1775251590.4705353,32,3859.73,0.0,0
1775251590.4705353,34,3861.29,0.0,0
1775251590.471119,35,3860.71,0.0,0
1775251590.471119,36,3861.70,0.0,0
1775251590.471119,37,3862.71,0.0,0
1775251590.471119,38,3864.21,0.0,0
1775251590.471119,40,3865.50,0.0,0
1775251590.471119,39,3866.52,0.0,0
1775251590.472127,42,3866.52,0.0,0
1775251590.472127,41,3866.52,0.0,0
1775251590.472127,43,3868.87,0.0,0
1775251590.472127,44,3868.87,80.0,0
1775251590.472127,45,3869.87,25.0,0
1775251590.472127,46,3871.88,0.0,0
1775251590.3137107,1,4095.25,4.3,0
1775251585.3832588,5,9027.70,0.0,0
1775251590.4799476,47,3931.01,0.0,0
1775251585.3670454,1,9046.97,0.0,0
1775251591.6085467,2,3683.07,6.9,0
1775251591.6321344,3,3661.48,0.0,0
1775251591.734589,4,3560.03,100.0,0
1775251591.735124,5,3560.49,0.0,0
1775251591.7356842,7,3559.93,0.0,0
1775251591.7356842,8,3561.44,0.0,0
1775251591.735124,6,3563.60,0.0,0
1775251591.7372694,10,3561.97,0.0,0
1775251591.7362292,9,3564.03,0.0,0
1775251591.7372694,13,3566.13,0.0,0
1775251591.7372694,11,3566.13,0.0,0
1775251591.7372694,14,3567.22,0.0,0
1775251591.7372694,12,3568.22,0.0,0
1775251591.7383218,15,3569.17,0.0,0
1775251591.7383218,16,3569.17,0.0,0
1775251591.7383218,17,3570.21,0.0,0
1775251591.6055467,1,3703.98,100.0,0
1775251594.290041,2,1645.46,21.4,0
1775251594.3981388,6,1802.28,31.2,0
1775251594.3955288,3,1806.86,25.0,0
1775251594.3970659,5,1807.41,0.0,0
1775251594.3970659,4,1808.41,0.0,0
1775251594.3981388,7,1808.34,0.0,0
1775251594.3981388,8,1809.34,0.0,0
1775251594.3991933,10,1809.72,0.0,0
1775251594.3991933,9,1810.78,0.0,0
1775251594.3991933,11,1811.79,0.0,0
1775251594.3991933,12,1813.86,0.0,0
1775251594.3991933,13,1814.87,0.0,0
1775251594.4003139,14,1823.84,56.2,0
1775251594.4003139,15,1826.07,0.0,0
1775251594.4003139,16,1827.07,0.0,0
1775251594.1299107,1,2098.61,0.0,0
1775251594.4129505,17,1815.57,0.0,0
1775251595.2856095,2,3085.63,9.1,0
1775251595.3614538,4,3118.56,25.2,0
1775251595.3614538,3,3120.67,71.4,0
1775251595.3614538,5,3122.67,12.5,0
1775251595.3614538,6,3123.68,0.0,0
1775251595.3614538,8,3124.72,0.0,0
1775251595.3614538,7,3125.88,0.0,0
1775251595.3614538,9,3126.89,0.0,0
1775251595.3614538,10,3127.89,0.0,0
1775251595.3629894,11,3127.35,0.0,0
1775251595.3640907,12,3127.25,0.0,0
1775251595.3640907,13,3128.25,0.0,0
1775251595.3640907,14,3129.25,0.0,0
1775251595.3640907,16,3130.25,0.0,0
1775251595.3640907,15,3131.25,0.0,0
1775251595.3640907,17,3132.25,0.0,0
1775251595.3640907,18,3133.25,0.0,0
1775251595.3640907,19,3133.25,41.7,0
1775251595.3640907,20,3135.93,0.0,0
1775251595.3656015,21,3135.42,0.0,0
1775251595.3656015,22,3136.42,0.0,0
1775251595.3656015,23,3136.98,0.0,0
1775251595.3656015,24,3138.00,0.0,0
1775251595.3656015,25,3139.00,0.0,0
1775251595.3656015,26,3139.99,0.0,0
1775251595.3656015,27,3140.99,0.0,0
1775251595.3667312,28,3140.86,0.0,0
1775251595.3667312,29,3141.87,0.0,0
1775251595.3667312,30,3142.86,0.0,0
1775251595.3667312,31,3143.86,0.0,0
1775251595.3667312,32,3144.86,0.0,0
1775251595.3667312,33,3144.86,0.0,0
1775251595.3678966,34,3145.21,100.0,0
1775251595.3678966,35,3146.22,21.4,0
1775251595.3678966,36,3147.73,0.0,0
1775251595.3678966,37,3148.88,0.0,0
1775251595.3678966,38,3149.90,0.0,0
1775251595.3678966,39,3150.48,0.0,0
1775251595.3678966,40,3152.60,0.0,0
1775251595.3678966,41,3153.19,0.0,0
1775251595.36899,42,3153.10,0.0,0
1775251595.3694983,43,3153.59,0.0,0
1775251595.3730838,44,3160.55,12.5,0
1775251595.283096,1,3253.07,0.0,0
1775251596.2155678,2,3093.11,23.7,0
1775251596.2155678,3,3094.11,100.0,0
1775251596.2155678,4,3096.11,0.0,0
1775251596.2171516,5,3096.04,0.0,0
1775251596.2171516,6,3097.05,0.0,0
1775251596.217721,7,3097.99,0.0,0
1775251596.217721,8,3100.09,0.0,0
1775251596.217721,9,3101.09,0.0,0
1775251596.217721,10,3102.60,0.0,0
1775251596.2189553,11,3102.38,0.0,0
1775251596.2189553,12,3104.43,0.0,0
1775251596.219462,13,3104.94,0.0,0
1775251596.219462,14,3113.99,12.5,0
1775251596.196325,1,3139.26,0.0,0
1775251596.283119,15,3052.99,0.0,0
1775251598.477018,2,1426.44,8.6,0
1775251598.5246024,3,1434.43,13.6,0
1775251598.5246024,6,1436.43,0.0,0
1775251598.5246024,5,1437.44,0.0,0
1775251598.5246024,4,1438.43,0.0,0
1775251598.5246024,7,1439.63,0.0,0
1775251598.5246024,8,1441.66,0.0,0
1775251598.525612,9,1441.67,25.0,0
1775251598.5279708,11,1439.90,0.0,0
1775251598.525612,10,1443.28,0.0,0
1775251598.5289705,12,1441.48,0.0,0
1775251598.3697271,1,1658.49,12.0,0
1775251599.3053198,2,1892.38,16.6,0
1775251599.3254187,3,1928.49,0.0,0
1775251599.3264236,5,1928.49,0.0,0
1775251599.3254187,4,1930.90,0.0,0
1775251599.3264236,6,1931.24,0.0,0
1775251599.3264236,7,1933.28,0.0,0
1775251599.3264236,9,1934.32,0.0,0
1775251599.3264236,8,1935.67,0.0,0
1775251599.3264236,10,1937.70,28.6,0
1775251599.3274179,11,1938.21,0.0,0
1775251599.3274179,14,1939.24,0.0,0
1775251599.3274179,12,1940.25,0.0,0
1775251599.3274179,13,1941.60,0.0,0
1775251599.3284974,15,1941.03,0.0,0
1775251599.3284974,16,1942.54,0.0,0
1775251599.3284974,17,1943.60,0.0,0
1775251599.3284974,18,1944.59,0.0,0
1775251599.3284974,19,1944.59,0.0,0
1775251599.3284974,20,1946.69,0.0,0
1775251599.3284974,21,1947.72,0.0,0
1775251599.3300061,23,1947.65,0.0,0
1775251599.3284974,22,1950.30,0.0,0
1775251599.147973,1,2131.83,30.0,0
1775251599.3300061,24,1949.80,0.0,0
1775251599.388759,25,1952.00,0.0,0
1775251599.9018495,26,1493.35,4.7,0
1775251599.9555087,27,2003.78,5.5,0
1775251600.0227034,2,1942.57,0.0,0
1775251600.0227034,4,1944.26,55.6,0
1775251600.0227034,5,1945.32,0.0,0
1775251600.0227034,3,1945.32,0.0,0
1775251600.0227034,7,1947.34,0.0,0
1775251600.0227034,6,1948.42,0.0,0
1775251600.0242145,9,1947.91,0.0,0
1775251600.0242145,8,1948.91,0.0,0
1775251600.0252247,10,1949.41,0.0,0
1775251600.0252247,11,1950.41,0.0,0
1775251600.0262213,12,1950.00,0.0,0
1775251600.0227034,1,2371.44,6.7,0
1775251601.251907,2,1144.17,0.0,0
1775251601.3330624,4,1172.27,4.4,0
1775251601.3325412,3,1173.81,0.0,0
1775251601.3330624,5,1175.56,0.0,0
1775251601.3330624,6,1176.55,0.0,0
1775251601.334073,8,1176.71,0.0,0
1775251601.3330624,7,1179.28,0.0,0
1775251601.1955826,1,1322.38,20.0,0
1775251601.3937519,9,1124.21,0.0,0
1775251601.9572315,10,1786.41,15.2,0
1775251601.960853,11,1783.80,0.0,0
1775251602.0797215,3,1720.96,12.5,0
1775251602.079204,2,1722.52,0.0,0
1775251602.0797215,4,1724.00,0.0,0
1775251602.0797215,5,1725.00,0.0,0
1775251602.0797215,6,1726.00,0.0,0
1775251602.0797215,7,1728.00,0.0,0
1775251602.0812924,8,1727.90,0.0,0
1775251602.0812924,9,1728.50,80.0,0
1775251602.0812924,10,1730.52,0.0,0
1775251602.0812924,11,1730.52,0.0,0
1775251602.0812924,13,1732.03,0.0,0
1775251602.0812924,12,1733.47,0.0,0
1775251602.0823965,14,1732.87,0.0,0
1775251602.0823965,16,1734.26,0.0,0
1775251602.0823965,15,1735.41,0.0,0
1775251602.0823965,17,1736.79,0.0,0
1775251602.0823965,18,1737.30,0.0,0
1775251602.0833952,20,1737.91,0.0,0
1775251602.0833952,21,1739.00,0.0,0
1775251602.0823965,19,1741.22,0.0,0
1775251602.0833952,22,1741.22,0.0,0
1775251602.0833952,23,1741.72,0.0,0
1775251602.3921266,24,1543.26,11.3,0
1775251602.0786717,1,1860.90,0.0,0
1775251602.5026526,25,1437.92,0.0,0
1775251602.5148554,31,1789.47,3.8,0
1775251602.5138538,29,1791.47,0.0,0
1775251602.5148554,30,1791.96,0.0,0
1775251602.5138538,28,1794.57,0.0,0
1775251602.5138538,27,1795.61,0.0,0
1775251602.5138538,26,1796.78,14.3,0
1775251602.6223621,32,1689.68,0.0,0
1775251603.7408695,2,1241.55,8.7,0
1775251603.7974975,3,1185.92,0.0,0
1775251603.9277613,4,1163.78,2.0,0
1775251603.9277613,5,1164.78,16.7,0
1775251603.9277613,6,1165.78,0.0,0
1775251603.929777,10,1164.76,0.0,0
1775251603.9287717,7,1166.77,0.0,0
1775251603.9287717,8,1168.27,0.0,0
1775251603.9287717,9,1169.28,0.0,0
1775251603.929777,11,1169.78,0.0,0
1775251603.929777,13,1170.78,0.0,0
1775251603.929777,12,1172.38,0.0,0
1775251603.9309514,14,1172.22,0.0,0
1775251603.7397988,1,1367.88,28.6,0
1775251603.9384034,15,1170.39,0.0,0
1775251604.3013268,2,1628.71,9.6,0
1775251604.414613,4,1517.33,0.0,0
1775251604.414613,3,1518.36,0.0,0
1775251604.414613,5,1519.36,0.0,0
1775251604.4156213,6,1519.86,66.7,0
1775251604.4156213,7,1520.96,0.0,0
1775251604.4156213,8,1522.39,0.0,0
1775251604.4156213,10,1523.50,0.0,0
1775251604.4156213,9,1524.65,0.0,0
1775251604.4175487,11,1523.72,0.0,0
1775251604.4175487,12,1525.54,0.0,0
1775251604.4175487,13,1526.55,0.0,0
1775251604.4181082,14,1527.00,0.0,0
1775251604.4181082,15,1528.00,0.0,0
1775251604.4181082,16,1529.51,0.0,0
1775251604.2981765,1,1649.44,0.0,0
1775251604.9797554,18,1791.20,4.8,0
1775251604.9792192,17,1792.81,0.0,0
1775251605.0864973,2,1686.54,0.0,0
1775251605.0864973,3,1689.06,0.0,0
1775251605.0864973,4,1690.05,0.0,0
1775251605.0885386,5,1689.01,0.0,0
1775251605.0885386,6,1690.02,18.2,0
1775251605.1036725,7,1784.20,5.0,0
1775251605.1046743,9,1785.24,38.5,0
1775251605.1046743,8,1786.24,0.0,0
1775251605.1046743,10,1786.80,0.0,0
1775251605.1046743,12,1788.17,0.0,0
1775251605.1046743,11,1789.68,0.0,0
1775251605.1046743,13,1791.10,0.0,0
1775251605.1046743,14,1791.10,0.0,0
1775251605.1046743,15,1792.61,0.0,0
1775251605.0859182,1,1871.11,31.3,0
1775251605.1118338,16,1847.24,0.0,0
1775251605.1133418,17,1900.76,23.3,0
1775251605.928533,18,1649.40,10.4,0
1775251606.304331,2,1329.11,18.0,0
1775251606.3063433,3,1329.20,0.0,0
1775251606.3063433,4,1329.72,0.0,0
1775251606.3063433,5,1331.18,0.0,0
1775251606.3063433,6,1331.73,55.6,0
1775251606.3063433,7,1333.73,0.0,0
1775251606.307345,8,1333.99,0.0,0
1775251606.307345,9,1334.99,0.0,0
1775251606.307345,10,1335.99,0.0,0
1775251606.307345,11,1336.99,0.0,0
1775251606.307345,12,1337.99,0.0,0
1775251606.7686357,13,983.94,16.7,0
1775251606.304331,1,1961.61,14.8,0
1775251606.8835077,14,1383.45,0.0,0
1775251606.9495828,17,1528.09,5.3,0
1775251606.9495828,16,1530.67,0.0,0
1775251606.9495828,15,1531.68,0.0,0
1775251606.9505901,18,1531.67,75.0,0
1775251606.9528048,22,1530.46,0.0,0
1775251606.9528048,21,1531.46,0.0,0
1775251606.9528048,20,1532.97,0.0,0
1775251606.9528048,19,1534.45,0.0,0
1775251606.953935,24,1534.34,0.0,0
1775251606.953935,23,1535.33,0.0,0
1775251606.953935,25,1541.39,0.0,0
1775251607.0105767,2,1485.76,0.0,0
1775251607.0105767,3,1486.77,0.0,0
1775251607.0115852,4,1487.32,28.6,0
1775251607.5762959,5,1843.97,6.1,0
1775251607.0105767,1,2410.71,0.0,0
1775251607.6299365,6,1792.43,0.0,0
1775251607.7475443,7,1679.33,0.0,0
1775251607.7475443,8,1680.33,0.0,0
1775251607.7475443,9,1682.34,0.0,0
1775251607.7485552,11,1682.84,0.0,0
1775251607.7475443,10,1684.85,0.0,0
1775251607.7485552,12,1684.84,0.0,0
1775251607.749063,13,1684.33,0.0,0
1775251607.749063,14,1686.41,33.3,0
1775251607.7500684,16,1686.41,0.0,0
1775251607.749063,15,1688.78,0.0,0
1775251607.7500684,17,1688.84,0.0,0
1775251607.7500684,18,1689.94,0.0,0
1775251607.7500684,19,1691.08,0.0,0
1775251607.7500684,20,1692.08,0.0,0
1775251607.7510715,21,1691.08,0.0,0
1775251608.474594,2,1693.00,1.9,0
1775251608.4904783,3,1678.11,0.0,0
1775251608.4904783,4,1679.12,25.0,0
1775251608.4904783,6,1680.74,0.0,0
1775251608.4904783,5,1681.96,0.0,0
1775251608.4916985,7,1681.94,0.0,0
1775251608.4916985,9,1682.94,0.0,0
1775251608.4916985,8,1684.50,0.0,0
1775251608.4916985,10,1685.56,0.0,0
1775251608.4927204,12,1685.53,0.0,0
1775251608.4927204,11,1687.68,0.0,0
1775251608.4927204,13,1689.20,0.0,0
1775251608.4927204,14,1690.79,0.0,0
1775251608.26283,1,1921.76,0.0,0
1775251608.652514,15,1742.69,6.4,0
1775251609.423364,2,1636.72,9.5,0
1775251609.4243615,3,1636.72,13.3,0
1775251609.4243615,4,1638.73,0.0,0
1775251609.4436371,5,1624.13,0.0,0
1775251609.4446366,6,1625.13,0.0,0
1775251609.4446366,7,1626.77,0.0,0
1775251609.4446366,8,1627.78,0.0,0
1775251609.4446366,9,1630.29,0.0,0
1775251609.4446366,10,1631.29,69.2,0
1775251609.4446366,11,1633.29,0.0,0
1775251609.4446366,12,1635.80,0.0,0
1775251609.4446366,13,1637.52,0.0,0
1775251609.446218,15,1637.47,0.0,0
1775251609.446218,14,1640.39,0.0,0
1775251609.446218,16,1642.83,0.0,0
1775251609.4181738,1,1670.87,0.0,0
1775251610.1636138,2,1747.72,19.8,0
1775251610.2367291,6,1833.00,3.1,0
1775251610.2367291,8,1835.53,0.0,0
1775251610.2367291,9,1837.52,0.0,0
1775251610.2367291,5,1839.62,86.7,0
1775251610.2367291,4,1840.72,0.0,0
1775251610.236206,3,1843.43,0.0,0
1775251610.2377372,10,1841.90,0.0,0
1775251610.2377372,12,1845.03,0.0,0
1775251610.2367291,7,1846.04,0.0,0
1775251610.2377372,13,1847.17,0.0,0
1775251610.2377372,11,1847.76,0.0,0
1775251610.2377372,15,1849.76,0.0,0
1775251610.2377372,14,1850.76,0.0,0
1775251610.238736,16,1850.76,0.0,0
1775251610.238736,17,1851.76,0.0,0
1775251610.1596336,1,1939.21,12.5,0
1775251610.238736,18,1861.12,0.0,0
1775251610.3942027,19,1706.65,0.0,0
1775251611.0635965,2,1703.95,3.2,0
1775251611.064604,4,1704.94,0.0,0
1775251611.064604,3,1706.03,0.0,0
1775251611.141806,5,1736.48,19.3,0
1775251611.141806,6,1737.98,0.0,0
1775251611.141806,7,1740.00,0.0,0
1775251611.1428242,8,1741.10,0.0,0
1775251611.1428242,10,1742.13,0.0,0
1775251611.1428242,9,1743.30,0.0,0
1775251611.1428242,12,1744.74,0.0,0
1775251611.1428242,11,1746.63,13.3,0
1775251611.144468,13,1745.99,0.0,0
1775251611.144468,14,1747.19,0.0,0
1775251611.0580823,1,1839.61,0.0,0
1775251611.909703,15,987.99,0.0,0
1775251612.091499,2,1628.00,8.0,0
1775251612.091499,3,1629.51,0.0,0
1775251612.091499,4,1631.51,0.0,0
1775251612.0943089,7,1630.21,0.0,0
1775251612.092795,6,1632.73,0.0,0
1775251612.091499,5,1636.03,0.0,0
1775251612.0943089,8,1634.21,0.0,0
1775251612.0943089,10,1635.72,0.0,0
1775251612.0943089,9,1635.72,0.0,0
1775251612.0943089,11,1637.83,0.0,0
1775251612.0953856,12,1637.31,46.2,0
1775251612.0953856,13,1638.32,0.0,0
1775251612.0953856,14,1639.83,0.0,0
1775251612.0953856,15,1640.84,0.0,0
1775251612.067231,1,1728.56,22.0,0
1775251612.2532291,16,1542.56,0.0,0
1775251612.7665303,17,1033.47,0.0,0
1775251612.874276,18,1796.97,4.7,0
1775251612.874276,19,1799.07,0.0,0
1775251612.8926706,21,1781.67,0.0,0
1775251612.8926706,20,1783.88,0.0,0
1775251612.8926706,24,1785.00,0.0,0
1775251612.8926706,23,1786.38,0.0,0
1775251612.8926706,22,1787.38,0.0,0
1775251612.8926706,25,1788.79,0.0,0
1775251612.8936763,26,1789.02,0.0,0
1775251612.8936763,27,1789.57,0.0,0
1775251612.8936763,28,1791.59,0.0,0
1775251612.8946736,30,1791.62,15.4,0
1775251612.8936763,29,1793.78,0.0,0
1775251612.8946736,31,1792.78,0.0,0
1775251612.8946736,32,1794.46,0.0,0
1775251612.8946736,33,1795.68,0.0,0
1775251612.8946736,34,1796.98,0.0,0
1775251613.7163832,2,1547.64,8.2,0
1775251613.7880094,4,1686.32,5.0,0
1775251613.7890284,5,1686.82,0.0,0
1775251613.7880094,3,1688.85,0.0,0
1775251613.7890284,6,1688.88,0.0,0
1775251613.7890284,7,1689.87,0.0,0
1775251613.7890284,8,1691.96,0.0,0
1775251613.7900379,10,1692.00,100.0,0
1775251613.7911386,11,1691.90,14.3,0
1775251613.7911386,12,1692.90,0.0,0
1775251613.7890284,9,1696.01,0.0,0
1775251613.7911386,13,1703.98,0.0,0
1775251613.7911386,14,1704.98,0.0,0
1775251613.609621,1,1887.50,100.0,0
1775251613.798908,15,1699.94,23.1,0
1775251614.669013,2,1650.60,7.4,0
1775251614.7431562,3,1580.07,0.0,0
1775251614.7440572,5,1581.20,0.0,0
1775251614.7436707,4,1582.58,31.2,0
1775251614.7445679,6,1583.28,0.0,0
1775251614.7445679,7,1585.07,0.0,0
1775251614.7445679,9,1586.08,0.0,0
1775251614.7445679,8,1587.08,0.0,0
1775251614.745743,10,1586.92,0.0,0
1775251614.745743,12,1587.92,0.0,0
1775251614.745743,11,1587.92,0.0,0
1775251614.745743,14,1589.42,0.0,0
1775251614.745743,13,1590.43,0.0,0
1775251614.7472548,15,1589.92,0.0,0
1775251614.7472548,16,1590.92,0.0,0
1775251614.6656349,1,1673.54,0.0,0
1775251615.4706848,2,1744.95,15.4,0
1775251615.4875135,3,1836.12,14.3,0
1775251615.4875135,4,1837.62,100.0,0
1775251615.4885993,5,1838.54,77.8,0
1775251615.4885993,7,1839.54,0.0,0
1775251615.4885993,6,1839.54,0.0,0
1775251615.4885993,8,1841.05,0.0,0
1775251615.4895988,9,1841.06,0.0,0
1775251615.4895988,10,1843.06,0.0,0
1775251615.4901805,11,1842.48,0.0,0
1775251615.4901805,12,1843.48,0.0,0
1775251615.4901805,13,1844.98,0.0,0
1775251615.4901805,14,1845.99,0.0,0
1775251615.4901805,15,1846.99,0.0,0
1775251615.4912193,16,1847.52,0.0,0
1775251615.4912193,17,1848.95,0.0,0
1775251615.4912193,18,1850.30,0.0,0
1775251615.2608013,1,2086.79,18.8,0
1775251615.5501559,19,1798.94,0.0,0
1775251616.3206227,2,1696.72,13.0,0
1775251616.3907218,3,1683.57,0.0,0
1775251616.3918998,7,1683.40,0.0,0
1775251616.3918998,10,1685.41,22.2,0
1775251616.3918998,8,1686.40,0.0,0
1775251616.3907218,4,1689.08,0.0,0
1775251616.3918998,5,1688.91,0.0,0
1775251616.3918998,9,1689.91,0.0,0
1775251616.3933804,12,1689.43,0.0,0
1775251616.3918998,6,1691.91,0.0,0
1775251616.3933804,11,1691.93,0.0,0
1775251616.3933804,13,1693.49,0.0,0
1775251616.3944988,14,1692.88,0.0,0
1775251616.3181024,1,1827.22,1.6,0
1775251617.3210502,2,1538.52,8.4,0
1775251617.342568,3,1625.44,19.1,0
1775251617.3430731,6,1626.44,0.0,0
1775251617.342568,4,1628.00,0.0,0
1775251617.3430731,7,1628.06,0.0,0
1775251617.342568,5,1630.57,0.0,0
1775251617.3430731,8,1631.18,0.0,0
1775251617.3440804,10,1631.55,0.0,0
1775251617.3430731,9,1633.12,0.0,0
1775251617.3440804,11,1633.39,0.0,0
1775251617.3440804,13,1634.66,0.0,0
1775251617.3440804,12,1635.79,0.0,0
1775251617.3440804,14,1637.80,0.0,0
1775251617.3440804,15,1638.80,30.8,0
1775251617.3440804,16,1639.80,0.0,0
1775251617.213119,1,1777.41,0.0,0
1775251617.402573,17,1588.95,0.0,0
1775251618.0706048,2,1796.91,17.1,0
1775251618.0883806,3,1781.25,0.0,0
1775251618.1398044,6,1731.43,0.0,0
1775251618.1398044,5,1733.76,57.1,0
1775251618.1408103,7,1734.26,0.0,0
1775251618.1398044,4,1737.27,0.0,0
1775251618.1408103,8,1737.47,0.0,0
1775251618.1408103,10,1738.99,0.0,0
1775251618.1408103,9,1741.15,0.0,0
1775251618.1419916,11,1741.99,0.0,0
1775251618.1419916,13,1744.42,0.0,0
1775251618.1419916,12,1746.68,66.7,0
1775251618.1419916,14,1748.76,0.0,0
1775251618.1419916,16,1750.38,0.0,0
1775251618.1419916,15,1752.39,0.0,0
1775251618.1419916,17,1754.39,0.0,0
1775251618.1419916,18,1755.90,0.0,0
1775251618.0163429,1,2657.26,17.4,0
1775251618.8571756,19,1817.92,0.0,0
1775251618.9653685,20,1710.73,0.0,0
1775251618.9853888,22,1748.68,16.4,0
1775251618.9848835,21,1750.18,0.0,0
1775251618.9853888,24,1751.88,0.0,0
1775251618.9853888,23,1752.88,0.0,0
1775251618.9853888,25,1754.88,0.0,0
1775251618.9853888,26,1755.88,0.0,0
1775251618.9863985,27,1755.97,0.0,0
1775251618.9863985,28,1757.28,0.0,0
1775251618.9863985,29,1758.66,0.0,0
1775251618.9863985,31,1759.92,0.0,0
1775251618.9863985,30,1761.05,0.0,0
1775251618.9873984,32,1760.57,25.0,0
1775251618.9935868,33,1763.23,0.0,0
1775251619.8639145,2,1664.38,7.2,0
1775251620.0543904,3,1475.42,10.0,0
1775251620.0543904,4,1477.43,0.0,0
1775251620.0543904,2,1478.43,0.0,0
1775251620.0543904,5,1479.43,0.0,0
1775251620.0543904,6,1481.95,0.0,0
1775251620.0553973,7,1481.94,0.0,0
1775251620.0553973,8,1482.94,0.0,0
1775251620.0563967,10,1482.94,0.0,0
1775251620.0563967,9,1483.94,0.0,0
1775251620.0563967,11,1484.94,0.0,0
1775251620.0563967,12,1486.50,0.0,0
1775251620.0563967,13,1487.50,0.0,0
1775251619.861279,1,1683.62,36.4,0
1775251620.0573976,14,1488.50,0.0,0
1775251620.671583,15,1943.88,9.4,0
1775251620.0538855,1,2562.73,0.0,0
1775251620.730554,16,1888.08,0.0,0
1775251620.7494843,18,1926.45,0.0,0
1775251620.7494843,19,1928.00,0.0,0
1775251620.7494843,17,1929.12,0.0,0
1775251620.7508147,20,1929.81,0.0,0
1775251620.7508147,22,1930.81,0.0,0
1775251620.7508147,21,1932.81,0.0,0
1775251620.7518153,23,1933.31,0.0,0
1775251620.7518153,24,1934.86,16.7,0
1775251620.7518153,26,1935.37,0.0,0
1775251620.7518153,25,1936.37,0.0,0
1775251620.7528186,28,1936.37,0.0,0
1775251620.7518153,27,1939.37,0.0,0
1775251620.7528186,30,1939.37,0.0,0
1775251620.7528186,29,1940.57,0.0,0
1775251620.7528186,31,1941.58,0.0,0
1775251620.7538202,33,1941.58,0.0,0
1775251620.7528186,32,1943.58,0.0,0
1775251620.7588527,34,1944.36,14.3,0
1775251621.5271,2,1947.47,1.9,0
1775251621.6994617,3,1780.73,0.0,0
1775251621.7004871,7,1780.70,0.0,0
1775251621.7004871,6,1781.70,33.3,0
1775251621.6994617,5,1784.73,0.0,0
1775251621.6994617,4,1785.73,0.0,0
1775251621.7004871,8,1785.21,0.0,0
1775251621.7029834,9,1784.25,0.0,0
1775251621.7029834,10,1785.27,0.0,0
1775251621.7029834,12,1786.28,0.0,0
1775251621.7029834,11,1787.28,0.0,0
1775251621.7029834,13,1788.28,0.0,0
1775251621.703997,14,1789.26,0.0,0
1775251621.5242307,1,1970.03,0.0,0
1775251621.703997,15,1790.26,0.0,0
1775251622.6719642,2,1595.14,5.4,0
1775251622.6974034,4,1625.69,6.2,0
1775251622.6974034,3,1628.21,0.0,0
1775251622.6974034,5,1629.21,30.0,0
1775251622.6974034,6,1630.20,0.0,0
1775251622.6974034,7,1631.23,0.0,0
1775251622.6990032,9,1629.63,0.0,0
1775251622.6990032,8,1631.14,0.0,0
1775251622.6990032,10,1631.14,0.0,0
1775251622.6990032,12,1633.23,0.0,0
1775251622.6990032,13,1634.35,0.0,0
1775251622.6990032,11,1635.52,0.0,0
1775251622.6990032,14,1636.03,0.0,0
1775251622.6990032,15,1637.03,0.0,0
1775251622.6133165,1,1722.72,0.0,0
1775251622.7561188,16,1587.38,36.4,0
1775251623.4755735,2,1841.61,10.4,0
1775251623.5477536,9,1773.47,0.0,0
1775251623.5474007,6,1775.83,0.0,0
1775251623.5458224,5,1778.92,0.0,0
1775251623.5458224,4,1780.02,0.0,0
1775251623.5474007,3,1779.53,28.6,0
1775251623.5477536,7,1780.18,0.0,0
1775251623.5477536,8,1781.42,0.0,0
1775251623.549529,11,1780.15,0.0,0
1775251623.5484166,10,1782.59,0.0,0
1775251623.549529,13,1782.56,0.0,0
1775251623.549529,12,1783.73,0.0,0
1775251623.5505643,14,1783.70,0.0,0
1775251623.5505643,15,1784.70,0.0,0
1775251623.5505643,16,1785.87,0.0,0
1775251623.5505643,18,1786.89,0.0,0
1775251623.5505643,17,1787.91,0.0,0
1775251623.5517654,19,1787.71,0.0,0
1775251623.473009,1,1867.02,0.0,0
1775251624.3210773,2,1741.16,8.3,0
1775251624.338498,4,1780.26,5.5,0
1775251624.338498,5,1781.27,0.0,0
1775251624.337498,3,1783.78,0.0,0
1775251624.338498,6,1783.86,0.0,0
1775251624.338498,7,1784.86,16.7,0
1775251624.338498,8,1785.86,0.0,0
1775251624.339499,9,1785.36,0.0,0
1775251624.339499,10,1786.67,0.0,0
1775251624.339499,11,1787.99,0.0,0
1775251624.340498,12,1787.56,0.0,0
1775251624.340498,13,1789.08,0.0,0
1775251624.340498,14,1790.44,0.0,0
1775251624.2650154,1,1865.92,0.0,0
1775251624.3960567,15,1742.55,50.0,0
1775251625.3181906,2,1436.50,10.2,0
1775251625.3940117,6,1416.22,0.0,0
1775251625.3930023,5,1418.25,7.7,0
1775251625.3930023,4,1420.27,0.0,0
1775251625.3930023,3,1421.28,0.0,0
1775251625.3940117,8,1421.27,0.0,0
1775251625.3940117,7,1423.48,0.0,0
1775251625.3940117,9,1424.48,0.0,0
1775251625.3950174,11,1425.48,0.0,0
1775251625.3950174,10,1426.03,0.0,0
1775251625.3141499,1,1507.91,0.0,0
1775251625.3961363,12,1426.92,0.0,0
1775251625.4001656,13,1428.28,27.8,0
1775251626.1320164,2,1667.60,22.2,0
1775251626.1320164,3,1669.62,0.0,0
1775251626.1331058,5,1669.53,0.0,0
1775251626.1331058,4,1670.53,0.0,0
1775251626.1331058,6,1672.10,0.0,0
1775251626.1331058,7,1673.11,0.0,0
1775251626.1351001,8,1672.11,0.0,0
1775251626.1351001,10,1674.11,0.0,0
1775251626.1351001,9,1675.12,58.3,0
1775251626.1351001,11,1676.12,0.0,0
1775251626.1351001,12,1677.12,0.0,0
1775251626.1351001,13,1678.63,0.0,0
1775251626.1351001,14,1680.14,0.0,0
1775251626.1351001,15,1680.14,0.0,0
1775251626.1351001,16,1681.43,0.0,0
1775251626.1351001,17,1682.43,0.0,0
1775251626.136349,18,1682.18,0.0,0
1775251626.1161902,1,1761.81,21.9,0
1775251626.190767,19,1688.23,0.0,0
1775251626.753454,20,1128.81,0.0,0
1775251626.806475,21,1743.43,12.8,0
1775251626.8230565,22,1727.85,0.0,0
1775251626.8245597,26,1728.35,0.0,0
1775251626.8230565,23,1731.73,0.0,0
1775251626.8245597,24,1731.24,0.0,0
1775251626.8245597,27,1732.65,0.0,0
1775251626.8245597,29,1733.65,0.0,0
1775251626.8245597,25,1734.92,0.0,0
1775251626.8245597,30,1735.95,83.3,0
1775251626.8245597,28,1736.94,0.0,0
1775251626.8261173,31,1735.39,0.0,0
1775251626.8261173,32,1736.89,0.0,0
1775251626.8261173,33,1738.01,0.0,0
1775251627.797389,2,1335.10,5.0,0
1775251627.8705323,3,1369.67,3.6,0
1775251627.8710392,5,1371.17,0.0,0
1775251627.8710392,7,1372.17,0.0,0
1775251627.8710392,4,1374.17,0.0,0
1775251627.8710392,6,1375.17,0.0,0
1775251627.8724456,9,1374.76,75.0,0
1775251627.8724456,8,1376.88,0.0,0
1775251627.8724456,10,1377.90,0.0,0
1775251627.8724456,11,1378.90,0.0,0
1775251627.8734891,12,1379.42,0.0,0
1775251627.6932595,1,1564.19,0.0,0
1775251627.8811786,13,1377.30,0.0,0
1775251628.5455294,2,1736.69,2.4,0
1775251628.6162443,3,1666.97,0.0,0
1775251628.6162443,5,1668.97,0.0,0
1775251628.6162443,4,1668.97,0.0,0
1775251628.6173613,7,1670.61,0.0,0
1775251628.6162443,6,1672.75,0.0,0
1775251628.6173613,8,1672.94,0.0,0
1775251628.6173613,9,1674.17,0.0,0
1775251628.6173613,10,1675.46,0.0,0
1775251628.6185136,12,1675.56,0.0,0
1775251628.6185136,11,1675.56,50.0,0
1775251628.6185136,14,1677.36,0.0,0
1775251628.6185136,13,1678.88,0.0,0
1775251628.6185136,17,1678.88,0.0,0
1775251628.6185136,15,1680.43,0.0,0
1775251628.6185136,16,1681.44,0.0,0
1775251628.6185136,18,1682.44,0.0,0
1775251628.6185136,19,1683.44,0.0,0
1775251628.5440974,1,1758.96,0.0,0
1775251628.6204991,20,1683.56,0.0,0
1775251629.2381356,2,1533.75,15.2,0
1775251629.2539127,6,1828.28,3.7,0
1775251629.2539127,4,1830.28,0.0,0
1775251629.2539127,7,1831.79,0.0,0
1775251629.2529082,3,1833.80,0.0,0
1775251629.2539127,9,1834.79,0.0,0
1775251629.2539127,5,1835.79,0.0,0
1775251629.2539127,8,1836.79,0.0,0
1775251629.2539127,10,1837.79,11.1,0
1775251629.2552714,14,1842.45,0.0,0
1775251629.2552714,13,1842.45,0.0,0
1775251629.2552714,12,1844.54,0.0,0
1775251629.2539127,11,1846.90,0.0,0
1775251629.1301713,1,1971.64,0.0,0
1775251629.2594783,15,1843.84,0.0,0
1775251630.2802072,2,1444.07,2.0,0
1775251630.3558986,3,1369.01,0.0,0
1775251630.356405,4,1370.65,0.0,0
1775251630.356405,6,1371.84,0.0,0
1775251630.356405,5,1373.38,0.0,0
1775251630.357422,8,1373.98,0.0,0
1775251630.357422,7,1375.04,46.7,0
1775251630.357422,9,1376.65,0.0,0
1775251630.357422,10,1378.23,0.0,0
1775251630.358583,11,1378.12,0.0,0
1775251630.2766995,1,1461.05,0.0,0
1775251630.359581,12,1378.70,0.0,0
1775251630.7696972,13,1738.89,2.8,0
1775251631.0937023,3,1727.05,13.0,0
1775251631.0927022,2,1729.64,0.0,0
1775251631.0937023,4,1729.75,0.0,0
1775251631.0937023,5,1730.75,0.0,0
1775251631.0937023,6,1731.89,0.0,0
1775251631.0937023,7,1732.89,31.2,0
1775251631.0937023,8,1734.37,0.0,0
1775251631.0937023,9,1735.88,0.0,0
1775251631.0947046,10,1736.05,0.0,0
1775251631.0947046,11,1736.71,0.0,0
1775251631.0947046,12,1738.74,0.0,0
1775251631.0947046,13,1740.26,0.0,0
1775251631.0947046,14,1740.85,0.0,0
1775251631.0947046,15,1742.97,0.0,0
1775251631.1043227,16,1790.02,29.7,0
1775251631.1043227,17,1791.04,0.0,0
1775251631.1043227,18,1792.92,0.0,0
1775251631.1043227,19,1793.98,0.0,0
1775251631.10533,20,1793.97,0.0,0
1775251631.0781431,1,1822.17,0.0,0
1775251631.7182326,21,1237.12,0.0,0
1775251631.7212567,22,1848.01,4.0,0
1775251631.7901223,24,1783.17,0.0,0
1775251631.7901223,23,1784.17,0.0,0
1775251631.7906525,25,1785.48,66.7,0
1775251631.7906525,27,1786.57,0.0,0
1775251631.7906525,26,1787.75,0.0,0
1775251631.7906525,28,1789.82,0.0,0
1775251631.791667,30,1789.39,0.0,0
1775251631.7906525,29,1791.82,0.0,0
1775251631.791667,31,1791.81,0.0,0
1775251631.791667,32,1793.31,0.0,0
1775251631.791667,33,1794.61,0.0,0
1775251631.7927985,34,1794.48,0.0,0
1775251632.8174036,2,1391.30,1.7,0
1775251632.8893938,4,1377.08,5.9,0
1775251632.8888838,3,1379.17,0.0,0
1775251632.8893938,6,1380.18,0.0,0
1775251632.8893938,5,1381.69,0.0,0
1775251632.8893938,7,1382.70,0.0,0
1775251632.890399,8,1382.69,0.0,0
1775251632.890399,9,1385.20,0.0,0
1775251632.890399,10,1386.20,0.0,0
1775251632.890399,12,1387.20,0.0,0
1775251632.890399,11,1388.20,0.0,0
1775251632.5049777,1,1774.62,10.0,0
1775251632.9517481,13,1333.47,0.0,0
1775251633.5702655,2,1736.51,9.7,0
1775251633.6388328,3,1671.97,6.7,0
1775251633.6398394,6,1673.10,0.0,0
1775251633.6398394,7,1674.11,0.0,0
1775251633.6388328,4,1676.63,0.0,0
1775251633.6398394,5,1676.88,0.0,0
1775251633.6398394,8,1678.24,0.0,0
1775251633.6408448,10,1678.74,0.0,0
1775251633.6408448,9,1679.75,0.0,0
1775251633.6418445,11,1679.26,0.0,0
1775251633.6418445,12,1680.32,0.0,0
1775251633.6424499,16,1680.74,0.0,0
1775251633.6424499,14,1681.73,0.0,0
1775251633.6418445,13,1683.79,50.0,0
1775251633.6424499,15,1684.81,0.0,0
1775251633.6424499,19,1686.09,0.0,0
1775251633.6424499,18,1687.08,0.0,0
1775251633.6424499,17,1687.59,0.0,0
1775251633.6437793,20,1687.74,0.0,0
1775251633.5670347,1,1764.48,0.0,0
1775251634.2642024,2,1843.21,12.7,0
1775251634.281114,6,1827.29,12.5,0
1775251634.281114,8,1828.78,0.0,0
1775251634.2801075,5,1830.85,0.0,0
1775251634.2801075,3,1832.84,0.0,0
1775251634.281114,7,1832.94,0.0,0
1775251634.2801075,4,1835.45,0.0,0
1775251634.282113,10,1834.77,0.0,0
1775251634.282113,11,1835.77,0.0,0
1775251634.282113,12,1836.33,0.0,0
1775251634.281114,9,1838.35,0.0,0
1775251634.2826827,13,1838.35,0.0,0
1775251634.2826827,14,1839.35,0.0,0
1775251634.2067077,1,1921.68,35.3,0
1775251634.3380055,15,1791.89,0.0,0
1775251635.3087656,2,1389.09,1.4,0
1775251635.333026,4,1365.83,0.0,0
1775251635.333026,3,1367.24,0.0,0
1775251635.333026,5,1369.24,33.3,0
1775251635.3341742,7,1369.09,0.0,0
1775251635.3341742,6,1370.09,0.0,0
1775251635.3341742,8,1371.09,0.0,0
1775251635.335186,10,1371.08,0.0,0
1775251635.3341742,9,1373.09,0.0,0
1775251635.335186,11,1374.68,0.0,0
1775251635.335186,12,1375.69,0.0,0
1775251635.305772,1,2430.47,5.1,0
1775251635.998361,13,1739.47,0.0,0
1775251636.123265,2,1721.38,10.6,0
1775251636.123591,3,1723.59,0.0,0
1775251636.123591,4,1723.59,0.0,0
1775251636.123591,5,1725.67,0.0,0
1775251636.123591,6,1725.67,0.0,0
1775251636.124609,7,1726.22,0.0,0
1775251636.124609,8,1727.22,0.0,0
1775251636.124609,10,1729.25,0.0,0
1775251636.1251395,11,1729.72,0.0,0
1775251636.124609,9,1731.26,0.0,0
1775251636.1251395,12,1731.73,0.0,0
1775251636.1251395,13,1732.79,22.2,0
1775251636.1251395,14,1733.79,0.0,0
1775251636.1251395,15,1735.05,0.0,0
1775251636.1251395,16,1735.59,0.0,0
1775251636.1251395,17,1737.66,0.0,0
1775251636.1251395,18,1738.68,0.0,0
1775251636.12622,19,1739.10,0.0,0
1775251636.131419,20,1792.03,10.9,0
1775251636.1042085,1,1820.25,0.0,0
1775251636.69329,21,1284.86,6.2,0
1775251636.695349,22,1898.05,6.7,0
1775251636.8139272,25,1783.41,0.0,0
1775251636.8139272,23,1785.00,0.0,0
1775251636.8139272,24,1786.23,0.0,0
1775251636.8139272,27,1788.45,0.0,0
1775251636.8139272,26,1789.61,0.0,0
1775251636.8154528,28,1789.40,0.0,0
1775251636.8154528,29,1790.92,0.0,0
1775251636.8154528,30,1791.50,7.7,0
1775251636.8154528,31,1792.53,0.0,0
1775251636.8169518,33,1792.03,0.0,0
1775251636.8169518,32,1793.43,0.0,0
1775251636.8169518,34,1794.77,0.0,0
1775251637.841506,2,1389.52,17.2,0
1775251637.9182632,3,1372.01,29.2,0
1775251637.9187682,4,1372.51,0.0,0
1775251637.9192827,6,1374.61,0.0,0
1775251637.9187682,5,1376.19,53.8,0
1775251637.9198072,7,1376.20,0.0,0
1775251637.9198072,8,1377.71,0.0,0
1775251637.9198072,9,1377.71,0.0,0
1775251637.9198072,10,1380.65,0.0,0
1775251637.9203563,11,1381.61,0.0,0
1775251637.9203563,12,1383.70,0.0,0
1775251637.7340844,1,1571.03,0.0,0
1775251637.9761426,13,1337.01,81.2,0
1775251638.5943983,2,1742.85,15.0,0
1775251638.6639326,4,1674.32,0.0,0
1775251638.6639326,6,1676.32,0.0,0
1775251638.66342,3,1677.83,66.7,0
1775251638.6639326,7,1678.82,0.0,0
1775251638.6639326,5,1679.83,0.0,0
1775251638.6649404,9,1679.82,0.0,0
1775251638.6639326,8,1681.82,0.0,0
1775251638.6649404,10,1682.32,0.0,0
1775251638.6654592,11,1683.00,0.0,0
1775251638.6654592,12,1684.12,0.0,0
1775251638.6654592,13,1685.29,0.0,0
1775251638.6664722,14,1685.48,0.0,0
1775251638.6664722,16,1686.50,0.0,0
1775251638.6664722,15,1687.49,0.0,0
1775251638.6664722,17,1688.49,0.0,0
1775251638.6674674,19,1688.50,0.0,0
1775251638.6664722,18,1690.49,25.0,0
1775251638.5913408,1,1766.62,0.0,0
1775251638.6674674,20,1692.00,0.0,0
1775251639.28758,2,1740.76,7.7,0
1775251639.306755,4,1830.53,2.7,0
1775251639.306755,3,1831.52,50.0,0
1775251639.306755,5,1832.80,0.0,0
1775251639.306755,6,1835.18,0.0,0
1775251639.3078167,7,1835.12,0.0,0
1775251639.3078167,9,1836.63,0.0,0
1775251639.3078167,8,1838.66,0.0,0
1775251639.3078167,10,1839.66,0.0,0
1775251639.3092928,12,1838.69,0.0,0
1775251639.3092928,11,1840.76,0.0,0
1775251639.3092928,14,1840.76,0.0,0
1775251639.3092928,13,1842.20,0.0,0
1775251639.2289271,1,1929.57,18.8,0
1775251639.3156726,15,1842.82,0.0,0
1775251640.3352196,2,1440.93,7.7,0
1775251640.4113097,5,1368.34,12.5,0
1775251640.4113097,4,1370.35,0.0,0
1775251640.4119043,7,1370.76,0.0,0
1775251640.4108033,3,1373.15,0.0,0
1775251640.4119043,8,1373.51,0.0,0
1775251640.4119043,6,1375.21,0.0,0
1775251640.4119043,9,1376.27,0.0,0
1775251640.412923,10,1376.33,0.0,0
1775251640.412923,11,1377.43,0.0,0
1775251640.4135063,12,1376.85,0.0,0
1775251640.3329506,1,1458.52,0.0,0
1775251641.133229,2,1634.55,3.9,0
1775251641.1524916,3,1721.82,11.5,0
1775251641.1534922,5,1723.40,0.0,0
1775251641.1524916,4,1725.43,0.0,0
1775251641.1534922,6,1725.67,0.0,0
1775251641.1538835,7,1725.78,0.0,0
1775251641.1538835,8,1726.79,0.0,0
1775251641.1544917,10,1727.53,0.0,0
1775251641.1544917,9,1728.97,0.0,0
1775251641.1544917,11,1730.48,0.0,0
1775251641.1544917,13,1731.60,0.0,0
1775251641.1544917,12,1731.60,0.0,0
1775251641.1544917,14,1733.60,0.0,0
1775251641.1544917,15,1733.60,20.0,0
1775251641.1544917,16,1735.92,0.0,0
1775251641.0258183,1,1865.73,0.0,0
1775251641.1554923,20,1736.60,0.0,0
1775251641.1554923,17,1736.60,0.0,0
1775251641.1554923,19,1737.82,0.0,0
1775251641.1554923,18,1796.82,11.9,0
1775251641.2110345,21,1743.28,0.0,0
1775251641.77363,22,1183.26,0.0,0
1775251641.7771456,23,1848.02,10.4,0
1775251641.8433774,25,1782.83,0.0,0
1775251641.8444939,28,1783.73,0.0,0
1775251641.8444939,27,1783.73,0.0,0
1775251641.8433774,24,1786.87,0.0,0
1775251641.8444939,26,1786.92,0.0,0
1775251641.8444939,30,1787.92,0.0,0
1775251641.8444939,29,1789.46,0.0,0
1775251641.8455215,31,1790.03,0.0,0
1775251641.8470314,32,1789.77,0.0,0
1775251641.8470314,33,1790.99,0.0,0
1775251641.8470314,34,1792.04,25.0,0
1775251641.8470314,35,1793.69,0.0,0
1775251642.8728018,2,1335.09,7.6,0
1775251642.9464831,4,1368.86,9.8,0
1775251642.9459636,3,1371.61,0.0,0
1775251642.9464831,5,1372.57,0.0,0
1775251642.9464831,6,1373.07,0.0,0
1775251642.948002,7,1373.12,0.0,0
1775251642.948002,8,1374.20,0.0,0
1775251642.948002,9,1375.22,0.0,0
1775251642.948002,10,1376.23,0.0,0
1775251642.948002,11,1377.81,50.0,0
1775251642.949012,12,1378.02,0.0,0
1775251642.7657077,1,1567.07,0.0,0
1775251642.955892,13,1378.41,0.0,0
1775251643.6210759,2,1686.67,3.6,0
1775251643.6927881,4,1615.95,0.0,0
1775251643.692283,3,1619.04,6.2,0
1775251643.6927881,5,1619.55,0.0,0
1775251643.6927881,6,1621.07,0.0,0
1775251643.6927881,7,1622.40,0.0,0
1775251643.6927881,8,1623.91,0.0,0
1775251643.6937945,9,1623.90,0.0,0
1775251643.6937945,11,1624.90,0.0,0
1775251643.6937945,10,1625.90,0.0,0
1775251643.6947956,12,1625.91,0.0,0
1775251643.6947956,13,1626.45,0.0,0
1775251643.6947956,14,1627.46,0.0,0
1775251643.6947956,15,1628.46,0.0,0
1775251643.6947956,16,1629.96,0.0,0
1775251643.6957967,17,1629.96,0.0,0
1775251643.6957967,18,1630.96,12.5,0
1775251643.6957967,19,1632.54,0.0,0
1775251643.6194673,1,1708.87,0.0,0
1775251644.3132255,2,1534.87,18.7,0
1775251644.328634,5,1776.55,20.0,0
1775251644.3280776,3,1778.67,60.0,0
1775251644.3280776,4,1780.69,0.0,0
1775251644.328634,7,1781.14,0.0,0
1775251644.3296607,9,1781.11,0.0,0
1775251644.328634,6,1783.13,0.0,0
1775251644.3296607,8,1783.11,0.0,0
1775251644.3296607,10,1784.61,0.0,0
1775251644.3296607,11,1785.61,0.0,0
1775251644.2058709,1,1915.42,0.0,0
1775251644.3306692,13,1791.65,0.0,0
1775251644.3353038,14,1787.58,58.3,0
1775251644.3365786,15,1787.83,0.0,0
1775251644.3296607,12,1794.75,0.0,0
1775251645.3057444,2,1387.28,10.3,0
1775251645.3804214,3,1420.70,6.2,0
1775251645.3804214,4,1421.69,0.0,0
1775251645.3814309,6,1422.07,0.0,0
1775251645.3814309,5,1424.20,0.0,0
1775251645.3814309,8,1425.44,0.0,0
1775251645.3814309,7,1427.38,0.0,0
1775251645.3814309,9,1428.41,0.0,0
1775251645.382456,10,1428.66,20.0,0
1775251645.382456,11,1429.69,0.0,0
1775251645.383446,12,1429.71,0.0,0
1775251645.8453066,13,1026.56,0.0,0
1775251645.303751,1,1569.67,40.0,0
1775251645.8490973,14,1331.46,13.1,0
1775251646.1167836,4,1628.08,3.3,0
1775251646.1167836,2,1629.68,0.0,0
1775251646.1167836,5,1631.43,66.7,0
1775251646.1167836,3,1632.48,12.5,0
1775251646.1177883,7,1632.54,0.0,0
1775251646.1167836,6,1633.54,0.0,0
1775251646.1773598,8,1680.79,13.5,0
1775251646.1783693,10,1680.78,0.0,0
1775251646.1773598,9,1682.79,0.0,0
1775251646.1783693,11,1682.78,0.0,0
1775251646.1783693,12,1683.78,0.0,0
1775251646.1783693,13,1684.78,0.0,0
1775251646.1783693,15,1686.14,0.0,0
1775251646.1783693,16,1687.23,0.0,0
1775251646.1783693,14,1688.24,0.0,0
1775251646.1808817,17,1686.73,0.0,0
1775251646.1818845,18,1686.73,0.0,0
1775251646.1157813,1,1758.41,25.0,0
1775251646.692039,19,1182.66,0.0,0
1775251646.7975934,20,1743.95,12.1,0
1775251646.8655388,24,1677.13,0.0,0
1775251646.866046,26,1677.62,0.0,0
1775251646.8645303,23,1680.14,30.0,0
1775251646.8655388,21,1680.62,0.0,0
1775251646.866046,25,1681.62,0.0,0
1775251646.8645303,22,1683.64,0.0,0
1775251646.866046,27,1683.13,0.0,0
1775251646.866046,28,1684.96,0.0,0
1775251646.8670738,29,1684.99,0.0,0
1775251646.8670738,30,1684.99,0.0,0
1775251646.8680608,31,1685.61,0.0,0
1775251646.8680608,32,1687.13,0.0,0
1775251647.74327,2,1074.31,11.0,0
1775251647.8546112,3,1373.67,8.6,0
1775251647.8551474,6,1375.66,0.0,0
1775251647.8551474,5,1376.69,0.0,0
1775251647.8551474,4,1377.87,10.0,0
1775251647.8701196,7,1367.81,0.0,0
1775251647.1790397,1,2060.06,0.0,0
1775251647.8701196,8,1369.99,0.0,0
1775251647.870629,10,1370.48,0.0,0
1775251647.8701196,9,1372.00,0.0,0
1775251647.870629,11,1372.50,0.0,0
1775251647.870629,12,1373.50,0.0,0
1775251647.8711848,13,1373.95,0.0,0
1775251648.540139,2,1681.04,4.9,0
1775251648.6072245,3,1670.94,10.0,0
1775251648.6072245,5,1672.45,11.1,0
1775251648.6072245,4,1673.79,0.0,0
1775251648.6072245,6,1675.88,0.0,0
1775251648.6072245,7,1676.90,0.0,0
1775251648.6072245,8,1677.91,0.0,0
1775251648.6082318,9,1679.11,0.0,0
1775251648.6082318,10,1680.11,0.0,0
1775251648.6082318,11,1681.11,0.0,0
1775251648.6082318,12,1682.46,0.0,0
1775251648.6092308,13,1682.52,0.0,0
1775251648.6092308,15,1682.52,0.0,0
1775251648.6092308,14,1684.63,0.0,0
1775251648.6097465,16,1685.11,100.0,0
1775251648.6097465,18,1686.12,0.0,0
1775251648.6097465,17,1686.12,0.0,0
1775251648.5366046,1,1760.76,0.0,0
1775251648.6097465,19,1687.62,0.0,0
1775251648.6127543,20,1691.72,0.0,0
1775251649.2350504,2,1841.10,4.4,0
1775251649.2350504,3,1842.12,16.7,0
1775251649.2972224,4,1781.12,0.0,0
1775251649.2972224,8,1781.12,0.0,0
1775251649.2982314,5,1781.62,0.0,0
1775251649.2982314,6,1782.98,0.0,0
1775251649.2982314,7,1784.08,0.0,0
1775251649.299232,10,1784.08,0.0,0
1775251649.2982314,9,1786.41,0.0,0
1775251649.2997515,11,1785.40,0.0,0
1775251649.2997515,14,1786.76,0.0,0
1775251649.2997515,12,1788.11,0.0,0
1775251649.2997515,13,1789.11,0.0,0
1775251649.3011856,15,1788.67,0.0,0
1775251649.2270572,1,1863.42,0.0,0
1775251650.276175,2,1385.54,7.3,0
1775251650.2994666,4,1470.78,0.9,0
1775251650.2994666,3,1471.93,0.0,0
1775251650.2994666,5,1473.43,0.0,0
1775251650.3004754,6,1474.54,0.0,0
1775251650.3004754,8,1475.56,0.0,0
1775251650.3004754,7,1477.57,0.0,0
1775251650.3014748,9,1478.57,18.2,0
1775251650.3014748,10,1479.93,0.0,0
1775251650.3014748,11,1480.94,0.0,0
1775251650.3014748,12,1481.94,0.0,0
1775251650.306476,13,1482.98,0.0,0
1775251650.2195065,1,1571.53,0.0,0
1775251651.0729952,2,1740.54,8.8,0
1775251651.1426857,5,1726.98,0.0,0
1775251651.1421783,4,1729.00,0.0,0
1775251651.1426857,3,1730.50,42.9,0
1775251651.1426857,6,1731.50,0.0,0
1775251651.1436956,8,1732.37,0.0,0
1775251651.1426857,7,1734.60,0.0,0
1775251651.1436956,9,1734.59,0.0,0
1775251651.1436956,10,1737.23,0.0,0
1775251651.1456952,12,1736.24,0.0,0
1775251651.1446977,11,1738.30,0.0,0
1775251651.1456952,13,1738.75,0.0,0
1775251651.1456952,14,1739.82,0.0,0
1775251651.1456952,15,1741.12,0.0,0
1775251651.1456952,17,1742.14,0.0,0
1775251651.1456952,16,1743.15,12.5,0
1775251651.1456952,18,1744.27,0.0,0
1775251651.1472037,19,1743.76,0.0,0
1775251651.1497188,20,1741.80,0.0,0
1775251651.07097,1,1821.57,0.0,0
1775251651.6596992,21,1239.32,0.0,0
1775251651.7674358,22,1850.97,3.0,0
1775251651.7834117,23,1837.14,0.0,0
1775251651.784919,24,1837.25,0.0,0
1775251651.784919,26,1838.24,42.9,0
1775251651.784919,25,1840.33,0.0,0
1775251651.785499,28,1839.75,0.0,0
1775251651.785499,27,1842.32,0.0,0
1775251651.785499,29,1843.65,0.0,0
1775251651.785499,30,1844.65,0.0,0
1775251651.785499,31,1846.32,0.0,0
1775251651.7865546,33,1846.27,0.0,0
1775251651.7865546,32,1847.28,0.0,0
1775251651.7865546,34,1848.78,0.0,0
1775251651.7865546,35,1908.36,0.0,0
1775251651.8436668,36,1907.19,9.1,0
1775251652.86664,2,1548.56,5.9,0
1775251652.8935418,3,1527.44,18.8,0
1775251652.8935418,5,1528.98,0.0,0
1775251652.8935418,4,1530.13,0.0,0
1775251652.8946018,6,1530.61,0.0,0
1775251652.8946018,8,1531.60,0.0,0
1775251652.8946018,7,1532.60,0.0,0
1775251652.8946018,9,1534.11,0.0,0
1775251652.8946018,11,1535.11,0.0,0
1775251652.895915,12,1534.81,0.0,0
1775251652.8946018,10,1537.12,0.0,0
1775251652.895915,13,1536.80,0.0,0
1775251652.895915,14,1538.31,0.0,0
1775251652.8135383,1,1621.69,100.0,0
1775251653.615683,2,1642.34,12.0,0
1775251653.6874845,4,1831.14,2.9,0
1775251653.6874845,3,1833.17,0.0,0
1775251653.6874845,6,1833.76,0.0,0
1775251653.6885004,7,1833.78,0.0,0
1775251653.6874845,5,1836.30,0.0,0
1775251653.6885004,8,1835.79,0.0,0
1775251653.6894963,9,1836.38,0.0,0
1775251653.6894963,10,1837.75,0.0,0
1775251653.6894963,11,1838.84,0.0,0
1775251653.6894963,12,1838.84,50.0,0
1775251653.6894963,13,1840.35,0.0,0
1775251653.6905606,14,1840.74,0.0,0
1775251653.6905606,15,1841.80,0.0,0
1775251653.6905606,16,1842.80,0.0,0
1775251653.6905606,17,1842.80,0.0,0
1775251653.6905606,18,1851.00,0.0,0
1775251653.6905606,19,1852.02,0.0,0
1775251653.6917737,20,1852.23,0.0,0
1775251653.559983,1,1984.02,50.0,0
1775251653.7484858,21,1796.57,33.3,0
1775251654.4164362,2,1848.97,6.7,0
1775251654.4868927,3,1780.03,0.0,0
1775251654.4868927,4,1782.03,0.0,0
1775251654.4868927,5,1783.43,0.0,0
1775251654.487904,7,1783.46,0.0,0
1775251654.487904,6,1783.98,0.0,0
1775251654.487904,8,1784.99,0.0,0
1775251654.487904,9,1786.49,0.0,0
1775251654.4889038,11,1786.49,0.0,0
1775251654.4889038,10,1787.50,0.0,0
1775251654.490291,14,1787.11,0.0,0
1775251654.4889038,13,1789.49,0.0,0
1775251654.4889038,12,1791.00,18.2,0
1775251654.490291,15,1790.61,0.0,0
1775251654.412903,1,2590.75,6.5,0
1775251655.5152287,2,1489.86,0.0,0
1775251655.5354366,3,1578.15,2.7,0
1775251655.5354366,4,1580.16,0.0,0
1775251655.5354366,5,1582.00,0.0,0
1775251655.5354366,6,1583.20,0.0,0
1775251655.5366664,8,1582.97,0.0,0
1775251655.5366664,7,1584.63,0.0,0
1775251655.5366664,9,1585.75,0.0,0
1775251655.5366664,10,1586.78,25.0,0
1775251655.5366664,12,1587.56,0.0,0
1775251655.5379798,13,1587.80,0.0,0
1775251655.5366664,11,1590.16,0.0,0
1775251655.5379798,14,1589.95,0.0,0
1775251655.2560096,1,1877.81,0.0,0
1775251655.5470247,15,1587.80,0.0,0
1775251656.2623806,2,1896.09,8.2,0
1775251656.3829763,5,1776.49,0.0,0
1775251656.3829763,7,1778.49,0.0,0
1775251656.3829763,4,1780.00,0.0,0
1775251656.3824708,3,1781.63,0.0,0
1775251656.3829763,6,1782.64,0.0,0
1775251656.383982,8,1782.83,0.0,0
1775251656.3854935,10,1782.83,0.0,0
1775251656.383982,9,1784.91,0.0,0
1775251656.3854935,12,1784.92,44.4,0
1775251656.3854935,11,1785.47,0.0,0
1775251656.3854935,13,1786.51,0.0,0
1775251656.3865047,14,1786.85,0.0,0
1775251656.3865047,15,1787.91,0.0,0
1775251656.3865047,17,1789.26,0.0,0
1775251656.3865047,16,1790.26,0.0,0
1775251656.3865047,18,1791.37,0.0,0
1775251656.3875039,19,1791.46,0.0,0
1775251656.3875039,20,1792.45,0.0,0
1775251656.2596638,1,1920.80,0.0,0
1775251657.0063806,2,1895.17,9.2,0
1775251657.1292253,3,1931.93,6.0,0
1775251657.1292253,5,1933.93,0.0,0
1775251657.1292253,4,1935.14,0.0,0
1775251657.129734,6,1936.79,0.0,0
1775251657.129734,7,1937.79,0.0,0
1775251657.129734,8,1940.09,0.0,0
1775251657.129734,9,1941.83,0.0,0
1775251657.129734,10,1942.84,0.0,0
1775251657.1308043,11,1942.77,0.0,0
1775251657.1308043,14,1944.28,0.0,0
1775251657.1308043,12,1945.28,20.0,0
1775251657.1308043,13,1946.28,0.0,0
1775251657.1308043,15,1947.28,0.0,0
1775251657.1308043,16,2009.87,5.3,0
1775251657.00083,1,2140.85,0.0,0
1775251657.1366441,17,2006.03,0.0,0
1775251657.1366441,18,2009.74,0.0,0
1775251658.1804643,2,1583.44,6.3,0
1775251658.2329326,5,1532.49,0.0,0
1775251658.2318895,4,1535.64,0.0,0
1775251658.2318895,3,1536.63,0.0,0
1775251658.2329326,7,1537.60,0.0,0
1775251658.2329326,6,1538.15,0.0,0
1775251658.2329326,8,1539.66,0.0,0
1775251658.234441,9,1539.63,0.0,0
1775251658.234441,11,1541.14,0.0,0
1775251658.234441,10,1542.32,0.0,0
1775251658.2349806,12,1542.79,0.0,0
1775251658.2349806,13,1543.79,0.0,0
1775251658.8995218,14,1857.52,2.1,0
1775251658.156471,1,2601.58,0.0,0
1775251659.1344717,4,1681.38,3.1,0
1775251659.131132,2,1686.74,0.0,0
1775251659.1349776,6,1684.51,0.0,0
1775251659.1349776,5,1686.03,0.0,0
1775251659.131132,3,1691.46,0.0,0
1775251659.1349776,7,1688.77,0.0,0
1775251659.1349776,9,1689.27,0.0,0
1775251659.1349776,8,1690.87,50.0,0
1775251659.1349776,10,1691.87,0.0,0
1775251659.1349776,11,1692.88,0.0,0
1775251659.136238,12,1692.62,0.0,0
1775251659.136238,13,1694.13,0.0,0
1775251659.136238,14,1696.13,0.0,0
1775251659.136238,15,1697.14,0.0,0
1775251659.136238,16,1699.15,0.0,0
1775251659.136238,17,1700.63,0.0,0
1775251659.136238,18,1701.95,0.0,0
1775251659.1436765,19,1803.79,17.9,0
1775251659.131132,1,1871.80,14.1,0
1775251659.7573717,20,1247.56,0.0,0
1775251659.7603843,21,2059.35,4.8,0
1775251659.8827333,26,1940.49,0.0,0
1775251659.882116,24,1942.89,0.0,0
1775251659.8811078,23,1945.27,44.4,0
1775251659.8827333,25,1944.71,0.0,0
1775251659.8811078,22,1947.54,0.0,0
1775251659.8827333,28,1946.92,0.0,0
1775251659.8837445,29,1947.10,0.0,0
1775251659.8827333,27,1949.31,0.0,0
1775251659.885252,31,1946.79,0.0,0
1775251659.8837445,30,1949.35,0.0,0
1775251659.885252,32,1949.86,0.0,0
1775251659.885252,34,1950.37,0.0,0
1775251659.885252,33,1951.76,0.0,0
1775251659.886263,35,1951.92,0.0,0
1775251659.886263,36,1953.24,0.0,0
1775251659.8872652,37,1952.83,0.0,0
1775251660.94171,4,1524.12,3.0,0
1775251660.9406543,3,1526.82,23.1,0
1775251660.9406543,2,1528.43,0.0,0
1775251660.94171,5,1528.42,0.0,0
1775251660.9427896,6,1528.40,0.0,0
1775251660.9427896,7,1529.54,0.0,0
1775251660.9427896,8,1530.05,0.0,0
1775251660.9427896,9,1531.60,0.0,0
1775251660.9427896,10,1533.12,0.0,0
1775251660.9438565,11,1533.07,0.0,0
1775251660.9438565,12,1533.63,0.0,0
1775251660.9438565,13,1595.60,0.0,0
1775251660.9406543,1,1602.77,0.0,0
1775251661.841107,2,1674.36,5.6,0
1775251661.841107,5,1675.40,0.0,0
1775251661.841107,6,1676.40,0.0,0
1775251661.841107,3,1677.40,0.0,0
1775251661.841107,4,1678.40,0.0,0
1775251661.8424706,8,1678.86,0.0,0
1775251661.841107,7,1680.78,0.0,0
1775251661.8424706,10,1680.42,0.0,0
1775251661.8424706,9,1681.93,0.0,0
1775251661.8424706,11,1682.94,0.0,0
1775251661.8434887,13,1682.95,0.0,0
1775251661.8434887,12,1683.97,0.0,0
1775251661.8434887,14,1684.97,0.0,0
1775251661.8434887,15,1684.97,40.0,0
1775251661.8434887,16,1687.49,0.0,0
1775251661.8434887,17,1688.49,0.0,0
1775251661.8434887,18,1689.49,0.0,0
1775251661.8434887,19,1690.49,0.0,0
1775251661.818735,1,1716.24,0.0,0
1775251662.5309732,2,1880.12,1.4,0
1775251662.5309732,4,1882.12,0.0,0
1775251662.5309732,3,1883.15,0.0,0
1775251662.5352,12,1880.43,0.0,0
1775251662.5341964,10,1883.45,0.0,0
1775251662.5341964,9,1885.44,42.9,0
1775251662.531978,6,1889.33,0.0,0
1775251662.5341964,8,1888.21,0.0,0
1775251662.5341964,7,1888.75,0.0,0
1775251662.5309732,5,1893.63,0.0,0
1775251662.5341964,11,1891.79,0.0,0
1775251662.5352,13,1891.78,0.0,0
1775251662.5352,14,1892.97,0.0,0
1775251662.5352,15,1892.97,0.0,0
1775251662.5352,16,1894.47,0.0,0
1775251662.5352,17,1895.48,0.0,0
1775251662.5424085,18,1948.70,1.6,0
1775251662.5302548,1,1965.14,0.0,0
1775251663.5354784,3,1578.44,5.5,0
1775251663.5354784,2,1579.96,0.0,0
1775251663.5354784,5,1581.11,0.0,0
1775251663.5354784,4,1582.57,0.0,0
1775251663.5364861,6,1583.07,0.0,0
1775251663.5364861,7,1584.59,0.0,0
1775251663.5364861,8,1586.17,0.0,0
1775251663.537049,10,1585.60,33.3,0
1775251663.537049,9,1587.42,0.0,0
1775251663.537049,11,1588.00,0.0,0
1775251663.538105,13,1588.95,0.0,0
1775251663.537049,12,1591.01,0.0,0
1775251663.5139549,1,2539.00,13.4,0
1775251664.4828002,4,1779.83,1.9,0
1775251664.4828002,3,1781.36,11.1,0
1775251664.4822767,2,1783.40,0.0,0
1775251664.484453,6,1782.23,0.0,0
1775251664.4849765,8,1783.70,0.0,0
1775251664.4849765,9,1785.21,0.0,0
1775251664.4828002,5,1788.50,0.0,0
1775251664.4849765,7,1787.89,0.0,0
1775251664.4849765,11,1789.39,0.0,0
1775251664.4849765,10,1790.63,0.0,0
1775251664.4849765,12,1791.64,0.0,0
1775251664.4849765,13,1792.63,0.0,0
1775251664.4860897,14,1792.07,0.0,0
1775251664.4860897,15,1793.58,20.0,0
1775251664.4860897,17,1794.59,0.0,0
1775251664.4860897,18,1796.01,0.0,0
1775251664.4860897,16,1797.01,0.0,0
1775251664.4871087,20,1803.55,0.0,0
1775251664.4871087,19,1805.55,0.0,0
1775251664.4871087,21,1806.15,0.0,0
1775251664.4085157,1,1885.75,0.0,0
1775251665.1793907,2,1966.50,7.5,0
1775251665.1799328,3,1965.95,0.0,0
1775251665.1804624,4,1966.93,0.0,0
1775251665.1804624,6,1968.52,0.0,0
1775251665.1804624,5,1969.52,0.0,0
1775251665.1804624,7,1970.52,0.0,0
1775251665.1804624,9,1971.07,0.0,0
1775251665.1804624,8,1973.08,0.0,0
1775251665.1816216,10,1973.04,27.3,0
1775251665.1816216,12,1974.05,0.0,0
1775251665.1827357,14,1973.93,0.0,0
1775251665.1816216,11,1976.28,0.0,0
1775251665.1816216,13,1977.29,0.0,0
1775251665.1827357,15,1977.28,0.0,0
1775251665.1827357,16,1978.59,0.0,0
1775251665.1827357,17,1978.59,0.0,0
1775251665.107954,1,2827.17,11.9,0
1775251666.2597888,2,1676.35,0.0,0
1775251666.2850986,5,1707.76,3.4,0
1775251666.2856064,7,1708.25,0.0,0
1775251666.2850986,4,1710.13,0.0,0
1775251666.284102,3,1712.42,0.0,0
1775251666.2856064,6,1711.42,0.0,0
1775251666.2856064,9,1712.84,20.0,0
1775251666.2856064,8,1713.35,0.0,0
1775251666.2856064,10,1715.35,0.0,0
1775251666.2856064,11,1716.35,0.0,0
1775251666.286631,13,1716.45,0.0,0
1775251666.2856064,12,1718.56,0.0,0
1775251666.287648,14,1717.51,0.0,0
1775251666.287648,15,1717.51,0.0,0
1775251666.0503907,1,1962.65,0.0,0
1775251667.1428874,2,1894.87,1.9,0
1775251667.2640705,3,1774.25,0.0,0
1775251667.2640705,5,1776.71,0.0,0
1775251667.2640705,4,1777.71,0.0,0
1775251667.2640705,6,1779.08,0.0,0
1775251667.2640705,7,1781.23,33.3,0
1775251667.2656317,10,1780.67,0.0,0
1775251667.2656317,8,1782.18,0.0,0
1775251667.2656317,9,1783.68,0.0,0
1775251667.2668297,11,1783.50,0.0,0
1775251667.2668297,12,1784.54,0.0,0
1775251667.2668297,13,1785.54,0.0,0
1775251667.2668297,14,1786.54,0.0,0
1775251667.2668297,15,1788.16,0.0,0
1775251667.2668297,16,1788.16,0.0,0
1775251667.267856,17,1789.21,0.0,0
1775251667.267856,18,1789.21,0.0,0
1775251667.267856,20,1790.32,0.0,0
1775251667.267856,19,1791.78,0.0,0
1775251667.267856,21,1792.77,28.6,0
1775251667.1417847,1,2792.49,9.9,0
1775251667.9908175,22,1944.96,37.5,0
1775251668.0090225,7,1932.78,0.0,0
1775251668.0090225,8,1935.01,0.0,0
1775251668.0090225,9,1935.60,0.0,0
1775251668.0077934,4,1937.84,0.0,0
1775251668.0077934,5,1939.34,0.0,0
1775251668.0090225,6,1939.68,0.0,0
1775251668.0077934,3,1941.42,0.0,0
1775251668.0090225,10,1941.61,0.0,0
1775251668.0077934,2,1944.32,18.2,0
1775251668.0090225,13,1943.09,0.0,0
1775251668.0090225,11,1944.57,0.0,0
1775251668.0090225,14,1946.01,0.0,0
1775251668.0090225,12,1947.13,0.0,0
1775251668.010047,15,1947.19,0.0,0
1775251668.010047,16,1948.42,0.0,0
1775251668.006783,1,2063.71,17.4,0
1775251669.0351553,2,1751.27,5.3,0
1775251669.163656,4,1678.50,2.0,0
1775251669.163656,3,1680.09,0.0,0
1775251669.163656,6,1682.22,0.0,0
1775251669.163656,5,1683.52,0.0,0
1775251669.1646905,7,1684.26,0.0,0
1775251669.1646905,8,1686.45,0.0,0
1775251669.1646905,9,1687.51,0.0,0
1775251669.1657,11,1688.10,0.0,0
1775251669.1657,10,1689.16,0.0,0
1775251669.1657,12,1690.21,0.0,0
1775251669.1662133,15,1690.76,0.0,0
1775251669.1662133,13,1691.82,22.2,0
1775251669.1662133,14,1692.96,0.0,0
1775251669.0321546,1,1828.03,0.0,0
1775251669.9322581,16,988.45,35.4,0
1775251669.9381511,17,1949.84,4.9,0
1775251670.010031,2,1937.01,17.9,0
1775251670.010031,3,1939.20,0.0,0
1775251670.010031,4,1940.41,0.0,0
1775251670.0110977,5,1940.49,41.7,0
1775251670.012093,7,1941.01,0.0,0
1775251670.0130959,8,1941.01,0.0,0
1775251670.012093,6,1943.01,0.0,0
1775251670.0130959,10,1944.20,0.0,0
1775251670.0130959,11,1945.32,0.0,0
1775251670.0130959,13,1946.32,0.0,0
1775251670.0130959,12,1947.44,0.0,0
1775251670.0130959,9,1948.54,0.0,0
1775251670.0130959,14,1948.54,0.0,0
1775251670.0130959,15,1950.05,0.0,0
1775251670.0130959,16,1952.70,0.0,0
1775251670.0130959,17,1952.70,83.3,0
1775251670.0130959,19,1953.94,0.0,0
1775251670.0130959,18,1955.45,0.0,0
1775251670.0130959,20,1957.55,0.0,0
1775251670.068252,21,2011.47,20.7,0
1775251670.010031,1,2125.07,21.3,0
1775251670.7838151,22,1352.38,0.0,0
1775251670.838133,23,2114.90,7.5,0
1775251670.9121618,24,2046.90,0.0,0
1775251670.9131725,27,2047.00,0.0,0
1775251670.912666,26,2048.50,0.0,0
1775251670.912666,25,2049.50,0.0,0
1775251670.9131725,28,2049.99,0.0,0
1775251670.9131725,29,2050.50,0.0,0
1775251670.9131725,30,2051.51,0.0,0
1775251670.9131725,31,2053.01,0.0,0
1775251670.9141817,32,2053.01,33.3,0
1775251670.9141817,33,2054.01,0.0,0
1775251670.9151804,34,2054.52,0.0,0
1775251670.9151804,35,2055.53,0.0,0
1775251670.9156876,37,2055.52,0.0,0
1775251670.9151804,36,2057.04,0.0,0
1775251670.9156876,38,2057.53,0.0,0
1775251670.9166968,39,2058.03,0.0,0
1775251671.9436584,2,1855.61,2.1,0
1775251672.0755923,9,1783.46,3.8,0
1775251672.073575,4,1786.48,0.0,0
1775251672.0745835,5,1787.58,0.0,0
1775251672.0745835,6,1788.61,0.0,0
1775251672.0745835,7,1790.87,0.0,0
1775251672.0755923,8,1790.87,0.0,0
1775251672.073575,2,1793.90,0.0,0
1775251672.076184,11,1793.29,0.0,0
1775251672.0755923,10,1793.88,0.0,0
1775251672.073575,3,1797.72,0.0,0
1775251672.076184,12,1795.62,0.0,0
1775251672.076184,13,1797.01,62.5,0
1775251672.076184,14,1798.01,0.0,0
1775251672.076184,15,1799.20,0.0,0
1775251671.8859665,1,1989.42,0.0,0
1775251672.1325858,16,1855.79,0.9,0
1775251672.0730667,1,1971.17,0.0,0
1775251672.9518185,17,1094.44,18.2,0
1775251672.955057,18,2010.17,6.0,0
1775251673.0268395,3,1994.11,7.9,0
1775251673.0268395,4,1996.12,0.0,0
1775251673.0268395,2,1997.62,0.0,0
1775251673.0268395,5,1998.63,0.0,0
1775251673.0278633,7,1999.59,0.0,0
1775251673.0268395,6,2001.66,40.0,0
1775251673.0278633,8,2003.15,0.0,0
1775251673.028895,9,2003.27,0.0,0
1775251673.028895,10,2004.28,0.0,0
1775251673.028895,11,2005.28,0.0,0
1775251673.028895,12,2006.79,0.0,0
1775251673.028895,13,2007.80,0.0,0
1775251673.0299144,15,2009.78,0.0,0
1775251673.0299144,14,2012.69,0.0,0
1775251673.0299144,16,2013.71,0.0,0
1775251673.0299144,17,2015.71,60.0,0
1775251673.0299144,18,2017.22,0.0,0
1775251673.03099,19,2018.00,0.0,0
1775251673.796544,20,1361.65,18.8,0
1775251673.0263286,1,2898.14,13.5,0
1775251673.8559089,21,2070.09,0.0,0
1775251673.979066,24,2056.46,5.3,0
1775251673.9815986,26,2055.10,0.0,0
1775251673.979066,22,2058.84,0.0,0
1775251673.979066,23,2061.02,0.0,0
1775251673.979066,25,2062.21,0.0,0
1775251673.982613,27,2060.07,0.0,0
1775251673.982613,28,2061.07,100.0,0
1775251673.982613,29,2062.57,11.1,0
1775251673.982613,30,2064.57,0.0,0
1775251673.9836342,34,2064.58,0.0,0
1775251673.982613,31,2066.61,0.0,0
1775251673.9836342,32,2066.79,0.0,0
1775251673.9836342,33,2067.99,0.0,0
1775251673.9836342,35,2069.27,0.0,0
1775251673.9836342,36,2070.28,0.0,0
1775251673.9836342,38,2077.65,40.0,0
1775251673.9836342,37,2079.16,0.0,0
1775251674.9629312,2,1922.69,8.8,0
1775251674.0420725,1,2844.63,0.0,0
1775251675.1521752,5,1841.58,5.3,0
1775251675.1521752,4,1841.58,0.0,0
1775251675.1521752,3,1844.12,0.0,0
1775251675.1510603,2,1846.23,0.0,0
1775251675.1532006,7,1844.60,25.0,0
1775251675.1521752,6,1847.13,0.0,0
1775251675.1532006,8,1847.18,0.0,0
1775251675.154192,9,1847.19,0.0,0
1775251675.154192,10,1848.46,0.0,0
1775251675.154192,12,1849.55,0.0,0
1775251675.154192,11,1850.87,0.0,0
1775251675.154192,14,1851.88,0.0,0
1775251675.154192,13,1852.48,0.0,0
1775251675.155193,15,1852.49,0.0,0
1775251675.9213936,16,1092.71,12.5,0
1775251675.0178764,1,1997.74,0.0,0
1775251676.0551617,2,2039.41,3.9,0
1775251676.0551617,3,2041.97,0.0,0
1775251676.0551617,5,2042.98,0.0,0
1775251676.0551617,4,2043.98,0.0,0
1775251676.0562844,6,2045.01,0.0,0
1775251676.0562844,8,2046.52,0.0,0
1775251676.0562844,7,2047.84,0.0,0
1775251676.0572839,9,2047.99,0.0,0
1775251676.0572839,11,2049.14,0.0,0
1775251676.0572839,10,2050.32,40.0,0
1775251676.0572839,12,2051.34,0.0,0
1775251676.0572839,13,2052.36,0.0,0
1775251676.0572839,14,2052.93,0.0,0
1775251676.0572839,15,2053.95,0.0,0
1775251676.0572839,16,2055.46,0.0,0
1775251676.0572839,17,2056.94,0.0,0
1775251676.0582848,19,2056.95,0.0,0
1775251676.0582848,18,2058.18,0.0,0
1775251676.0582848,20,2059.37,0.0,0
1775251676.1667168,21,2011.74,3.1,0
1775251676.0314996,1,2148.47,0.0,0
1775251676.8841043,22,1350.98,1.6,0
1775251676.9893901,23,2114.68,8.5,0
1775251677.009075,4,2151.97,4.9,0
1775251677.009075,3,2153.97,0.0,0
1775251677.009075,2,2155.49,0.0,0
1775251677.009075,5,2157.03,0.0,0
1775251677.009075,6,2158.55,0.0,0
1775251677.010075,7,2158.57,0.0,0
1775251677.010075,8,2160.95,27.3,0
1775251677.010075,9,2161.96,0.0,0
1775251677.0110743,10,2161.96,0.0,0
1775251677.0110743,11,2161.96,0.0,0
1775251677.0110743,13,2163.99,0.0,0
1775251677.0110743,14,2165.05,0.0,0
1775251677.0110743,12,2166.28,0.0,0
1775251677.0110743,15,2166.28,0.0,0
1775251677.0110743,16,2167.57,0.0,0
1775251677.0110743,17,2169.07,0.0,0
1775251677.0125806,18,2168.74,0.0,0
1775251677.9819381,19,1259.19,1.6,0
1775251677.009075,1,2946.33,6.8,0
1775251678.169106,2,1897.25,15.5,0
1775251678.1696343,5,1898.74,0.0,0
1775251678.1696343,4,1900.82,0.0,0
1775251678.1696343,3,1901.89,0.0,0
1775251678.1696343,6,1903.41,0.0,0
1775251678.1707277,8,1903.85,0.0,0
1775251678.1707277,7,1904.40,0.0,0
1775251678.171374,9,1905.27,22.2,0
1775251678.171374,10,1906.28,0.0,0
1775251678.171374,12,1907.28,0.0,0
1775251678.171374,11,1908.28,0.0,0
1775251678.172697,13,1908.28,0.0,0
1775251678.172697,14,1908.28,0.0,0
1775251678.172697,15,1910.57,0.0,0
1775251678.232918,16,1856.95,0.0,0
1775251678.0919223,1,1998.52,0.0,0
1775251679.1562274,2,2007.21,11.9,0
1775251679.2326052,3,1988.00,6.6,0
1775251679.2336135,6,1988.61,0.0,0
1775251679.2326052,5,1990.62,0.0,0
1775251679.2336135,7,1991.11,0.0,0
1775251679.2336135,8,1993.12,0.0,0
1775251679.2326052,4,1994.63,0.0,0
1775251679.2336135,9,1996.13,0.0,0
1775251679.2336135,10,1997.21,0.0,0
1775251679.2351205,12,1996.70,37.5,0
1775251679.2351205,11,1998.87,0.0,0
1775251679.2351205,14,1999.88,0.0,0
1775251679.2351205,13,1999.88,0.0,0
1775251679.2351205,15,2001.44,0.0,0
1775251679.23613,17,2001.43,0.0,0
1775251679.23613,18,2002.43,0.0,0
1775251679.23613,16,2003.43,0.0,0
1775251679.23613,19,2004.43,0.0,0
1775251679.23613,20,2005.94,0.0,0
1775251679.23713,21,2005.95,0.0,0
1775251679.1014254,1,2142.66,0.0,0
1775251679.953394,22,1297.84,40.0,0
1775251680.0832703,2,2042.54,4.2,0
1775251680.0842667,4,2043.54,0.0,0
1775251680.0842667,3,2044.54,0.0,0
1775251680.0852685,7,2045.78,0.0,0
1775251680.0842667,5,2047.98,0.0,0
1775251680.0852685,8,2048.05,0.0,0
1775251680.0842667,6,2051.03,0.0,0
1775251680.0852685,9,2051.04,0.0,0
1775251680.0852685,10,2052.05,0.0,0
1775251680.0852685,11,2053.45,16.7,0
1775251680.0863738,13,2053.85,0.0,0
1775251680.0852685,12,2055.96,0.0,0
1775251680.0863738,14,2055.86,0.0,0
1775251680.0863738,15,2056.86,0.0,0
1775251680.0863738,17,2168.25,1.8,0
1775251680.0863738,16,2170.29,0.0,0
1775251680.0863738,18,2172.29,0.0,0
1775251680.0631738,1,2251.01,1.6,0
1775251680.143299,19,2170.89,0.0,0
1775251681.2164607,2,1865.40,9.4,0
1775251681.2450845,3,1943.17,19.1,0
1775251681.2450845,6,1945.17,0.0,0
1775251681.2450845,4,1946.59,0.0,0
1775251681.2450845,5,1947.63,0.0,0
1775251681.2450845,7,1949.92,0.0,0
1775251681.2460861,9,1949.91,0.0,0
1775251681.2450845,8,1953.02,0.0,0
1775251681.2460861,10,1953.02,0.0,0
1775251681.2460861,11,1954.64,0.0,0
1775251681.2460861,12,1955.43,26.7,0
1775251681.247089,13,1955.43,0.0,0
1775251681.247089,14,1956.93,0.0,0
1775251681.247089,15,1958.22,0.0,0
1775251681.247089,16,1959.22,0.0,0
1775251681.247089,17,1960.23,0.0,0
1775251681.1614022,1,2053.21,0.0,0
1775251681.9645839,18,1250.03,0.0,0
1775251682.2454367,2,1940.63,8.5,0
1775251682.2464437,4,1940.63,0.0,0
1775251682.247457,5,1940.62,0.0,0
1775251682.2464437,3,1942.63,0.0,0
1775251682.247457,6,1942.62,0.0,0
1775251682.247457,7,1943.62,0.0,0
1775251682.247457,8,1945.62,0.0,0
1775251682.247457,9,1946.62,0.0,0
1775251682.247457,10,1947.62,0.0,0
1775251682.249126,11,1946.95,0.0,0
1775251682.249126,13,1947.95,0.0,0
1775251682.249126,12,1948.45,0.0,0
1775251682.249126,14,1949.96,0.0,0
1775251682.249126,15,1950.51,0.0,0
1775251682.249126,16,1951.54,36.4,0
1775251682.249126,17,1953.59,0.0,0
1775251682.2505426,18,1953.17,0.0,0
1775251682.2505426,19,1953.17,0.0,0
1775251682.2505426,20,1954.59,0.0,0
1775251682.3116474,21,2006.56,9.6,0
1775251682.122258,1,2195.95,0.0,0
1775251683.2084863,3,1930.22,6.5,0
1775251683.2084863,2,1932.36,0.0,0
1775251683.2084863,5,1933.64,0.0,0
1775251683.2094877,6,1933.73,0.0,0
1775251683.2094877,7,1934.83,0.0,0
1775251683.2094877,8,1935.93,0.0,0
1775251683.2084863,4,1938.31,0.0,0
1775251683.2094877,9,1937.81,0.0,0
1775251683.2094877,10,1939.42,0.0,0
1775251683.2094877,11,1940.52,0.0,0
1775251683.2094877,13,1942.28,0.0,0
1775251683.2110813,14,1940.69,0.0,0
1775251683.2094877,12,1944.78,50.0,0
1775251683.2110813,15,1944.31,0.0,0
1775251683.2110813,16,1945.31,0.0,0
1775251683.2120867,17,1945.30,0.0,0
1775251683.2084863,1,2719.78,7.4,0
1775251684.308267,4,1678.89,10.1,0
1775251684.308267,3,1679.89,0.0,0
1775251684.308267,2,1681.31,0.0,0
1775251684.3092797,6,1680.93,0.0,0
1775251684.308267,5,1682.98,0.0,0
1775251684.3092797,7,1683.99,0.0,0
1775251684.3092797,8,1685.02,0.0,0
1775251684.309915,9,1685.38,0.0,0
1775251684.309915,10,1686.15,0.0,0
1775251684.3109865,11,1686.60,0.0,0
1775251684.3109865,12,1686.60,21.4,0
1775251684.3109865,14,1688.16,0.0,0
1775251684.3109865,13,1689.56,0.0,0
1775251684.3109865,15,1690.70,0.0,0
1775251684.179884,1,1831.64,0.0,0
1775251685.209875,2,1621.31,7.2,0
1775251685.209875,3,1623.83,0.0,0
1775251685.209875,6,1624.83,0.0,0
1775251685.209875,4,1625.33,0.0,0
1775251685.2108831,7,1625.33,0.0,0
1775251685.209875,5,1627.34,0.0,0
1775251685.2108831,9,1627.34,0.0,0
1775251685.2108831,8,1629.33,0.0,0
1775251685.2108831,10,1630.33,0.0,0
1775251685.2108831,11,1631.33,28.6,0
1775251685.21239,12,1630.83,0.0,0
1775251685.21239,13,1631.83,0.0,0
1775251685.21291,14,1632.31,0.0,0
1775251685.21291,15,1633.31,0.0,0
1775251685.21291,16,1634.38,0.0,0
1775251685.21291,17,1634.38,0.0,0
1775251685.2093556,1,2362.01,8.4,0
1775251685.984004,18,1588.37,0.0,0
1775251686.0029404,2,1678.79,0.0,0
1775251686.0039403,5,1679.79,0.0,0
1775251686.0029404,4,1682.30,80.0,0
1775251686.0029404,3,1683.31,0.0,0
1775251686.007519,6,1679.73,0.0,0
1775251686.007519,8,1681.22,0.0,0
1775251686.007519,7,1682.31,0.0,0
1775251686.007519,10,1683.32,0.0,0
1775251686.007519,9,1684.32,0.0,0
1775251686.007519,11,1685.32,0.0,0
1775251686.0085192,12,1686.32,0.0,0
1775251686.0085192,13,1687.32,0.0,0
1775251686.0085192,14,1797.44,7.1,0
1775251686.0130253,15,1793.93,0.0,0
1775251686.0029404,1,1858.37,6.5,0
1775251686.827339,16,1035.48,0.0,0
1775251686.8287828,17,1749.55,9.1,0
1775251686.9498625,18,1633.08,0.0,0
1775251686.9508817,20,1633.06,0.0,0
1775251686.9498625,19,1635.08,0.0,0
1775251686.9513903,21,1635.11,0.0,0
1775251686.9513903,23,1636.12,0.0,0
1775251686.9513903,22,1636.67,0.0,0
1775251686.9524055,24,1636.67,0.0,0
1775251686.9533992,25,1636.94,0.0,0
1775251686.9533992,26,1638.12,100.0,0
1775251686.9533992,27,1639.14,0.0,0
1775251686.9533992,28,1640.16,0.0,0
1775251686.9533992,29,1641.42,0.0,0
1775251686.9533992,30,1641.42,0.0,0
1775251686.9549825,31,1641.31,0.0,0
1775251687.6780787,2,1642.43,2.2,0
1775251687.7999866,5,1679.19,11.9,0
1775251687.7984717,3,1682.61,0.0,0
1775251687.7999866,6,1683.27,62.5,0
1775251687.7989824,4,1685.27,0.0,0
1775251687.7999866,7,1686.79,0.0,0
1775251687.7999866,8,1687.79,0.0,0
1775251687.8009865,9,1689.27,0.0,0
1775251687.8009865,10,1691.99,0.0,0
1775251687.8009865,12,1694.14,0.0,0
1775251687.8009865,13,1696.09,0.0,0
1775251687.8009865,11,1697.69,68.8,0
1775251687.8019907,14,1698.27,0.0,0
1775251687.8019907,15,1699.43,0.0,0
1775251687.8019907,16,1708.62,0.0,0
1775251687.5689292,1,1942.79,0.0,0
1775251687.8591504,17,1654.07,68.8,0
1775251688.579837,2,1705.62,4.6,0
1775251688.6480615,4,1694.51,3.3,0
1775251688.6480615,3,1695.07,0.0,0
1775251688.6492236,5,1695.18,0.0,0
1775251688.6492236,6,1696.31,0.0,0
1775251688.6498334,8,1697.20,0.0,0
1775251688.6498334,7,1698.44,0.0,0
1775251688.6498334,9,1699.43,0.0,0
1775251688.6498334,10,1699.43,0.0,0
1775251688.6508992,11,1700.14,0.0,0
1775251688.6519208,13,1700.58,0.0,0
1775251688.6508992,12,1702.69,0.0,0
1775251688.6519208,14,1702.67,0.0,0
1775251688.6519208,15,1703.78,0.0,0
1775251688.6529264,16,1702.77,0.0,0
1775251688.5755389,1,1837.87,7.6,0
1775251689.4761496,2,1754.06,4.6,0
1775251689.5035512,4,1834.87,7.7,0
1775251689.5025508,3,1836.87,0.0,0
1775251689.5035512,5,1837.94,0.0,0
1775251689.5045993,6,1837.91,12.5,0
1775251689.5045993,8,1839.27,0.0,0
1775251689.5045993,7,1840.44,0.0,0
1775251689.5045993,9,1842.46,0.0,0
1775251689.5056996,11,1842.73,0.0,0
1775251689.5045993,10,1844.34,0.0,0
1775251689.5056996,12,1844.30,0.0,0
1775251689.5056996,13,1845.30,0.0,0
1775251689.5062065,14,1845.80,0.0,0
1775251689.5062065,15,1847.22,0.0,0
1775251689.5062065,16,1848.72,0.0,0
1775251689.5067146,17,1849.29,0.0,0
1775251689.5067146,18,1850.29,100.0,0
1775251689.3173769,1,2047.05,28.6,0
1775251689.5158541,19,1849.57,0.0,0
1775251690.3385627,2,1744.92,13.1,0
1775251690.4079003,3,1732.39,11.8,0
1775251690.4089065,6,1732.38,0.0,0
1775251690.4079003,4,1735.78,0.0,0
1775251690.4089065,9,1735.80,0.0,0
1775251690.4089065,5,1736.86,0.0,0
1775251690.4089065,8,1738.26,0.0,0
1775251690.4089065,7,1740.19,0.0,0
1775251690.4089065,10,1741.50,0.0,0
1775251690.4109085,11,1740.88,0.0,0
1775251690.4109085,12,1741.47,0.0,0
1775251690.4109085,14,1742.71,0.0,0
1775251690.4109085,13,1743.90,36.4,0
1775251690.411905,15,1743.91,0.0,0
1775251690.283951,1,1879.23,0.0,0
1775251691.3588598,3,1574.04,4.3,0
1775251691.3588598,7,1575.37,0.0,0
1775251691.3578398,2,1577.39,91.7,0
1775251691.3588598,4,1577.72,0.0,0
1775251691.3588598,6,1578.89,0.0,0
1775251691.3588598,5,1578.89,0.0,0
1775251691.3588598,8,1580.93,0.0,0
1775251691.3598685,9,1580.96,0.0,0
1775251691.3598685,10,1581.96,0.0,0
1775251691.3598685,11,1582.96,0.0,0
1775251691.3598685,14,1582.96,0.0,0
1775251691.3609211,15,1583.03,0.0,0
1775251691.3598685,12,1585.27,0.0,0
1775251691.3598685,13,1586.35,0.0,0
1775251691.3352585,1,1670.84,3.1,0
1775251691.4176986,16,1642.97,6.0,0
1775251692.1353984,2,1894.62,4.6,0
1775251692.1578119,3,1927.39,5.9,0
1775251692.1578119,4,1929.73,0.0,0
1775251692.1578119,5,1930.78,0.0,0
1775251692.1578119,6,1932.15,0.0,0
1775251692.1578119,7,1933.38,0.0,0
1775251692.1588235,8,1933.46,16.7,0
1775251692.1588235,9,1934.50,0.0,0
1775251692.1588235,10,1935.67,0.0,0
1775251692.1588235,11,1937.29,0.0,0
1775251692.1598134,12,1937.35,0.0,0
1775251692.1598134,13,1939.35,0.0,0
1775251692.1598134,14,1939.35,0.0,0
1775251692.1598134,16,1941.42,0.0,0
1775251692.1598134,15,1942.85,0.0,0
1775251692.1598134,18,1943.36,0.0,0
1775251692.1598134,17,1944.76,0.0,0
1775251692.1598134,19,1946.78,0.0,0
1775251692.1611772,20,1946.41,70.0,0
1775251692.0809755,1,2026.62,0.0,0
1775251692.1636837,21,1953.01,0.0,0
1775251692.9298954,22,1906.99,2.7,0
1775251692.9989865,23,1838.89,0.0,0
1775251692.9989865,25,1840.34,0.0,0
1775251692.9979773,24,1842.35,0.0,0
1775251692.9994946,26,1842.83,28.6,0
1775251692.9994946,27,1843.91,0.0,0
1775251693.000514,2,1844.11,0.0,0
1775251693.000514,3,1845.27,0.0,0
1775251693.0015051,4,1844.28,0.0,0
1775251693.0015051,5,1846.37,0.0,0
1775251693.0015051,6,1847.39,0.0,0
1775251693.0015051,7,1848.90,0.0,0
1775251693.0025046,8,1848.91,0.0,0
1775251693.0025046,9,1849.91,0.0,0
1775251693.0586689,10,1958.08,6.3,0
1775251693.000514,1,2017.23,0.0,0
1775251694.0821822,2,1651.11,5.0,0
1775251694.1085906,3,1679.01,26.0,0
1775251694.1085906,4,1680.01,0.0,0
1775251694.1085906,6,1681.01,0.0,0
1775251694.1085906,5,1683.01,0.0,0
1775251694.1100378,7,1682.56,0.0,0
1775251694.1100378,8,1683.56,0.0,0
1775251694.1116428,11,1682.96,0.0,0
1775251694.1100378,10,1685.57,28.6,0
1775251694.1100378,9,1685.57,0.0,0
1775251694.1116428,12,1686.02,0.0,0
1775251694.1116428,13,1687.33,0.0,0
1775251694.1116428,14,1688.34,0.0,0
1775251694.1131678,15,1687.82,0.0,0
1775251694.0285091,1,1772.48,0.0,0
1775251694.8281634,16,979.78,0.0,0
1775251694.8333635,17,1944.49,10.7,0
1775251694.954103,19,1824.75,33.3,0
1775251694.954103,18,1826.26,0.0,0
1775251694.95511,20,1826.47,0.0,0
1775251694.95511,21,1827.70,0.0,0
1775251694.95511,22,1827.70,0.0,0
1775251694.95511,23,1829.19,0.0,0
1775251694.9580243,24,1827.78,0.0,0
1775251694.9580243,25,1828.94,0.0,0
1775251694.9580243,26,1830.15,0.0,0
1775251694.9580243,27,1830.73,0.0,0
1775251694.9580243,28,1832.75,0.0,0
1775251694.9580243,29,1832.75,0.0,0
1775251694.9590461,30,1833.22,0.0,0
1775251694.9590461,31,1834.72,0.0,0
1775251694.9590461,33,1836.04,44.4,0
1775251694.9590461,32,1837.13,100.0,0
1775251694.9590461,34,1843.94,0.0,0
1775251694.9590461,35,1846.06,0.0,0
1775251695.7316616,2,1891.67,5.4,0
1775251695.785596,3,1838.74,33.3,0
1775251695.785596,4,1840.13,0.0,0
1775251695.0146604,1,2616.23,0.0,0
1775251695.803108,5,1829.39,0.0,0
1775251695.803108,6,1830.40,0.0,0
1775251695.803108,8,1831.96,0.0,0
1775251695.803108,7,1832.97,0.0,0
1775251695.803108,9,1833.97,0.0,0
1775251695.803108,10,1834.97,0.0,0
1775251695.803108,11,1835.98,20.0,0
1775251695.803108,12,1836.98,0.0,0
1775251695.803108,13,1837.98,0.0,0
1775251695.8045533,14,1837.53,0.0,0
1775251695.8045533,16,1838.53,0.0,0
1775251695.8045533,15,1839.53,0.0,0
1775251696.7758534,2,1745.28,9.2,0
1775251696.797397,5,1724.75,0.0,0
1775251696.797397,4,1725.74,0.0,0
1775251696.797397,6,1727.25,0.0,0
1775251696.797397,3,1728.65,0.0,0
1775251696.797397,7,1729.95,0.0,0
1775251696.797397,8,1730.97,0.0,0
1775251696.7989774,9,1729.39,22.2,0
1775251696.7989774,10,1731.91,0.0,0
1775251696.7989774,11,1732.90,0.0,0
1775251696.7989774,12,1733.90,0.0,0
1775251696.7989774,14,1734.49,0.0,0
1775251696.7989774,13,1734.49,0.0,0
1775251696.7999845,15,1735.27,0.0,0
1775251696.7999845,16,1737.45,0.0,0
1775251696.6708455,1,1867.58,0.0,0
1775251696.957849,17,1639.22,10.8,0
1775251696.960295,18,1640.83,0.0,0
1775251697.6277611,2,1792.37,2.2,0
1775251697.645084,4,1776.62,0.0,0
1775251697.6460893,5,1776.62,0.0,0
1775251697.645084,3,1779.13,0.0,0
1775251697.6466706,7,1779.55,0.0,0
1775251697.6460893,6,1781.13,0.0,0
1775251697.6466706,8,1781.55,0.0,0
1775251697.647189,9,1782.54,0.0,0
1775251697.647189,10,1783.54,0.0,0
1775251697.647189,11,1784.54,0.0,0
1775251697.6483724,12,1784.36,0.0,0
1775251697.6483724,13,1785.36,0.0,0
1775251697.6483724,14,1787.37,43.8,0
1775251697.648878,15,1787.42,0.0,0
1775251697.648878,16,1788.42,0.0,0
1775251697.648878,17,1789.42,0.0,0
1775251697.6277611,1,2480.75,7.5,0
1775251698.5905616,2,1627.45,9.8,0
1775251698.5905616,3,1629.97,0.0,0
1775251698.5905616,4,1631.49,0.0,0
1775251698.5915675,6,1631.68,0.0,0
1775251698.5905616,5,1633.69,0.0,0
1775251698.5915675,7,1634.79,0.0,0
1775251698.592567,8,1634.99,0.0,0
1775251698.592567,9,1636.08,0.0,0
1775251698.5935674,10,1636.20,0.0,0
1775251698.5935674,11,1637.21,0.0,0
1775251698.5935674,12,1638.35,100.0,0
1775251698.5935674,13,1639.57,20.0,0
1775251698.5945668,14,1697.01,1.9,0
1775251698.5990748,15,1693.68,0.0,0
1775251698.5895534,1,1706.27,30.0,0
1775251699.4905896,3,1523.47,7.9,0
1775251699.4905896,5,1525.99,0.0,0
1775251699.4905896,4,1526.98,0.0,0
1775251699.4905896,2,1528.13,0.0,0
1775251699.4915986,6,1528.12,0.0,0
1775251699.4915986,7,1529.17,0.0,0
1775251699.4915986,9,1529.72,0.0,0
1775251699.4915986,8,1530.99,0.0,0
1775251699.4915986,10,1531.99,0.0,0
1775251699.4927862,11,1532.31,0.0,0
1775251699.4927862,13,1532.31,0.0,0
1775251699.4927862,12,1534.28,0.0,0
1775251699.4927862,14,1535.54,0.0,0
1775251699.4153988,1,1612.92,11.1,0
1775251700.2138052,2,1739.72,2.6,0
1775251700.2844298,3,1777.27,2.7,0
1775251700.2849507,4,1778.25,14.3,0
1775251700.2854962,6,1778.72,0.0,0
1775251700.2854962,5,1780.74,0.0,0
1775251700.2870178,8,1780.22,0.0,0
1775251700.2860067,7,1783.74,0.0,0
1775251700.2870178,9,1783.85,0.0,0
1775251700.2870178,11,1784.38,0.0,0
1775251700.2870178,10,1785.38,0.0,0
1775251700.2880175,13,1785.63,0.0,0
1775251700.2880175,12,1787.20,0.0,0
1775251700.2880175,14,1788.49,37.5,0
1775251700.2880175,15,1789.49,0.0,0
1775251700.2890167,16,1789.60,0.0,0
1775251700.2890167,17,1790.60,0.0,0
1775251700.2890167,18,1792.10,0.0,0
1775251700.2890167,19,1793.11,0.0,0
1775251700.1069944,1,1982.67,0.0,0
1775251700.2948172,20,1795.84,0.0,0
1775251701.081242,3,1730.89,12.7,0
1775251701.081242,4,1732.39,0.0,0
1775251701.081242,5,1733.40,0.0,0
1775251701.081242,6,1734.90,0.0,0
1775251701.081242,2,1735.91,0.0,0
1775251701.0822499,8,1735.90,0.0,0
1775251701.0832515,9,1736.40,0.0,0
1775251701.0822499,7,1739.06,0.0,0
1775251701.0832515,10,1739.58,0.0,0
1775251701.0832515,12,1739.58,0.0,0
1775251701.0832515,11,1741.09,0.0,0
1775251701.0842488,13,1742.10,41.7,0
1775251701.0842488,14,1743.12,0.0,0
1775251701.9520133,15,935.09,11.5,0
1775251701.080726,1,2570.44,3.1,0
1775251702.0831244,3,1675.58,9.6,0
1775251702.082122,2,1677.59,0.0,0
1775251702.0831244,4,1678.58,0.0,0
1775251702.0831244,5,1678.58,0.0,0
1775251702.0841227,7,1679.09,66.7,0
1775251702.0841227,6,1680.42,16.7,0
1775251702.0841227,8,1681.42,0.0,0
1775251702.0841227,9,1681.92,0.0,0
1775251702.0841227,10,1683.44,0.0,0
1775251702.0841227,11,1684.79,0.0,0
1775251702.0841227,12,1685.79,0.0,0
1775251702.0851228,14,1685.85,0.0,0
1775251702.0851228,15,1686.93,0.0,0
1775251702.0841227,13,1689.02,0.0,0
1775251702.0851228,16,1689.02,0.0,0
1775251702.0581357,1,1774.82,3.1,0
1775251702.0926595,17,1741.29,0.0,0
1775251702.7550626,18,1081.41,0.0,0
1775251702.8798156,22,1829.40,7.9,0
1775251702.8793015,21,1830.91,0.0,0
1775251702.8793015,20,1832.38,0.0,0
1775251702.8787968,19,1834.39,0.0,0
1775251702.8798156,23,1835.19,0.0,0
1775251702.8798156,24,1835.73,0.0,0
1775251702.8798156,25,1837.17,38.5,0
1775251702.8798156,26,1838.85,0.0,0
1775251702.8813598,27,1838.31,0.0,0
1775251702.8813598,28,1839.38,0.0,0
1775251702.8819063,29,1839.38,0.0,0
1775251702.8819063,30,1840.46,0.0,0
1775251702.8819063,31,1842.53,0.0,0
1775251702.8819063,32,1843.04,0.0,0
1775251702.8819063,33,1844.41,0.0,0
1775251702.8819063,34,1845.81,0.0,0
1775251702.8831236,35,1845.94,0.0,0
1775251703.756708,2,1746.93,6.8,0
1775251703.8257399,3,1735.68,3.8,0
1775251703.8257399,4,1738.20,0.0,0
1775251703.8267558,5,1738.69,0.0,0
1775251703.8267558,6,1740.26,0.0,0
1775251703.8285778,7,1739.45,0.0,0
1775251703.8296063,9,1738.42,0.0,0
1775251703.8296063,8,1740.93,0.0,0
1775251703.8296063,10,1741.96,0.0,0
1775251703.8296063,11,1741.96,0.0,0
1775251703.8296063,12,1743.08,0.0,0
1775251703.8296063,13,1744.58,0.0,0
1775251703.8296063,14,1746.14,0.0,0
1775251703.8296063,15,1746.14,25.0,0
1775251703.6486363,1,1928.25,0.0,0
1775251703.83546,16,1748.02,0.0,0
1775251704.706165,2,1800.12,6.2,0
1775251704.7811253,3,1728.68,0.0,0
1775251704.7811253,6,1730.70,0.0,0
1775251704.7811253,5,1731.68,0.0,0
1775251704.7811253,4,1733.01,28.6,0
1775251704.7821345,7,1734.08,0.0,0
1775251704.7821345,9,1734.08,0.0,0
1775251704.7821345,8,1735.60,0.0,0
1775251704.783137,10,1736.60,0.0,0
1775251704.783137,12,1737.10,0.0,0
1775251704.783137,11,1739.12,0.0,0
1775251704.7841349,14,1739.12,0.0,0
1775251704.7841349,13,1740.12,0.0,0
1775251704.7841349,15,1740.63,0.0,0
1775251704.7841349,16,1742.63,0.0,0
1775251704.7841349,17,1743.63,0.0,0
1775251704.7851365,18,1742.63,0.0,0
1775251704.7040975,1,1824.67,16.7,0
1775251705.55842,2,1791.69,10.8,0
1775251705.5778828,4,1931.17,18.9,0
1775251705.5778828,3,1933.17,0.0,0
1775251705.5778828,5,1934.17,0.0,0
1775251705.5778828,6,1935.17,0.0,0
1775251705.5778828,7,1936.69,33.3,0
1775251705.579388,8,1936.19,0.0,0
1775251705.5798936,10,1936.85,0.0,0
1775251705.579388,9,1938.35,0.0,0
1775251705.5798936,11,1939.88,0.0,0
1775251705.5798936,12,1940.89,0.0,0
1775251705.5798936,13,1942.42,0.0,0
1775251705.5798936,14,1943.52,0.0,0
1775251705.5798936,15,1945.03,0.0,0
1775251705.5798936,16,1946.52,0.0,0
1775251705.5809002,17,1946.51,0.0,0
1775251705.5007703,1,2034.62,37.5,0
1775251705.5809002,18,1955.50,0.0,0
1775251705.6367545,19,1900.65,0.0,0
1775251706.507297,2,1747.61,8.4,0
1775251706.5804179,4,1730.48,1.9,0
1775251706.5804179,3,1732.58,0.0,0
1775251706.5804179,5,1733.88,0.0,0
1775251706.5814476,6,1734.47,0.0,0
1775251706.5814476,7,1735.87,0.0,0
1775251706.5814476,9,1738.13,0.0,0
1775251706.5814476,8,1739.15,0.0,0
1775251706.5834708,11,1737.70,0.0,0
1775251706.5824738,10,1739.74,0.0,0
1775251706.5834708,12,1739.75,0.0,0
1775251706.5834708,13,1741.25,0.0,0
1775251706.5834708,14,1741.25,50.0,0
1775251706.5834708,15,1743.03,0.0,0
1775251706.5041423,1,1879.58,11.7,0
1775251707.5060577,2,1641.57,1.0,0
1775251707.5293555,5,1778.10,1.9,0
1775251707.5287702,4,1779.68,0.0,0
1775251707.5293555,6,1780.39,100.0,0
1775251707.5287702,3,1782.26,0.0,0
1775251707.5298734,8,1783.11,0.0,0
1775251707.5308802,9,1783.42,0.0,0
1775251707.5298734,7,1785.43,0.0,0
1775251707.5308802,12,1786.95,0.0,0
1775251707.5308802,10,1788.17,0.0,0
1775251707.5308802,11,1788.68,0.0,0
1775251707.5308802,14,1790.19,0.0,0
1775251707.5308802,13,1791.21,0.0,0
1775251707.5308802,15,1792.68,0.0,0
1775251707.5328798,16,1791.68,0.0,0
1775251707.5328798,17,1791.68,0.0,0
1775251707.5328798,18,1799.15,12.5,0
1775251707.3490958,1,1983.93,0.0,0
1775251707.5898175,19,1743.80,0.0,0
1775251708.3073878,2,1947.12,8.9,0
1775251708.3784416,3,1931.74,2.1,0
1775251708.3784416,5,1933.74,10.0,0
1775251708.3784416,4,1935.26,0.0,0
1775251708.3784416,6,1936.26,0.0,0
1775251708.3784416,7,1937.77,0.0,0
1775251708.3784416,8,1939.79,0.0,0
1775251708.3799634,10,1939.78,0.0,0
1775251708.3784416,9,1942.31,0.0,0
1775251708.3799634,11,1941.29,0.0,0
1775251708.3799634,12,1942.30,0.0,0
1775251708.3810184,14,1942.76,0.0,0
1775251708.3810184,13,1943.26,0.0,0
1775251708.3810184,15,1944.27,33.3,0
1775251708.3810184,16,1945.27,25.0,0
1775251708.3810184,17,1946.27,0.0,0
1775251708.3810184,18,1947.27,0.0,0
1775251708.3820877,19,1948.29,0.0,0
1775251708.253505,1,2136.34,5.7,0
1775251709.3043501,2,1799.63,7.1,0
1775251709.3260927,5,1836.66,0.0,0
1775251709.3260927,3,1837.81,0.0,0
1775251709.3260927,4,1839.61,0.0,0
1775251709.3284485,10,1838.48,0.0,0
1775251709.3279395,9,1840.39,0.0,0
1775251709.3279395,8,1842.49,54.5,0
1775251709.3274312,6,1844.59,0.0,0
1775251709.3279395,7,1845.25,0.0,0
1775251709.3284485,11,1845.74,0.0,0
1775251709.3284485,12,1846.86,0.0,0
1775251709.3284485,14,1847.92,0.0,0
1775251709.3284485,15,1849.16,0.0,0
1775251709.146087,1,2031.52,0.0,0
1775251709.3284485,13,1850.19,0.0,0
1775251709.3863032,16,1799.14,22.2,0
1775251710.3066735,2,1802.72,13.1,0
1775251710.3822465,4,1728.14,0.0,0
1775251710.3817265,3,1729.67,0.0,0
1775251710.3822465,5,1730.65,0.0,0
1775251710.3822465,7,1731.71,0.0,0
1775251710.3822465,6,1731.71,0.0,0
1775251710.3822465,8,1733.21,0.0,0
1775251710.3832626,9,1733.20,0.0,0
1775251710.3842537,11,1733.21,0.0,0
1775251710.3842537,10,1734.21,0.0,0
1775251710.3842537,12,1736.25,0.0,0
1775251710.3842537,13,1736.76,0.0,0
1775251710.3852596,14,1737.33,0.0,0
1775251710.3852596,16,1738.35,27.3,0
1775251710.3852596,15,1739.35,0.0,0
1775251710.3852596,17,1740.80,0.0,0
1775251710.3863366,18,1740.72,0.0,0
1775251710.2531028,1,1874.46,0.0,0
1775251711.158746,2,1924.63,9.5,0
1775251711.1796398,3,2011.49,4.3,0
1775251711.1796398,5,2012.50,0.0,0
1775251711.1796398,4,2014.59,0.0,0
1775251711.1811237,7,2015.11,0.0,0
1775251711.1796398,8,2018.10,0.0,0
1775251711.1796398,6,2019.12,0.0,0
1775251711.1811237,9,2019.15,0.0,0
1775251711.1811237,10,2020.15,22.2,0
1775251711.1821399,12,2020.44,0.0,0
1775251711.1811237,11,2022.48,0.0,0
1775251711.1821399,13,2022.46,0.0,0
1775251711.1821399,15,2023.47,0.0,0
1775251711.1821399,14,2024.52,0.0,0
1775251711.1821399,16,2025.69,0.0,0
1775251711.1821399,17,2026.88,0.0,0
1775251711.1821399,18,2027.90,0.0,0
1775251711.1821399,19,2028.91,0.0,0
1775251711.1014478,1,2116.53,50.0,0
1775251711.1877465,20,2031.74,0.0,0
1775251712.1073687,2,1878.69,6.4,0
1775251712.1799712,7,1811.84,0.0,0
1775251712.178953,3,1813.93,0.0,0
1775251712.1799712,8,1814.30,0.0,0
1775251712.1799712,6,1815.30,0.0,0
1775251712.178953,5,1817.36,0.0,0
1775251712.178953,4,1818.36,0.0,0
1775251712.1799712,9,1817.85,66.7,0
1775251712.1825676,10,1816.76,0.0,0
1775251712.1825676,11,1817.30,0.0,0
1775251712.1825676,12,1818.56,0.0,0
1775251712.1825676,13,1819.78,0.0,0
1775251712.183572,14,1819.79,0.0,0
1775251712.1042295,1,1900.35,0.0,0
1775251712.1846564,15,1820.92,0.0,0
1775251713.1880217,2,1740.00,2.4,0
1775251713.2124145,5,1772.92,16.2,0
1775251713.2124145,4,1775.52,0.0,0
1775251713.2129228,6,1776.52,0.0,0
1775251713.2110453,3,1779.43,0.0,0
1775251713.2129228,7,1779.57,0.0,0
1775251713.2134614,9,1780.03,0.0,0
1775251713.2134614,10,1781.33,0.0,0
1775251713.2134614,8,1782.68,0.0,0
1775251713.2134614,11,1783.68,80.0,0
1775251713.2134614,13,1785.56,0.0,0
1775251713.2134614,12,1785.56,0.0,0
1775251713.2134614,14,1787.64,0.0,0
1775251713.2144701,16,1787.74,0.0,0
1775251713.2144701,15,1788.74,0.0,0
1775251713.2144701,17,1789.74,0.0,0
1775251713.2144701,18,1790.74,0.0,0
1775251713.0813715,1,1923.84,0.0,0
1775251713.2709274,19,1794.76,25.8,0
1775251713.9850478,20,1136.20,0.0,0
1775251713.9880755,21,1949.70,7.3,0
1775251714.057709,2,1935.46,6.0,0
1775251714.057709,3,1937.81,0.0,0
1775251714.057709,5,1939.32,0.0,0
1775251714.057709,4,1940.42,42.9,0
1775251714.057709,7,1942.52,0.0,0
1775251714.057709,6,1943.76,0.0,0
1775251714.0591524,10,1943.59,0.0,0
1775251714.0591524,9,1944.74,0.0,0
1775251714.057709,8,1947.60,0.0,0
1775251714.059656,11,1947.23,0.0,0
1775251714.059656,12,1948.74,0.0,0
1775251714.059656,13,1950.12,0.0,0
1775251714.059656,14,1953.22,0.0,0
1775251714.059656,15,1954.31,41.7,0
1775251714.059656,16,1954.31,0.0,0
1775251714.0610046,17,1955.60,0.0,0
1775251714.9256752,18,1201.49,43.4,0
1775251714.057204,1,2684.59,4.3,0
1775251714.9833734,19,1759.41,0.0,0
1775251715.0582085,3,1742.55,4.7,0
1775251715.0582085,2,1743.55,0.0,0
1775251715.0592723,5,1743.49,0.0,0
1775251715.0582085,4,1745.55,0.0,0
1775251715.0592723,7,1746.49,0.0,0
1775251715.0592723,6,1747.49,0.0,0
1775251715.0592723,8,1747.49,0.0,0
1775251715.0592723,9,1749.59,0.0,0
1775251715.0605443,10,1748.86,0.0,0
1775251715.0605443,11,1749.88,33.3,0
1775251715.0605443,12,1750.91,0.0,0
1775251715.0605443,13,1752.42,0.0,0
1775251715.0667853,14,1856.78,6.8,0
1775251715.0571883,1,1922.53,0.0,0
1775251715.936765,15,1044.06,0.0,0
1775251715.9899976,16,1757.03,1.9,0
1775251716.118705,3,1683.22,7.8,0
1775251716.118705,2,1685.23,0.0,0
1775251716.118705,4,1686.30,0.0,0
1775251716.1210592,8,1684.95,0.0,0
1775251716.1198637,6,1687.39,0.0,0
1775251716.1198637,5,1688.54,0.0,0
1775251716.1198637,7,1689.54,0.0,0
1775251716.1210592,10,1689.49,53.8,0
1775251716.1210592,9,1691.21,0.0,0
1775251716.1221263,12,1690.66,0.0,0
1775251716.1210592,11,1692.73,0.0,0
1775251716.1221263,13,1693.17,0.0,0
1775251716.1221263,14,1695.43,0.0,0
1775251716.1221263,15,1696.52,0.0,0
1775251716.1235864,16,1696.06,0.0,0
1775251716.7392542,17,1190.91,8.7,0
1775251716.118705,1,2627.58,18.4,0
1775251716.7973475,18,1951.10,44.4,0
1775251716.916201,21,1890.26,3.6,0
1775251716.916201,20,1891.82,0.0,0
1775251716.916201,19,1892.84,0.0,0
1775251716.917226,24,1893.83,22.2,0
1775251716.917226,22,1894.83,0.0,0
1775251716.918292,25,1895.99,0.0,0
1775251716.918292,26,1897.04,0.0,0
1775251716.918292,27,1898.50,0.0,0
1775251716.917226,23,1900.68,0.0,0
1775251716.918292,30,1899.62,0.0,0
1775251716.918292,31,1901.32,0.0,0
1775251716.918292,29,1902.93,0.0,0
1775251716.919821,33,1901.40,0.0,0
1775251716.918292,28,1905.04,0.0,0
1775251716.919821,32,1904.52,0.0,0
1775251716.919821,34,1905.57,0.0,0
1775251716.9777396,35,1854.38,25.0,0
1775251717.799293,2,1853.07,3.6,0
1775251717.9221108,3,1734.38,23.1,0
1775251717.9221108,4,1735.55,0.0,0
1775251717.9221108,5,1736.71,0.0,0
1775251717.9231184,7,1736.82,0.0,0
1775251717.9231184,6,1736.82,0.0,0
1775251717.9231184,9,1738.01,0.0,0
1775251717.9231184,8,1739.50,0.0,0
1775251717.9246469,10,1738.48,0.0,0
1775251717.9246469,12,1739.81,0.0,0
1775251717.9246469,11,1741.31,0.0,0
1775251717.9256544,14,1740.88,0.0,0
1775251717.9246469,13,1742.92,0.0,0
1775251717.9256544,15,1742.91,0.0,0
1775251717.9256544,16,1743.91,28.6,0
1775251717.7454011,1,1925.36,0.0,0
1775251718.7500327,2,1845.70,6.1,0
1775251718.8266587,4,1775.63,0.0,0
1775251718.8266587,5,1777.31,0.0,0
1775251718.8266587,3,1778.31,0.0,0
1775251718.8266587,6,1779.90,0.0,0
1775251718.8266587,7,1780.92,16.7,0
1775251718.827924,8,1781.12,0.0,0
1775251718.827924,9,1782.41,0.0,0
1775251718.827924,11,1783.46,0.0,0
1775251718.827924,10,1783.46,0.0,0
1775251718.8289542,12,1783.94,0.0,0
1775251718.8289542,13,1785.54,0.0,0
1775251718.8289542,14,1786.56,0.0,0
1775251718.8289542,15,1788.61,0.0,0
1775251718.8289542,16,1789.72,0.0,0
1775251718.8289542,17,1790.72,0.0,0
1775251718.8289542,18,1791.88,0.0,0
1775251718.7436607,1,1878.46,0.0,0
1775251719.7235556,4,1672.49,4.4,0
1775251719.7225397,2,1675.02,0.0,0
1775251719.7261999,16,1672.88,0.0,0
1775251719.7235556,5,1677.98,0.0,0
1775251719.7235556,6,1678.98,0.0,0
1775251719.7261999,14,1677.35,75.0,0
1775251719.7235556,7,1681.93,11.1,0
1775251719.7245562,9,1682.34,0.0,0
1775251719.7235556,8,1684.60,0.0,0
1775251719.7261999,15,1683.15,0.0,0
1775251719.7245562,10,1686.09,0.0,0
1775251719.7225397,3,1689.11,0.0,0
1775251719.7245562,12,1687.10,0.0,0
1775251719.7245562,13,1689.02,0.0,0
1775251719.7245562,11,1690.04,0.0,0
1775251719.7225397,1,1749.79,10.9,0
1775251720.6242154,5,1310.95,0.9,0
1775251720.623215,2,1313.07,10.0,0
1775251720.6242154,3,1313.27,0.0,0
1775251720.6242154,7,1314.75,0.0,0
1775251720.6254797,10,1314.77,0.0,0
1775251720.6242154,8,1317.36,0.0,0
1775251720.6254797,9,1318.62,0.0,0
1775251720.6242154,6,1319.88,0.0,0
1775251720.6242154,4,1320.98,0.0,0
1775251720.623215,1,1736.65,1.7,0
1775251721.465774,2,1001.43,5.2,0
1775251721.4672792,4,1001.55,0.0,0
1775251721.4672792,3,1003.21,0.0,0
1775251721.4672792,6,1003.79,0.0,0
1775251721.4672792,5,1005.69,0.0,0
1775251721.4672792,7,1007.21,0.0,0
1775251721.4672792,8,1008.52,0.0,0
1775251721.4682794,9,1064.08,8.1,0
1775251721.4682794,10,1066.66,0.0,0
1775251721.465774,1,1072.98,0.0,0
1775251721.9976563,12,1003.98,17.6,0
1775251721.9976563,11,1004.97,0.0,0
1775251721.9976563,13,1006.25,0.0,0
1775251721.9976563,14,1008.25,0.0,0
1775251721.9991891,15,1007.79,0.0,0
1775251721.9991891,16,1009.14,0.0,0
1775251721.9991891,18,1010.57,0.0,0
1775251721.9991891,17,1011.66,0.0,0
1775251722.0002785,2,1012.53,0.0,0
1775251722.0002785,1,1478.37,6.0,0
1775251722.527836,3,952.32,0.0,0
1775251722.5288463,5,953.32,0.0,0
1775251722.527836,4,955.33,33.3,0
1775251722.5288463,7,955.32,0.0,0
1775251722.5288463,6,956.32,0.0,0
1775251722.5288463,8,960.35,0.0,0
1775251722.5365381,9,953.67,0.0,0
1775251722.5365381,10,955.03,0.0,0
1775251723.0154047,10,938.81,6.7,0
1775251723.0138993,8,995.22,0.0,0
1775251723.0138993,7,997.29,0.0,0
1775251723.0138993,9,998.79,0.0,0
1775251723.0138993,4,1000.32,9.1,0
1775251723.0138993,5,1001.82,0.0,0
1775251723.0138993,6,1003.71,0.0,0
1775251723.0138993,3,1005.74,0.0,0
1775251723.0138993,2,1006.75,0.0,0
1775251723.0128067,1,1165.89,1.3,0
1775251723.4866858,11,798.30,1.8,0
1775251723.4866858,12,800.43,0.0,0
1775251723.4866858,13,801.43,0.0,0
1775251723.4866858,15,1009.60,5.2,0
1775251723.4866858,14,1011.11,50.0,0
1775251723.4925704,16,1008.91,0.0,0
1775251723.4925704,17,1010.09,0.0,0
1775251723.5449507,18,958.95,0.0,0
1775251723.5459557,19,960.02,0.0,0
1775251724.1746619,3,643.71,17.3,0
1775251724.1746619,2,645.22,0.0,0
1775251724.1756725,4,645.50,0.0,0
1775251724.1756725,5,647.09,0.0,0
1775251724.176667,6,647.51,0.0,0
1775251724.176667,7,856.81,16.4,0
1775251724.2829857,9,754.52,0.0,0
1775251724.2829857,8,755.52,0.0,0
1775251724.4926689,10,547.87,0.0,0
1775251724.1746619,1,867.06,0.0,0
1775251724.506976,12,743.65,12.6,0
1775251724.506976,13,745.74,0.0,0
1775251724.506976,11,746.74,0.0,0
1775251724.5079753,14,747.74,0.0,0
1775251725.0300508,7,841.12,15.3,0
1775251725.0300508,6,842.13,75.0,0
1775251725.0300508,5,843.61,0.0,0
1775251725.0285294,4,847.16,0.0,0
1775251725.0285294,3,848.77,0.0,0
1775251725.0285294,2,850.06,0.0,0
1775251725.0312612,9,905.53,3.3,0
1775251725.0300508,8,908.26,0.0,0
1775251725.0349832,10,905.10,0.0,0
1775251725.0349832,11,905.63,0.0,0
1775251725.0360327,13,905.60,0.0,0
1775251725.0349832,12,907.64,0.0,0
1775251725.0285294,1,917.56,0.0,0
1775251725.256268,14,900.06,2.2,0
1775251725.2572782,16,901.07,0.0,0
1775251725.2572782,15,902.66,0.0,0
1775251725.562496,17,651.95,0.0,0
1775251725.5630207,18,959.80,3.7,0
1775251725.9312654,20,798.62,0.5,0
1775251725.9322722,21,799.13,0.0,0
1775251725.9312654,19,801.15,25.0,0
1775251725.9322722,22,801.68,0.0,0
1775251725.9322722,23,803.61,0.0,0
1775251725.9322722,24,805.75,0.0,0
1775251725.9332917,25,860.92,4.2,0
1775251725.9436276,27,852.15,14.3,0
1775251725.9436276,26,853.73,0.0,0
1775251725.9436276,28,853.73,0.0,0
1775251725.9450867,29,856.23,0.0,0
1775251726.521364,3,945.74,20.6,0
1775251726.5203133,2,948.37,0.0,0
1775251726.725986,4,743.69,0.0,0
1775251726.7271354,5,744.01,0.0,0
1775251726.211916,1,1416.19,8.1,0
1775251726.7905061,7,838.60,0.0,0
1775251726.789973,6,840.64,0.0,0
1775251726.7905061,9,841.54,0.0,0
1775251726.7905061,8,842.53,0.0,0
1775251726.7910495,12,842.99,0.0,0
1775251726.7905061,10,845.04,0.0,0
1775251726.7910495,11,845.50,0.0,0
1775251726.7926629,13,845.45,0.0,0
1775251726.7926629,14,849.50,21.4,0
1775251726.798973,15,845.19,0.0,0
1775251726.798973,16,846.19,0.0,0
1775251727.6251001,2,590.26,10.1,0
1775251727.6251001,3,592.27,18.2,0
1775251727.6261084,4,592.67,0.0,0
1775251727.6261084,5,594.41,0.0,0
1775251727.639125,6,639.41,9.3,0
1775251727.639125,7,640.91,22.2,0
1775251727.6401234,8,641.92,0.0,0
1775251727.6401234,9,642.92,0.0,0
1775251727.6401234,10,643.92,0.0,0
1775251727.6401234,11,645.94,0.0,0
1775251727.6401234,12,646.95,0.0,0
1775251727.6251001,1,667.41,0.0,0
1775251727.6492603,13,752.65,1.8,0
1775251727.650384,14,752.53,0.0,0
1775251727.8546774,15,960.63,3.0,0
1775251728.27303,5,1154.23,9.8,0
1775251728.27303,4,1156.72,0.0,0
1775251728.27303,3,1158.28,0.0,0
1775251728.27303,6,1159.40,0.0,0
1775251728.27455,8,1158.89,0.0,0
1775251728.27303,2,1160.41,0.0,0
1775251728.27455,7,1160.95,30.0,0
1775251728.2887833,9,1203.92,16.1,0
1775251728.2887833,10,1205.50,0.0,0
1775251728.2887833,11,1206.52,0.0,0
1775251728.2897966,12,1206.51,0.0,0
1775251728.2897966,14,1208.61,50.0,0
1775251728.2897966,13,1209.63,0.0,0
1775251728.2903755,15,1210.10,0.0,0
1775251728.2903755,17,1211.33,0.0,0
1775251728.2903755,18,1212.33,0.0,0
1775251728.2903755,16,1213.33,0.0,0
1775251728.2903755,19,1214.79,0.0,0
1775251728.2122588,1,1293.92,0.0,0
1775251728.3952587,20,1165.84,14.8,0
1775251728.3999002,21,1215.83,5.2,0
1775251728.4546747,22,1266.35,2.7,0
1775251728.813069,23,911.48,0.0,0
1775251728.8136275,24,912.93,0.0,0
1775251729.4875658,2,907.55,1.6,0
1775251729.4875658,5,909.57,0.0,0
1775251729.4875658,4,910.68,0.0,0
1775251729.4875658,3,911.78,0.0,0
1775251729.4888208,6,911.53,0.0,0
1775251729.4888208,7,912.77,0.0,0
1775251729.4888208,8,913.77,0.0,0
1775251729.4888208,9,915.19,0.0,0
1775251729.4899256,10,915.24,25.0,0
1775251729.4899256,12,916.24,0.0,0
1775251729.4899256,11,916.24,0.0,0
1775251729.5580733,14,907.72,0.0,0
1775251729.5580733,13,908.72,28.6,0
1775251729.425376,1,1097.23,1.8,0
1775251729.6147506,15,912.51,0.0,0
1775251730.2871313,2,1110.55,2.2,0
1775251730.2871313,3,1113.08,0.0,0
1775251730.3915396,4,1010.06,0.0,0
1775251730.4586186,5,1101.30,0.6,0
1775251730.4596772,6,1102.22,16.7,0
1775251730.4586186,7,1104.29,0.0,0
1775251730.4596772,8,1105.61,0.0,0
1775251730.4606335,9,1105.80,0.0,0
1775251730.4606335,11,1106.81,0.0,0
1775251730.4606335,12,1108.19,0.0,0
1775251730.4606335,10,1109.81,0.0,0
1775251730.4616385,13,1109.96,0.0,0
1775251730.4616385,14,1109.96,0.0,0
1775251730.4622476,15,1110.91,0.0,0
1775251730.4622476,16,1111.91,0.0,0
1775251730.4622476,17,1113.26,0.0,0
1775251730.4622476,18,1114.26,25.0,0
1775251730.4622476,19,1170.51,12.5,0
1775251730.2861097,1,1347.65,0.0,0
1775251730.520772,20,1114.50,0.0,0
1775251730.5236113,21,1165.84,21.5,0
1775251730.5262275,22,1167.77,0.0,0
1775251730.6831996,23,1270.11,6.6,0
1775251731.5573616,5,753.51,4.4,0
1775251731.556344,3,755.54,0.0,0
1775251731.556344,4,757.77,0.0,0
1775251731.5553203,2,760.31,0.0,0
1775251731.6284769,6,794.67,3.5,0
1775251731.6284769,7,797.24,0.0,0
1775251731.6295562,8,798.12,0.0,0
1775251731.6295562,9,799.29,0.0,0
1775251731.6295562,10,800.80,0.0,0
1775251731.6300626,11,801.71,0.0,0
1775251731.6300626,12,803.00,0.0,0
1775251731.6874213,13,752.21,18.8,0
1775251731.5553203,1,884.31,0.0,0
1775251731.7462475,14,805.04,5.4,0
1775251731.9512784,15,805.95,3.4,0
1775251732.4204607,4,1103.30,0.9,0
1775251732.4204607,3,1105.21,0.0,0
1775251732.4211369,5,1105.69,0.0,0
1775251732.4198105,2,1108.37,0.0,0
1775251732.4356196,7,1200.40,0.9,0
1775251732.4356196,6,1201.56,0.0,0
1775251732.4356196,8,1202.88,16.7,0
1775251732.4356196,9,1204.88,0.0,0
1775251732.4356196,10,1206.14,0.0,0
1775251732.4366267,13,1207.18,0.0,0
1775251732.4356196,11,1209.43,0.0,0
1775251732.4366267,12,1209.80,0.0,0
1775251732.4366267,14,1211.30,0.0,0
1775251732.4366267,15,1212.31,0.0,0
1775251732.4366267,16,1213.78,0.0,0
1775251732.4366267,17,1215.06,0.0,0
1775251732.4366267,18,1216.16,0.0,0
1775251732.4376261,19,1216.22,0.0,0
1775251732.4376261,20,1217.42,20.0,0
1775251732.308814,1,1403.07,1.9,0
1775251732.4418178,21,1271.58,0.0,0
1775251732.4971225,22,1271.69,0.0,0
1775251732.55068,23,1221.48,0.0,0
1775251733.6314883,2,756.57,12.0,0
1775251733.6324983,3,756.59,10.0,0
1775251733.6324983,4,757.81,0.0,0
1775251733.6334972,8,758.88,0.0,0
1775251733.6324983,6,760.87,0.0,0
1775251733.6324983,7,762.37,0.0,0
1775251733.6324983,5,763.80,0.0,0
1775251733.7076266,10,744.99,19.4,0
1775251733.7066145,9,747.00,0.0,0
1775251733.7076266,13,747.25,0.0,0
1775251733.7076266,12,748.25,0.0,0
1775251733.7076266,11,749.30,0.0,0
1775251733.520971,1,991.96,16.3,0
1775251733.7661595,14,852.85,10.6,0
1775251733.7705038,15,852.10,33.3,0
1775251733.7732072,16,850.41,20.0,0
1775251734.4483256,2,1149.51,2.4,0
1775251734.4488473,4,1150.52,0.0,0
1775251734.4488473,3,1152.00,0.0,0
1775251734.4494362,5,1152.81,0.0,0
1775251734.4494362,6,1152.81,0.0,0
1775251734.4494362,7,1154.44,0.0,0
1775251734.4494362,8,1155.47,0.0,0
1775251734.4494362,9,1156.48,0.0,0
1775251734.4504669,10,1156.55,54.5,0
1775251734.4504669,12,1157.58,0.0,0
1775251734.4504669,11,1158.58,0.0,0
1775251734.4504669,13,1160.58,0.0,0
1775251734.4504669,14,1161.59,0.0,0
1775251734.5099175,15,1160.52,10.2,0
1775251734.5099175,17,1162.11,0.0,0
1775251734.5099175,16,1163.14,0.0,0
1775251734.5109253,18,1164.72,0.0,0
1775251734.5109253,19,1166.32,0.0,0
1775251734.3854516,1,1291.80,0.0,0
1775251734.6175308,20,1114.90,32.8,0
1775251734.6210334,21,1166.58,32.7,0
1775251734.6251225,22,1165.67,0.0,0
1775251735.288507,2,1217.63,11.2,0
1775251735.593731,3,913.92,0.0,0
1775251735.6639695,4,901.43,6.2,0
1775251735.6639695,5,902.96,0.0,0
1775251735.6639695,9,904.94,0.0,0
1775251735.6639695,6,906.45,0.0,0
1775251735.6639695,8,906.98,0.0,0
1775251735.6639695,7,909.62,0.0,0
1775251735.6654968,10,909.65,0.0,0
1775251735.6654968,11,911.28,18.8,0
1775251735.6654968,12,912.29,0.0,0
1775251735.6654968,13,913.29,0.0,0
1775251735.6654968,14,914.29,0.0,0
1775251735.2868671,1,1294.35,0.0,0
1775251735.7297773,15,910.22,3.1,0
1775251735.7859952,16,908.66,6.2,0
1775251735.7892206,17,961.28,19.4,0
1775251735.8930604,18,962.00,14.4,0
1775251735.8941426,19,966.82,20.0,0
1775251735.8951662,20,966.82,0.0,0
1775251736.5611143,2,1172.01,8.1,0
1775251736.6328335,4,1101.29,0.0,0
1775251736.6328335,3,1103.50,0.0,0
1775251736.6338453,5,1103.61,0.0,0
1775251736.6338453,6,1104.87,0.0,0
1775251736.6338453,7,1106.13,0.0,0
1775251736.6338453,9,1107.15,0.0,0
1775251736.6338453,8,1108.17,0.0,0
1775251736.6338453,10,1109.20,0.0,0
1775251736.635358,12,1108.79,0.0,0
1775251736.635358,14,1109.79,0.0,0
1775251736.635358,11,1109.79,0.0,0
1775251736.635358,13,1112.22,0.0,0
1775251736.6363668,15,1111.21,15.4,0
1775251736.6363668,16,1112.73,0.0,0
1775251736.6363668,17,1114.18,0.0,0
1775251736.6363668,18,1115.32,0.0,0
1775251736.5611143,1,1402.50,12.7,0
1775251736.6921122,19,1273.54,0.0,0
1775251736.7474706,20,1219.19,42.9,0
1775251736.8532517,21,1168.90,0.0,0
1775251736.8596673,22,1420.06,5.2,0
1775251737.727982,2,657.25,15.2,0
1775251737.727982,3,659.85,0.0,0
1775251737.727982,4,661.19,50.0,0
1775251737.727982,5,662.34,0.0,0
1775251737.7289903,6,663.35,0.0,0
1775251737.7315342,7,1070.50,5.0,0
1775251737.7315342,8,1071.84,0.0,0
1775251737.906138,12,953.02,3.3,0
1775251737.906138,11,955.02,0.0,0
1775251737.9051266,10,958.03,0.0,0
1775251737.9051266,9,958.03,0.0,0
1775251737.906138,13,959.79,0.0,0
1775251737.7274756,1,1139.46,0.0,0
1775251737.906138,15,962.81,0.0,0
1775251737.906138,14,963.80,0.0,0
1775251737.9614391,16,913.27,50.0,0
1775251738.2781782,2,806.88,1.4,0
1775251738.383215,3,1060.35,3.0,0
1775251738.3837194,4,1060.85,0.0,0
1775251738.0205417,1,1425.48,0.0,0
1775251738.7990267,5,703.91,1.6,0
1775251738.7990267,6,704.92,0.0,0
1775251738.7990267,7,705.93,0.0,0
1775251738.7990267,8,706.94,0.0,0
1775251738.8000336,9,707.25,0.0,0
1775251738.8000336,10,707.25,0.0,0
1775251738.8000336,11,708.75,0.0,0
1775251738.8551211,12,1219.43,6.0,0
1775251738.871096,14,1206.87,30.8,0
1775251738.871096,13,1207.88,0.0,0
1775251738.871096,16,1209.90,0.0,0
1775251738.871096,15,1211.06,0.0,0
1775251738.871096,17,1212.06,0.0,0
1775251738.871096,18,1212.64,0.0,0
1775251738.871096,19,1212.64,0.0,0
1775251738.8721077,20,1213.15,0.0,0
1775251738.8721077,21,1214.57,0.0,0
1775251738.8721077,22,1215.81,0.0,0
1775251738.8721077,23,1217.24,0.0,0
1775251738.9268305,24,1220.69,4.7,0
1775251739.441056,2,1476.49,11.3,0
1775251739.498169,3,1420.38,0.0,0
1775251739.4986818,4,1421.98,18.2,0
1775251739.4996972,5,1422.60,0.0,0
1775251739.084557,1,1837.74,0.0,0
1775251740.070284,4,909.69,3.8,0
1775251740.070284,2,910.70,0.0,0
1775251740.070284,5,912.41,28.6,0
1775251740.070284,3,913.92,0.0,0
1775251740.0713794,6,914.73,0.0,0
1775251740.0713794,7,916.32,0.0,0
1775251740.0713794,8,917.47,0.0,0
1775251740.0713794,9,918.92,0.0,0
1775251740.0713794,10,919.92,0.0,0
1775251740.0724344,11,919.86,0.0,0
1775251740.0769703,12,1073.89,0.6,0
1775251740.14076,13,1065.24,0.0,0
1775251740.067618,1,1140.39,0.0,0
1775251740.1423056,14,1066.70,0.0,0
1775251740.1470184,15,1066.82,0.0,0
1775251740.4045393,16,1322.99,1.3,0
1775251740.914035,17,814.50,0.0,0
1775251740.9746692,18,1216.22,4.6,0
1775251740.9746692,19,1217.22,0.0,0
1775251740.9746692,20,1219.25,0.0,0
1775251740.9757814,22,1219.13,0.0,0
1775251740.9757814,21,1220.62,0.0,0
1775251740.9757814,23,1221.67,0.0,0
1775251740.9757814,24,1223.84,0.0,0
1775251740.97685,25,1224.78,16.7,0
1775251741.1457298,3,1113.01,6.9,0
1775251741.1447155,2,1115.32,0.0,0
1775251741.1457298,4,1116.21,0.0,0
1775251741.1457298,6,1117.73,75.0,0
1775251741.1457298,7,1118.85,9.1,0
1775251741.1457298,5,1120.80,0.0,0
1775251741.1457298,8,1121.80,0.0,0
1775251741.147239,9,1121.54,0.0,0
1775251741.147239,10,1122.58,0.0,0
1775251741.2034013,11,1223.71,5.0,0
1775251741.2103148,12,1323.50,9.7,0
1775251741.1447155,1,1390.62,0.0,0
1775251741.2113237,13,1325.11,0.0,0
1775251741.3168766,14,1274.80,12.5,0
1775251741.3168766,15,1275.79,25.0,0
1775251741.7254136,16,871.79,0.0,0
1775251742.1878755,3,1026.75,10.9,0
1775251742.1878755,4,1027.76,0.0,0
1775251742.1878755,2,1029.14,44.4,0
1775251742.2547672,8,963.47,0.0,0
1775251742.2537336,6,966.60,0.0,0
1775251742.2547672,9,966.58,0.0,0
1775251742.2547672,11,967.92,0.0,0
1775251742.2547672,10,969.62,0.0,0
1775251742.2537336,7,971.99,0.0,0
1775251742.253224,5,973.71,0.0,0
1775251742.2547672,12,973.17,0.0,0
1775251742.255743,13,973.21,0.0,0
1775251742.1873653,1,1203.90,1.2,0
1775251742.423104,14,969.16,0.0,0
1775251742.5314999,15,861.76,0.0,0
1775251742.5884774,16,1117.34,3.2,0
1775251742.5952072,17,1111.62,0.0,0
1775251742.5952072,18,1113.62,0.0,0
1775251742.5952072,19,1115.62,0.0,0
1775251742.5952072,20,1117.22,0.0,0
1775251743.2091124,2,507.90,38.5,0
1775251743.2111087,3,1427.75,7.8,0
1775251743.3838005,8,1255.06,0.0,0
1775251743.3817508,5,1259.63,0.0,0
1775251743.3847795,12,1257.60,0.0,0
1775251743.38277,6,1260.62,0.0,0
1775251743.3838005,11,1260.61,0.0,0
1775251743.382261,4,1263.22,0.0,0
1775251743.3838005,10,1263.20,0.0,0
1775251743.38277,7,1265.24,0.0,0
1775251743.3857963,16,1263.72,0.0,0
1775251743.3852863,14,1265.24,0.0,0
1775251743.3838005,9,1269.08,0.0,0
1775251743.3852863,15,1268.88,69.2,0
1775251743.3847795,13,1270.40,0.0,0
1775251743.3857963,17,1270.38,0.0,0
1775251743.3857963,18,1271.38,0.0,0
1775251743.208096,1,1450.08,0.0,0
1775251743.3892663,19,1274.95,0.0,0
1775251743.703816,20,1272.51,7.8,0
1775251743.713961,23,1367.16,27.4,0
1775251743.713961,24,1369.17,0.0,0
1775251743.713961,22,1370.73,0.0,0
1775251743.713961,21,1371.24,0.0,0
1775251743.7154903,25,1370.76,0.0,0
1775251744.5837917,2,608.93,30.1,0
1775251744.5837917,3,609.93,0.0,0
1775251744.6361547,4,1018.74,5.5,0
1775251744.6366584,5,1020.24,0.0,0
1775251744.6591854,8,1053.98,5.9,0
1775251744.6591854,6,1055.57,0.0,0
1775251744.6591854,7,1056.61,0.0,0
1775251744.6591854,9,1057.67,55.6,0
1775251744.6591854,10,1058.19,0.0,0
1775251744.6606915,11,1058.22,0.0,0
1775251744.6606915,12,1059.76,0.0,0
1775251744.6606915,13,1060.83,0.0,0
1775251744.5827901,1,1139.27,0.0,0
1775251744.7164574,14,1060.78,36.7,0
1775251744.974184,15,807.36,52.9,0
1775251745.1891334,2,1155.97,12.4,0
1775251745.1891334,3,1157.97,0.0,0
1775251745.1891334,4,1159.04,0.0,0
1775251745.1891334,5,1160.05,0.0,0
1775251745.1901383,6,1160.05,0.0,0
1775251745.1901383,7,1161.09,0.0,0
1775251745.1901383,8,1162.15,0.0,0
1775251745.1911414,9,1162.16,0.0,0
1775251745.1911414,10,1163.20,0.0,0
1775251745.6518528,11,1112.80,21.0,0
1775251745.0786903,1,1686.97,0.0,0
1775251745.658685,12,1160.10,14.6,0
1775251745.709985,14,1110.31,0.0,0
1775251745.7094457,13,1111.86,0.0,0
1775251745.709985,15,1112.42,0.0,0
1775251745.709985,16,1114.47,0.0,0
1775251745.709985,17,1115.49,0.0,0
1775251745.7105398,18,1115.49,35.7,0
1775251745.7105398,19,1117.51,0.0,0
1775251745.7740467,20,1261.44,18.4,0
1775251745.7788093,23,1261.13,0.0,0
1775251745.7788093,22,1263.83,0.0,0
1775251745.778274,21,1265.50,0.0,0
1775251745.7804344,24,1265.43,62.5,0
1775251746.342907,2,1317.23,36.1,0
1775251746.7612522,6,955.19,26.5,0
1775251746.760733,3,956.72,30.8,0
1775251746.7612522,5,958.19,0.0,0
1775251746.7612522,7,958.70,0.0,0
1775251746.7612522,8,960.70,0.0,0
1775251746.7612522,4,961.70,0.0,0
1775251746.7612522,10,963.20,0.0,0
1775251746.7612522,11,964.81,0.0,0
1775251746.7612522,9,965.81,0.0,0
1775251746.7612522,12,967.32,0.0,0
1775251746.7630367,13,965.54,0.0,0
1775251746.2390664,1,1548.98,21.9,0
1775251746.8176312,14,974.22,0.0,0
1775251747.0979142,3,902.64,24.9,0
1775251747.0979142,2,903.75,0.0,0
1775251747.0979142,4,905.65,0.0,0
1775251747.0979142,5,906.66,0.0,0
1775251747.7129278,6,1111.46,9.0,0
1775251747.037495,1,1787.95,60.0,0
1775251747.7819755,9,1044.86,0.0,0
1775251747.7819755,8,1046.86,0.0,0
1775251747.7825103,10,1047.33,0.0,0
1775251747.7814424,7,1049.79,0.0,0
1775251747.7825103,11,1051.23,0.0,0
1775251747.783595,12,1050.14,0.0,0
1775251747.783595,13,1052.66,0.0,0
1775251747.783595,14,1053.78,0.0,0
1775251747.7841372,15,1054.41,0.0,0
1775251747.7841372,16,1056.03,0.0,0
1775251747.7841372,17,1113.61,4.7,0
1775251747.7847002,18,1115.59,0.0,0
1775251747.7847002,19,1117.44,0.0,0
1775251747.7852306,20,1117.98,0.0,0
1775251747.7852306,21,1121.05,20.0,0
1775251748.8942363,3,474.18,2.3,0
1775251748.8942363,4,476.86,0.0,0
1775251748.8932397,2,478.93,100.0,0
1775251748.8942363,5,479.95,25.0,0
1775251748.8942363,6,686.90,20.7,0
1775251748.8942363,7,688.90,0.0,0
1775251748.8952358,8,688.90,0.0,0
1775251748.8952358,10,690.41,0.0,0
1775251748.8952358,9,691.42,0.0,0
1775251748.896237,12,746.60,18.2,0
1775251748.8952358,11,748.61,0.0,0
1775251748.896237,13,749.60,0.0,0
1775251748.896237,14,749.60,0.0,0
1775251748.821185,1,827.74,0.0,0
1775251749.6392357,3,576.50,6.0,0
1775251749.6387296,2,579.63,9.1,0
1775251749.6392357,4,580.37,0.0,0
1775251749.6392357,5,582.03,0.0,0
1775251749.6402454,6,582.40,0.0,0
1775251749.6402454,7,584.93,0.0,0
1775251749.6402454,8,586.43,0.0,0
1775251749.6402454,9,742.78,13.8,0
1775251749.6402454,10,743.78,0.0,0
1775251749.6412444,11,744.85,0.0,0
1775251749.6412444,12,746.87,0.0,0
1775251749.6418307,13,851.55,8.9,0
1775251749.5795934,1,915.79,0.0,0
1775251749.6473465,14,849.09,0.0,0
1775251749.6499338,15,849.11,25.0,0
1775251749.6499338,16,849.69,0.0,0
1775251750.3798597,2,683.56,3.7,0
1775251750.3798597,3,685.57,0.0,0
1775251750.3809245,5,685.91,0.0,0
1775251750.3798597,4,688.97,0.0,0
1775251750.490372,7,580.13,0.0,0
1775251750.490372,6,581.75,0.0,0
1775251750.4913795,9,689.88,21.0,0
1775251750.490372,8,692.20,0.0,0
1775251750.4913795,10,693.05,0.0,0
1775251750.4913795,11,694.72,50.0,0
1775251750.4913795,12,695.74,0.0,0
1775251750.4923801,13,750.56,40.8,0
1775251750.4923801,14,752.56,0.0,0
1775251750.3798597,1,869.18,52.9,0
1775251751.1757195,2,535.40,9.4,0
1775251751.176731,3,537.32,0.0,0
1775251751.176731,5,538.83,0.0,0
1775251751.177743,6,539.40,40.0,0
1775251751.176731,4,541.68,0.0,0
1775251751.177743,8,748.31,23.9,0
1775251751.177743,7,750.82,0.0,0
1775251751.178729,10,750.93,0.0,0
1775251751.178729,9,752.51,0.0,0
1775251751.239891,12,847.94,7.5,0
1775251751.239891,11,849.94,0.0,0
1775251751.2408984,13,850.13,0.0,0
1775251751.2408984,14,851.22,25.0,0
1775251751.2408984,15,855.00,0.0,0
1775251751.2419007,16,854.00,0.0,0
1775251751.1757195,1,921.68,0.0,0
1775251751.9228501,18,588.50,1.4,0
1775251751.923926,19,589.53,100.0,0
1775251751.923926,20,591.15,25.0,0
1775251751.9228501,17,593.28,0.0,0
1775251751.923926,21,593.30,0.0,0
1775251751.923926,22,594.91,0.0,0
1775251751.923926,23,854.57,2.6,0
1775251752.0852232,2,695.78,16.7,0
1775251752.0862312,4,697.78,0.0,0
1775251752.0862312,3,699.28,0.0,0
1775251752.0932798,5,694.25,0.0,0
1775251752.0932798,6,695.80,0.0,0
1775251752.0932798,7,696.81,0.0,0
1775251752.0852232,1,812.47,0.9,0
1775251752.0989735,8,801.28,0.0,0
1775251752.7744875,9,437.78,1.9,0
1775251752.7744875,10,696.42,0.7,0
1775251752.776494,12,695.51,0.0,0
1775251752.776494,11,698.01,0.0,0
1775251752.776494,13,698.01,0.0,0
1775251752.777497,14,698.69,0.0,0
1775251752.777497,15,905.71,1.9,0
1775251752.7830083,16,902.71,40.0,0
1775251752.8930483,17,794.67,0.0,0
1775251752.8935575,19,795.16,0.0,0
1775251752.8935575,20,797.16,0.0,0
1775251752.8935575,18,801.76,0.0,0
1775251752.8945675,21,801.75,0.0,0
1775251752.8945675,23,803.26,0.0,0
1775251752.8945675,22,804.26,0.0,0
1775251753.211218,3,595.48,3.6,0
1775251753.211218,2,597.48,0.0,0
1775251753.6802,4,689.71,8.4,0
1775251753.6822093,11,689.14,0.0,0
1775251753.6812158,10,692.15,28.6,0
1775251753.6802,7,694.16,0.0,0
1775251753.6802,6,696.66,0.0,0
1775251753.6802,5,853.15,1.9,0
1775251753.6812158,8,853.33,0.0,0
1775251753.211218,1,1324.76,0.0,0
1775251753.6927204,12,845.36,0.0,0
1775251753.6812158,9,857.90,0.0,0
1775251753.6927204,13,847.89,0.0,0
1775251753.6937313,14,852.28,60.0,0
1775251753.6937313,15,853.78,0.0,0
1775251753.6988306,16,850.28,0.0,0
1775251754.5430105,4,672.45,2.5,0
1775251754.5430105,5,674.12,7.7,0
1775251754.5430105,6,675.32,0.0,0
1775251754.063293,1,1157.80,0.0,0
1775251754.5417914,2,680.88,0.0,0
1775251754.5430105,3,681.18,0.0,0
1775251754.5440102,8,681.25,0.0,0
1775251754.5440102,7,683.55,0.0,0
1775251754.5440102,9,738.71,6.2,0
1775251754.5440102,10,741.28,0.0,0
1775251754.5440102,11,741.79,0.0,0
1775251754.545013,12,742.01,0.0,0
1775251754.545013,13,743.50,0.0,0
1775251754.545013,14,847.25,9.1,0
1775251754.55039,15,845.00,0.0,0
1775251754.55039,16,846.77,0.0,0
1775251755.2797053,2,526.93,9.8,0
1775251755.2797053,3,528.56,0.0,0
1775251755.2797053,4,530.14,0.0,0
1775251755.280714,5,736.00,17.0,0
1775251755.280714,6,737.50,0.0,0
1775251755.280714,7,739.22,0.0,0
1775251755.280714,8,740.91,0.0,0
1775251755.2817152,9,740.92,0.0,0
1775251755.3902524,11,738.51,2.7,0
1775251755.3902524,10,740.55,0.0,0
1775251755.3912625,12,741.54,0.0,0
1775251755.3912625,13,741.54,0.0,0
1775251755.3912625,14,745.54,0.0,0
1775251755.2797053,1,859.22,40.0,0
1775251756.014692,2,791.82,12.7,0
1775251756.1251352,4,682.40,0.0,0
1775251756.1251352,3,684.41,0.0,0
1775251756.1251352,5,684.41,0.0,0
1775251756.126143,6,684.91,20.0,0
1775251756.126143,8,685.45,0.0,0
1775251756.126143,7,686.96,0.0,0
1775251756.1271994,9,686.92,0.0,0
1775251756.1271994,10,688.17,0.0,0
1775251756.1271994,11,689.18,0.0,0
1775251756.1271994,12,847.15,13.0,0
1775251756.1271994,13,849.16,0.0,0
1775251756.1271994,14,850.16,0.0,0
1775251756.135317,15,845.56,0.0,0
1775251756.135317,16,847.07,62.5,0
1775251756.0136733,1,969.72,0.0,0
1775251756.9692733,17,528.78,9.3,0
1775251756.9723096,26,527.29,20.0,0
1775251756.9712982,23,530.32,0.0,0
1775251756.9723096,25,530.32,0.0,0
1775251756.9712982,24,533.32,0.0,0
1775251756.9697802,18,536.84,0.0,0
1775251756.9697802,19,643.89,4.4,0
1775251756.9712982,21,644.39,0.0,0
1775251756.9707904,20,646.29,0.0,0
1775251756.9712982,22,647.20,0.0,0
1775251756.984391,27,740.20,4.5,0
1775251756.984391,28,742.38,0.0,0
1775251756.984391,29,745.37,0.0,0
1775251756.9853897,30,746.59,70.0,0
1775251757.610051,7,533.67,6.9,0
1775251757.610051,5,791.55,5.3,0
1775251757.610051,4,792.66,0.0,0
1775251757.610051,6,794.13,45.5,0
1775251757.610051,3,795.56,0.0,0
1775251757.6115584,8,795.28,0.0,0
1775251757.610051,2,797.86,0.0,0
1775251757.6115584,9,798.37,0.0,0
1775251757.7220695,10,844.93,16.2,0
1775251757.7225788,12,845.75,0.0,0
1775251757.7225788,11,847.25,0.0,0
1775251757.7225788,14,848.81,0.0,0
1775251757.7225788,13,848.81,0.0,0
1775251757.7235975,15,852.42,37.5,0
1775251757.7235975,16,853.85,0.0,0
1775251757.610051,1,968.76,0.0,0
1775251758.563908,5,527.20,3.9,0
1775251758.5628242,2,529.42,22.2,0
1775251758.5628242,4,531.41,0.0,0
1775251758.5628242,3,532.41,0.0,0
1775251758.563908,6,537.26,0.0,0
1775251758.563908,7,539.97,0.0,0
1775251758.563908,8,540.98,0.0,0
1775251758.563908,9,541.98,0.0,0
1775251758.563908,10,543.97,11.1,0
1775251758.5654185,11,543.47,0.0,0
1775251758.57455,12,743.67,0.5,0
1775251758.57455,13,746.32,0.0,0
1775251758.57455,14,747.36,0.0,0
1775251758.3999832,1,923.84,0.0,0
1775251759.0984666,3,996.37,2.0,0
1775251759.097235,2,998.60,0.0,0
1775251759.3124156,5,785.58,0.0,0
1775251759.3129432,6,786.57,0.0,0
1775251759.3129432,4,788.58,0.0,0
1775251759.314021,8,789.01,0.0,0
1775251759.314021,7,790.11,0.0,0
1775251759.314021,9,791.20,0.0,0
1775251759.314021,10,793.19,100.0,0
1775251759.314021,11,850.01,1.6,0
1775251759.314021,12,851.51,0.0,0
1775251759.314021,13,853.52,0.0,0
1775251759.314021,14,854.52,0.0,0
1775251759.3155513,16,854.86,40.0,0
1775251759.3155513,15,856.44,0.0,0
1775251759.097235,1,1077.81,0.0,0
1775251759.328346,17,951.62,0.0,0
1775251759.328346,18,955.77,0.0,0
1775251760.159521,2,687.79,8.0,0
1775251760.1605692,7,688.31,0.0,0
1775251760.1605692,4,689.65,0.0,0
1775251760.1605692,3,691.69,0.0,0
1775251760.1605692,6,692.69,0.0,0
1775251760.1605692,5,694.69,0.0,0
1775251760.1605692,8,695.69,0.0,0
1775251760.1605692,9,696.69,20.0,0
1775251760.161958,12,701.40,0.0,0
1775251760.161958,10,702.40,0.0,0
1775251760.161958,11,703.90,0.0,0
1775251760.159521,1,764.66,16.7,0
1775251760.8446639,13,819.88,5.5,0
1775251760.859259,15,806.29,0.0,0
1775251760.859259,14,807.65,0.0,0
1775251760.859259,17,808.65,0.0,0
1775251760.859259,16,809.64,0.0,0
1775251760.859259,18,811.15,25.0,0
1775251760.859259,19,812.24,0.0,0
1775251760.8602612,20,812.33,0.0,0
1775251760.8602612,21,970.89,1.2,0
1775251760.8602612,22,972.90,0.0,0
1775251760.8602612,23,973.98,0.0,0
1775251760.861259,25,974.49,0.0,0
1775251760.8602612,24,976.99,0.0,0
1775251760.861259,26,977.30,0.0,0
1775251760.9178438,27,975.48,1.6,0
1775251760.9178438,28,977.49,0.0,0
1775251760.9178438,29,978.48,0.0,0
1775251760.9204392,30,980.35,0.0,0
1775251761.827631,5,535.56,12.2,0
1775251761.8269296,3,537.27,0.0,0
1775251761.8269296,2,539.79,0.0,0
1775251761.827631,4,595.83,28.1,0
1775251761.827631,7,597.89,0.0,0
1775251761.827631,6,598.89,0.0,0
1775251761.8287115,8,598.81,0.0,0
1775251761.8287115,9,599.81,0.0,0
1775251761.8287115,10,602.46,0.0,0
1775251761.8287115,11,709.48,14.3,0
1775251761.8913019,12,650.14,0.0,0
1775251761.8259192,1,717.62,0.0,0
1775251762.4192019,2,636.79,14.7,0
1775251762.419712,3,893.79,6.5,0
1775251762.4208877,4,895.03,0.0,0
1775251762.5336568,5,784.11,0.0,0
1775251762.534174,8,784.68,0.0,0
1775251762.5351837,11,785.71,0.0,0
1775251762.5351837,9,787.39,0.0,0
1775251762.534174,6,789.55,0.0,0
1775251762.5351837,12,790.61,0.0,0
1775251762.534174,7,792.90,20.0,0
1775251762.5362084,13,899.23,6.7,0
1775251762.5351837,10,901.46,0.0,0
1775251762.5362084,14,901.90,0.0,0
1775251762.5362084,15,903.38,0.0,0
1775251762.5362084,16,904.90,0.0,0
1775251762.5401933,18,955.92,7.8,0
1775251762.5371985,17,960.41,40.0,0
1775251762.4192019,1,1081.02,0.0,0
1775251763.431331,4,377.17,1.3,0
1775251763.43081,2,379.70,36.4,0
1775251763.431331,3,380.60,0.0,0
1775251763.432341,6,380.76,0.0,0
1775251763.431331,5,383.38,0.0,0
1775251763.4940908,8,579.08,1.2,0
1775251763.4940908,9,634.61,3.3,0
1775251763.4940908,7,637.12,0.0,0
1775251763.4951036,11,637.19,0.0,0
1775251763.4951036,12,638.50,0.0,0
1775251763.4951036,10,640.01,0.0,0
1775251763.3119597,1,828.95,50.0,0
1775251764.0703945,2,583.88,2.1,0
1775251764.0703945,3,585.04,8.3,0
1775251764.0709858,4,586.65,0.0,0
1775251764.0709858,5,587.68,0.0,0
1775251764.0709858,6,589.61,0.0,0
1775251764.0709858,7,590.73,0.0,0
1775251764.072005,9,850.17,1.8,0
1775251764.0709858,8,852.19,0.0,0
1775251764.072005,10,852.68,0.0,0
1775251764.1266782,11,800.21,0.0,0
1775251764.1266782,12,956.21,1.9,0
1775251764.1276882,13,957.63,0.0,0
1775251764.1373656,14,948.48,0.0,0
1775251764.1373656,15,949.93,0.0,0
1775251764.1378736,18,950.49,0.0,0
1775251764.1378736,17,952.49,0.0,0
1775251764.1378736,16,952.49,0.0,0
1775251764.0698102,1,1023.03,27.3,0
1775251764.9180248,19,635.48,11.9,0
1775251764.9180248,24,638.06,0.0,0
1775251764.9180248,23,639.07,0.0,0
1775251764.9180248,22,641.07,0.0,0
1775251764.9180248,20,745.81,2.7,0
1775251764.9180248,21,747.76,0.0,0
1775251765.0813708,4,586.52,0.0,0
1775251765.081877,3,587.01,0.0,0
1775251765.081877,2,588.60,33.3,0
1775251765.081877,6,593.89,0.0,0
1775251765.081877,5,596.11,0.0,0
1775251765.081877,1,651.41,21.3,0
1775251765.6736927,7,573.81,11.6,0
1775251765.6742039,13,574.80,6.2,0
1775251765.6742039,12,576.41,0.0,0
1775251765.6742039,10,577.60,0.0,0
1775251765.6742039,9,579.43,0.0,0
1775251765.6742039,14,580.57,0.0,0
1775251765.6742039,11,582.02,0.0,0
1775251765.6736927,8,584.55,0.0,0
1775251765.6752117,15,692.74,1.8,0
1775251765.6752117,16,694.24,0.0,0
1775251765.7305682,18,641.40,0.0,0
1775251765.7300394,17,642.93,22.2,0
1775251765.7349157,19,894.93,7.3,0
1775251765.7349157,22,896.94,0.0,0
1775251765.7349157,20,897.94,0.0,0
1775251765.7349157,21,898.94,0.0,0
1775251765.7360106,23,899.35,0.0,0
1775251766.364334,9,887.29,8.7,0
1775251766.3630443,7,889.66,0.0,0
1775251766.3630443,5,891.67,0.0,0
1775251766.3653355,11,890.48,0.0,0
1775251766.3630443,4,894.21,0.0,0
1775251766.364334,8,894.94,0.0,0
1775251766.3620386,2,898.79,0.0,0
1775251766.3630443,6,898.95,0.0,0
1775251766.3620386,3,901.03,66.7,0
1775251766.3653355,12,955.00,0.0,0
1775251766.3653355,13,957.54,0.0,0
1775251766.364334,10,960.12,0.0,0
1775251766.3620386,1,964.69,25.0,0
1775251766.635356,14,849.98,29.9,0
1775251766.6378129,15,851.83,0.0,0
1775251766.6378129,16,854.59,0.0,0
1775251767.3157911,2,688.00,13.7,0
1775251767.3168087,4,687.98,0.0,0
1775251767.3157911,3,691.00,0.0,0
1775251767.3168087,5,691.89,0.0,0
1775251767.3168087,7,693.45,0.0,0
1775251767.3168087,6,695.44,0.0,0
1775251767.3178282,8,695.42,33.3,0
1775251767.3178282,9,905.78,0.9,0
1775251767.3178282,10,907.92,0.0,0
1775251767.3178282,11,909.02,0.0,0
1775251767.3188436,13,911.83,0.0,0
1775251767.3188436,12,913.35,100.0,0
1775251767.3188436,14,914.48,30.0,0
1775251767.0945137,1,1140.03,0.0,0
1775251768.218598,3,377.01,1.4,0
1775251768.2201476,4,378.15,0.0,0
1775251768.218598,2,586.99,2.8,0
1775251768.2201476,6,586.43,0.0,0
1775251768.2201476,5,587.94,0.0,0
1775251768.2208517,7,588.72,0.0,0
1775251768.2208517,8,589.90,16.7,0
1775251768.2213998,9,797.00,1.4,0
1775251768.2278442,11,793.24,0.0,0
1775251768.2278442,12,794.91,0.0,0
1775251768.2278442,10,796.44,0.0,0
1775251768.235043,13,793.25,0.0,0
1775251768.236105,14,793.69,40.0,0
1775251768.236105,15,794.69,0.0,0
1775251768.218598,1,813.20,0.0,0
1775251769.0153913,2,479.55,1.9,0
1775251769.0153913,3,480.57,0.0,0
1775251769.0153913,4,482.07,44.4,0
1775251769.0153913,5,484.68,0.0,0
1775251769.016412,6,484.66,0.0,0
1775251769.016412,8,694.54,12.3,0
1775251769.016412,7,696.55,0.0,0
1775251769.0174212,10,697.05,0.0,0
1775251769.016412,9,699.07,0.0,0
1775251769.0262897,11,794.18,12.5,0
1775251769.0262897,12,795.74,0.0,0
1775251769.0262897,13,797.12,0.0,0
1775251769.027299,14,797.11,0.0,0
1775251769.027299,15,800.81,18.8,0
1775251769.0148416,1,813.27,0.0,0
1775251769.7066662,17,584.64,1.5,0
1775251769.7076848,21,584.90,0.0,0
1775251769.7076848,23,586.32,40.0,0
1775251769.7066662,16,589.76,14.3,0
1775251769.7066662,22,591.27,0.0,0
1775251769.7076848,20,748.20,4.9,0
1775251769.708761,24,748.13,0.0,0
1775251769.7066662,18,752.31,0.0,0
1775251769.7066662,19,753.34,0.0,0
1775251769.818372,26,798.45,0.0,0
1775251769.8178635,25,801.97,0.0,0
1775251769.818372,27,802.60,0.0,0
1775251769.818372,28,806.21,55.6,0
1775251769.818372,29,808.35,0.0,0
1775251769.818372,30,809.76,0.0,0
1775251770.4511392,2,691.21,8.3,0
1775251770.452169,3,692.21,0.0,0
1775251770.452169,4,694.18,0.0,0
1775251770.452169,5,695.18,0.0,0
1775251770.453212,6,696.51,0.0,0
1775251770.6142793,7,745.28,6.7,0
1775251770.6142793,8,747.29,0.0,0
1775251770.6158195,11,745.75,0.0,0
1775251770.6158195,12,747.78,0.0,0
1775251770.615296,9,750.31,0.0,0
1775251770.6158195,10,804.67,18.5,0
1775251770.6158195,13,806.32,0.0,0
1775251770.6158195,14,807.51,0.0,0
1775251770.622982,15,801.35,0.0,0
1775251770.4511392,1,975.27,0.0,0
1775251771.3559709,2,532.16,9.8,0
1775251771.3559709,3,688.48,28.4,0
1775251771.3559709,4,690.49,0.0,0
1775251771.3559709,5,692.00,0.0,0
1775251771.3559709,6,693.50,0.0,0
1775251771.3571205,7,693.36,0.0,0
1775251771.4179447,8,634.54,0.0,0
1775251771.4179447,9,636.49,0.0,0
1775251771.4179447,11,638.50,0.0,0
1775251771.4179447,10,797.58,14.4,0
1775251771.4189625,12,798.67,11.1,0
1775251771.4189625,13,799.67,0.0,0
1775251771.4189625,14,802.19,0.0,0
1775251771.4194727,15,802.69,0.0,0
1775251771.354961,1,869.20,0.0,0
1775251772.2109027,2,525.83,1.2,0
1775251772.2119231,5,525.81,0.0,0
1775251772.2109027,3,528.46,0.0,0
1775251772.2109027,4,529.65,0.0,0
1775251772.2119231,6,635.23,0.9,0
1775251772.2119231,7,636.86,0.0,0
1775251772.2119231,8,638.95,0.0,0
1775251772.2129076,9,638.97,0.0,0
1775251772.2129076,10,640.44,0.0,0
1775251772.2129076,11,641.86,0.0,0
1775251772.2196405,12,793.91,5.5,0
1775251772.2196405,13,795.73,0.0,0
1775251772.2196405,14,798.13,0.0,0
1775251772.2206497,15,797.71,0.0,0
1775251772.2103868,1,810.06,0.0,0
1775251772.8446412,19,740.99,2.6,0
1775251772.8436363,17,744.01,0.0,0
1775251772.8446412,16,745.30,0.0,0
1775251772.8436363,18,747.33,0.0,0
1775251773.0100617,2,583.28,25.0,0
1775251773.0100617,3,585.57,0.0,0
1775251773.0100617,5,744.03,0.0,0
1775251773.0100617,4,746.03,0.0,0
1775251773.0100617,6,747.15,0.0,0
1775251773.0110636,8,747.62,0.0,0
1775251773.0110636,7,749.01,0.0,0
1775251773.0110636,9,804.68,1.6,0
1775251773.0110636,10,806.69,0.0,0
1775251773.012047,11,806.71,0.0,0
1775251773.009029,1,811.23,0.0,0
1775251773.7520363,20,737.36,10.6,0
1775251773.7520363,21,738.38,0.0,0
1775251773.7514482,18,741.47,0.0,0
1775251773.7493505,12,744.64,0.0,0
1775251773.7514482,19,744.70,0.0,0
1775251773.7493505,13,748.30,33.3,0
1775251773.7503777,15,748.80,0.0,0
1775251773.7503777,16,750.15,0.0,0
1775251773.7493505,14,753.19,0.0,0
1775251773.7503777,17,753.30,0.0,0
1775251773.813213,22,798.31,10.6,0
1775251773.813213,23,800.88,0.0,0
1775251773.813213,24,802.40,0.0,0
1775251773.814233,25,803.39,0.0,0
1775251773.814233,26,804.39,0.0,0
1775251774.608303,5,627.89,9.2,0
1775251774.608303,4,629.89,0.0,0
1775251774.6072922,3,631.90,0.0,0
1775251774.6072922,2,632.90,0.0,0
1775251774.608303,6,632.89,0.0,0
1775251774.6093113,8,633.39,0.0,0
1775251774.608303,7,634.90,0.0,0
1775251774.6093113,9,635.46,0.0,0
1775251774.6093113,10,636.47,0.0,0
1775251774.6093113,11,745.49,4.4,0
1775251774.6093113,12,746.61,0.0,0
1775251774.610424,13,746.82,75.0,0
1775251774.610424,14,801.26,5.6,0
1775251774.610424,15,802.77,0.0,0
1775251774.6072922,1,810.15,0.0,0
1775251775.3492284,4,682.35,6.4,0
1775251775.3487203,3,684.92,0.0,0
1775251775.3492284,2,685.92,0.0,0
1775251775.3492284,5,688.01,0.0,0
1775251775.3502424,6,688.05,0.0,0
1775251775.3502424,7,745.10,1.6,0
1775251775.3512478,9,746.10,0.0,0
1775251775.3502424,8,748.69,0.0,0
1775251775.3512478,11,749.29,0.0,0
1775251775.3512478,10,750.31,0.0,0
1775251775.3512478,12,752.40,0.0,0
1775251775.3522398,13,752.42,0.0,0
1775251775.3522398,14,859.54,3.6,0
1775251775.4096518,15,805.64,0.0,0
1775251775.3487203,1,868.17,14.3,0
1775251776.0920403,3,639.07,9.4,0
1775251776.0910072,2,642.11,50.0,0
1775251776.0920403,4,642.08,0.0,0
1775251776.0920403,6,748.26,6.2,0
1775251776.0920403,5,750.68,8.3,0
1775251776.0920403,7,751.68,0.0,0
1775251776.0930212,8,752.81,0.0,0
1775251776.2083716,9,639.06,0.0,0
1775251776.209378,11,639.66,0.0,0
1775251776.2083716,10,641.89,0.0,0
1775251776.209378,12,799.86,12.5,0
1775251776.209378,13,801.86,0.0,0
1775251776.209378,14,803.88,33.3,0
1775251776.209378,15,805.89,0.0,0
1775251776.0910072,1,924.77,0.0,0
1775251777.004508,2,474.34,6.4,0
1775251776.8372862,16,643.57,0.0,0
1775251777.004508,4,478.19,28.6,0
1775251777.004508,3,479.41,0.0,0
1775251777.0059009,6,738.12,1.5,0
1775251777.0059009,5,740.12,0.0,0
1775251777.0071554,8,739.86,33.3,0
1775251777.0071554,9,741.83,0.0,0
1775251777.0059009,7,744.65,0.0,0
1775251777.0071554,11,800.11,3.9,0
1775251777.0071554,10,802.27,0.0,0
1775251777.0071554,13,803.32,71.4,0
1775251777.0071554,12,804.91,0.0,0
1775251777.0081666,14,804.94,0.0,0
1775251777.004508,1,811.81,0.0,0
1775251777.7405705,15,640.39,1.9,0
1775251777.7405705,19,641.40,0.0,0
1775251777.7405705,16,642.39,0.0,0
1775251777.7405705,18,644.42,0.0,0
1775251777.7417905,20,801.45,4.4,0
1775251777.7405705,17,804.67,75.0,0
1775251777.803398,21,742.84,0.0,0
1775251777.8039374,22,743.81,0.0,0
1775251777.8044744,24,744.30,0.0,0
1775251777.8044744,23,745.82,0.0,0
1775251777.8044744,25,746.95,0.0,0
1775251777.8050444,26,802.87,26.2,0
1775251777.8050444,27,804.03,0.0,0
1775251777.8055828,28,805.51,0.0,0
1775251777.8061588,29,807.71,0.0,0
1775251778.5402334,2,587.62,7.2,0
1775251778.5412428,4,588.43,0.0,0
1775251778.5402334,3,796.55,0.0,0
1775251778.5412428,5,796.64,0.0,0
1775251778.603888,6,736.02,0.0,0
1775251778.603888,7,737.24,100.0,0
1775251778.603888,9,738.74,10.0,0
1775251778.603888,8,740.71,0.0,0
1775251778.6054695,10,740.14,0.0,0
1775251778.6054695,11,741.65,0.0,0
1775251778.6054695,12,799.43,3.8,0
1775251778.6054695,13,801.00,0.0,0
1775251778.6054695,14,802.45,0.0,0
1775251778.6054695,15,803.76,0.0,0
1775251778.5402334,1,872.72,0.0,0
1775251779.3996072,2,426.22,9.3,0
1775251779.4006355,4,426.20,11.1,0
1775251779.3996072,3,429.33,0.0,0
1775251779.4006355,6,429.81,0.0,0
1775251779.4006355,5,430.82,0.0,0
1775251779.4018722,7,741.55,12.4,0
1775251779.4018722,8,743.55,0.0,0
1775251779.4018722,9,744.55,0.0,0
1775251779.4105227,11,792.03,29.7,0
1775251779.4105227,10,793.09,100.0,0
1775251779.411897,13,794.15,0.0,0
1775251779.411897,12,795.15,0.0,0
1775251779.411897,14,796.62,0.0,0
1775251779.411897,15,798.13,0.0,0
1775251779.3996072,1,814.93,0.0,0
1775251780.1393867,2,586.64,5.6,0
1775251780.1393867,4,588.65,0.0,0
1775251780.1393867,3,590.65,0.0,0
1775251780.1404126,5,590.90,0.0,0
1775251780.1404126,6,592.33,20.0,0
1775251780.1414218,8,750.01,14.3,0
1775251780.1404126,7,752.05,0.0,0
1775251780.1414218,9,753.05,0.0,0
1775251780.1989257,10,696.69,0.0,0
1775251780.1989257,11,696.69,0.0,0
1775251780.1999352,13,802.37,17.5,0
1775251780.1989257,12,805.44,0.0,0
1775251780.1999352,14,805.59,0.0,0
1775251780.212018,15,795.94,0.0,0
1775251780.1393867,1,870.68,0.0,0
1775251780.8875031,16,738.21,5.9,0
1775251780.8890228,19,737.73,0.0,0
1775251780.8875031,17,795.18,58.2,0
1775251780.8890228,18,794.66,0.0,0
1775251780.9990633,20,686.13,50.0,0
1775251780.9990633,21,688.14,0.0,0
1775251780.9990633,22,690.14,0.0,0
1775251781.0001366,2,691.06,0.0,0
1775251781.0001366,3,693.57,0.0,0
1775251781.0001366,4,694.58,0.0,0
1775251781.0011342,5,694.89,0.0,0
1775251781.0011342,6,695.89,0.0,0
1775251781.0011342,7,753.16,1.6,0
1775251781.0011342,8,807.39,0.0,0
1775251781.0001366,1,812.96,37.5,0
1775251781.748813,9,680.94,4.1,0
1775251781.7499032,12,680.86,0.0,0
1775251781.750476,14,682.51,0.0,0
1775251781.750476,13,683.51,0.0,0
1775251781.7499032,11,685.08,0.0,0
1775251781.7493289,10,686.72,28.6,0
1775251781.7510557,15,686.15,0.0,0
1775251781.7510557,16,687.15,0.0,0
1775251781.7516077,17,687.60,0.0,0
1775251781.7516077,18,844.46,11.7,0
1775251781.7516077,19,846.54,0.0,0
1775251781.7521653,20,847.01,0.0,0
1775251781.7521653,21,849.27,0.0,0
1775251781.7521653,22,850.26,0.0,0
1775251781.7527306,23,850.78,0.0,0
1775251782.592038,2,677.77,9.6,0
1775251782.592038,3,679.29,0.0,0
1775251782.592038,4,679.79,0.0,0
1775251782.5930603,6,679.97,0.0,0
1775251782.5930603,5,681.57,0.0,0
1775251782.5930603,7,683.07,0.0,0
1775251782.5930603,8,684.12,0.0,0
1775251782.5940719,9,684.26,0.0,0
1775251782.5940719,10,684.26,16.7,0
1775251782.5940719,11,689.66,0.0,0
1775251782.5940719,12,691.16,0.0,0
1775251782.5940719,13,692.37,0.0,0
1775251782.5940719,14,693.75,0.0,0
1775251782.6001887,15,794.73,1.8,0
1775251782.592038,1,803.88,0.0,0
1775251783.2812142,3,680.82,1.9,0
1775251783.279835,2,684.21,0.0,0
1775251783.2812142,5,684.34,0.0,0
1775251783.2812142,4,685.35,16.7,0
1775251783.2817187,6,686.92,0.0,0
1775251783.2817187,7,793.74,2.8,0
1775251783.2817187,8,795.43,0.0,0
1775251783.2817187,9,796.76,0.0,0
1775251783.2817187,11,798.27,0.0,0
1775251783.2817187,10,799.68,0.0,0
1775251783.2817187,12,801.00,0.0,0
1775251783.282726,13,905.83,4.6,0
1775251783.390916,14,799.64,0.0,0
1775251783.390916,15,802.81,0.0,0
1775251783.279835,1,916.06,0.0,0
1775251784.0723605,2,635.74,1.0,0
1775251784.0723605,4,637.74,0.0,0
1775251784.0723605,5,638.74,0.0,0
1775251784.0713472,3,640.96,0.0,0
1775251784.0723605,6,641.54,0.0,0
1775251784.0733612,8,642.05,0.0,0
1775251784.0733612,9,852.82,3.1,0
1775251784.0733612,7,853.82,0.0,0
1775251784.0733612,10,856.32,0.0,0
1775251784.0743608,11,856.33,0.0,0
1775251784.0743608,12,910.80,0.0,0
1775251784.184889,13,803.25,0.0,0
1775251784.1868687,14,802.78,0.0,0
1775251784.1868687,15,803.79,0.0,0
1775251784.0713472,1,923.76,0.0,0
1775251784.921064,16,536.13,10.0,0
1775251784.9220736,20,537.11,0.0,0
1775251784.9220736,18,538.62,0.0,0
1775251784.9220736,19,643.97,8.2,0
1775251784.921064,17,646.99,0.0,0
1775251784.9220736,21,647.48,0.0,0
1775251784.9220736,22,649.00,0.0,0
1775251784.9220736,23,650.09,0.0,0
1775251784.9235036,24,649.74,0.0,0
1775251784.9831448,26,797.51,8.1,0
1775251784.9831448,25,799.16,0.0,0
1775251784.9841585,28,803.55,0.0,0
1775251784.9841585,29,805.68,0.0,0
1775251784.9831448,27,808.30,0.0,0
1775251784.9841585,30,808.89,0.0,0
1775251785.563511,2,795.64,4.3,0
1775251785.5645201,3,796.24,0.0,0
1775251785.7779334,4,790.48,9.1,0
1775251785.7784767,5,791.44,0.0,0
1775251785.7844806,7,786.60,0.0,0
1775251785.783942,6,788.43,0.0,0
1775251785.7844806,8,789.33,0.0,0
1775251785.785006,9,789.31,0.0,0
1775251785.7855432,10,791.19,27.3,0
1775251785.7855432,11,791.19,0.0,0
1775251785.7860851,13,791.64,0.0,0
1775251785.7860851,14,796.92,0.0,0
1775251785.7855432,12,798.56,0.0,0
1775251785.7866273,15,799.01,0.0,0
1775251785.563511,1,1023.14,0.0,0
1775251785.7951767,16,848.20,9.4,0
1775251786.579727,2,628.55,10.6,0
1775251786.580232,3,630.59,0.0,0
1775251786.580232,4,631.60,0.0,0
1775251786.5807612,5,632.08,0.0,0
1775251786.5807612,6,634.45,0.0,0
1775251786.5807612,7,636.12,33.3,0
1775251786.5807612,8,742.68,5.8,0
1775251786.5807612,9,745.20,70.0,0
1775251786.5807612,10,746.82,25.0,0
1775251786.5807612,11,747.81,0.0,0
1775251786.5807612,12,749.33,0.0,0
1775251786.5818748,13,803.74,22.2,0
1775251786.5818748,14,806.33,0.0,0
1775251786.5656593,1,826.31,13.3,0
1775251787.3201323,2,481.75,17.9,0
1775251787.3201323,3,483.76,0.0,0
1775251787.3206418,4,485.23,0.0,0
1775251787.3206418,5,486.85,0.0,0
1775251787.3206418,6,488.48,0.0,0
1775251787.3212843,7,643.96,19.5,0
1775251787.3212843,8,646.09,25.0,0
1775251787.3212843,9,647.09,0.0,0
1775251787.3824296,11,845.33,8.3,0
1775251787.3834453,13,846.31,0.0,0
1775251787.3824296,10,849.14,0.0,0
1775251787.3824296,12,852.67,14.3,0
1775251787.3834453,14,852.78,0.0,0
1775251787.3834453,15,853.79,0.0,0
1775251787.3834453,16,855.78,0.0,0
1775251787.3197706,1,920.46,0.0,0
1775251787.963157,17,740.35,6.0,0
1775251788.2226002,2,587.47,1.9,0
1775251788.224618,4,587.46,20.0,0
1775251788.2226002,3,590.48,0.0,0
1775251788.2251248,5,589.43,0.0,0
1775251788.2251248,6,590.43,0.0,0
1775251788.2251248,7,591.76,0.0,0
1775251788.2251248,8,592.74,0.0,0
1775251788.2251248,9,594.37,0.0,0
1775251788.226141,10,700.38,5.3,0
1775251788.226141,11,702.47,0.0,0
1775251788.2325778,12,902.68,0.0,0
1775251788.2325778,13,904.29,0.0,0
1775251788.2412202,14,950.92,7.9,0
1775251788.2226002,1,970.56,0.0,0
1775251788.2412202,16,953.61,0.0,0
1775251788.2412202,15,955.13,0.0,0
1775251788.2438254,17,956.69,0.0,0
1775251788.807549,18,1007.22,7.5,0
1775251788.9230042,20,893.36,0.0,0
1775251788.9230042,19,895.06,0.0,0
1775251788.9230042,21,895.06,0.0,0
1775251788.9230042,23,896.57,0.0,0
1775251788.9230042,22,898.16,0.0,0
1775251788.9230042,24,900.31,0.0,0
1775251788.9245133,26,903.60,50.0,0
1775251788.9230042,25,906.62,0.0,0
1775251788.9245133,29,906.68,0.0,0
1775251788.9245133,28,908.26,0.0,0
1775251788.9245133,27,909.27,0.0,0
1775251789.198941,2,744.57,29.6,0
1775251789.2025309,3,742.99,0.0,0
1775251789.198941,1,1359.22,4.3,0
1775251789.8243186,4,735.84,66.7,0
1775251789.8243186,5,737.84,14.3,0
1775251789.8243186,6,739.35,0.0,0
1775251789.8256319,7,739.08,0.0,0
1775251789.8256319,8,741.11,0.0,0
1775251789.8256319,9,743.17,0.0,0
1775251789.8256319,10,744.67,0.0,0
1775251789.8256319,11,745.67,0.0,0
1775251789.8266356,12,952.54,4.3,0
1775251789.8266356,13,953.62,7.1,0
1775251789.836425,15,944.85,0.0,0
1775251789.8352883,14,949.62,0.0,0
1775251789.836425,16,949.06,0.0,0
1775251789.836425,17,951.55,0.0,0
1775251789.836425,18,952.55,0.0,0
1775251790.7761793,4,477.09,6.2,0
1775251790.7751687,2,479.09,0.0,0
1775251790.7751687,3,480.37,0.0,0
1775251790.7761793,5,480.81,0.0,0
1775251790.7761793,6,482.24,0.0,0
1775251790.7761793,7,483.36,0.0,0
1775251790.7771769,8,482.92,0.0,0
1775251790.7771769,9,691.14,20.4,0
1775251790.7771769,10,692.64,0.0,0
1775251790.7834005,12,739.23,10.0,0
1775251790.7834005,13,741.07,0.0,0
1775251790.782386,11,743.37,0.0,0
1775251790.7834005,14,743.92,0.0,0
1775251790.7751687,1,755.50,18.8,0
1775251791.4659495,4,474.25,10.3,0
1775251791.4659495,2,732.93,47.5,0
1775251791.4659495,3,734.46,0.0,0
1775251791.4659495,5,735.46,50.0,0
1775251791.4659495,7,736.97,0.0,0
1775251791.4659495,6,738.97,0.0,0
1775251791.5216064,8,684.32,0.0,0
1775251791.5216064,10,687.32,0.0,0
1775251791.5216064,11,844.84,30.0,0
1775251791.5216064,9,845.84,0.0,0
1775251791.5216064,12,847.39,0.0,0
1775251791.5285702,13,840.94,0.0,0
1775251791.5295699,15,841.46,0.0,0
1775251791.5285702,14,845.97,50.0,0
1775251791.465443,1,910.11,0.0,0
1775251791.5295699,16,846.98,0.0,0
1775251792.364425,4,422.94,19.5,0
1775251792.364425,2,423.95,0.0,0
1775251792.364425,3,425.28,0.0,0
1775251792.3654318,8,580.52,3.7,0
1775251792.364425,5,583.07,0.0,0
1775251792.364425,6,584.75,0.0,0
1775251792.364425,7,586.11,75.0,0
1775251792.3654318,9,587.35,0.0,0
1775251792.3654318,10,746.22,0.6,0
1775251792.3720338,11,741.13,0.0,0
1775251792.3720338,12,742.13,0.0,0
1775251792.3720338,13,746.26,0.0,0
1775251792.3785524,14,741.84,0.0,0
1775251792.363918,1,757.07,0.0,0
1775251793.1066482,2,425.80,9.2,0
1775251793.1086636,7,425.33,0.0,0
1775251793.1076558,3,428.50,0.0,0
1775251793.1076558,4,738.01,3.5,0
1775251793.1086636,8,738.51,0.0,0
1775251793.1076558,5,741.24,0.0,0
1775251793.1086636,10,741.57,0.0,0
1775251793.1076558,6,744.08,0.0,0
1775251793.1086636,9,850.96,4.4,0
1775251793.1156716,11,846.01,0.0,0
1775251793.1166785,12,846.52,0.0,0
1775251793.1166785,13,847.52,0.0,0
1775251793.1172798,14,848.44,0.0,0
1775251793.1172798,15,850.44,18.2,0
1775251793.1172798,16,852.44,0.0,0
1775251793.1066482,1,864.37,0.0,0
1775251793.8423853,17,690.87,9.0,0
1775251793.8423853,19,693.09,0.0,0
1775251793.8423853,18,694.37,0.0,0
1775251793.955762,21,582.23,0.0,0
1775251793.955762,20,583.38,0.0,0
1775251793.9567688,22,687.39,14.3,0
1775251793.9567688,23,688.98,0.0,0
1775251793.9573524,24,689.93,0.0,0
1775251793.9573524,26,690.47,0.0,0
1775251793.9573524,27,691.48,0.0,0
1775251793.9573524,25,692.49,0.0,0
1775251793.9573524,28,749.64,3.1,0
1775251793.9583848,29,749.77,0.0,0
1775251793.96872,30,745.37,0.0,0
1775251794.6431642,5,332.93,6.2,0
1775251794.6421568,3,335.95,0.0,0
1775251794.6431642,6,898.87,5.3,0
1775251794.6421568,4,901.54,0.0,0
1775251794.6421568,2,903.55,20.0,0
1775251794.7020688,8,849.02,0.0,0
1775251794.7030835,7,850.00,0.0,0
1775251794.710571,10,844.52,0.0,0
1775251794.710571,9,845.52,0.0,0
1775251794.710571,11,846.51,0.0,0
1775251794.7115712,12,846.51,0.0,0
1775251794.7115712,13,847.09,0.0,0
1775251794.7115712,15,848.10,44.4,0
1775251794.7115712,14,850.10,12.5,0
1775251794.7115712,16,850.10,0.0,0
1775251794.6421568,1,921.02,0.0,0
1775251794.7169662,17,1010.92,2.5,0
1775251794.7198868,18,1009.50,0.0,0
1775251794.8226643,19,961.40,18.8,0
1775251794.9796124,20,808.77,0.0,0
1775251795.5490706,6,1059.97,5.9,0
1775251795.5490706,4,1061.47,0.0,0
1775251795.5490706,5,1062.96,0.0,0
1775251795.5490706,3,1063.96,0.0,0
1775251795.5485475,2,1066.10,0.0,0
1775251795.5641828,7,1052.17,0.0,0
1775251795.5641828,8,1053.38,0.0,0
1775251795.5656886,9,1053.22,0.0,0
1775251795.5656886,11,1054.12,0.0,0
1775251795.5656886,10,1055.63,0.0,0
1775251795.5656886,12,1056.13,0.0,0
1775251795.5666986,13,1056.13,37.5,0
1775251795.5666986,15,1058.65,0.0,0
1775251795.5666986,14,1059.65,0.0,0
1775251795.5666986,16,1171.09,45.1,0
1775251795.568694,17,1171.90,0.0,0
1775251795.5472155,1,1251.16,21.9,0
1775251795.6728597,18,1126.02,0.0,0
1775251795.7305121,19,1176.19,14.2,0
1775251795.7856662,20,1379.63,4.3,0
1775251795.786229,21,1380.57,0.0,0
1775251795.7899897,22,1483.19,3.7,0
1775251796.5025868,3,773.11,0.0,0
1775251796.501541,2,775.15,0.0,0
1775251796.5025868,4,775.11,0.0,0
1775251796.5025868,5,777.26,25.0,0
1775251796.5036066,6,1493.52,4.2,0
1775251796.504606,7,1495.05,0.0,0
1775251796.7317705,13,1324.79,0.0,0
1775251796.7317705,12,1326.06,0.0,0
1775251796.7317705,11,1327.56,0.0,0
1775251796.6283455,8,1433.00,13.3,0
1775251796.7317705,9,1331.05,0.0,0
1775251796.7317705,10,1332.05,0.0,0
1775251796.733372,15,1331.96,0.0,0
1775251796.733372,14,1332.97,0.0,0
1775251796.733372,16,1334.55,0.0,0
1775251796.7338808,17,1336.61,0.0,0
1775251796.7338808,18,1337.17,0.0,0
1775251796.7338808,19,1338.18,0.0,0
1775251796.7338808,20,1339.18,0.0,0
1775251796.501541,1,1573.03,0.0,0
1775251796.7443812,21,1391.31,44.6,0
1775251796.801064,22,1389.31,14.1,0
1775251796.9087002,23,1337.55,14.3,0
1775251797.270499,2,1335.64,11.6,0
1775251797.2818778,3,1838.39,23.3,0
1775251797.9934812,4,1128.31,0.0,0
1775251797.9946094,8,1128.19,8.3,0
1775251797.9946094,7,1130.71,0.0,0
1775251797.9934812,6,1133.31,0.0,0
1775251797.9934812,5,1134.31,0.0,0
1775251797.9946094,9,1134.30,0.0,0
1775251797.1688046,1,2324.44,6.2,0
1775251798.051455,2,1442.79,0.0,0
1775251798.0524683,4,1443.77,0.0,0
1775251798.0524683,3,1444.93,100.0,0
1775251798.0524683,5,1446.50,0.0,0
1775251798.0524683,6,1447.50,0.0,0
1775251798.0534656,7,1448.52,0.0,0
1775251798.0534656,8,1449.51,0.0,0
1775251798.0534656,9,1450.51,0.0,0
1775251798.05456,10,1450.41,0.0,0
1775251798.0776577,11,1533.88,3.6,0
1775251798.128655,12,1485.40,0.0,0
1775251798.129664,14,1485.89,0.0,0
1775251798.129664,13,1487.91,0.0,0
1775251798.130173,16,1488.43,0.0,0
1775251798.130173,15,1490.56,0.0,0
1775251798.130173,17,1491.69,0.0,0
1775251798.000672,1,1679.34,4.7,0
1775251798.1377017,18,1544.61,0.0,0
1775251798.192381,19,1546.01,4.8,0
1775251798.2477548,20,1546.47,3.9,0
1775251798.607141,21,2310.39,1.6,0
1775251799.1299236,2,1999.86,8.0,0
1775251799.4862044,3,1645.58,0.0,0
1775251799.4867206,4,1646.07,0.0,0
1775251799.4872324,6,1646.55,0.0,0
1775251799.4872324,5,1648.06,0.0,0
1775251799.4872324,8,1649.11,0.0,0
1775251799.4882457,10,1649.30,0.0,0
1775251799.4882457,11,1650.50,60.0,0
1775251799.4882457,9,1651.49,0.0,0
1775251799.4872324,7,1652.51,0.0,0
1775251799.4882457,12,1654.48,0.0,0
1775251799.4882457,13,1655.47,0.0,0
1775251799.489244,15,1655.72,0.0,0
1775251799.489244,14,1656.29,0.0,0
1775251799.489244,16,1658.04,0.0,0
1775251799.489244,17,1659.37,0.0,0
1775251799.489244,20,1659.87,0.0,0
1775251799.489244,18,1661.94,0.0,0
1775251799.4902427,19,1661.96,0.0,0
1775251799.4902427,21,1663.09,0.0,0
1775251799.4902427,22,1664.13,33.3,0
1775251799.4902427,23,1665.14,0.0,0
1775251799.5059707,24,1711.72,13.4,0
1775251799.6081164,26,1611.32,0.0,0
1775251799.6081164,25,1612.33,0.0,0
1775251799.1157606,1,2106.27,0.0,0
1775251799.6228726,27,1756.01,16.7,0
1775251799.6839058,28,1803.74,0.0,0
1775251799.7353563,30,1753.87,0.0,0
1775251799.7353563,29,1755.56,0.0,0
1775251799.7400086,31,1857.15,0.0,0
1775251799.791507,32,1807.87,0.0,0
1775251799.796206,33,1962.10,12.4,0
1775251800.915264,2,844.44,0.0,0
1775251800.9195302,3,1966.69,5.9,0
1775251801.1229935,2,1764.81,0.0,0
1775251801.1229935,3,1766.10,16.7,0
1775251801.1566024,4,1842.05,4.3,0
1775251801.2082083,5,1792.51,0.0,0
1775251801.208833,6,1792.90,0.0,0
1775251801.208833,8,1794.23,0.0,0
1775251801.208833,7,1796.23,0.0,0
1775251801.208833,10,1797.23,0.0,0
1775251801.208833,9,1798.50,0.0,0
1775251801.2102826,11,1798.37,0.0,0
1775251801.2102826,12,1799.47,0.0,0
1775251801.21079,13,1798.97,0.0,0
1775251801.21079,14,1801.55,0.0,0
1775251801.21079,15,1802.06,0.0,0
1775251801.21079,16,1803.51,12.5,0
1775251801.21079,17,1804.60,0.0,0
1775251801.21079,18,1805.78,0.0,0
1775251801.21079,19,1806.89,0.0,0
1775251801.2120652,20,1806.62,0.0,0
1775251801.2120652,21,1806.62,0.0,0
1775251801.2120652,22,1807.62,0.0,0
1775251801.2120652,23,1809.22,0.0,0
1775251801.2120652,24,1810.27,0.0,0
1775251800.915264,1,2108.27,0.0,0
1775251801.2230327,25,1862.20,18.8,0
1775251801.1229935,1,1963.75,0.0,0
1775251801.381602,26,1812.16,5.4,0
1775251801.4919424,27,1910.83,9.1,0
1775251801.5936306,28,1810.63,66.7,0
1775251801.600394,29,2212.88,10.8,0
1775251801.7545977,32,2060.68,0.0,0
1775251801.753967,30,2061.31,0.0,0
1775251801.7545977,31,2062.27,0.0,0
1775251801.7617078,33,2569.93,6.0,0
1775251802.8809628,2,1452.68,0.0,0
1775251802.88307,8,1452.08,0.0,0
1775251802.8820374,3,1455.42,0.0,0
1775251802.8820374,4,1457.07,0.0,0
1775251802.8820374,5,1458.36,0.0,0
1775251802.8820374,6,1459.52,75.0,0
1775251802.88307,7,1459.81,0.0,0
1775251802.8917189,9,2041.09,1.7,0
1775251802.993385,12,1940.88,0.0,0
1775251802.993385,11,1941.88,50.0,0
1775251802.993385,13,1943.35,0.0,0
1775251802.993385,10,1944.51,0.0,0
1775251802.994392,15,1944.56,0.0,0
1775251802.994392,14,1945.62,0.0,0
1775251802.995392,18,1945.62,0.0,0
1775251802.995392,16,1946.89,0.0,0
1775251802.995392,17,1947.89,0.0,0
1775251803.0760527,2,1924.26,6.2,0
1775251803.0760527,3,1926.26,0.0,0
1775251803.077062,4,1926.93,0.0,0
1775251803.077062,5,1928.01,0.0,0
1775251803.0780869,6,1928.33,0.0,0
1775251803.0780869,8,1929.66,0.0,0
1775251803.0780869,7,1931.18,0.0,0
1775251803.0780869,9,1932.47,0.0,0
1775251803.0780869,10,1933.77,0.0,0
1775251803.0791452,11,1933.71,0.0,0
1775251802.8820374,1,2131.92,14.3,0
1775251803.0887408,12,2035.88,3.6,0
1775251803.1957777,13,2035.89,2.8,0
1775251803.024533,1,2207.13,14.3,0
1775251803.4054663,14,2086.57,0.8,0
1775251803.8107607,15,1682.28,0.0,0
1775251804.3260992,4,2391.36,7.6,0
1775251804.3260992,3,2392.36,12.5,0
1775251804.3260992,2,2394.39,0.0,0
1775251804.3271108,5,2393.94,0.0,0
1775251804.3271108,6,2394.94,0.0,0
1775251804.3439813,7,2590.13,1.9,0
1775251804.903343,13,2031.77,44.4,0
1775251804.9023316,8,2035.31,0.0,0
1775251804.903343,11,2035.88,0.0,0
1775251804.903343,10,2037.13,0.0,0
1775251804.903343,12,2038.20,0.0,0
1775251804.9023316,9,2040.49,0.0,0
1775251804.903343,14,2040.78,0.0,0
1775251804.9063427,15,2038.82,0.0,0
1775251804.9063427,17,2039.98,0.0,0
1775251804.9063427,16,2040.98,0.0,0
1775251804.9063427,18,2041.49,0.0,0
1775251804.9073632,20,2041.97,0.0,0
1775251804.9073632,21,2043.00,0.0,0
1775251804.9063427,19,2044.02,25.0,0
1775251804.9073632,22,2045.43,0.0,0
1775251804.9073632,23,2046.01,0.0,0
1775251804.9073632,24,2047.31,0.0,0
1775251804.9286788,25,2026.00,0.0,0
1775251804.9296792,26,2026.53,0.0,0
1775251804.9296792,27,2028.56,0.0,0
1775251804.9296792,28,2028.56,0.0,0
1775251804.9301841,29,2029.54,0.0,0
1775251804.9301841,30,2030.90,0.0,0
1775251804.9952672,32,2127.75,4.2,0
1775251804.9952672,31,2130.84,0.0,0
1775251804.3260992,1,2801.64,0.0,0
1775251804.9962761,33,2132.46,0.0,0
1775251805.1173732,2,2068.23,9.1,0
1775251805.1173732,3,2070.24,0.0,0
1775251805.1173732,4,2071.24,0.0,0
1775251805.228647,5,2220.00,1.2,0
1775251805.4874158,6,2169.45,3.6,0
1775251805.0139604,1,2644.95,0.0,0
1775251805.4874158,7,2172.50,0.0,0
1775251805.488439,8,2171.47,0.0,0
1775251805.4894688,9,2172.15,0.0,0
1775251806.7133641,2,1870.03,9.3,0
1775251806.7133641,3,1872.13,0.0,0
1775251806.714396,4,1872.10,0.0,0
1775251806.714396,5,1874.10,0.0,0
1775251806.9265785,8,1925.84,16.5,0
1775251806.9265785,6,1928.44,0.0,0
1775251806.9275966,10,1928.44,0.0,0
1775251806.9275966,9,1929.72,50.0,0
1775251806.9265785,7,1931.82,0.0,0
1775251806.9285958,13,1931.16,0.0,0
1775251806.9275966,11,1933.61,0.0,0
1775251806.9285958,15,1933.62,0.0,0
1775251806.9285958,12,1934.65,0.0,0
1775251806.9285958,14,1935.67,0.0,0
1775251806.9285958,17,1936.67,0.0,0
1775251806.9285958,16,1937.80,0.0,0
1775251806.9285958,18,1937.80,0.0,0
1775251806.9285958,19,1939.09,0.0,0
1775251806.9285958,20,1940.09,0.0,0
1775251806.9301026,21,1940.60,0.0,0
1775251806.9311128,22,1940.64,0.0,0
1775251806.9311128,23,1941.65,50.0,0
1775251807.115676,2,1866.24,6.5,0
1775251807.115676,4,1867.24,25.0,0
1775251807.115676,3,1868.25,0.0,0
1775251806.7133641,1,2272.06,0.0,0
1775251807.1169178,5,1869.51,0.0,0
1775251807.181001,6,1964.31,1.2,0
1775251807.1841052,7,1963.22,0.0,0
1775251807.4449787,8,1759.04,12.5,0
1775251807.1151555,1,2090.87,0.0,0
1775251807.4459982,9,1761.39,0.0,0
1775251807.450167,10,2422.66,7.2,0
1775251807.6631227,11,3180.97,6.6,0
1775251808.5771015,2,2268.99,0.0,0
1775251808.5776532,4,2269.43,0.0,0
1775251808.5776532,5,2271.26,0.0,0
1775251808.5776532,3,2272.32,0.0,0
1775251808.5781984,7,2272.79,0.0,0
1775251808.5781984,6,2274.36,0.0,0
1775251808.5787454,9,2274.83,0.0,0
1775251808.5781984,8,2276.37,0.0,0
1775251808.5787454,10,2276.82,0.0,0
1775251808.5792863,12,2277.28,25.0,0
1775251808.5787454,11,2279.82,20.0,0
1775251808.5792863,13,2280.28,0.0,0
1775251808.8444831,14,2228.43,3.8,0
1775251808.8454957,16,2228.93,0.0,0
1775251808.8444831,15,2231.95,50.0,0
1775251808.8454957,17,2231.93,0.0,0
1775251808.8464932,19,2231.95,0.0,0
1775251808.8464932,21,2233.46,0.0,0
1775251808.8464932,20,2234.80,0.0,0
1775251808.8464932,18,2235.88,0.0,0
1775251808.8464932,22,2236.88,0.0,0
1775251808.847491,23,2235.88,0.0,0
1775251808.847491,24,2237.97,0.0,0
1775251808.847491,25,2238.97,0.0,0
1775251808.847491,26,2239.97,0.0,0
1775251808.8501942,27,2237.85,0.0,0
1775251808.8501942,28,2238.88,0.0,0
1775251808.8501942,30,2239.89,0.0,0
1775251808.8501942,29,2241.90,44.4,0
1775251808.851236,32,2241.86,0.0,0
1775251808.8501942,31,2243.90,0.0,0
1775251808.9762974,33,2276.25,8.5,0
1775251808.9762974,34,2278.26,0.0,0
1775251808.576513,1,2679.04,0.0,0
1775251808.9773016,35,2279.34,0.0,0
1775251808.9874442,36,2325.93,14.3,0
1775251809.1397667,2,2175.61,0.0,0
1775251809.1397667,3,2176.71,0.0,0
1775251809.148681,4,2426.76,1.6,0
1775251809.8681674,5,1765.38,3.1,0
1775251809.1397667,1,2495.29,0.0,0
1775251809.8681674,7,1769.03,0.0,0
1775251809.8681674,6,1770.30,22.2,0
1775251809.8707078,8,1769.26,0.0,0
1775251809.875343,9,2888.73,10.1,0
1775251810.860567,2,2111.83,8.3,0
1775251811.0633376,3,1911.06,0.0,0
1775251811.0643442,2,1910.56,0.0,0
1775251811.0653474,5,1910.57,0.0,0
1775251811.0643442,4,1913.58,0.0,0
1775251811.0658598,7,1913.07,0.0,0
1775251811.0658598,8,1914.07,0.0,0
1775251811.0658598,10,1915.58,0.0,0
1775251811.0653474,6,1917.09,28.6,0
1775251811.0658598,9,1917.58,0.0,0
1775251811.0658598,12,1919.08,0.0,0
1775251811.0668933,13,1918.63,0.0,0
1775251811.0668933,11,1920.89,0.0,0
1775251811.0668933,15,1921.89,0.0,0
1775251811.0668933,14,1922.89,0.0,0
1775251811.0668933,17,1924.47,0.0,0
1775251811.0678701,18,1924.92,0.0,0
1775251811.0668933,16,1927.39,0.0,0
1775251811.0678701,20,1927.70,0.0,0
1775251811.0678701,19,1929.22,0.0,0
1775251811.0678701,21,1930.23,16.7,0
1775251811.0678701,22,1931.23,0.0,0
1775251811.0940957,23,2072.54,6.8,0
1775251811.2476952,24,1920.94,0.0,0
1775251810.839861,1,2329.77,75.0,0
1775251811.2476952,25,1923.09,0.0,0
1775251811.3086708,26,2069.49,7.7,0
1775251811.0633376,1,2316.33,0.0,0
1775251811.3118691,27,2068.81,0.0,0
1775251811.3174806,28,2169.84,2.6,0
1775251811.5709064,29,1918.41,0.0,0
1775251811.571921,31,1918.40,0.0,0
1775251811.571921,30,1919.97,0.0,0
1775251811.5774467,32,3036.44,5.1,0
1775251811.6279433,33,2986.50,0.0,0
1775251812.7582479,3,1966.29,8.0,0
1775251812.7582479,4,1968.83,0.0,0
1775251812.7582479,2,1971.34,0.0,0
1775251812.7582479,5,1972.45,0.0,0
1775251812.7592397,6,1972.45,0.0,0
1775251812.7592397,7,1973.49,33.3,0
1775251812.7592397,8,1974.99,0.0,0
1775251812.7592397,9,1975.99,0.0,0
1775251812.7592397,10,1977.36,0.0,0
1775251812.7592397,11,1978.45,0.0,0
1775251812.760309,12,1978.61,0.0,0
1775251812.760309,13,1979.86,0.0,0
1775251812.760309,15,1980.41,0.0,0
1775251812.760309,16,1981.90,0.0,0
1775251812.760309,14,1982.94,0.0,0
1775251812.760309,17,1985.47,0.0,0
1775251812.7613437,18,1985.85,0.0,0
1775251812.7613437,19,1986.92,50.0,0
1775251812.7613437,20,1987.92,0.0,0
1775251812.7613437,21,1989.41,0.0,0
1775251812.7613437,22,1990.85,0.0,0
1775251812.7613437,23,1991.91,0.0,0
1775251812.969839,24,2402.22,9.4,0
1775251812.969839,25,2404.72,18.2,0
1775251813.153883,2,2327.97,2.0,0
1775251813.153883,3,2328.97,10.0,0
1775251813.1568916,6,2327.96,0.0,0
1775251813.153883,5,2332.03,0.0,0
1775251813.153883,4,2334.05,0.0,0
1775251813.1568916,7,2333.08,0.0,0
1775251813.157893,9,2333.07,0.0,0
1775251813.157893,10,2334.31,0.0,0
1775251813.157893,8,2335.50,0.0,0
1775251813.157893,11,2336.52,0.0,0
1775251813.157893,12,2337.52,0.0,0
1775251812.7572126,1,2739.21,0.0,0
1775251813.171893,13,2536.80,4.0,0
1775251813.3761632,14,2334.54,0.0,0
1775251813.3816752,15,2842.63,11.5,0
1775251813.48308,17,2742.69,0.0,0
1775251813.48308,16,2743.86,0.0,0
1775251813.0013998,1,3227.53,0.0,0
1775251814.6093676,2,2036.99,6.9,0
1775251814.6093676,3,2039.12,0.0,0
1775251814.6093676,4,2040.23,0.0,0
1775251814.6093676,5,2041.49,0.0,0
1775251814.6093676,6,2042.64,0.0,0
1775251814.610389,7,2042.69,0.0,0
1775251814.610389,8,2043.84,55.6,0
1775251814.610389,10,2044.84,0.0,0
1775251814.610389,11,2045.84,0.0,0
1775251814.610389,9,2046.84,0.0,0
1775251814.7180936,15,2660.00,13.6,0
1775251814.7180936,12,2662.27,0.0,0
1775251814.7180936,13,2663.28,0.0,0
1775251814.7180936,14,2664.29,0.0,0
1775251814.7180936,16,2665.28,0.0,0
1775251814.7198796,17,2665.58,0.0,0
1775251814.7198796,18,2666.59,0.0,0
1775251814.7210212,19,2666.45,0.0,0
1775251814.7545507,20,2691.83,10.8,0
1775251815.3630362,2,2084.86,0.0,0
1775251815.3640487,3,2086.42,0.0,0
1775251815.3640487,5,2087.42,11.1,0
1775251815.3640487,4,2088.42,0.0,0
1775251815.3640487,6,2090.42,0.0,0
1775251815.3640487,7,2091.92,0.0,0
1775251815.3640487,8,2092.74,0.0,0
1775251815.3640487,9,2093.84,0.0,0
1775251815.3655598,10,2093.33,0.0,0
1775251815.3655598,11,2094.33,0.0,0
1775251815.3655598,12,2095.33,0.0,0
1775251815.3655598,13,2096.33,0.0,0
1775251814.6093676,1,2854.03,0.0,0
1775251815.375574,14,2500.88,4.1,0
1775251815.7014637,15,2234.79,9.4,0
1775251815.7014637,17,2236.79,0.0,0
1775251815.7014637,16,2237.79,0.0,0
1775251815.7025003,19,2238.33,0.0,0
1775251815.7014637,18,2239.36,0.0,0
1775251815.3630362,1,2578.88,0.0,0
1775251815.7031295,20,2239.79,0.0,0
1775251815.70532,21,2239.06,0.0,0
1775251815.7118168,22,2849.72,3.0,0
1775251816.6381698,4,1982.36,0.0,0
1775251816.6381698,3,1983.96,0.0,0
1775251816.6381698,5,1985.41,22.2,0
1775251816.6387472,6,1986.86,0.0,0
1775251816.637078,2,1990.09,0.0,0
1775251816.6387472,7,1989.98,0.0,0
1775251816.6392977,8,1990.93,0.0,0
1775251816.6392977,9,1992.30,0.0,0
1775251816.6398468,10,1991.75,0.0,0
1775251816.6398468,11,1992.93,0.0,0
1775251816.6398468,12,1994.05,0.0,0
1775251816.6404169,13,1995.04,0.0,0
1775251816.6584294,14,3207.20,7.2,0
1775251817.374581,22,2799.67,9.1,0
1775251817.373072,17,2802.28,0.0,0
1775251817.374581,21,2801.82,0.0,0
1775251817.373072,16,2804.33,0.0,0
1775251817.373072,18,2805.33,0.0,0
1775251817.374581,20,2805.33,0.0,0
1775251817.3707283,3,2810.19,0.0,0
1775251817.374581,19,2807.34,0.0,0
1775251817.371423,5,2811.51,0.0,0
1775251817.3707283,4,2813.20,0.0,0
1775251817.371423,7,2814.55,23.1,0
1775251817.3884685,23,2798.74,0.0,0
1775251817.371423,6,2816.78,0.0,0
1775251817.371423,8,2817.78,0.0,0
1775251817.371423,10,2818.78,0.0,0
1775251817.371423,9,2819.78,0.0,0
1775251817.3707283,2,2821.64,0.0,0
1775251817.373072,13,2820.38,0.0,0
1775251817.373072,12,2821.40,0.0,0
1775251817.373072,14,2822.40,0.0,0
1775251817.373072,15,2822.40,0.0,0
1775251817.371423,11,2825.55,0.0,0
1775251816.229939,1,3969.11,0.0,0
1775251817.4396613,24,2760.40,0.0,0
1775251817.4644005,25,2848.40,12.9,0
1775251817.872277,26,2441.53,0.0,0
1775251817.8733451,27,2442.99,0.0,0
1775251817.8733451,28,2444.02,0.0,0
1775251817.8733451,29,2445.14,0.0,0
1775251817.8738673,30,2445.62,0.0,0
1775251817.3699725,1,2957.78,71.4,0
1775251817.8785844,31,2451.16,0.0,0
1775251818.5582566,15,2701.77,6.1,0
1775251818.5570598,14,2703.96,0.0,0
1775251818.5570598,12,2705.96,0.0,0
1775251818.5570598,13,2707.47,20.0,0
1775251818.5582566,16,2707.78,0.0,0
1775251818.5560732,8,2709.97,0.0,0
1775251818.5560732,6,2711.46,0.0,0
1775251818.5560732,7,2713.38,0.0,0
1775251818.5570598,10,2713.42,0.0,0
1775251818.5570598,11,2713.93,0.0,0
1775251818.5560732,5,2716.37,0.0,0
1775251818.5560732,9,2716.37,0.0,0
1775251818.5550551,3,2719.67,0.0,0
1775251818.5550551,2,2720.69,0.0,0
1775251818.5550551,4,2721.69,0.0,0
1775251818.6154213,17,2662.32,0.0,0
1775251818.6174607,18,2661.29,100.0,0
1775251818.6364954,19,3466.68,10.3,0
1775251819.8676345,16,2240.73,12.5,0
1775251819.859441,13,2249.93,0.0,0
1775251819.859441,15,2250.92,0.0,0
1775251819.859441,14,2252.15,0.0,0
1775251819.8584385,10,2254.70,0.0,0
1775251818.5550551,1,3559.17,0.0,0
1775251819.8574548,5,2257.77,0.0,0
1775251819.8584385,6,2257.29,0.0,0
1775251819.8584385,7,2259.31,0.0,0
1775251819.8574548,4,2261.38,0.0,0
1775251819.8564274,2,2263.32,0.0,0
1775251819.8574548,3,2262.80,0.0,0
1775251819.859441,12,2262.33,0.0,0
1775251819.8584385,8,2264.33,66.7,0
1775251819.859441,11,2263.33,0.0,0
1775251819.8584385,9,2265.84,0.0,0
1775251820.305632,9,2850.72,1.8,0
1775251820.305632,8,2851.76,0.0,0
1775251820.3046331,7,2854.53,0.0,0
1775251820.3036354,4,2856.54,0.0,0
1775251820.3036354,5,2857.55,0.0,0
1775251820.3026197,3,2858.56,0.0,0
1775251820.3026197,2,2860.32,0.0,0
1775251820.3036354,6,2860.39,0.0,0
1775251819.8564274,1,3309.11,0.0,0
1775251820.322948,10,2843.65,0.0,0
1775251820.322948,12,2844.68,0.0,0
1775251820.322948,11,2845.68,0.0,0
1775251820.322948,13,2846.68,100.0,0
1775251820.322948,14,2847.75,44.4,0
1775251820.322948,15,2848.29,0.0,0
1775251820.322948,16,2849.30,0.0,0
1775251820.324545,17,2848.70,0.0,0
1775251820.324545,18,2850.28,0.0,0
1775251820.324545,19,2851.29,0.0,0
1775251820.324545,20,2852.52,0.0,0
1775251820.2006185,1,4770.35,4.7,0
1775251821.2017462,3,3771.23,0.0,0
1775251821.1981936,2,3776.29,0.0,0
1775251822.094455,5,2993.15,15.8,0
1775251822.0934467,3,2996.19,0.0,0
1775251822.0934467,4,2998.06,0.0,0
1775251822.094455,6,2998.29,16.7,0
1775251822.0934467,2,3000.37,0.0,0
1775251822.094455,7,2999.36,0.0,0
1775251822.094455,8,3000.88,0.0,0
1775251822.0954504,9,3001.73,0.0,0
1775251822.0954504,10,3002.82,0.0,0
1775251822.0954504,11,3003.82,0.0,0
1775251822.0954504,13,3003.82,0.0,0
1775251822.0954504,12,3005.24,0.0,0
1775251822.0954504,14,3006.24,0.0,0
1775251822.0954504,15,3007.75,0.0,0
1775251822.0968077,16,3007.88,0.0,0
1775251822.0968077,18,3007.88,0.0,0
1775251822.0968077,17,3009.80,75.0,0
1775251822.0973172,19,3011.31,0.0,0
1775251822.0973172,20,3012.44,0.0,0
1775251822.0973172,21,3013.51,0.0,0
1775251822.0973172,22,3014.51,0.0,0
1775251822.0973172,23,3015.51,0.0,0
1775251822.0973172,25,3016.65,0.0,0
1775251822.0973172,24,3018.15,0.0,0
1775251822.0984373,27,3017.03,0.0,0
1775251822.0984373,26,3018.62,0.0,0
1775251822.0984373,28,3020.10,0.0,0
1775251822.0984373,29,3021.20,0.0,0
1775251822.0989428,30,3021.74,0.0,0
1775251822.0989428,31,3022.80,0.0,0
1775251822.0989428,32,3024.10,50.0,0
1775251822.0989428,33,3024.10,0.0,0
1775251822.1053522,34,3181.98,11.0,0
1775251821.1971095,1,4091.25,0.0,0
1775251822.126283,35,3218.69,14.1,0
1775251823.1428275,2,2203.14,0.0,0
1775251822.0934467,1,3254.03,0.0,0
1775251823.1522079,3,3116.57,12.4,0
1775251823.1770625,4,3101.00,0.0,0
1775251823.3307607,5,2949.93,25.0,0
1775251823.3307607,7,2950.92,0.0,0
1775251823.3307607,6,2951.92,0.0,0
1775251823.3307607,9,2952.92,0.0,0
1775251823.3307607,8,2954.43,0.0,0
1775251823.3326888,10,2953.08,0.0,0
1775251823.3326888,11,2954.46,0.0,0
1775251823.3337092,12,2954.67,0.0,0
1775251823.3337092,13,2955.85,0.0,0
1775251823.3337092,14,2956.85,0.0,0
1775251823.3337092,15,2957.85,0.0,0
1775251823.3337092,16,2958.85,0.0,0
1775251823.3337092,17,2960.85,0.0,0
1775251823.3337092,18,2961.85,23.1,0
1775251823.3352227,19,2961.84,0.0,0
1775251823.3352227,20,2962.37,0.0,0
1775251823.1428275,1,3156.29,0.0,0
1775251824.9758482,2,3220.87,3.8,0
1775251825.078511,2,3120.75,0.0,0
1775251825.078511,3,3121.78,0.0,0
1775251825.078511,4,3123.76,14.3,0
1775251825.0813582,5,3122.43,0.0,0
1775251825.0823843,6,3122.40,0.0,0
1775251825.0833845,7,3123.40,0.0,0
1775251825.2775424,8,3043.49,14.0,0
1775251825.2785833,10,3044.46,0.0,0
1775251825.2775424,9,3047.01,0.0,0
1775251825.2785833,11,3047.56,100.0,0
1775251825.2785833,13,3047.56,12.5,0
1775251825.2785833,12,3048.56,0.0,0
1775251825.2785833,14,3049.58,0.0,0
1775251825.2785833,15,3051.08,0.0,0
1775251825.2785833,16,3052.55,0.0,0
1775251825.2785833,17,3053.54,0.0,0
1775251825.2785833,18,3054.54,0.0,0
1775251825.2797203,19,3053.41,0.0,0
1775251825.2797203,21,3055.57,0.0,0
1775251825.2797203,20,3055.57,0.0,0
1775251825.2797203,22,3056.63,0.0,0
1775251825.2797203,23,3057.64,0.0,0
1775251825.2797203,24,3059.63,0.0,0
1775251825.2797203,25,3060.63,0.0,0
1775251825.2797203,26,3061.70,0.0,0
1775251825.2808225,27,3061.60,27.3,0
1775251825.2808225,28,3062.91,0.0,0
1775251825.2808225,30,3063.91,0.0,0
1775251825.2808225,29,3064.91,0.0,0
1775251825.2808225,31,3065.91,0.0,0
1775251825.2808225,32,3066.41,0.0,0
1775251825.2808225,33,3067.42,0.0,0
1775251825.2808225,34,3068.42,0.0,0
1775251825.2818253,35,3068.77,0.0,0
1775251825.2818253,36,3069.89,0.0,0
1775251824.9677777,1,3384.94,0.0,0
1775251825.290366,37,3126.01,39.1,0
1775251825.078511,1,3340.22,25.0,0
1775251825.349065,38,3077.50,25.0,0
1775251826.3010619,2,4019.45,4.0,0
1775251826.6562064,3,3665.92,0.0,0
1775251826.657227,4,3666.01,0.0,0
1775251826.6582348,5,3666.51,0.0,0
1775251826.6582348,6,3668.52,10.0,0
1775251826.6582348,7,3669.53,0.0,0
1775251826.6582348,8,3670.80,0.0,0
1775251826.6592245,10,3670.81,0.0,0
1775251826.6592245,9,3671.32,0.0,0
1775251826.6592245,11,3672.33,0.0,0
1775251826.6592245,12,3673.33,0.0,0
1775251826.660225,15,3673.91,0.0,0
1775251826.6592245,13,3675.92,0.0,0
1775251826.660225,14,3676.37,0.0,0
1775251826.6608193,16,3675.77,0.0,0
1775251826.6608193,17,3677.02,0.0,0
1775251826.6608193,18,3678.04,0.0,0
1775251826.6608193,19,3679.41,0.0,0
1775251826.6608193,22,3680.79,22.2,0
1775251826.6608193,20,3681.79,0.0,0
1775251826.6608193,21,3683.23,0.0,0
1775251826.661838,24,3683.21,0.0,0
1775251826.661838,23,3684.84,0.0,0
1775251826.661838,25,3685.35,0.0,0
1775251826.661838,27,3686.91,0.0,0
1775251826.661838,26,3687.96,0.0,0
1775251826.661838,28,3689.44,0.0,0
1775251826.6628492,30,3689.49,0.0,0
1775251826.6628492,29,3690.51,0.0,0
1775251826.6628492,31,3691.54,0.0,0
1775251826.6628492,32,3692.63,0.0,0
1775251826.6628492,33,3693.78,0.0,0
1775251826.6628492,34,3694.80,25.0,0
1775251826.6640203,36,3694.86,0.0,0
1775251826.6628492,35,3697.26,0.0,0
1775251826.6640203,37,3697.15,0.0,0
1775251826.6700373,38,3810.60,6.1,0
1775251826.271323,1,5281.34,9.6,0
1775251828.316683,2,3237.23,0.0,0
1775251828.404056,3,3264.39,0.0,0
1775251828.4050775,4,3265.38,10.0,0
1775251828.4050775,5,3266.99,0.0,0
1775251828.4050775,6,3268.00,0.0,0
1775251828.4050775,7,3268.99,0.0,0
1775251828.4050775,8,3270.55,0.0,0
1775251828.406224,9,3270.41,0.0,0
1775251828.406224,10,3270.41,0.0,0
1775251828.406224,11,3272.62,0.0,0
1775251828.4072227,12,3272.62,0.0,0
1775251828.4072227,13,3273.13,0.0,0
1775251828.40831,14,3273.04,0.0,0
1775251828.40831,15,3274.04,0.0,0
1775251828.40831,16,3275.09,0.0,0
1775251828.40831,17,3276.60,0.0,0
1775251828.40831,18,3277.19,25.0,0
1775251828.409308,19,3277.57,0.0,0
1775251828.409308,20,3278.57,0.0,0
1775251828.409308,21,3279.58,0.0,0
1775251828.4105272,22,3279.36,0.0,0
1775251828.4105272,23,3280.36,0.0,0
1775251828.4212961,24,3332.16,13.6,0
1775251828.3103805,1,3444.69,0.0,0
1775251828.427692,25,3332.04,0.0,0
1775251830.3627503,2,3338.34,8.7,0
1775251830.464465,3,3238.63,12.5,0
1775251830.464465,4,3239.76,0.0,0
1775251830.464465,5,3240.94,0.0,0
1775251830.464465,6,3242.17,0.0,0
1775251830.465473,7,3242.16,0.0,0
1775251830.4664822,8,3242.34,0.0,0
1775251830.4664822,10,3242.34,0.0,0
1775251830.4664822,9,3244.74,0.0,0
1775251830.4664822,11,3244.74,0.0,0
1775251830.4664822,12,3246.66,0.0,0
1775251830.4664822,13,3247.20,0.0,0
1775251830.467484,14,3247.71,0.0,0
1775251830.467484,16,3249.15,0.0,0
1775251830.467484,15,3250.15,20.0,0
1775251830.467484,17,3250.66,0.0,0
1775251830.467484,18,3252.01,0.0,0
1775251830.4684825,20,3252.04,0.0,0
1775251830.467484,19,3253.54,0.0,0
1775251830.4684825,21,3253.56,0.0,0
1775251830.4684825,22,3254.55,0.0,0
1775251830.4684825,24,3256.06,0.0,0
1775251830.4684825,23,3257.35,0.0,0
1775251830.4684825,25,3258.63,0.0,0
1775251830.471078,27,3257.60,0.0,0
1775251830.4694822,26,3260.21,0.0,0
1775251830.471078,29,3259.67,0.0,0
1775251830.471078,28,3259.67,0.0,0
1775251830.4720857,31,3260.16,16.7,0
1775251830.4720857,30,3261.53,0.0,0
1775251830.4720857,32,3263.04,0.0,0
1775251830.472594,33,3262.53,0.0,0
1775251830.472594,35,3263.62,0.0,0
1775251830.472594,34,3264.65,0.0,0
1775251830.472594,36,3265.65,0.0,0
1775251830.472594,37,3267.14,0.0,0
1775251830.472594,38,3268.32,0.0,0
1775251830.4736028,39,3268.31,0.0,0
1775251830.3143153,1,5472.07,5.2,0
1775251831.5552843,2,4232.15,0.0,0
1775251831.691882,3,4209.71,36.0,0
1775251831.7430563,4,4160.64,0.0,0
1775251831.7430563,5,4161.69,30.0,0
1775251831.744069,7,4161.78,0.0,0
1775251831.744069,8,4162.85,0.0,0
1775251831.7430563,6,4165.44,0.0,0
1775251831.744069,11,4165.50,0.0,0
1775251831.744069,9,4166.57,0.0,0
1775251831.744069,10,4167.58,0.0,0
1775251831.744069,12,4169.08,0.0,0
1775251831.7455769,13,4170.09,0.0,0
1775251831.7455769,15,4171.10,0.0,0
1775251831.7455769,14,4172.10,0.0,0
1775251831.7460938,16,4172.59,0.0,0
1775251831.7460938,17,4174.09,45.5,0
1775251831.7460938,18,4175.17,0.0,0
1775251831.7460938,19,4176.22,0.0,0
1775251831.7460938,20,4177.23,0.0,0
1775251831.7466843,21,4178.15,0.0,0
1775251831.7466843,23,4179.16,0.0,0
1775251831.7466843,22,4181.25,0.0,0
1775251831.7472112,24,4181.90,0.0,0
1775251831.7472112,25,4183.49,0.0,0
1775251831.7472112,26,4184.55,0.0,0
1775251831.7472112,27,4185.65,0.0,0
1775251831.7472112,28,4186.72,0.0,0
1775251831.7477646,29,4187.67,60.0,0
1775251831.7477646,30,4188.68,0.0,0
1775251831.7483034,32,4189.69,0.0,0
1775251831.7477646,31,4191.54,0.0,0
1775251831.7483034,34,4192.01,0.0,0
1775251831.7483034,33,4193.01,0.0,0
1775251831.7483034,35,4194.05,0.0,0
1775251831.7483034,36,4195.44,0.0,0
1775251831.7483034,37,4196.66,0.0,0
1775251831.7483034,39,4196.66,0.0,0
1775251831.7483034,38,4199.02,0.0,0
1775251831.749157,40,4198.17,0.0,0
1775251831.5489855,1,4461.86,6.2,0
1775251831.7577147,41,4255.65,37.5,0
1775251833.6945033,2,2375.05,12.5,0
1775251833.697559,3,3599.55,10.9,0
1775251833.8454816,5,3512.94,16.7,0
1775251833.7436826,4,3616.85,0.0,0
1775251833.8454816,7,3516.05,0.0,0
1775251833.8454816,6,3517.55,0.0,0
1775251833.8454816,8,3518.56,0.0,0
1775251833.8469858,9,3518.56,0.0,0
1775251833.8469858,10,3519.95,0.0,0
1775251833.8469858,11,3520.45,0.0,0
1775251833.8469858,12,3522.02,0.0,0
1775251833.8475077,13,3522.01,0.0,0
1775251833.8475077,14,3523.52,0.0,0
1775251833.8475077,15,3524.53,0.0,0
1775251833.8475077,16,3525.53,50.0,0
1775251833.8475077,17,3527.03,0.0,0
1775251833.8475077,18,3528.04,0.0,0
1775251833.8475077,19,3529.04,0.0,0
1775251833.8490338,20,3528.52,0.0,0
1775251833.8490338,21,3529.52,0.0,0
1775251833.8490338,22,3531.02,0.0,0
1775251833.8490338,23,3532.03,0.0,0
1775251833.8490338,24,3533.03,0.0,0
1775251833.8490338,26,3534.03,0.0,0
1775251833.8490338,25,3535.45,0.0,0
1775251833.6874948,1,3698.04,0.0,0
1775251833.856845,27,3542.22,47.1,0
1775251836.0022545,9,3492.96,4.9,0
1775251836.0012567,8,3496.47,0.0,0
1775251836.0012567,5,3497.99,36.4,0
1775251836.0012567,6,3499.01,0.0,0
1775251836.0002477,2,3501.02,0.0,0
1775251836.0012567,4,3502.22,0.0,0
1775251836.0002477,3,3504.23,0.0,0
1775251836.0012567,7,3504.22,0.0,0
1775251836.0022545,11,3504.22,0.0,0
1775251836.0022545,10,3504.22,0.0,0
1775251836.0022545,13,3506.23,0.0,0
1775251836.0022545,12,3507.22,0.0,0
1775251836.0022545,14,3508.23,0.0,0
1775251836.0022545,15,3509.27,0.0,0
1775251836.0032568,17,3509.26,0.0,0
1775251836.0032568,16,3509.77,28.6,0
1775251836.0032568,18,3510.82,0.0,0
1775251836.0032568,19,3512.02,0.0,0
1775251836.0032568,20,3513.03,0.0,0
1775251836.0032568,21,3514.02,0.0,0
1775251836.0032568,23,3515.51,0.0,0
1775251836.0032568,22,3517.02,0.0,0
1775251836.0032568,25,3518.08,0.0,0
1775251836.0032568,24,3519.16,0.0,0
1775251836.004488,26,3518.92,0.0,0
1775251836.004488,27,3519.92,0.0,0
1775251836.004488,28,3520.42,0.0,0
1775251836.004488,29,3521.76,0.0,0
1775251836.004488,30,3522.80,0.0,0
1775251836.004488,31,3523.81,0.0,0
1775251836.004488,32,3525.33,23.5,0
1775251836.004488,33,3526.61,0.0,0
1775251836.004488,34,3526.61,0.0,0
1775251836.0055282,35,3527.59,0.0,0
1775251836.0055282,37,3528.59,0.0,0
1775251836.0055282,36,3529.59,0.0,0
1775251836.0055282,38,3530.09,0.0,0
1775251836.0055282,39,3531.55,0.0,0
1775251836.0055282,40,3532.55,0.0,0
1775251835.7895975,1,3814.58,9.2,0
1775251836.0670352,41,3539.14,0.0,0
1775251836.0002477,1,3661.79,4.7,0
1775251837.299187,2,4452.61,7.9,0
1775251837.387538,3,4423.94,1.8,0
1775251837.387538,5,4426.48,0.0,0
1775251837.387538,4,4427.99,0.0,0
1775251837.387538,7,4430.00,0.0,0
1775251837.387538,6,4431.00,0.0,0
1775251837.387538,8,4432.51,0.0,0
1775251837.3885388,10,4432.55,0.0,0
1775251837.387538,9,4435.11,0.0,0
1775251837.3896835,11,4432.97,0.0,0
1775251837.3896835,12,4434.47,0.0,0
1775251837.3896835,15,4435.48,0.0,0
1775251837.3896835,13,4436.48,55.6,0
1775251837.3896835,14,4437.48,0.0,0
1775251837.3896835,16,4438.48,0.0,0
1775251837.3896835,18,4439.98,0.0,0
1775251837.3896835,17,4441.00,0.0,0
1775251837.3896835,19,4441.99,0.0,0
1775251837.3896835,20,4442.99,0.0,0
1775251837.3896835,21,4443.99,0.0,0
1775251837.3909793,22,4443.69,0.0,0
1775251837.3909793,23,4444.20,0.0,0
1775251837.3909793,24,4446.20,0.0,0
1775251837.3909793,25,4446.75,0.0,0
1775251837.3909793,27,4448.24,0.0,0
1775251837.3909793,26,4449.41,0.0,0
1775251837.3909793,29,4450.41,0.0,0
1775251837.3909793,28,4451.41,20.0,0
1775251837.3919802,30,4451.41,0.0,0
1775251837.3919802,31,4452.62,0.0,0
1775251837.3919802,32,4453.93,0.0,0
1775251837.3919802,33,4453.93,0.0,0
1775251837.3919802,34,4455.43,0.0,0
1775251837.393054,37,4455.92,0.0,0
1775251837.393054,36,4456.92,0.0,0
1775251837.3919802,35,4459.00,0.0,0
1775251837.393054,39,4458.92,0.0,0
1775251837.393054,38,4459.92,0.0,0
1775251837.393054,40,4461.25,0.0,0
1775251837.393054,41,4462.26,0.0,0
1775251837.295598,1,4560.72,0.0,0
1775251837.395053,42,4462.26,0.0,0
1775251837.4006526,43,4470.29,18.8,0
1775251839.5390959,2,3767.06,4.7,0
1775251839.5912504,4,3715.91,0.0,0
1775251839.5912504,3,3717.91,0.0,0
1775251839.5912504,5,3718.91,0.0,0
1775251839.5912504,6,3719.91,11.1,0
1775251839.5922704,8,3719.89,0.0,0
1775251839.5922704,9,3720.89,0.0,0
1775251839.5922704,7,3722.00,0.0,0
1775251839.5922704,10,3723.02,0.0,0
1775251839.5938764,12,3722.43,0.0,0
1775251839.5938764,11,3723.43,0.0,0
1775251839.5938764,13,3724.43,0.0,0
1775251839.5938764,14,3725.93,0.0,0
1775251839.5938764,15,3726.50,0.0,0
1775251839.5949008,17,3726.03,0.0,0
1775251839.5938764,16,3728.06,0.0,0
1775251839.5949008,18,3728.03,0.0,0
1775251839.5949008,19,3729.53,0.0,0
1775251839.5949008,20,3730.54,100.0,0
1775251839.5949008,21,3732.54,9.1,0
1775251839.5959408,24,3732.50,0.0,0
1775251839.5949008,22,3733.54,0.0,0
1775251839.5959408,23,3734.59,0.0,0
1775251839.5959408,25,3776.96,23.4,0
1775251839.5959408,27,3779.48,0.0,0
1775251839.5959408,26,3781.01,0.0,0
1775251839.6061742,28,3771.79,0.0,0
1775251839.383642,1,3995.32,0.0,0
1775251841.7539518,2,3770.56,6.7,0
1775251841.8583136,6,3724.79,0.0,0
1775251841.8583136,8,3727.29,0.0,0
1775251841.8583136,4,3728.81,0.0,0
1775251841.8573134,3,3730.82,0.0,0
1775251841.8583136,7,3732.25,0.0,0
1775251841.8583136,5,3733.43,36.4,0
1775251841.8583136,9,3735.43,0.0,0
1775251841.859317,10,3734.94,0.0,0
1775251841.859317,11,3736.44,0.0,0
1775251841.859317,12,3737.96,0.0,0
1775251841.859317,13,3737.96,0.0,0
1775251841.8603153,14,3738.52,0.0,0
1775251841.8603153,15,3740.44,0.0,0
1775251841.8603153,17,3741.60,0.0,0
1775251841.8603153,16,3742.67,0.0,0
1775251841.8603153,18,3742.67,0.0,0
1775251841.8603153,19,3744.87,0.0,0
1775251841.8603153,20,3745.90,0.0,0
1775251841.8603153,21,3747.25,66.7,0
1775251841.8613195,22,3747.25,0.0,0
1775251841.8613195,23,3748.29,0.0,0
1775251841.8613195,24,3749.42,0.0,0
1775251841.8613195,25,3750.46,0.0,0
1775251841.8613195,26,3751.48,0.0,0
1775251841.8613195,27,3752.48,0.0,0
1775251841.8613195,28,3753.99,0.0,0
1775251841.8613195,30,3754.55,0.0,0
1775251841.8613195,29,3755.57,0.0,0
1775251841.8613195,31,3756.58,0.0,0
1775251841.8613195,32,3758.43,0.0,0
1775251841.8613195,33,3758.99,0.0,0
1775251841.8628244,35,3758.55,0.0,0
1775251841.8628244,34,3760.02,33.3,0
1775251841.8628244,36,3760.02,25.0,0
1775251841.8628244,37,3761.52,0.0,0
1775251841.8633418,38,3763.24,0.0,0
1775251841.8633418,39,3764.28,0.0,0
1775251841.8633418,41,3764.28,0.0,0
1775251841.8633418,40,3766.25,0.0,0
1775251841.8633418,42,3767.32,0.0,0
1775251841.8633418,43,3767.92,0.0,0
1775251841.749628,1,3950.69,16.4,0
1775251843.3009708,2,4588.39,9.6,0
1775251843.3325381,5,4669.07,13.8,0
1775251843.3325381,4,4670.06,0.0,0
1775251843.3315382,3,4672.07,0.0,0
1775251843.3325381,9,4672.06,0.0,0
1775251843.3335447,11,4673.06,0.0,0
1775251843.3325381,8,4674.06,0.0,0
1775251843.3325381,10,4675.06,0.0,0
1775251843.3325381,7,4677.07,0.0,0
1775251843.3360608,14,4674.54,0.0,0
1775251843.3350499,13,4676.55,0.0,0
1775251843.3360608,15,4677.05,0.0,0
1775251843.3350499,12,4679.06,22.2,0
1775251843.3360608,16,4678.05,0.0,0
1775251843.3325381,6,4683.08,0.0,0
1775251843.3360608,18,4680.63,0.0,0
1775251843.3360608,17,4682.63,0.0,0
1775251843.3360608,19,4683.63,0.0,0
1775251843.3360608,20,4684.64,0.0,0
1775251843.3653872,24,4656.37,0.0,0
1775251843.3653872,21,4657.38,0.0,0
1775251843.3370583,22,4685.70,0.0,0
1775251843.3653872,23,4658.88,0.0,0
1775251843.3653872,26,4659.89,0.0,0
1775251843.3653872,25,4661.89,0.0,0
1775251843.3653872,27,4662.89,0.0,0
1775251843.3663988,28,4661.88,37.5,0
1775251843.3663988,30,4664.43,0.0,0
1775251843.3663988,29,4665.46,0.0,0
1775251843.3663988,32,4666.46,0.0,0
1775251843.3663988,31,4667.46,0.0,0
1775251843.3663988,34,4668.46,0.0,0
1775251843.3663988,33,4669.03,0.0,0
1775251843.3663988,35,4670.43,0.0,0
1775251843.3678246,38,4669.51,0.0,0
1775251843.3678246,37,4670.80,0.0,0
1775251843.3663988,36,4673.24,0.0,0
1775251843.3678246,40,4672.81,0.0,0
1775251843.3678246,39,4674.81,0.0,0
1775251843.3678246,41,4676.02,0.0,0
1775251843.3678246,42,4676.02,50.0,0
1775251843.3678246,43,4677.26,12.5,0
1775251843.3678246,44,4679.27,0.0,0
1775251843.0392935,1,5007.80,0.0,0
1775251843.379962,45,4733.94,10.4,0
1775251843.4315617,46,4684.36,0.0,0
1775251843.4371433,47,4683.38,0.0,0
1775251845.6843007,2,4027.30,8.2,0
1775251845.6843007,3,4029.33,0.0,0
1775251845.6843007,4,4032.23,0.0,0
1775251845.685316,6,4032.23,20.0,0
1775251845.6843007,5,4034.33,0.0,0
1775251845.685316,7,4035.46,0.0,0
1775251845.6869214,8,4034.42,0.0,0
1775251845.6869214,9,4035.62,0.0,0
1775251845.6869214,10,4036.61,0.0,0
1775251845.6869214,12,4037.66,0.0,0
1775251845.6869214,11,4038.67,0.0,0
1775251845.6869214,13,4040.70,0.0,0
1775251845.6869214,14,4040.70,0.0,0
1775251845.6869214,15,4041.82,0.0,0
1775251845.6884346,16,4041.32,0.0,0
1775251845.6884346,17,4043.46,0.0,0
1775251845.6884346,18,4044.47,22.2,0
1775251845.6884346,20,4045.49,0.0,0
1775251845.6884346,19,4046.49,0.0,0
1775251845.6884346,21,4047.00,0.0,0
1775251845.6884346,23,4048.02,0.0,0
1775251845.6884346,22,4049.09,0.0,0
1775251845.689873,24,4049.08,0.0,0
1775251845.689873,25,4050.32,0.0,0
1775251845.689873,26,4051.48,0.0,0
1775251845.689873,27,4052.51,0.0,0
1775251845.689873,28,4053.61,0.0,0
1775251845.689873,29,4054.61,0.0,0
1775251845.6920135,30,4053.58,0.0,0
1775251845.7013133,31,4059.42,29.4,0
1775251845.5778966,1,4184.63,0.0,0
1775251848.0998993,2,3910.57,11.6,0
1775251848.1034138,22,3909.57,0.0,0
1775251848.1029072,19,3911.18,14.3,0
1775251848.1029072,20,3911.18,0.0,0
1775251848.1019077,15,3913.69,0.0,0
1775251848.1029072,17,3914.26,0.0,0
1775251848.1019077,16,3916.43,0.0,0
1775251848.1029072,18,3915.43,0.0,0
1775251848.1019077,12,3918.51,0.0,0
1775251848.1019077,13,3919.07,0.0,0
1775251848.1019077,11,3920.12,0.0,0
1775251848.1019077,9,3921.14,0.0,0
1775251848.1009414,8,3923.61,0.0,0
1775251848.0998993,6,3926.00,0.0,0
1775251848.0998993,5,3927.25,0.0,0
1775251848.0998993,4,3927.25,0.0,0
1775251848.0998993,3,3928.76,100.0,0
1775251848.1034138,28,3926.44,10.0,0
1775251848.1034138,27,3926.44,0.0,0
1775251848.1034138,26,3928.02,0.0,0
1775251848.1034138,24,3929.93,0.0,0
1775251848.1034138,25,3931.45,0.0,0
1775251848.1019077,14,3933.55,0.0,0
1775251848.1034138,23,3933.45,0.0,0
1775251848.1034138,21,3935.75,0.0,0
1775251848.104499,29,3935.66,0.0,0
1775251848.1009414,7,3940.31,0.0,0
1775251848.1019077,10,3940.56,0.0,0
1775251848.104499,30,3939.37,0.0,0
1775251848.104499,31,3940.50,35.3,0
1775251848.104499,32,3941.59,0.0,0
1775251848.104499,33,3942.59,0.0,0
1775251848.104499,34,3943.78,0.0,0
1775251848.104499,35,3945.52,0.0,0
1775251848.104499,36,3946.54,0.0,0
1775251848.1055458,37,3946.68,0.0,0
1775251848.1055458,38,3947.99,0.0,0
1775251848.106121,40,3948.81,0.0,0
1775251848.106121,39,3949.81,0.0,0
1775251848.106121,41,3950.81,0.0,0
1775251848.106121,42,3950.81,0.0,0
1775251848.106121,43,3953.40,0.0,0
1775251848.1179476,44,4056.53,10.2,0
1775251847.8913736,1,4283.68,0.0,0
1775251848.1221623,45,4058.53,0.0,0
1775251848.0998993,1,4081.79,0.0,0
1775251849.7455916,2,4837.88,7.0,0
1775251849.7471008,4,4837.88,0.0,0
1775251849.7471008,3,4839.88,0.0,0
1775251849.7471008,5,4840.91,0.0,0
1775251849.7476873,6,4842.33,0.0,0
1775251849.7476873,8,4843.33,0.0,0
1775251849.7476873,7,4844.50,15.4,0
1775251849.7476873,9,4845.95,0.0,0
1775251849.750217,10,4844.43,0.0,0
1775251849.750217,11,4845.43,0.0,0
1775251849.750217,12,4846.01,0.0,0
1775251849.750722,13,4847.02,0.0,0
1775251849.750722,15,4847.02,0.0,0
1775251849.750722,14,4848.53,0.0,0
1775251849.750722,16,4849.57,0.0,0
1775251849.750722,18,4850.81,0.0,0
1775251849.750722,17,4851.82,0.0,0
1775251849.750722,19,4853.82,0.0,0
1775251849.750722,20,4854.82,0.0,0
1775251849.7517276,22,4854.32,0.0,0
1775251849.7517276,21,4855.61,28.6,0
1775251849.7517276,23,4856.69,0.0,0
1775251849.7517276,26,4857.90,0.0,0
1775251849.7517276,24,4859.20,0.0,0
1775251849.7517276,25,4860.46,0.0,0
1775251849.7517276,27,4861.49,0.0,0
1775251849.7517276,28,4862.57,0.0,0
1775251849.7527285,29,4862.56,0.0,0
1775251849.7527285,31,4864.08,0.0,0
1775251849.7527285,30,4865.08,0.0,0
1775251849.7527285,32,4866.08,0.0,0
1775251849.7527285,33,4867.08,0.0,0
1775251849.7527285,35,4867.58,0.0,0
1775251849.7527285,34,4868.54,0.0,0
1775251849.7527285,36,4869.62,42.9,0
1775251849.7527285,37,4870.62,0.0,0
1775251849.753728,38,4871.13,0.0,0
1775251849.753728,39,4872.45,0.0,0
1775251849.753728,40,4873.45,0.0,0
1775251849.753728,42,4874.44,0.0,0
1775251849.753728,41,4875.95,0.0,0
1775251849.753728,43,4877.03,0.0,0
1775251849.753728,44,4878.03,0.0,0
1775251849.753728,45,4879.05,0.0,0
1775251849.7557292,46,4878.05,0.0,0
1775251849.7630513,47,4883.39,31.2,0
1775251849.6036503,1,5043.80,0.0,0
1775251852.1642509,17,4127.59,9.0,0
1775251852.1642509,16,4128.59,0.0,0
1775251852.1642509,15,4130.07,42.9,0
1775251852.1642509,13,4131.07,0.0,0
1775251852.1642509,12,4132.07,0.0,0
1775251852.1642509,11,4133.58,0.0,0
1775251852.1642509,10,4134.59,0.0,0
1775251852.1642509,14,4135.99,0.0,0
1775251852.1626508,4,4138.62,0.0,0
1775251852.1631606,6,4139.12,0.0,0
1775251852.1631606,7,4140.12,0.0,0
1775251852.1631606,8,4141.14,0.0,0
1775251852.1652849,21,4139.59,0.0,0
1775251852.1652849,22,4140.60,0.0,0
1775251852.1626508,3,4144.23,0.0,0
1775251852.1631606,9,4144.72,0.0,0
1775251852.1626508,5,4146.31,0.0,0
1775251852.1652849,18,4144.96,9.1,0
1775251852.1663435,28,4145.36,0.0,0
1775251852.1652849,19,4147.93,0.0,0
1775251852.0595195,2,4254.70,0.0,0
1775251852.1652849,23,4149.93,0.0,0
1775251852.1652849,25,4151.09,0.0,0
1775251852.1652849,20,4152.19,0.0,0
1775251852.1652849,24,4153.21,0.0,0
1775251852.1663435,26,4153.74,0.0,0
1775251852.1663435,27,4154.86,0.0,0
1775251852.1663435,29,4156.20,0.0,0
1775251852.1663435,30,4157.13,0.0,0
1775251852.1663435,31,4158.13,0.0,0
1775251852.0054717,1,4388.38,10.1,0
1775251852.178177,32,4216.69,0.0,0
1775251852.184391,33,4215.61,0.0,0
1775251854.4746284,2,4222.68,8.5,0
1775251854.6337802,3,4065.18,0.0,0
1775251854.635286,4,4065.24,0.0,0
1775251854.635286,5,4066.29,14.3,0
1775251854.635286,6,4067.35,0.0,0
1775251854.635286,7,4067.92,0.0,0
1775251854.635286,8,4069.95,0.0,0
1775251854.635286,9,4070.99,0.0,0
1775251854.6363027,11,4069.97,0.0,0
1775251854.6363027,10,4071.47,0.0,0
1775251854.6363027,12,4072.54,0.0,0
1775251854.6363027,14,4074.54,0.0,0
1775251854.6363027,13,4075.85,0.0,0
1775251854.6363027,15,4076.85,0.0,0
1775251854.6374023,18,4077.16,0.0,0
1775251854.6374023,17,4078.17,0.0,0
1775251854.6374023,16,4078.17,0.0,0
1775251854.6374023,20,4079.39,42.9,0
1775251854.6374023,19,4080.99,0.0,0
1775251854.6374023,21,4082.51,0.0,0
1775251854.6374023,23,4083.63,0.0,0
1775251854.6374023,22,4083.63,0.0,0
1775251854.6374023,24,4084.79,0.0,0
1775251854.6385841,25,4085.69,0.0,0
1775251854.6385841,27,4086.70,0.0,0
1775251854.6385841,26,4087.79,0.0,0
1775251854.6385841,28,4088.88,0.0,0
1775251854.6385841,29,4089.96,0.0,0
1775251854.6385841,31,4089.96,0.0,0
1775251854.6385841,30,4091.47,0.0,0
1775251854.6385841,33,4092.57,0.0,0
1775251854.6385841,32,4093.56,12.5,0
1775251854.6396153,34,4094.10,0.0,0
1775251854.6396153,35,4094.10,0.0,0
1775251854.6396153,36,4095.62,0.0,0
1775251854.6396153,37,4097.51,0.0,0
1775251854.6396153,38,4098.68,0.0,0
1775251854.6396153,40,4099.70,0.0,0
1775251854.6396153,39,4100.90,0.0,0
1775251854.6396153,41,4102.00,0.0,0
1775251854.6406133,42,4102.00,0.0,0
1775251854.6406133,43,4103.09,0.0,0
1775251854.6406133,44,4104.28,0.0,0
1775251854.6406133,45,4105.28,0.0,0
1775251854.4670422,1,4278.85,0.0,0
1775251856.1721811,2,5031.80,10.0,0
1775251856.2835734,3,4921.51,0.0,0
1775251856.3249729,4,4996.31,4.2,0
1775251856.3806841,20,4941.61,0.0,0
1775251856.3806841,19,4943.87,0.0,0
1775251856.3781633,12,4946.39,0.0,0
1775251856.3796744,13,4946.39,33.3,0
1775251856.3796744,14,4947.40,0.0,0
1775251856.3796744,16,4948.40,0.0,0
1775251856.3796744,15,4950.42,0.0,0
1775251856.3806841,21,4949.96,0.0,0
1775251856.3796744,17,4951.98,0.0,0
1775251856.3806841,22,4952.46,0.0,0
1775251856.382367,27,4951.85,0.0,0
1775251856.3767002,8,4958.52,0.0,0
1775251856.3806841,24,4955.91,0.0,0
1775251856.3806841,23,4956.92,0.0,0
1775251856.3781633,9,4960.44,0.0,0
1775251856.3767002,7,4962.90,0.0,0
1775251856.3781633,11,4962.44,0.0,0
1775251856.3767002,6,4964.90,0.0,0
1775251856.3781633,10,4964.44,33.3,0
1775251856.3767002,5,4966.90,0.0,0
1775251856.3817956,25,4962.81,0.0,0
1775251856.3817956,26,4963.35,0.0,0
1775251856.3806841,18,4965.47,0.0,0
1775251856.382367,28,4965.29,0.0,0
1775251856.382367,29,4966.80,0.0,0
1775251856.382367,30,4967.81,0.0,0
1775251856.382367,31,4968.80,0.0,0
1775251856.3835804,32,4968.59,0.0,0
1775251856.3835804,33,4969.81,0.0,0
1775251856.3835804,34,4971.05,0.0,0
1775251856.3835804,35,4972.05,0.0,0
1775251856.3835804,36,4973.05,0.0,0
1775251856.3835804,37,4974.05,44.4,0
1775251856.3835804,38,4975.05,0.0,0
1775251856.3835804,40,4976.05,0.0,0
1775251856.385096,42,4976.10,0.0,0
1775251856.3835804,39,4978.62,0.0,0
1775251856.385096,41,4978.10,0.0,0
1775251856.385096,44,4979.16,0.0,0
1775251856.385096,43,4980.16,0.0,0
1775251856.385096,45,4980.67,0.0,0
1775251856.385096,46,4982.17,0.0,0
1775251856.385096,47,4983.19,0.0,0
1775251856.3862753,48,4982.01,0.0,0
1775251856.3862753,49,4984.08,0.0,0
1775251856.1710627,1,5271.91,5.0,0
1775251856.397978,50,5046.99,0.0,0
1775251856.4009974,51,5099.72,5.2,0
1775251858.692739,2,4492.80,12.1,0
1775251858.7474048,3,4498.20,0.0,0
1775251858.8493574,4,4398.77,57.1,0
1775251858.850371,5,4398.76,0.0,0
1775251858.850371,6,4399.84,0.0,0
1775251858.850371,7,4400.84,0.0,0
1775251858.851372,8,4400.84,0.0,0
1775251858.851372,9,4401.84,0.0,0
1775251858.851372,10,4402.84,0.0,0
1775251858.8523705,12,4402.84,0.0,0
1775251858.8523705,13,4403.84,0.0,0
1775251858.8523705,14,4404.84,0.0,0
1775251858.851372,11,4406.84,0.0,0
1775251858.8523705,15,4406.84,0.0,0
1775251858.8555443,18,4405.61,0.0,0
1775251858.8523705,16,4409.79,0.0,0
1775251858.8533719,17,4409.79,0.0,0
1775251858.8555443,19,4408.13,28.6,0
1775251858.8555443,21,4409.13,0.0,0
1775251858.8565657,22,4410.56,0.0,0
1775251858.8555443,20,4412.58,0.0,0
1775251858.8565657,24,4411.56,0.0,0
1775251858.8565657,23,4413.06,0.0,0
1775251858.8565657,25,4414.57,0.0,0
1775251858.8565657,26,4415.83,0.0,0
1775251858.8576508,28,4415.74,0.0,0
1775251858.8576508,27,4416.74,0.0,0
1775251858.858253,30,4416.64,0.0,0
1775251858.8576508,29,4418.25,0.0,0
1775251858.858253,31,4419.65,0.0,0
1775251858.858253,33,4420.65,0.0,0
1775251858.858253,34,4421.65,12.5,0
1775251858.858253,32,4421.65,0.0,0
1775251858.682661,1,4598.85,0.0,0
1775251858.8674235,35,4428.20,20.0,0
1775251861.4226294,4,4379.56,8.5,0
1775251861.4226294,3,4380.56,0.0,0
1775251861.4226294,2,4382.56,0.0,0
1775251861.4236362,6,4382.39,0.0,0
1775251861.4236362,5,4383.47,0.0,0
1775251861.424273,7,4383.90,0.0,0
1775251861.424273,8,4385.49,0.0,0
1775251861.4248707,9,4385.97,61.5,0
1775251861.4261389,10,4386.29,0.0,0
1775251861.4261389,11,4387.32,0.0,0
1775251861.427144,15,4387.90,0.0,0
1775251861.427144,13,4388.94,0.0,0
1775251861.4261389,12,4391.50,0.0,0
1775251861.427144,14,4392.07,0.0,0
1775251861.427144,16,4393.12,0.0,0
1775251861.4283402,18,4392.96,0.0,0
1775251861.427144,17,4395.81,0.0,0
1775251861.4283402,19,4396.18,0.0,0
1775251861.4283402,20,4397.23,0.0,0
1775251861.4283402,21,4398.81,38.5,0
1775251861.4283402,22,4399.86,0.0,0
1775251861.429344,24,4400.42,0.0,0
1775251861.429344,23,4401.94,0.0,0
1775251861.429856,27,4402.98,0.0,0
1775251861.429856,26,4404.54,0.0,0
1775251861.429344,25,4406.61,0.0,0
1775251861.429856,29,4407.71,0.0,0
1775251861.429856,30,4409.29,0.0,0
1775251861.429856,28,4410.86,0.0,0
1775251861.4309895,31,4410.78,72.2,0
1775251861.4309895,33,4412.43,0.0,0
1775251861.4309895,32,4414.06,0.0,0
1775251861.4309895,35,4415.68,0.0,0
1775251861.4309895,34,4417.28,0.0,0
1775251861.4319875,36,4418.41,0.0,0
1775251861.4319875,37,4419.48,0.0,0
1775251861.4319875,38,4421.12,0.0,0
1775251861.4319875,39,4422.83,0.0,0
1775251861.4319875,40,4425.05,0.0,0
1775251861.4319875,41,4426.70,37.5,0
1775251861.4332697,43,4427.04,0.0,0
1775251861.4332697,42,4428.64,0.0,0
1775251861.4332697,44,4430.23,0.0,0
1775251861.4332697,45,4432.35,0.0,0
1775251861.4345028,48,4448.43,56.2,0
1775251861.4345028,47,4450.05,0.0,0
1775251861.4345028,46,4451.65,0.0,0
1775251861.4449713,49,4442.25,0.0,0
1775251861.206792,1,4682.06,77.8,0
1775251863.186599,2,5262.43,7.7,0
1775251863.283521,3,5167.14,0.0,0
1775251863.283521,4,5168.35,20.0,0
1775251863.283521,6,5169.64,0.0,0
1775251863.283521,5,5171.04,0.0,0
1775251863.283521,7,5172.04,0.0,0
1775251863.283521,9,5173.04,0.0,0
1775251863.283521,8,5174.08,0.0,0
1775251863.2850268,11,5174.35,0.0,0
1775251863.2850268,10,5175.41,0.0,0
1775251863.2850268,12,5176.47,0.0,0
1775251863.2850268,13,5178.03,0.0,0
1775251863.2850268,14,5179.63,0.0,0
1775251863.2850268,16,5179.63,0.0,0
1775251863.2850268,15,5182.01,62.5,0
1775251863.2861066,17,5181.98,0.0,0
1775251863.2861066,18,5183.04,0.0,0
1775251863.2861066,19,5184.61,0.0,0
1775251863.2861066,20,5185.15,0.0,0
1775251863.2861066,21,5186.20,0.0,0
1775251863.2861066,22,5187.58,0.0,0
1775251863.2861066,24,5188.08,0.0,0
1775251863.2861066,23,5190.21,0.0,0
1775251863.2871428,26,5190.50,0.0,0
1775251863.2871428,25,5191.52,0.0,0
1775251863.2871428,27,5192.52,0.0,0
1775251863.2871428,28,5193.53,0.0,0
1775251863.2871428,30,5194.53,0.0,0
1775251863.2871428,29,5195.10,30.0,0
1775251863.2871428,31,5196.11,0.0,0
1775251863.2871428,32,5197.12,0.0,0
1775251863.2881417,34,5197.63,0.0,0
1775251863.2881417,33,5198.63,0.0,0
1775251863.2881417,35,5199.63,0.0,0
1775251863.2881417,36,5200.63,0.0,0
1775251863.2881417,38,5202.63,0.0,0
1775251863.2881417,37,5203.63,0.0,0
1775251863.2881417,39,5204.63,0.0,0
1775251863.2881417,40,5205.79,0.0,0
1775251863.2891417,41,5205.80,0.0,0
1775251863.2891417,42,5206.80,0.0,0
1775251863.2891417,43,5208.31,0.0,0
1775251863.2891417,44,5208.89,37.5,0
1775251863.2891417,45,5209.90,0.0,0
1775251863.2891417,46,5211.47,0.0,0
1775251863.2891417,47,5212.96,0.0,0
1775251863.2891417,48,5213.96,0.0,0
1775251863.2901404,49,5213.96,0.0,0
1775251863.2901404,50,5214.97,0.0,0
1775251863.2982812,51,5280.12,28.7,0
1775251863.183406,1,7177.97,9.6,0
1775251865.8682935,6,4610.29,16.4,0
1775251865.8677568,2,4611.83,0.0,0
1775251865.8677568,3,4613.26,0.0,0
1775251865.8688304,5,4613.53,33.3,0
1775251865.8682935,4,4615.06,12.5,0
1775251865.8688304,8,4614.53,0.0,0
1775251865.8688304,7,4616.62,0.0,0
1775251865.8698955,9,4615.55,0.0,0
1775251865.8698955,10,4617.07,0.0,0
1775251865.8704395,11,4617.53,0.0,0
1775251865.8704395,13,4618.53,0.0,0
1775251865.8704395,12,4619.53,0.0,0
1775251865.8710158,14,4620.46,0.0,0
1775251865.8710158,15,4621.68,0.0,0
1775251865.8710158,16,4622.88,0.0,0
1775251865.87156,17,4623.45,0.0,0
1775251865.87156,18,4624.48,0.0,0
1775251865.8720806,19,4624.96,0.0,0
1775251865.8720806,20,4626.19,27.3,0
1775251865.8720806,22,4627.19,0.0,0
1775251865.8720806,21,4628.21,0.0,0
1775251865.8726084,23,4628.69,0.0,0
1775251865.8726084,24,4629.69,0.0,0
1775251865.8731573,25,4630.14,0.0,0
1775251865.8731573,26,4631.14,0.0,0
1775251865.8731573,27,4632.14,0.0,0
1775251865.8737051,28,4632.59,0.0,0
1775251865.874246,30,4633.05,0.0,0
1775251865.8737051,29,4633.59,0.0,0
1775251865.874246,31,4634.70,0.0,0
1775251865.874246,32,4635.71,0.0,0
1775251865.874246,33,4636.79,0.0,0
1775251865.8747933,34,4637.26,0.0,0
1775251865.8747933,35,4638.26,50.0,0
1775251865.875321,36,4639.58,0.0,0
1775251865.538237,1,5053.13,9.1,0
1775251865.8899364,37,4703.43,0.0,0
1775251865.8959033,38,4702.40,0.0,0
1775251868.4402206,2,4766.16,3.8,0
1775251868.506113,3,4702.25,0.0,0
1775251868.5574353,4,4652.24,0.0,0
1775251868.5574353,5,4654.69,0.0,0
1775251868.5584419,7,4655.19,0.0,0
1775251868.5584419,6,4656.24,0.0,0
1775251868.5631719,9,4652.51,0.0,0
1775251868.5584419,8,4658.25,20.0,0
1775251868.5631719,10,4654.52,0.0,0
1775251868.5631719,11,4655.52,0.0,0
1775251868.5631719,12,4657.03,0.0,0
1775251868.5631719,13,4658.10,0.0,0
1775251868.564328,15,4657.95,0.0,0
1775251868.564328,14,4658.95,0.0,0
1775251868.564328,17,4659.95,0.0,0
1775251868.564328,16,4661.00,0.0,0
1775251868.564328,18,4661.99,0.0,0
1775251868.5653238,20,4662.00,0.0,0
1775251868.5653238,19,4663.50,0.0,0
1775251868.5653238,21,4665.01,0.0,0
1775251868.5653238,22,4666.01,0.0,0
1775251868.5653238,23,4668.01,33.3,0
1775251868.5653238,24,4668.01,0.0,0
1775251868.5664804,26,4668.95,0.0,0
1775251868.5653238,25,4671.11,0.0,0
1775251868.5664804,27,4670.96,0.0,0
1775251868.5664804,28,4671.96,0.0,0
1775251868.5669901,29,4672.45,0.0,0
1775251868.5669901,30,4673.45,0.0,0
1775251868.5669901,31,4674.45,0.0,0
1775251868.5669901,32,4675.45,0.0,0
1775251868.5669901,33,4676.45,0.0,0
1775251868.5669901,34,4678.47,0.0,0
1775251868.5669901,35,4679.53,0.0,0
1775251868.5669901,36,4680.03,25.0,0
1775251868.5682108,37,4680.90,0.0,0
1775251868.5682108,38,4680.90,0.0,0
1775251868.5682108,40,4683.12,0.0,0
1775251868.5682108,39,4684.13,0.0,0
1775251868.5682108,41,4685.13,0.0,0
1775251868.5682108,42,4686.13,0.0,0
1775251868.5682108,43,4687.13,0.0,0
1775251868.5682108,44,4688.13,0.0,0
1775251868.5682108,45,4689.13,0.0,0
1775251868.5682108,46,4690.13,0.0,0
1775251868.5697181,48,4689.62,0.0,0
1775251868.5697181,47,4690.62,0.0,0
1775251868.5697181,50,4693.04,0.0,0
1775251868.5697181,49,4693.55,71.4,0
1775251868.5697181,51,4694.55,0.0,0
1775251868.58091,52,4754.59,2.9,0
1775251868.3888621,1,7388.97,8.7,0
1775251870.5679967,6,5379.14,26.8,0
1775251870.56697,2,5381.18,0.0,0
1775251870.5679967,9,5381.66,0.0,0
1775251870.5679967,8,5381.66,0.0,0
1775251870.56697,3,5383.96,33.3,0
1775251870.56697,4,5384.96,0.0,0
1775251870.5679967,7,5384.93,0.0,0
1775251870.5679967,10,5384.93,0.0,0
1775251870.56951,13,5384.92,0.0,0
1775251870.5679967,5,5386.44,0.0,0
1775251870.56951,12,5386.15,0.0,0
1775251870.56951,11,5387.15,0.0,0
1775251870.5705779,14,5387.08,0.0,0
1775251870.5705779,16,5388.08,0.0,0
1775251870.5705779,17,5388.08,0.0,0
1775251870.5705779,15,5389.84,0.0,0
1775251870.571161,18,5390.27,0.0,0
1775251870.571161,19,5391.80,0.0,0
1775251870.571161,20,5391.80,0.0,0
1775251870.571161,23,5392.97,0.0,0
1775251870.571161,21,5392.97,0.0,0
1775251870.571161,22,5394.48,0.0,0
1775251870.572268,24,5395.41,40.0,0
1775251870.572268,26,5396.41,0.0,0
1775251870.572268,25,5397.42,0.0,0
1775251870.572268,27,5398.51,0.0,0
1775251870.572268,28,5399.06,0.0,0
1775251870.572268,30,5400.07,0.0,0
1775251870.572268,29,5401.07,0.0,0
1775251870.573294,31,5401.05,0.0,0
1775251870.573294,32,5401.05,0.0,0
1775251870.573294,33,5402.82,0.0,0
1775251870.573294,35,5403.83,0.0,0
1775251870.573294,34,5404.83,0.0,0
1775251870.574294,38,5403.83,0.0,0
1775251870.573294,36,5406.33,0.0,0
1775251870.573294,37,5407.34,0.0,0
1775251870.5787797,39,5402.85,0.0,0
1775251870.57978,40,5402.86,22.2,0
1775251870.57978,41,5402.86,0.0,0
1775251870.57978,42,5404.30,0.0,0
1775251870.57978,43,5405.80,0.0,0
1775251870.57978,44,5406.81,0.0,0
1775251870.57978,45,5407.81,0.0,0
1775251870.57978,46,5408.81,0.0,0
1775251870.5810702,48,5408.52,0.0,0
1775251870.57978,47,5409.81,0.0,0
1775251870.5810702,49,5409.52,0.0,0
1775251870.5944016,50,5412.05,43.8,0
1775251870.5956562,51,5411.36,0.0,0
1775251870.3638947,1,5644.14,0.0,0
1775251873.1480267,2,4803.67,5.8,0
1775251873.265772,3,4795.27,4.7,0
1775251873.3166475,4,4746.40,0.0,0
1775251873.3177013,5,4747.90,0.0,0
1775251873.3177013,6,4749.00,0.0,0
1775251873.3177013,7,4750.30,0.0,0
1775251873.3177013,8,4750.30,0.0,0
1775251873.3196983,9,4749.83,0.0,0
1775251873.3196983,10,4751.34,0.0,0
1775251873.320214,12,4750.82,0.0,0
1775251873.320214,11,4752.00,0.0,0
1775251873.320214,13,4752.00,0.0,0
1775251873.320723,15,4752.67,0.0,0
1775251873.320723,14,4753.67,0.0,0
1775251873.320723,16,4754.77,0.0,0
1775251873.3213434,17,4755.21,25.0,0
1775251873.3213434,19,4756.21,0.0,0
1775251873.3213434,18,4757.30,0.0,0
1775251873.3213434,20,4758.30,0.0,0
1775251873.3213434,21,4758.81,0.0,0
1775251873.3223524,22,4759.30,0.0,0
1775251873.3223524,24,4760.37,0.0,0
1775251873.3223524,23,4760.37,0.0,0
1775251873.3223524,25,4761.58,0.0,0
1775251873.3223524,26,4763.09,0.0,0
1775251873.3223524,27,4763.09,0.0,0
1775251873.323352,28,4763.27,0.0,0
1775251873.323352,29,4763.27,0.0,0
1775251873.323352,30,4764.77,0.0,0
1775251873.323352,31,4766.53,0.0,0
1775251873.323352,32,4766.53,0.0,0
1775251873.324353,34,4766.55,50.0,0
1775251873.323352,33,4768.70,0.0,0
1775251873.324353,35,4769.18,0.0,0
1775251873.32486,36,4770.54,0.0,0
1775251873.32486,37,4770.54,0.0,0
1775251873.32486,39,4772.17,0.0,0
1775251873.32486,38,4772.70,0.0,0
1775251873.3365073,40,4773.42,20.0,0
1775251873.1455698,1,4966.07,0.0,0
1775251870.5810702,2,9752.30,7.5,0
1775251875.9931583,8,4341.72,0.0,0
1775251875.9931583,6,4343.36,0.0,0
1775251875.9931583,7,4344.58,0.0,0
1775251875.9941933,11,4344.85,0.0,0
1775251875.9931583,3,4347.13,0.0,0
1775251875.9931583,2,4348.40,0.0,0
1775251875.9941933,9,4347.36,16.7,0
1775251875.9931583,5,4349.57,0.0,0
1775251875.9931583,4,4350.85,0.0,0
1775251875.9941933,13,4350.82,0.0,0
1775251875.9941933,10,4350.82,0.0,0
1775251875.9941933,14,4351.98,0.0,0
1775251875.9941933,12,4352.99,0.0,0
1775251875.9941933,15,4354.31,0.0,0
1775251875.9956994,16,4353.31,0.0,0
1775251875.9956994,18,4354.33,0.0,0
1775251875.9956994,17,4355.55,0.0,0
1775251875.9956994,19,4356.55,0.0,0
1775251875.9956994,21,4358.03,0.0,0
1775251875.9956994,20,4358.03,0.0,0
1775251875.9956994,22,4360.48,0.0,0
1775251875.9956994,23,4360.48,0.0,0
1775251875.9956994,24,4361.98,33.3,0
1775251875.9956994,26,4363.47,0.0,0
1775251875.9956994,25,4363.47,0.0,0
1775251875.9956994,27,4364.47,0.0,0
1775251875.9972217,29,4364.24,0.0,0
1775251875.9956994,28,4367.33,0.0,0
1775251875.9972217,30,4366.91,0.0,0
1775251875.9972217,31,4366.91,0.0,0
1775251875.9972217,32,4368.42,0.0,0
1775251875.9972217,33,4369.49,0.0,0
1775251875.9972217,34,4370.55,0.0,0
1775251875.9972217,35,4370.55,0.0,0
1775251875.9972217,36,4371.65,0.0,0
1775251875.9983232,37,4371.55,0.0,0
1775251875.9983232,39,4373.16,0.0,0
1775251875.9983232,38,4373.16,0.0,0
1775251875.9983232,40,4374.53,0.0,0
1775251875.9983232,41,4374.53,16.7,0
1775251875.7813058,1,4706.13,2.6,0
1775251876.0620565,2,4426.72,0.0,0
1775251870.583088,1,9909.50,0.0,0
1775251876.0004528,1,4493.14,0.0,0
1775251878.0991447,5,3829.22,7.4,0
1775251878.0991447,6,3831.73,0.0,0
1775251878.0991447,8,3832.73,0.0,0
1775251878.0991447,3,3834.73,0.0,0
1775251878.098135,2,3836.82,0.0,0
1775251878.0991447,4,3836.94,30.0,0
1775251878.0991447,9,3838.04,0.0,0
1775251878.0991447,7,3839.04,0.0,0
1775251878.1007693,10,3838.41,0.0,0
1775251878.1007693,12,3839.42,0.0,0
1775251878.1007693,11,3840.41,0.0,0
1775251878.1007693,13,3841.42,0.0,0
1775251878.1007693,14,3842.41,0.0,0
1775251878.1018138,15,3842.37,0.0,0
1775251878.1018138,17,3843.37,0.0,0
1775251878.1018138,16,3844.37,0.0,0
1775251878.1018138,18,3845.88,0.0,0
1775251878.1018138,19,3845.88,0.0,0
1775251878.10283,20,3846.96,0.0,0
1775251878.1039119,21,3846.88,33.3,0
1775251878.1039119,22,3847.88,11.1,0
1775251878.1039119,24,3848.88,0.0,0
1775251878.1039119,23,3849.88,0.0,0
1775251878.1039119,25,3850.89,0.0,0
1775251878.1039119,26,3851.88,0.0,0
1775251877.9492357,1,4007.57,0.0,0
1775251878.1049285,27,3852.88,0.0,0
1775251878.1131628,28,3907.90,23.5,0
1775251878.0550272,1,5089.97,3.8,0
1775251880.4758208,3,2830.42,2.4,0
1775251880.4758208,4,2831.43,0.0,0
1775251880.3743613,2,2933.89,0.0,0
1775251880.4768286,7,2832.42,0.0,0
1775251880.4768286,5,2834.46,44.4,0
1775251880.4768286,8,2835.46,0.0,0
1775251880.4768286,6,2836.46,0.0,0
1775251880.477829,9,2836.68,0.0,0
1775251880.47883,12,2836.69,0.0,0
1775251880.477829,10,2838.76,0.0,0
1775251880.47883,11,2838.76,0.0,0
1775251880.47883,13,2839.76,0.0,0
1775251880.47883,14,2841.27,0.0,0
1775251880.47883,15,2842.33,0.0,0
1775251880.480337,18,2841.86,0.0,0
1775251880.47883,16,2844.38,0.0,0
1775251880.47883,17,2845.38,0.0,0
1775251880.480337,19,2844.37,0.0,0
1775251880.480337,20,2845.38,42.9,0
1775251880.480337,21,2846.50,0.0,0
1775251880.480337,22,2847.96,0.0,0
1775251880.480337,23,2847.96,0.0,0
1775251880.4813457,24,2857.29,0.0,0
1775251880.4905844,25,2849.56,0.0,0
1775251880.3297498,1,3011.88,40.0,0
1775251881.8696222,2,2954.54,10.1,0
1775251881.9588087,3,2923.96,4.7,0
1775251882.009952,2,2874.10,0.0,0
1775251882.0109584,5,2874.09,0.0,0
1775251882.009952,4,2875.60,0.0,0
1775251882.009952,3,2877.13,0.0,0
1775251882.0109584,6,2877.13,33.3,0
1775251882.012478,7,2876.61,25.0,0
1775251882.0130696,9,2877.02,0.0,0
1775251882.0136018,11,2878.49,0.0,0
1775251882.0130696,10,2879.53,0.0,0
1775251882.012478,8,2881.12,0.0,0
1775251882.0136018,12,2881.00,0.0,0
1775251882.0136018,13,2882.00,0.0,0
1775251882.0136018,14,2883.58,0.0,0
1775251882.0136018,15,2884.80,0.0,0
1775251882.0147846,17,2884.12,0.0,0
1775251882.0136018,16,2886.30,0.0,0
1775251882.0147846,18,2886.12,0.0,0
1775251882.0147846,19,2887.12,0.0,0
1775251882.0152924,20,2887.62,0.0,0
1775251882.0152924,21,2888.61,14.3,0
1775251882.0152924,22,2889.61,0.0,0
1775251882.0152924,23,2891.47,0.0,0
1775251882.0152924,24,2891.97,0.0,0
1775251882.0152924,25,2893.97,0.0,0
1775251882.0152924,26,2894.97,0.0,0
1775251882.0164196,28,2894.85,0.0,0
1775251882.0152924,27,2895.97,0.0,0
1775251881.8681157,1,3159.65,2.6,0
1775251882.0094435,1,4394.71,9.0,0
1775251883.3028271,2,3102.33,11.1,0
1775251883.3308222,4,3135.56,1.8,0
1775251883.3318276,7,3136.56,12.5,0
1775251883.3318276,9,3138.65,0.0,0
1775251883.3308222,8,3140.74,0.0,0
1775251883.3308222,3,3141.88,0.0,0
1775251883.3308222,5,3143.62,0.0,0
1775251883.3308222,6,3144.15,0.0,0
1775251883.3318276,12,3144.44,0.0,0
1775251883.3318276,11,3145.50,0.0,0
1775251883.3318276,13,3146.56,0.0,0
1775251883.3318276,10,3146.56,0.0,0
1775251883.3328662,14,3147.03,0.0,0
1775251883.3328662,15,3148.54,0.0,0
1775251883.3328662,16,3149.83,16.7,0
1775251883.3328662,17,3150.83,0.0,0
1775251883.3328662,18,3151.83,0.0,0
1775251883.3328662,19,3152.92,0.0,0
1775251883.3328662,21,3153.93,0.0,0
1775251883.3328662,20,3153.93,0.0,0
1775251883.3338678,23,3154.43,0.0,0
1775251883.3338678,22,3155.43,0.0,0
1775251883.3338678,24,3156.46,0.0,0
1775251883.3338678,25,3157.58,0.0,0
1775251883.3338678,26,3158.59,0.0,0
1775251883.3338678,27,3160.59,0.0,0
1775251883.1425424,1,3352.92,0.0,0
1775251883.3338678,28,3161.59,0.0,0
1775251883.3950014,29,3112.86,50.0,0
1775251884.825259,2,3011.76,6.0,0
1775251884.877128,3,2960.90,0.0,0
1775251884.9127698,4,2932.58,36.4,0
1775251885.01549,4,2829.86,0.0,0
1775251885.01549,2,2831.89,0.0,0
1775251885.016499,5,2832.45,0.0,0
1775251885.01549,3,2833.45,0.0,0
1775251885.0175002,6,2833.64,0.0,0
1775251885.0175002,7,2834.84,0.0,0
1775251885.018019,9,2835.31,0.0,0
1775251885.018019,10,2836.31,0.0,0
1775251885.018019,8,2837.76,0.0,0
1775251885.018019,12,2838.82,0.0,0
1775251885.018019,11,2839.33,25.0,0
1775251885.018019,15,2840.83,0.0,0
1775251885.018019,13,2841.83,0.0,0
1775251885.018019,14,2843.83,0.0,0
1775251885.0195255,16,2843.32,0.0,0
1775251885.0195255,17,2843.83,0.0,0
1775251885.0195255,18,2844.83,0.0,0
1775251885.0200427,19,2845.31,0.0,0
1775251885.0200427,21,2846.82,0.0,0
1775251885.0200427,20,2847.83,0.0,0
1775251885.0206466,22,2848.63,0.0,0
1775251885.0206466,23,2849.68,0.0,0
1775251884.822136,1,3048.75,0.0,0
1775251885.0149698,1,4445.23,7.0,0
1775251886.4613564,2,3000.84,0.0,0
1775251886.4964595,3,3125.62,6.2,0
1775251886.4974597,6,3125.62,22.2,0
1775251886.4964595,4,3128.13,0.0,0
1775251886.4974597,9,3128.29,0.0,0
1775251886.4974597,5,3129.44,0.0,0
1775251886.4974597,7,3130.44,0.0,0
1775251886.4974597,8,3131.44,0.0,0
1775251886.4974597,11,3132.47,0.0,0
1775251886.4974597,12,3133.53,0.0,0
1775251886.4974597,10,3134.53,0.0,0
1775251886.4974597,13,3135.54,0.0,0
1775251886.4974597,14,3136.28,0.0,0
1775251886.4974597,15,3137.80,0.0,0
1775251886.499177,16,3137.59,0.0,0
1775251886.499177,17,3138.87,0.0,0
1775251886.499177,18,3139.88,25.0,0
1775251886.499177,19,3139.88,0.0,0
1775251886.499177,20,3140.88,0.0,0
1775251886.499177,22,3143.15,0.0,0
1775251886.499177,21,3143.15,0.0,0
1775251886.499177,23,3144.15,0.0,0
1775251886.499177,24,3145.15,0.0,0
1775251886.499177,25,3146.15,0.0,0
1775251886.5003934,27,3146.93,0.0,0
1775251886.5003934,26,3147.44,0.0,0
1775251886.500954,28,3147.88,0.0,0
1775251886.500954,29,3148.89,0.0,0
1775251886.500954,30,3149.89,0.0,0
1775251886.500954,31,3151.39,0.0,0
1775251886.500954,32,3162.17,35.3,0
1775251886.3986304,1,3265.50,0.0,0
1775251886.6113076,33,3054.33,0.0,0
1775251887.8401732,2,3256.45,6.5,0
1775251887.974581,5,3179.96,2.0,0
1775251887.9740698,4,3181.47,0.0,0
1775251887.8719478,3,3285.28,0.0,0
1775251887.974581,6,3183.66,0.0,0
1775251887.974581,7,3184.68,0.0,0
1775251887.974581,8,3186.68,0.0,0
1775251887.9755955,9,3187.17,0.0,0
1775251887.9755955,10,3188.18,0.0,0
1775251887.9755955,11,3189.69,0.0,0
1775251887.9773316,13,3189.01,0.0,0
1775251887.9773316,12,3190.05,0.0,0
1775251887.9773316,15,3191.08,0.0,0
1775251887.9773316,14,3191.08,0.0,0
1775251887.9773316,16,3192.58,50.0,0
1775251887.97834,17,3192.70,0.0,0
1775251887.97834,19,3193.26,0.0,0
1775251887.97834,18,3194.68,0.0,0
1775251887.97834,20,3195.29,0.0,0
1775251887.97834,21,3195.29,0.0,0
1775251887.97834,23,3196.30,0.0,0
1775251887.97834,24,3198.40,0.0,0
1775251887.97834,22,3199.40,0.0,0
1775251887.97834,25,3200.40,0.0,0
1775251887.9798484,26,3198.89,0.0,0
1775251887.9798484,27,3199.89,0.0,0
1775251887.9798484,29,3201.36,0.0,0
1775251887.9798484,28,3202.56,0.0,0
1775251887.8349116,1,3412.35,3.1,0
1775251889.6178162,2,2903.54,5.2,0
1775251889.6538532,3,2977.17,0.9,0
1775251889.6538532,4,2979.16,0.0,0
1775251889.6538532,5,2980.16,0.0,0
1775251889.6538532,7,2981.67,0.0,0
1775251889.6538532,6,2982.67,0.0,0
1775251889.654856,9,2983.28,0.0,0
1775251889.654856,8,2984.29,15.4,0
1775251889.654856,11,2985.29,0.0,0
1775251889.654856,10,2986.29,0.0,0
1775251889.654856,12,2987.29,0.0,0
1775251889.6559782,13,2987.17,0.0,0
1775251889.6559782,14,2988.17,0.0,0
1775251889.6559782,15,2988.17,0.0,0
1775251889.6559782,16,2989.17,0.0,0
1775251889.6559782,17,2990.17,0.0,0
1775251889.6559782,18,2991.17,0.0,0
1775251889.6559782,19,2991.67,0.0,0
1775251889.6559782,21,2993.18,0.0,0
1775251889.6559782,20,2994.60,0.0,0
1775251889.6559782,22,2995.59,0.0,0
1775251889.6559782,23,2996.63,0.0,0
1775251889.6574776,25,2995.13,0.0,0
1775251889.6574776,24,2996.70,16.7,0
1775251889.6574776,26,2997.71,0.0,0
1775251889.6574776,27,2999.21,0.0,0
1775251889.454563,1,3210.82,0.0,0
1775251889.666638,28,3000.32,0.0,0
1775251891.1493585,2,2948.11,9.2,0
1775251891.1834066,3,2970.11,8.3,0
1775251891.235185,4,2919.33,33.3,0
1775251891.2357242,5,2918.79,0.0,0
1775251891.2357242,8,2919.92,0.0,0
1775251891.2357242,7,2921.09,0.0,0
1775251891.2357242,6,2921.09,0.0,0
1775251891.2367418,9,2921.49,0.0,0
1775251891.2367418,10,2921.49,0.0,0
1775251891.2377365,12,2921.95,0.0,0
1775251891.2377365,11,2923.35,0.0,0
1775251891.2377365,13,2923.35,0.0,0
1775251891.238737,14,2923.35,0.0,0
1775251891.238737,15,2924.35,0.0,0
1775251891.238737,16,2925.52,0.0,0
1775251891.238737,17,2926.62,0.0,0
1775251891.238737,18,2926.62,0.0,0
1775251891.238737,19,2927.77,0.0,0
1775251891.2397335,20,2927.77,0.0,0
1775251891.2397335,21,2929.26,0.0,0
1775251891.2397335,22,2929.77,66.7,0
1775251891.2397335,23,2931.41,0.0,0
1775251891.2397335,24,2932.46,0.0,0
1775251891.2397335,25,2932.46,0.0,0
1775251891.2407634,27,2932.44,0.0,0
1775251891.2407634,26,2933.44,0.0,0
1775251891.2407634,28,2935.00,0.0,0
1775251891.2407634,29,2935.00,0.0,0
1775251891.0940623,1,3142.28,3.2,0
1775251892.6273744,2,2527.25,8.9,0
1775251892.657692,4,2656.55,25.2,0
1775251892.657692,3,2658.06,0.0,0
1775251892.657692,5,2659.51,0.0,0
1775251892.657692,6,2660.63,0.0,0
1775251892.657692,7,2662.15,0.0,0
1775251892.657692,8,2662.73,0.0,0
1775251892.6591022,10,2662.33,0.0,0
1775251892.6591022,9,2662.83,0.0,0
1775251892.6591022,11,2663.84,0.0,0
1775251892.6591022,12,2665.35,0.0,0
1775251892.6602337,13,2665.38,0.0,0
1775251892.6602337,15,2665.38,12.5,0
1775251892.6602337,14,2666.53,0.0,0
1775251892.6602337,16,2668.53,0.0,0
1775251892.6602337,18,2668.53,0.0,0
1775251892.6602337,17,2669.53,0.0,0
1775251892.6627645,19,2668.10,0.0,0
1775251892.6627645,20,2668.10,0.0,0
1775251892.5178096,1,2819.57,0.0,0
1775251892.6627645,21,2675.63,0.0,0
1775251892.7209399,22,2618.45,0.0,0
1775251894.1495073,2,1958.43,6.3,0
1775251894.2289946,3,1884.45,0.0,0
1775251894.2299886,4,1884.46,0.0,0
1775251894.2299886,7,1886.47,0.0,0
1775251894.2299886,5,1887.00,0.0,0
1775251894.2299886,9,1887.51,0.0,0
1775251894.2299886,8,1888.56,0.0,0
1775251894.2299886,6,1889.59,0.0,0
1775251894.231393,12,1889.77,0.0,0
1775251894.2299886,10,1891.17,0.0,0
1775251894.231393,11,1891.23,40.0,0
1775251894.232632,13,1891.34,0.0,0
1775251894.232632,14,1891.84,0.0,0
1775251894.2338164,15,1891.72,0.0,0
1775251894.095477,1,2030.06,0.0,0
1775251895.3107312,2,1330.64,1.7,0
1775251895.3332884,5,1516.52,0.9,0
1775251895.3332884,3,1518.65,0.0,0
1775251895.3332884,6,1519.66,0.0,0
1775251895.3332884,4,1520.93,0.0,0
1775251895.3332884,7,1521.93,0.0,0
1775251895.3332884,8,1522.97,0.0,0
1775251895.3342884,11,1523.49,40.0,0
1775251895.3332884,9,1526.01,0.0,0
1775251895.3332884,10,1527.02,0.0,0
1775251895.3342884,13,1531.56,0.0,0
1775251895.3342884,12,1531.56,0.0,0
1775251895.1522462,1,1715.10,0.0,0
1775251895.3913703,14,1477.00,0.0,0
1775251896.109931,2,1274.01,5.3,0
1775251896.1771345,4,1207.81,0.0,0
1775251896.1771345,5,1209.40,0.0,0
1775251896.1771345,6,1210.40,0.0,0
1775251896.1771345,3,1211.40,60.0,0
1775251896.1781425,7,1211.41,0.0,0
1775251896.1781425,8,1212.41,0.0,0
1775251896.178744,10,1212.81,0.0,0
1775251896.178744,9,1213.80,0.0,0
1775251896.1797643,11,1214.95,0.0,0
1775251896.1058443,1,1854.09,9.2,0
1775251896.6382587,12,1323.83,0.0,0
1775251896.8479486,13,1115.13,0.0,0
1775251896.8613045,15,1157.37,1.5,0
1775251896.8613045,14,1158.37,0.0,0
1775251896.862815,16,1158.21,0.0,0
1775251896.862815,17,1159.55,0.0,0
1775251896.862815,18,1161.57,0.0,0
1775251896.8638237,19,1161.69,0.0,0
1775251896.8638237,20,1163.69,0.0,0
1775251896.8638237,21,1164.77,50.0,0
1775251896.8694541,22,1164.76,0.0,0
1775251897.3814595,2,1014.57,0.8,0
1775251897.5478528,4,850.52,0.0,0
1775251897.5478528,3,852.04,0.0,0
1775251897.5478528,6,853.03,0.0,0
1775251897.378895,1,1024.03,0.0,0
1775251897.5478528,5,856.07,0.0,0
1775251897.5495436,7,855.51,12.5,0
1775251897.9579265,8,860.77,12.3,0
1775251898.03011,3,996.58,7.1,0
1775251898.03011,2,997.58,0.0,0
1775251898.03011,4,999.63,27.3,0
1775251898.03011,5,1000.95,0.0,0
1775251898.03011,6,1002.23,0.0,0
1775251898.03011,7,1003.60,0.0,0
1775251898.03011,8,1005.11,0.0,0
1775251898.0145853,1,1129.05,22.8,0
1775251898.0352178,9,1109.45,0.0,0
1775251898.0352178,10,1110.45,0.0,0
1775251898.0352178,11,1111.96,0.0,0
1775251898.3913875,12,759.90,0.0,0
1775251898.3924024,13,759.89,0.0,0
1775251898.3950093,14,967.83,9.3,0
1775251898.4568186,15,907.03,0.0,0
1775251898.4578273,16,907.53,0.0,0
1775251898.4578273,17,908.84,0.0,0
1775251898.8166978,18,1064.57,12.8,0
1775251899.02417,2,858.36,0.0,0
1775251899.1385524,4,901.43,4.4,0
1775251899.1385524,3,903.54,0.0,0
1775251899.1400445,6,903.05,0.0,0
1775251899.1385524,5,905.55,80.0,0
1775251899.1400445,7,906.05,0.0,0
1775251899.1400445,8,907.05,0.0,0
1775251899.1400445,9,908.93,0.0,0
1775251899.1410594,10,909.45,0.0,0
1775251899.1481905,11,958.08,0.0,0
1775251899.0231621,1,1085.11,18.2,0
1775251899.1492774,12,961.00,0.0,0
1775251899.3575852,13,810.15,0.0,0
1775251899.3601987,14,1063.99,8.1,0
1775251899.4691865,15,1009.08,10.4,0
1775251899.4696925,16,1010.08,0.0,0
1775251899.4696925,17,1010.08,0.0,0
1775251899.470729,18,1010.61,0.0,0
1775251899.4713633,19,1010.98,50.0,0
1775251899.879693,20,709.89,20.8,0
1775251900.0372405,2,606.52,16.1,0
1775251900.0388684,3,606.90,0.0,0
1775251900.1027615,4,902.87,6.8,0
1775251900.1620955,5,899.34,7.0,0
1775251900.1636195,8,899.44,0.0,0
1775251900.1631093,7,899.95,0.0,0
1775251900.1631093,6,901.57,0.0,0
1775251900.1646285,9,902.16,0.0,0
1775251900.0367284,1,1031.11,0.0,0
1775251900.1656554,10,903.25,0.0,0
1775251900.422154,11,702.37,13.1,0
1775251900.4762619,12,1059.13,1.0,0
1775251900.585494,13,1055.65,5.3,0
1775251900.5865781,19,1055.62,0.0,0
1775251900.5865781,18,1057.68,0.0,0
1775251900.585494,14,1060.18,0.0,0
1775251900.5865781,17,1060.61,0.0,0
1775251900.5865781,15,1062.63,0.0,0
1775251900.5865781,16,1064.22,0.0,0
1775251900.5865781,20,1065.22,0.0,0
1775251900.64176,21,1067.62,1.6,0
1775251900.64176,22,1069.62,0.0,0
1775251901.0030367,2,763.65,3.1,0
1775251901.0580509,3,964.46,9.7,0
1775251901.1207056,4,956.90,20.0,0
1775251901.001979,1,1078.34,0.0,0
1775251901.1212108,6,960.33,0.0,0
1775251901.1207056,5,961.87,0.0,0
1775251901.1212108,7,962.56,0.0,0
1775251901.532872,8,656.53,39.6,0
1775251901.6379278,9,858.33,14.1,0
1775251901.6389446,10,858.82,7.1,0
1775251901.7046967,11,950.00,10.1,0
1775251901.7046967,12,951.07,0.0,0
1775251901.7057106,14,952.44,0.0,0
1775251901.7046967,13,954.50,0.0,0
1775251901.7057106,15,954.90,0.0,0
1775251901.7063184,16,955.29,0.0,0
1775251901.763549,17,904.61,0.0,0
1775251901.7640824,18,905.10,0.0,0
1775251901.7640824,19,906.61,18.2,0
1775251902.0756922,2,804.56,0.5,0
1775251902.1863837,3,748.93,9.8,0
1775251902.1869268,4,750.50,10.0,0
1775251902.0209568,1,917.47,0.0,0
1775251902.4952064,5,497.28,2.1,0
1775251902.651432,6,750.79,5.0,0
1775251902.66549,10,996.32,3.0,0
1775251902.663978,8,999.34,0.0,0
1775251902.663978,7,1001.33,0.0,0
1775251902.66549,12,1000.83,0.0,0
1775251902.66549,11,1002.13,0.0,0
1775251902.663978,9,1005.59,20.0,0
1775251902.66549,13,1005.77,20.0,0
1775251902.66549,14,1006.94,0.0,0
1775251902.7220964,15,1007.60,0.0,0
1775251902.7226055,17,1009.10,0.0,0
1775251902.7226055,16,1010.12,33.3,0
1775251902.7226055,18,1012.32,0.0,0
1775251902.7226055,19,1012.92,0.0,0
1775251902.878742,20,912.34,1.9,0
1775251902.9328506,21,963.20,5.4,0
1775251902.9899752,22,909.19,0.0,0
1775251902.990486,23,909.99,0.0,0
1775251903.6587954,2,806.41,9.5,0
1775251903.7250087,6,794.53,18.8,0
1775251903.7250087,3,796.19,0.0,0
1775251903.7250087,5,797.25,0.0,0
1775251903.7250087,4,798.25,0.0,0
1775251903.726031,7,798.24,0.0,0
1775251903.726031,8,799.41,0.0,0
1775251903.7270534,9,799.39,0.0,0
1775251903.7270534,10,800.39,0.0,0
1775251903.7270534,11,801.39,71.4,0
1775251903.4005318,1,1129.42,0.0,0
1775251903.7880204,12,799.66,16.0,0
1775251903.8945143,13,747.57,0.0,0
1775251903.897569,14,901.99,3.6,0
1775251903.9528801,15,849.71,0.0,0
1775251903.9533887,16,851.21,0.0,0
1775251903.9544008,17,851.70,0.0,0
1775251904.5169654,2,750.94,1.7,0
1775251904.5825613,3,741.01,24.0,0
1775251904.5825613,5,742.01,0.0,0
1775251904.5825613,6,744.26,11.8,0
1775251904.5825613,7,745.73,0.0,0
1775251904.5825613,4,747.24,0.0,0
1775251904.5850766,9,746.74,0.0,0
1775251904.5850766,8,747.88,0.0,0
1775251904.462308,1,871.65,0.0,0
1775251904.6390724,10,952.93,23.8,0
1775251904.7954988,13,850.80,10.4,0
1775251904.7954988,12,852.31,0.0,0
1775251904.7954988,11,852.31,0.0,0
1775251904.7954988,14,854.84,0.0,0
1775251904.7970402,15,854.37,0.0,0
1775251904.800586,16,1006.04,15.8,0
1775251904.8578382,17,951.30,0.0,0
1775251904.859361,18,950.78,80.0,0
1775251904.8603501,19,950.89,0.0,0
1775251905.3208988,2,1051.95,12.4,0
1775251905.3214123,3,1053.96,0.0,0
1775251905.588492,4,792.47,0.0,0
1775251905.5889978,6,793.98,0.0,0
1775251905.5889978,5,794.97,0.0,0
1775251905.5889978,7,796.48,0.0,0
1775251905.5889978,8,797.91,0.0,0
1775251905.590004,10,797.91,0.0,0
1775251905.590004,9,799.15,37.5,0
1775251905.590004,11,800.18,0.0,0
1775251905.2658265,1,1125.35,0.0,0
1775251905.6442914,12,909.37,6.1,0
1775251905.804618,13,750.07,0.0,0
1775251905.808131,14,801.43,26.2,0
1775251905.9146724,15,697.36,0.0,0
1775251906.3773694,2,951.78,13.5,0
1775251906.3773694,3,954.27,0.0,0
1775251906.3773694,4,955.45,0.0,0
1775251906.3783653,5,955.02,0.0,0
1775251906.4940538,6,945.55,2.9,0
1775251906.4945815,7,946.02,0.0,0
1775251906.49529,8,947.89,0.0,0
1775251906.4958773,9,949.34,0.0,0
1775251906.4958773,10,950.34,0.0,0
1775251906.4958773,11,951.94,0.0,0
1775251906.4958773,12,953.45,0.0,0
1775251906.4958773,13,954.92,33.3,0
1775251906.4958773,14,955.93,20.0,0
1775251906.3713083,1,1081.50,0.0,0
1775251906.4958773,15,1014.96,1.9,0
1775251906.550654,16,961.18,0.0,0
1775251906.6075537,17,958.89,6.3,0
1775251906.610563,18,1010.33,4.1,0
1775251906.8178852,19,806.48,38.5,0
1775251907.4362838,2,598.59,6.7,0
1775251907.5059414,4,736.65,3.3,0
1775251907.5051124,3,739.50,0.0,0
1775251907.5064917,5,739.25,0.0,0
1775251907.5075045,7,739.74,100.0,0
1775251907.5064917,6,742.65,0.0,0
1775251907.5075045,8,743.48,0.0,0
1775251907.5075045,9,744.86,0.0,0
1775251907.5075045,10,750.37,0.0,0
1775251907.5075045,11,751.37,0.0,0
1775251907.5644188,12,695.75,0.0,0
1775251907.3281183,1,932.05,0.0,0
1775251907.619718,13,748.75,0.0,0
1775251907.6223488,14,747.64,0.0,0
1775251907.6757007,15,1054.43,6.2,0
1775251908.239579,2,901.52,20.4,0
1775251908.240594,5,901.57,0.0,0
1775251908.239579,3,903.77,0.0,0
1775251908.239579,4,905.24,0.0,0
1775251908.240594,7,905.66,0.0,0
1775251908.240594,6,905.66,0.0,0
1775251908.2548554,8,999.81,9.7,0
1775251908.2548554,9,1001.80,0.0,0
1775251908.2548554,10,1003.28,0.0,0
1775251908.2558737,13,1003.49,0.0,0
1775251908.2558737,12,1004.91,0.0,0
1775251908.2548554,11,1007.33,0.0,0
1775251908.2558737,14,1007.31,40.0,0
1775251908.2558737,15,1009.79,0.0,0
1775251908.0322776,1,1237.07,0.0,0
1775251908.3634365,16,906.97,0.0,0
1775251908.3674808,17,1009.92,4.4,0
1775251908.4218,18,956.59,0.0,0
1775251908.7283516,19,1111.48,11.5,0
1775251909.2516253,5,696.40,15.2,0
1775251909.2506096,3,698.42,0.0,0
1775251909.2506096,2,700.43,63.6,0
1775251909.2506096,4,702.02,0.0,0
1775251909.2516253,6,702.01,0.0,0
1775251909.2516253,7,703.01,0.0,0
1775251909.2526228,8,704.01,0.0,0
1775251909.2526228,9,705.01,0.0,0
1775251909.26723,11,798.37,0.9,0
1775251909.2662015,10,800.94,0.0,0
1775251909.1389053,1,930.71,0.0,0
1775251909.3738625,12,697.39,0.0,0
1775251909.376395,13,800.38,9.7,0
1775251909.430845,14,746.94,0.0,0
1775251909.8383234,15,953.72,6.0,0
1775251909.9445004,17,848.60,0.0,0
1775251909.9434938,16,851.65,25.0,0
1775251909.9455025,18,1006.80,8.8,0
1775251910.059953,2,892.35,0.0,0
1775251910.0609663,3,893.34,0.0,0
1775251909.9586396,19,996.67,0.0,0
1775251910.0630884,4,893.22,0.0,0
1775251910.0630884,5,894.22,0.0,0
1775251910.0630884,7,895.22,0.0,0
1775251910.0630884,6,897.22,0.0,0
1775251910.0630884,8,898.22,0.0,0
1775251910.064096,9,902.26,0.0,0
1775251910.064096,10,903.26,30.8,0
1775251910.0686095,11,899.75,0.0,0
1775251910.0712564,12,1105.17,17.9,0
1775251910.059953,1,1117.47,0.0,0
1775251910.1757808,13,1055.61,24.6,0
1775251910.178775,14,1054.70,0.0,0
1775251910.3338022,15,903.19,0.0,0
1775251910.9496815,17,851.94,21.9,0
1775251910.7973006,16,1006.47,0.0,0
1775251910.9496815,18,855.20,0.0,0
1775251910.962815,19,843.06,0.0,0
1775251910.9638197,20,843.08,0.0,0
1775251910.9638197,21,844.08,0.0,0
1775251910.9638197,22,844.64,0.0,0
1775251910.9638197,23,849.84,29.4,0
1775251910.9638197,24,850.85,0.0,0
1775251910.9638197,25,851.85,0.0,0
1775251910.9698603,26,847.29,0.0,0
1775251911.1784308,2,949.83,9.5,0
1775251911.234984,3,895.79,0.0,0
1775251911.0736005,1,1058.17,0.0,0
1775251911.2359884,4,896.78,0.0,0
1775251911.2359884,5,898.90,0.0,0
1775251911.2379892,6,902.86,57.1,0
1775251911.59441,7,1265.11,14.7,0
1775251911.8104618,8,1051.06,0.0,0
1775251911.8104618,10,1052.56,0.0,0
1775251911.8104618,9,1053.57,0.0,0
1775251911.8104618,11,1055.09,0.0,0
1775251911.8116777,12,1054.88,0.0,0
1775251911.8116777,13,1056.46,0.0,0
1775251911.8116777,14,1057.97,0.0,0
1775251911.8116777,16,1058.98,0.0,0
1775251911.8116777,15,1059.48,0.0,0
1775251911.8116777,18,1060.49,57.1,0
1775251911.8116777,17,1062.53,0.0,0
1775251911.8116777,19,1063.54,0.0,0
1775251911.8184438,20,1115.23,6.0,0
1775251911.8199546,21,1117.33,33.3,0
1775251912.1364982,3,1621.14,8.9,0
1775251912.135492,2,1624.46,0.0,0
1775251912.1375017,5,1623.54,0.0,0
1775251912.1364982,4,1625.54,0.0,0
1775251912.1375017,7,1626.04,83.3,0
1775251912.1375017,6,1627.04,9.1,0
1775251912.1375017,9,1628.05,0.0,0
1775251912.1375017,8,1630.23,0.0,0
1775251912.1375017,10,1631.23,0.0,0
1775251912.1387053,11,1631.03,0.0,0
1775251912.1387053,12,1632.04,0.0,0
1775251912.1428528,13,1737.14,8.0,0
1775251912.075743,1,1805.26,0.0,0
1775251912.8030777,16,1079.37,0.0,0
1775251912.8020556,14,1081.87,0.0,0
1775251912.8020556,15,1082.92,0.0,0
1775251912.804069,17,1491.80,0.9,0
1775251912.8555124,18,1441.94,0.0,0
1775251912.876215,19,1477.85,0.0,0
1775251912.9288356,20,1427.32,0.0,0
1775251912.9288356,21,1428.75,22.2,0
1775251912.929836,22,1429.77,0.0,0
1775251912.929836,23,1430.77,0.0,0
1775251912.929836,24,1431.78,0.0,0
1775251912.929836,25,1433.89,0.0,0
1775251912.929836,26,1435.09,0.0,0
1775251912.935179,27,1489.29,7.8,0
1775251912.9385252,28,1491.43,0.0,0
1775251913.772334,2,1531.39,8.0,0
1775251913.8747358,4,1429.99,0.0,0
1775251913.8747358,3,1431.99,0.0,0
1775251913.8757634,5,1430.97,0.0,0
1775251913.8757634,6,1433.02,0.0,0
1775251913.8757634,7,1434.02,0.0,0
1775251913.8757634,8,1435.02,62.5,0
1775251913.8757634,9,1436.23,0.0,0
1775251913.8769164,11,1436.08,0.0,0
1775251913.8769164,10,1436.58,0.0,0
1775251913.8769164,12,1437.60,0.0,0
1775251913.8769164,14,1438.60,0.0,0
1775251913.8769164,13,1439.61,0.0,0
1775251913.8769164,15,1441.61,0.0,0
1775251913.8769164,16,1441.61,0.0,0
1775251913.8769164,17,1443.62,0.0,0
1775251913.8861685,18,1493.46,12.1,0
1775251913.5008163,1,2392.35,15.1,0
1775251914.36544,2,1739.58,45.5,0
1775251914.4178634,5,1689.43,69.2,0
1775251914.4178634,3,1690.81,0.0,0
1775251914.4178634,6,1692.31,0.0,0
1775251914.4178634,4,1693.35,0.0,0
1775251914.4178634,7,1694.55,0.0,0
1775251914.4188614,9,1695.06,0.0,0
1775251914.4188614,8,1696.57,0.0,0
1775251914.4188614,10,1697.61,0.0,0
1775251914.4219544,11,1696.31,0.0,0
1775251914.4260645,12,1750.37,29.2,0
1775251914.299068,1,1879.38,0.0,0
1775251914.4274356,13,1753.60,0.0,0
1775251914.4274356,14,1754.61,0.0,0
1775251914.4315767,15,1808.04,15.0,0
1775251915.2488878,2,1910.18,5.5,0
1775251915.3210928,3,1895.45,7.8,0
1775251915.3725808,4,1845.96,25.0,0
1775251915.3745897,8,1845.98,0.0,0
1775251915.3725808,5,1849.62,0.0,0
1775251915.3725808,6,1849.62,0.0,0
1775251915.3735971,7,1849.61,0.0,0
1775251915.3745897,9,1849.61,0.0,0
1775251915.3750937,10,1850.86,0.0,0
1775251915.3750937,11,1852.15,0.0,0
1775251915.3750937,12,1853.67,0.0,0
1775251915.3750937,13,1854.68,0.0,0
1775251915.3750937,14,1855.78,0.0,0
1775251915.3750937,15,1857.07,50.0,0
1775251915.3761125,16,1857.26,0.0,0
1775251915.3761125,17,1857.26,0.0,0
1775251915.3761125,18,1859.38,0.0,0
1775251915.3761125,19,1860.38,0.0,0
1775251915.2452989,1,1991.20,0.0,0
1775251915.3822935,20,1914.97,3.3,0
1775251915.8953128,21,2115.83,4.4,0
1775251916.171132,2,1899.49,7.8,0
1775251916.1721375,5,1900.08,0.0,0
1775251916.1721375,3,1902.08,0.0,0
1775251916.1731405,7,1902.09,0.0,0
1775251916.1721375,4,1904.11,20.0,0
1775251916.1731405,6,1904.56,0.0,0
1775251916.1731405,8,1906.58,0.0,0
1775251916.1731405,9,1908.09,0.0,0
1775251916.1731405,10,1909.09,0.0,0
1775251916.1741445,11,1909.09,0.0,0
1775251916.1741445,12,1910.08,0.0,0
1775251916.1741445,13,1911.08,0.0,0
1775251916.1741445,14,1911.08,0.0,0
1775251916.1741445,15,1912.28,0.0,0
1775251916.1851661,16,2116.37,13.3,0
1775251916.2406178,17,2115.46,25.0,0
1775251916.1197925,1,2238.52,40.0,0
1775251917.1550534,2,1204.28,0.0,0
1775251917.1560686,3,1204.85,0.0,0
1775251917.1611252,4,1965.76,4.7,0
1775251917.237591,5,1946.31,4.2,0
1775251917.289011,7,1897.41,8.3,0
1775251917.2900321,6,1897.98,0.0,0
1775251917.2900321,8,1899.10,0.0,0
1775251917.2900321,9,1900.21,0.0,0
1775251917.2900321,10,1901.65,0.0,0
1775251917.2911267,12,1901.56,0.0,0
1775251917.2911267,13,1903.31,0.0,0
1775251917.2900321,11,1905.92,0.0,0
1775251917.2921267,14,1903.83,0.0,0
1775251917.2921267,15,1906.07,0.0,0
1775251917.2921267,16,1907.07,0.0,0
1775251917.2921267,17,1907.07,0.0,0
1775251917.2921267,18,1908.81,25.0,0
1775251917.1550534,1,2052.07,0.0,0
1775251917.2988944,19,1918.74,73.3,0
1775251918.0877614,2,2155.55,8.4,0
1775251918.2924585,5,1952.85,0.0,0
1775251918.291199,3,1955.20,0.0,0
1775251918.2924585,4,1955.45,10.0,0
1775251918.2934773,6,1956.54,0.0,0
1775251918.2934773,7,1957.58,0.0,0
1775251918.2934773,8,1959.81,0.0,0
1775251918.2934773,9,1960.81,0.0,0
1775251918.2934773,10,1961.31,0.0,0
1775251918.2934773,11,1962.32,0.0,0
1775251918.2934773,12,1963.36,0.0,0
1775251918.2934773,13,1964.87,0.0,0
1775251918.2958586,14,1962.49,0.0,0
1775251918.2958586,15,1963.87,0.0,0
1775251918.2973666,16,1963.39,0.0,0
1775251918.2973666,17,1965.39,0.0,0
1775251918.297943,19,1966.18,46.7,0
1775251918.2973666,18,1968.03,0.0,0
1775251918.3025723,20,2023.80,19.4,0
1775251918.0136538,1,2314.72,0.0,0
1775251918.361959,21,1970.92,0.0,0
1775251919.2091205,3,1996.22,10.7,0
1775251919.210605,5,1996.74,0.0,0
1775251919.210605,4,1997.92,0.0,0
1775251919.2091205,2,2002.05,0.0,0
1775251919.210605,8,2001.59,0.0,0
1775251919.211605,9,2002.61,0.0,0
1775251919.210605,6,2004.61,0.0,0
1775251919.210605,7,2006.11,37.5,0
1775251919.211605,10,2006.35,0.0,0
1775251919.211605,11,2006.35,0.0,0
1775251919.2131126,13,2007.37,0.0,0
1775251919.2131126,15,2007.87,0.0,0
1775251919.2131126,12,2009.36,0.0,0
1775251919.2131126,14,2010.46,0.0,0
1775251919.2131126,16,2011.46,0.0,0
1775251919.2131126,17,2011.46,0.0,0
1775251919.2197561,18,2067.05,9.4,0
1775251919.1808887,1,2972.88,4.7,0
1775251920.3178113,4,1945.94,1.8,0
1775251920.3178113,3,1947.46,12.5,0
1775251920.2664082,2,1999.88,0.0,0
1775251920.3198125,6,1947.88,0.0,0
1775251920.3178113,5,1950.90,0.0,0
1775251920.3198125,7,1949.90,0.0,0
1775251920.3203976,9,1950.98,0.0,0
1775251920.3198125,8,1953.18,0.0,0
1775251920.3209984,10,1952.00,0.0,0
1775251920.3209984,11,1954.51,0.0,0
1775251920.3209984,13,1955.51,0.0,0
1775251920.3209984,12,1956.51,0.0,0
1775251920.3209984,14,1956.51,0.0,0
1775251920.3222134,16,1956.30,55.6,0
1775251920.3209984,15,1959.02,0.0,0
1775251920.3222134,17,1958.81,0.0,0
1775251920.3222134,18,1959.81,0.0,0
1775251920.3308804,19,2014.95,13.7,0
1775251920.137277,1,2210.05,0.0,0
1775251920.33388,20,2016.87,0.0,0
1775251921.2772384,2,2097.84,7.0,0
1775251921.2782497,3,2097.84,0.0,0
1775251921.2782497,4,2099.22,0.0,0
1775251921.2782497,6,2100.59,0.0,0
1775251921.2782497,5,2101.62,0.0,0
1775251921.2782497,7,2103.10,0.0,0
1775251921.2782497,8,2105.10,0.0,0
1775251921.2797568,9,2104.59,0.0,0
1775251921.2797568,10,2105.59,0.0,0
1775251921.2797568,11,2106.65,0.0,0
1775251921.2797568,12,2106.65,0.0,0
1775251921.2807662,13,2108.15,33.3,0
1775251921.2807662,14,2108.15,0.0,0
1775251921.2807662,16,2109.69,0.0,0
1775251921.2807662,15,2111.15,0.0,0
1775251921.2807662,17,2111.15,0.0,0
1775251921.2817652,19,2111.66,0.0,0
1775251921.2817652,18,2112.76,0.0,0
1775251921.2817652,20,2112.76,0.0,0
1775251921.2827654,21,2112.89,0.0,0
1775251921.1500008,1,3121.34,2.1,0
1775251922.2603807,2,2012.48,0.0,0
1775251922.3392744,7,2043.73,1.8,0
1775251922.3356357,5,2048.37,0.0,0
1775251922.3350387,4,2050.48,0.0,0
1775251922.3356357,6,2051.37,0.0,0
1775251922.2830272,3,2104.98,60.0,0
1775251922.3392744,10,2050.50,0.0,0
1775251922.3392744,8,2052.02,0.0,0
1775251922.3392744,9,2052.02,0.0,0
1775251922.340296,12,2052.47,0.0,0
1775251922.340296,13,2052.47,0.0,0
1775251922.340296,11,2053.95,0.0,0
1775251922.340296,14,2055.09,0.0,0
1775251922.340296,16,2057.09,0.0,0
1775251922.340296,15,2057.60,0.0,0
1775251922.3417509,17,2057.15,0.0,0
1775251922.150759,1,2254.47,25.0,0
1775251922.3489373,18,2057.29,0.0,0
1775251923.3710458,2,1907.13,9.0,0
1775251923.4984875,3,1781.20,0.0,0
1775251923.4995394,5,1781.79,0.0,0
1775251923.499033,4,1783.75,0.0,0
1775251923.4995394,6,1784.55,0.0,0
1775251923.5005476,9,1784.54,0.0,0
1775251923.4995394,8,1787.10,0.0,0
1775251923.4995394,7,1787.10,0.0,0
1775251923.5015545,12,1786.09,0.0,0
1775251923.5005476,10,1788.12,0.0,0
1775251923.5015545,11,1788.17,0.0,0
1775251923.5015545,13,1789.68,0.0,0
1775251923.5015545,14,1790.75,0.0,0
1775251923.5015545,16,1791.74,0.0,0
1775251923.5015545,15,1792.98,21.4,0
1775251923.5028768,17,1792.66,0.0,0
1775251923.368885,1,1928.16,0.0,0
1775251924.3787355,2,1740.93,7.7,0
1775251924.40003,4,1827.40,0.0,0
1775251924.40003,5,1828.59,0.0,0
1775251924.40003,6,1831.13,0.0,0
1775251924.40003,7,1832.12,66.7,0
1775251924.401032,8,1833.12,0.0,0
1775251924.40003,3,1835.15,0.0,0
1775251924.401032,9,1835.60,0.0,0
1775251924.401032,10,1836.82,0.0,0
1775251924.401032,11,1838.29,0.0,0
1775251924.401032,12,1839.52,0.0,0
1775251924.401032,13,1840.68,0.0,0
1775251924.4020457,14,1839.66,0.0,0
1775251924.4020457,15,1840.95,0.0,0
1775251924.4020457,16,1842.45,0.0,0
1775251924.4020457,17,1842.45,0.0,0
1775251924.26899,1,1983.02,29.4,0
1775251924.4076736,18,1845.34,0.0,0
1775251925.276053,2,1723.12,9.0,0
1775251925.350299,6,1649.38,0.0,0
1775251925.350299,9,1650.61,0.0,0
1775251925.3490233,3,1652.91,0.0,0
1775251925.3490233,5,1654.41,0.0,0
1775251925.3490233,4,1655.42,0.0,0
1775251925.350299,8,1655.14,0.0,0
1775251925.350299,7,1656.18,0.0,0
1775251925.3513007,11,1656.18,0.0,0
1775251925.350299,10,1658.18,0.0,0
1775251925.3533003,14,1656.78,0.0,0
1775251925.3523,12,1657.78,0.0,0
1775251925.3523,13,1659.80,0.0,0
1775251925.2729726,1,1740.13,0.0,0
1775251926.2246416,2,1151.05,10.4,0
1775251926.2470737,5,1336.55,11.5,0
1775251926.2455666,3,1338.06,0.0,0
1775251926.2470737,4,1338.06,0.0,0
1775251926.2470737,6,1339.18,0.0,0
1775251926.2470737,7,1340.78,0.0,0
1775251926.2470737,8,1341.92,0.0,0
1775251926.2540128,11,1340.56,53.3,0
1775251926.118021,1,1477.60,0.0,0
1775251926.2491639,10,1347.97,0.0,0
1775251926.2491639,9,1348.99,0.0,0
1775251926.9956577,12,1270.11,11.6,0
1775251926.9971626,13,1269.61,0.0,0
1775251927.064466,3,1257.13,6.0,0
1775251927.064466,2,1258.16,0.0,0
1775251927.0654855,5,1258.16,0.0,0
1775251927.0654855,4,1259.67,0.0,0
1775251927.065997,7,1261.16,22.2,0
1775251927.065997,9,1262.16,0.0,0
1775251927.065997,8,1263.67,0.0,0
1775251927.065997,10,1264.82,0.0,0
1775251927.067181,11,1265.12,0.0,0
1775251927.065997,6,1268.31,0.0,0
1775251927.067181,12,1268.13,0.0,0
1775251927.3731444,13,1070.45,1.8,0
1775251927.064466,1,1635.88,5.4,0
1775251927.5813148,14,1121.03,12.5,0
1775251927.590022,15,1269.21,4.2,0
1775251927.590022,16,1271.22,0.0,0
1775251927.5912194,17,1271.52,0.0,0
1775251927.5912194,18,1272.53,0.0,0
1775251927.5923986,19,1272.86,0.0,0
1775251927.7015092,20,1168.84,0.0,0
1775251927.7015092,21,1169.39,0.0,0
1775251927.7025907,22,1170.31,0.0,0
1775251928.3188853,2,1066.22,3.4,0
1775251928.439602,9,1000.26,11.1,0
1775251928.4385014,7,1002.36,0.0,0
1775251928.4385014,5,1003.36,0.0,0
1775251928.4374907,4,1005.37,0.0,0
1775251928.4374907,3,1007.49,0.0,0
1775251928.4385014,6,1007.48,0.0,0
1775251928.439602,8,1007.89,0.0,0
1775251928.440606,10,1008.47,0.0,0
1775251928.2642472,1,1184.83,0.0,0
1775251928.6988041,11,805.94,12.7,0
1775251928.8571928,12,854.07,9.1,0
1775251928.8668504,13,950.30,17.9,0
1775251928.8668504,15,951.60,0.0,0
1775251928.8668504,14,954.14,0.0,0
1775251928.867849,16,954.34,0.0,0
1775251928.9240625,17,902.02,50.0,0
1775251928.9245968,18,903.00,41.7,0
1775251929.4373543,2,1003.51,20.4,0
1775251929.4378595,3,1003.58,0.0,0
1775251929.5013916,4,994.01,6.7,0
1775251929.5013916,6,996.01,0.0,0
1775251929.5013916,5,996.51,37.5,0
1775251929.502454,8,997.46,0.0,0
1775251929.5013916,7,999.52,0.0,0
1775251929.502454,9,999.46,0.0,0
1775251929.502454,10,1000.97,0.0,0
1775251929.502454,11,1001.53,0.0,0
1775251929.502454,12,1002.54,0.0,0
1775251929.3825943,1,1123.39,0.0,0
1775251929.7091408,13,853.09,17.9,0
1775251929.8155684,14,749.67,0.0,0
1775251929.8235304,15,847.76,12.0,0
1775251929.929996,16,742.30,0.0,0
1775251930.4933934,2,842.76,4.4,0
1775251930.5582209,3,882.29,2.7,0
1775251930.5582209,5,883.29,0.0,0
1775251930.559227,6,883.29,0.0,0
1775251930.5582209,4,885.29,0.0,0
1775251930.559227,7,885.29,0.0,0
1775251930.559227,8,886.29,0.0,0
1775251930.559227,9,887.79,0.0,0
1775251930.559227,10,888.86,0.0,0
1775251930.5602279,11,888.87,0.0,0
1775251930.5602279,12,890.35,0.0,0
1775251930.5602279,13,891.36,30.0,0
1775251930.4388561,1,1013.73,0.0,0
1775251930.563733,14,944.35,3.8,0
1775251930.563733,15,945.35,0.0,0
1775251930.6681573,16,894.63,7.7,0
1775251930.6696622,17,895.86,0.0,0
1775251930.7243817,18,1099.83,4.7,0
1775251931.4379268,2,797.56,9.9,0
1775251931.4385078,4,798.06,0.0,0
1775251931.4385078,3,799.32,0.0,0
1775251931.4385078,5,800.63,0.0,0
1775251931.5037582,6,742.24,0.0,0
1775251931.5047839,8,742.72,66.7,0
1775251931.5047839,9,744.32,0.0,0
1775251931.5037582,7,746.36,0.0,0
1775251931.5047839,10,746.88,0.0,0
1775251931.5047839,11,747.88,0.0,0
1775251931.5047839,12,748.89,0.0,0
1775251931.3346388,1,920.52,0.0,0
1775251931.5606978,13,802.34,22.6,0
1775251931.565001,14,800.22,0.0,0
1775251931.6182265,15,853.01,14.4,0
1775251931.8226025,16,1107.16,5.8,0
1775251932.2405124,2,949.92,1.1,0
1775251932.2405124,3,952.04,0.0,0
1775251932.2405124,4,954.03,0.0,0
1775251932.2405124,5,955.43,0.0,0
1775251932.2418442,6,955.63,0.0,0
1775251932.2418442,7,958.26,0.0,0
1775251932.2418442,8,960.02,7.1,0
1775251932.2418442,9,961.05,0.0,0
1775251932.2438946,10,960.00,0.0,0
1775251932.3573186,12,902.63,2.1,0
1775251932.3573186,13,903.63,0.0,0
1775251932.3573186,11,905.44,0.0,0
1775251932.3573186,14,906.60,15.4,0
1775251932.2321663,1,1032.35,0.0,0
1775251932.3615377,15,957.28,4.2,0
1775251932.4177213,16,956.89,25.0,0
1775251932.4701667,17,906.45,0.0,0
1775251932.928244,18,1011.50,3.3,0
1775251933.255621,2,688.13,0.0,0
1775251933.256806,5,687.94,0.0,0
1775251933.256806,6,688.94,0.0,0
1775251933.256806,4,691.03,0.0,0
1775251933.255621,3,693.73,0.0,0
1775251933.256806,7,694.99,20.0,0
1775251933.256806,8,696.00,0.0,0
1775251933.2578268,10,695.98,0.0,0
1775251933.2578268,9,696.98,0.0,0
1775251933.2578268,11,697.98,0.0,0
1775251933.3168027,12,850.47,1.9,0
1775251933.1872437,1,981.04,0.0,0
1775251933.3730867,13,796.20,0.0,0
1775251933.3756173,14,847.53,3.1,0
1775251933.429841,15,847.88,6.2,0
1775251933.9372315,16,496.28,4.4,0
1775251933.9407415,17,954.20,19.4,0
1775251933.9417472,19,954.20,0.0,0
1775251933.9407415,18,957.35,0.0,0
1775251934.110023,2,843.56,1.6,0
1775251934.110023,3,845.57,0.0,0
1775251934.110023,4,847.64,0.0,0
1775251934.1110907,5,848.15,0.0,0
1775251934.1110907,6,848.66,0.0,0
1775251934.1110907,7,849.98,0.0,0
1775251934.1110907,8,852.00,0.0,0
1775251934.1110907,9,853.13,0.0,0
1775251934.1110907,10,854.64,0.0,0
1775251934.1648417,11,907.54,7.1,0
1775251934.1090114,1,966.93,66.7,0
1775251934.2206354,12,857.30,20.0,0
1775251934.275198,13,909.82,4.0,0
1775251934.4314206,14,754.60,22.2,0
1775251934.8929389,15,857.49,1.9,0
1775251934.9505737,17,800.99,0.0,0
1775251934.9505737,18,802.38,0.0,0
1775251934.9505737,16,803.38,0.0,0
1775251934.951586,19,804.37,0.0,0
1775251935.0685804,2,742.81,14.5,0
1775251935.0685804,3,745.47,0.0,0
1775251935.0695896,4,746.10,0.0,0
1775251935.0695896,5,747.14,0.0,0
1775251935.0695896,7,748.61,0.0,0
1775251935.0695896,6,750.13,0.0,0
1775251935.0749037,8,900.99,23.3,0
1775251935.181688,10,847.94,14.1,0
1775251935.1806793,9,850.46,0.0,0
1775251935.068029,1,965.21,0.0,0
1775251935.1835017,11,904.70,0.0,0
1775251935.4409199,12,702.21,1.5,0
1775251935.7473965,13,805.59,1.2,0
1775251935.8077726,14,952.05,1.9,0
1775251935.8087955,20,953.03,0.0,0
1775251935.8087955,21,954.03,42.9,0
1775251935.8077726,16,956.64,0.0,0
1775251935.8087955,19,957.21,0.0,0
1775251935.8087955,18,958.50,0.0,0
1775251935.8087955,17,960.72,0.0,0
1775251935.8077726,15,963.26,0.0,0
1775251935.9736874,22,802.31,0.0,0
1775251935.9736874,23,803.60,0.0,0
1775251935.9736874,24,804.72,0.0,0
1775251935.9736874,25,804.72,50.0,0
1775251936.0851958,2,853.18,18.0,0
1775251936.1407797,3,902.18,28.6,0
1775251936.027615,1,1016.41,0.0,0
1775251936.5502396,5,547.18,17.2,0
1775251936.5507493,4,548.58,0.0,0
1775251936.7576451,6,851.43,2.3,0
1775251936.7722466,9,891.88,20.0,0
1775251936.7722466,7,893.39,0.0,0
1775251936.7722466,8,894.86,0.0,0
1775251936.7722466,10,897.39,0.0,0
1775251936.7734177,12,897.36,15.4,0
1775251936.7734177,11,898.51,0.0,0
1775251936.7734177,13,899.77,0.0,0
1775251936.7734177,14,902.49,0.0,0
1775251936.7734177,15,903.51,0.0,0
1775251936.7734177,16,904.60,0.0,0
1775251936.8310714,17,904.09,23.9,0
1775251936.9363225,18,800.35,0.0,0
1775251937.0964222,2,747.34,7.1,0
1775251937.6075637,3,341.39,6.2,0
1775251937.0407903,1,1468.98,7.5,0
1775251937.661574,4,849.21,0.0,0
1775251937.7296524,5,835.88,6.6,0
1775251937.7301676,6,836.38,0.0,0
1775251937.7301676,7,838.62,0.0,0
1775251937.7301676,8,840.21,0.0,0
1775251937.7301676,9,841.30,0.0,0
1775251937.7301676,10,842.71,0.0,0
1775251937.7325602,11,841.83,0.0,0
1775251937.7325602,12,844.03,56.2,0
1775251937.7331245,15,844.51,0.0,0
1775251937.7325602,14,845.08,0.0,0
1775251937.7325602,13,846.11,0.0,0
1775251937.7356677,16,900.99,14.6,0
1775251937.789417,17,902.17,4.8,0
1775251937.8421595,18,903.46,6.0,0
1775251937.94736,19,800.32,25.0,0
1775251938.5629845,3,799.76,13.6,0
1775251938.5624676,2,802.85,0.0,0
1775251938.5629845,4,802.33,0.0,0
1775251938.5629845,5,804.97,0.0,0
1775251938.5629845,6,805.97,0.0,0
1775251938.632121,7,792.18,14.1,0
1775251938.632121,11,793.69,0.0,0
1775251938.632121,9,794.84,0.0,0
1775251938.6316032,8,796.39,0.0,0
1775251938.632121,10,796.90,0.0,0
1775251938.6331315,12,796.89,0.0,0
1775251938.6331315,13,796.89,0.0,0
1775251938.5075274,1,979.37,3.1,0
1775251938.6894796,14,904.10,6.2,0
1775251938.7446148,15,904.53,0.0,0
1775251938.7476754,16,902.99,0.0,0
1775251938.7491903,17,904.53,16.7,0
1775251939.3705134,2,797.27,1.0,0
1775251939.4210455,3,748.73,50.0,0
1775251939.422111,4,749.24,0.0,0
1775251939.422111,6,750.33,0.0,0
1775251939.422111,5,751.53,0.0,0
1775251939.422111,7,753.55,0.0,0
1775251939.422111,8,754.55,0.0,0
1775251939.4321508,9,903.35,20.7,0
1775251939.4830933,10,854.47,0.0,0
1775251939.4841015,11,854.95,0.0,0
1775251939.3608644,1,1032.62,0.0,0
1775251939.4879715,12,906.49,0.0,0
1775251939.5905693,13,805.90,0.0,0
1775251939.5905693,14,961.85,1.9,0
1775251939.595579,15,1010.78,16.7,0
1775251939.6527212,17,955.63,20.0,0
1775251939.6517239,16,957.63,0.0,0
1775251939.6557193,18,955.89,0.0,0
1775251940.1652515,2,1009.33,0.9,0
1775251940.1786625,3,998.14,0.0,0
1775251940.332381,4,846.42,0.0,0
1775251940.332381,7,847.42,0.0,0
1775251940.3313718,5,849.52,0.0,0
1775251940.332381,6,850.51,0.0,0
1775251940.332381,8,851.67,0.0,0
1775251940.3333821,9,907.36,3.1,0
1775251940.3339663,10,908.82,0.0,0
1775251940.3339663,11,909.82,0.0,0
1775251940.3339663,12,911.03,0.0,0
1775251940.013144,1,1236.00,31.2,0
1775251940.6053462,13,951.55,13.4,0
1775251940.6106033,16,948.90,0.0,0
1775251940.6106033,14,950.03,29.4,0
1775251940.6106033,15,950.61,0.0,0
1775251940.6106033,17,952.51,0.0,0
1775251940.6116066,18,1005.85,20.8,0
1775251940.9688697,19,752.28,14.5,0
1775251941.235708,2,690.34,4.3,0
1775251941.2377207,3,690.33,0.0,0
1775251941.2377207,5,796.14,0.0,0
1775251941.2377207,4,798.66,0.0,0
1775251941.2377207,6,799.66,0.0,0
1775251941.2377207,7,801.66,0.0,0
1775251941.2377207,8,908.44,0.9,0
1775251941.238723,9,908.95,0.0,0
1775251941.2475173,10,902.74,0.0,0
1775251941.235708,1,915.54,0.0,0
1775251941.6152582,11,592.24,27.7,0
1775251942.1428716,5,679.83,4.6,0
1775251942.1418014,3,682.40,0.0,0
1775251942.1418014,2,684.41,50.0,0
1775251942.1428716,4,684.84,0.0,0
1775251942.1438725,7,685.02,0.0,0
1775251942.1438725,6,687.18,0.0,0
1775251942.1438725,9,688.18,0.0,0
1775251942.1438725,8,689.62,0.0,0
1775251942.144944,10,947.22,5.2,0
1775251942.144944,12,948.23,33.3,0
1775251942.144944,11,949.73,0.0,0
1775251942.144944,13,951.02,0.0,0
1775251942.144944,14,1004.29,9.4,0
1775251942.1492405,15,1001.00,0.0,0
1775251942.1492405,16,1002.33,0.0,0
1775251942.2032096,17,949.36,0.0,0
1775251942.2032096,18,950.72,100.0,0
1775251942.1418014,1,1014.90,7.7,0
1775251943.0880716,3,529.77,5.2,0
1775251943.0890903,5,529.77,0.0,0
1775251943.0890903,4,531.83,0.0,0
1775251943.0880716,2,533.86,0.0,0
1775251943.0890903,6,539.38,12.5,0
1775251943.090085,8,540.51,0.0,0
1775251943.0890903,7,542.53,0.0,0
1775251943.090085,9,543.54,0.0,0
1775251943.090085,10,543.54,0.0,0
1775251943.1476457,11,644.19,2.5,0
1775251943.1482198,12,645.62,0.0,0
1775251943.0880716,1,707.00,27.3,0
1775251943.6244433,13,887.60,8.5,0
1775251943.6244433,14,889.96,9.1,0
1775251943.6254547,15,890.45,0.0,0
1775251943.6254547,17,892.46,0.0,0
1775251943.6254547,16,893.45,0.0,0
1775251943.7877564,20,888.08,14.2,0
1775251943.7877564,19,889.08,0.0,0
1775251943.7877564,21,891.61,0.0,0
1775251943.7877564,22,892.62,0.0,0
1775251943.787242,18,894.51,0.0,0
1775251943.7877564,23,896.01,0.0,0
1775251943.7887733,24,896.50,54.5,0
1775251943.7887733,25,898.51,0.0,0
1775251943.7887733,26,899.08,0.0,0
1775251943.7887733,27,904.01,0.0,0
1775251943.7897696,28,904.02,0.0,0
1775251943.7897696,29,905.02,0.0,0
1775251943.7960744,30,954.90,12.3,0
1775251944.689859,3,471.05,5.1,0
1775251944.689859,4,526.58,1.7,0
1775251944.689859,2,528.58,0.0,0
1775251944.689859,6,530.65,0.0,0
1775251944.689859,5,532.28,0.0,0
1775251944.689859,7,533.46,0.0,0
1775251944.689859,8,534.48,0.0,0
1775251944.6913643,9,535.31,0.0,0
1775251944.6913643,10,694.60,3.1,0
1775251944.747305,12,642.47,25.0,0
1775251944.747305,11,643.47,0.0,0
1775251944.689859,1,701.92,0.0,0
1775251945.3842034,16,727.12,5.1,0
1775251945.3842034,13,728.63,0.0,0
1775251945.3842034,14,730.28,0.0,0
1775251945.3842034,12,731.30,0.0,0
1775251945.3842034,15,732.62,0.0,0
1775251945.381189,3,737.14,0.0,0
1775251945.381189,4,738.66,0.0,0
1775251945.381189,5,739.75,0.0,0
1775251945.3826234,6,738.83,0.0,0
1775251945.3832066,7,739.26,36.4,0
1775251945.3832066,9,741.28,0.0,0
1775251945.3832066,10,848.73,22.2,0
1775251945.3832066,11,850.16,0.0,0
1775251945.3832066,8,852.24,0.0,0
1775251945.381189,2,958.26,17.3,0
1775251945.3937757,17,946.69,0.0,0
1775251945.3937757,18,951.15,11.8,0
1775251945.381189,1,964.24,0.0,0
1775251946.2284198,3,578.54,5.3,0
1775251946.2273014,2,581.66,0.0,0
1775251946.2284198,4,582.41,25.0,0
1775251946.2284198,6,583.43,0.0,0
1775251946.2284198,5,585.46,0.0,0
1775251946.2284198,7,586.76,0.0,0
1775251946.2284198,8,588.34,0.0,0
1775251946.2284198,9,696.27,20.0,0
1775251946.2299275,10,696.78,0.0,0
1775251946.2299275,12,752.86,23.0,0
1775251946.2299275,11,753.87,0.0,0
1775251946.2273014,1,761.02,0.0,0
1775251946.9201064,13,784.87,11.8,0
1775251946.9216266,14,785.33,0.0,0
1775251946.9220283,15,786.41,0.0,0
1775251946.9220283,16,788.45,0.0,0
1775251946.9225395,17,788.94,0.0,0
1775251946.9225395,18,790.45,0.0,0
1775251946.9791946,19,734.81,0.0,0
1775251946.9797006,20,736.38,50.0,0
1775251946.9797006,21,945.68,6.3,0
1775251946.9807158,22,946.67,0.0,0
1775251946.985305,23,943.09,0.0,0
1775251946.9863145,24,942.08,0.0,0
1775251946.9863145,25,943.63,0.0,0
1775251946.9863145,26,945.64,0.0,0
1775251946.9863145,28,948.89,100.0,0
1775251946.9863145,27,949.40,0.0,0
1775251946.9873197,29,950.39,0.0,0
1775251946.9873197,30,951.44,0.0,0
1775251947.921154,2,482.22,6.4,0
1775251947.9226353,3,482.74,21.4,0
1775251947.9226353,4,484.74,0.0,0
1775251947.9226353,5,485.74,0.0,0
1775251947.9226353,6,487.74,0.0,0
1775251947.923852,8,594.23,34.5,0
1775251947.923852,7,595.74,0.0,0
1775251947.923852,9,597.25,0.0,0
1775251947.9243665,10,597.74,0.0,0
1775251947.9332027,11,643.19,32.2,0
1775251947.9332027,12,644.20,0.0,0
1775251947.9206505,1,660.41,0.0,0
1775251948.5134509,2,732.76,7.4,0
1775251948.5134509,3,734.27,20.0,0
1775251948.5144525,4,735.79,0.0,0
1775251948.5144525,5,736.79,0.0,0
1775251948.5144525,6,738.79,0.0,0
1775251948.5144525,7,739.79,0.0,0
1775251948.5154583,8,740.79,0.0,0
1775251948.5154583,9,742.35,0.0,0
1775251948.5154583,10,950.22,18.8,0
1775251948.5154583,11,951.64,47.1,0
1775251948.573875,12,895.77,0.0,0
1775251948.5743918,13,896.36,0.0,0
1775251948.5743918,14,896.94,0.0,0
1775251948.5743918,15,901.94,0.0,0
1775251948.5743918,16,903.95,0.0,0
1775251948.5743918,17,904.57,0.0,0
1775251948.5129454,1,967.03,0.0,0
1775251949.4629047,3,582.91,2.4,0
1775251949.4629047,4,584.55,0.0,0
1775251949.4733343,5,576.71,0.0,0
1775251949.4733343,7,578.23,0.0,0
1775251949.4629047,2,589.65,0.0,0
1775251949.4733343,6,580.55,0.0,0
1775251949.4743392,10,637.49,1.6,0
1775251949.4733343,8,639.50,0.0,0
1775251949.4733343,9,642.07,0.0,0
1775251949.4743392,11,642.13,0.0,0
1775251949.4743392,12,643.91,0.0,0
1775251949.4743392,13,699.99,0.0,0
1775251949.4624004,1,716.55,0.0,0
1775251950.1074758,2,482.88,2.6,0
1775251950.1074758,3,484.50,42.9,0
1775251950.1084833,6,485.14,0.0,0
1775251950.1084833,5,743.26,8.0,0
1775251950.1074758,4,745.54,0.0,0
1775251950.1084833,7,745.75,0.0,0
1775251950.109479,9,746.15,0.0,0
1775251950.1084833,8,748.43,100.0,0
1775251950.1713178,12,893.95,19.7,0
1775251950.1713178,10,895.46,0.0,0
1775251950.1713178,13,896.86,0.0,0
1775251950.1713178,11,898.36,0.0,0
1775251950.1723506,14,898.95,0.0,0
1775251950.1723506,15,901.74,0.0,0
1775251950.173335,16,901.26,0.0,0
1775251950.173335,17,902.73,66.7,0
1775251950.1074758,1,969.61,0.0,0
1775251950.8496428,20,739.31,3.6,0
1775251950.8496428,19,741.08,0.0,0
1775251950.8496428,18,743.10,25.0,0
1775251951.0616906,2,533.05,0.0,0
1775251951.0616906,3,534.04,0.0,0
1775251951.0629673,4,641.71,2.6,0
1775251951.0629673,5,642.71,0.0,0
1775251951.0629673,8,644.71,0.0,0
1775251951.0629673,6,646.71,0.0,0
1775251951.0629673,7,647.72,0.0,0
1775251951.0629673,9,704.74,9.8,0
1775251951.0718484,10,697.86,0.0,0
1775251951.0616906,1,710.63,0.0,0
1775251951.7013016,13,533.69,10.6,0
1775251951.7013016,14,791.94,1.9,0
1775251951.6992939,11,794.95,0.0,0
1775251951.7013016,15,795.13,0.0,0
1775251951.7013016,12,796.12,0.0,0
1775251951.7013016,16,797.90,12.5,0
1775251951.7638047,17,737.01,0.0,0
1775251951.7638047,18,738.02,0.0,0
1775251951.7643635,19,738.93,0.0,0
1775251951.7643635,20,895.40,1.2,0
1775251951.7648954,21,896.91,0.0,0
1775251951.7655098,22,897.30,0.0,0
1775251951.7655098,23,897.30,0.0,0
1775251951.7655098,24,899.05,0.0,0
1775251951.7660859,25,901.53,0.0,0
1775251951.7660859,27,901.53,0.0,0
1775251951.7666214,26,902.80,0.0,0
1775251952.6564648,2,423.24,15.9,0
1775251952.6564648,3,425.87,0.0,0
1775251952.657476,4,426.21,0.0,0
1775251952.657476,5,426.21,0.0,0
1775251952.657476,6,635.19,18.9,0
1775251952.657476,7,636.70,0.0,0
1775251952.657476,8,638.15,26.7,0
1775251952.6584833,10,637.69,0.0,0
1775251952.6584833,11,693.19,12.5,0
1775251952.6584833,9,694.69,0.0,0
1775251952.6584833,13,696.71,0.0,0
1775251952.6584833,12,697.71,0.0,0
1775251952.4905272,1,868.55,25.0,0
1775251953.2886877,2,583.55,8.4,0
1775251953.2886877,3,584.57,20.0,0
1775251953.2902646,4,583.98,0.0,0
1775251953.2902646,5,789.82,14.8,0
1775251953.2902646,6,790.90,0.0,0
1775251953.3490636,7,733.45,0.0,0
1775251953.3490636,8,734.96,0.0,0
1775251953.3490636,9,735.98,0.0,0
1775251953.3490636,10,737.20,0.0,0
1775251953.350301,11,736.97,0.0,0
1775251953.350301,12,794.06,3.1,0
1775251953.350301,13,796.06,0.0,0
1775251953.350301,14,797.57,0.0,0
1775251953.350301,15,799.60,0.0,0
1775251953.2886877,1,864.09,0.0,0
1775251954.0785625,2,538.19,4.6,0
1775251954.1400392,3,478.72,0.0,0
1775251954.1400392,4,480.52,0.0,0
1775251954.1411598,6,481.00,0.0,0
1775251954.1400392,5,741.47,1.5,0
1775251954.1411598,7,741.92,0.0,0
1775251954.1411598,8,743.93,0.0,0
1775251954.1421587,9,743.45,0.0,0
1775251954.1421587,10,745.45,0.0,0
1775251954.1421587,12,802.03,12.5,0
1775251954.1421587,11,803.79,0.0,0
1775251954.1421587,14,805.32,0.0,0
1775251954.1421587,13,806.90,0.0,0
1775251954.143342,15,806.73,0.0,0
1775251954.0775244,1,876.21,6.2,0
1775251954.877285,16,488.08,3.4,0
1775251954.8783376,20,488.07,0.0,0
1775251954.8783376,19,696.12,13.3,0
1775251954.877285,17,699.77,50.0,0
1775251954.8783376,18,699.77,0.0,0
1775251954.8783376,22,699.77,0.0,0
1775251954.8783376,21,702.34,0.0,0
1775251954.8783376,23,703.33,0.0,0
1775251954.9401782,25,800.42,17.5,0
1775251954.9411895,26,801.13,0.0,0
1775251954.9411895,27,803.16,0.0,0
1775251954.9401782,24,806.18,0.0,0
1775251954.9411895,28,807.68,81.2,0
1775251954.9421895,29,808.69,0.0,0
1775251954.9421895,30,810.69,0.0,0
1775251955.7355847,2,635.02,10.5,0
1775251955.7355847,4,635.89,0.0,0
1775251955.735078,3,637.74,20.0,0
1775251955.7355847,5,638.73,0.0,0
1775251955.7365978,7,640.20,0.0,0
1775251955.7365978,6,641.75,0.0,0
1775251955.737599,8,642.39,0.0,0
1775251955.737599,9,644.40,0.0,0
1775251955.737599,10,645.40,0.0,0
1775251955.7385995,11,645.86,0.0,0
1775251955.7385995,12,754.20,0.0,0
1775251955.7385995,13,756.20,0.0,0
1775251955.7385995,14,758.71,0.0,0
1775251955.5716288,1,926.69,14.3,0
1775251955.758442,15,797.88,0.0,0
1775251956.4875066,2,580.40,2.6,0
1775251956.4875066,3,582.42,0.0,0
1775251956.4886377,5,582.50,0.0,0
1775251956.4886377,4,584.51,0.0,0
1775251956.4886377,6,585.50,0.0,0
1775251956.4886377,7,586.68,75.0,0
1775251956.4897797,8,587.69,0.0,0
1775251956.4897797,9,588.69,0.0,0
1775251956.4897797,10,798.60,1.4,0
1775251956.4897797,11,800.60,0.0,0
1775251956.4897797,12,855.24,0.0,0
1775251956.490804,14,855.85,0.0,0
1775251956.4897797,13,858.48,0.0,0
1775251956.490804,15,858.97,0.0,0
1775251956.4875066,1,866.27,0.0,0
1775251957.2853317,10,734.31,10.4,0
1775251957.2853317,9,735.86,0.0,0
1775251957.2853317,7,736.87,0.0,0
1775251957.2853317,8,738.87,0.0,0
1775251957.2834759,4,741.24,0.0,0
1775251957.2834759,6,742.24,0.0,0
1775251957.2834759,5,743.75,0.0,0
1775251957.2863429,12,747.11,31.2,0
1775251957.2863429,11,748.63,0.0,0
1775251957.2834759,3,752.99,0.0,0
1775251957.2863429,13,751.12,0.0,0
1775251957.2834759,2,756.21,0.0,0
1775251957.2863429,14,754.34,0.0,0
1775251957.351779,15,796.44,11.6,0
1775251957.2834759,1,865.75,0.0,0
1775251958.0297542,5,481.97,3.5,0
1775251958.0297542,3,484.11,55.6,0
1775251958.0287461,2,485.11,0.0,0
1775251958.0297542,6,486.20,0.0,0
1775251958.0297542,4,487.56,0.0,0
1775251958.0307653,8,486.54,0.0,0
1775251958.0307653,7,488.75,0.0,0
1775251958.143047,9,534.81,1.3,0
1775251958.0287461,1,906.93,5.0,0
1775251958.143047,10,794.13,0.0,0
1775251958.1518428,13,787.88,0.0,0
1775251958.1518428,11,788.92,0.0,0
1775251958.1528518,14,789.13,0.0,0
1775251958.1518428,12,791.55,0.0,0
1775251958.1528518,15,791.58,0.0,0
1775251958.573333,24,1088.60,9.9,0
1775251958.573333,21,1090.11,0.0,0
1775251958.573333,22,1092.11,0.0,0
1775251958.573333,23,1093.47,0.0,0
1775251958.573333,26,1094.47,0.0,0
1775251958.573333,25,1097.12,58.3,0
1775251958.5723302,20,1099.21,0.0,0
1775251958.571323,16,1101.55,0.0,0
1775251958.5723302,17,1102.06,0.0,0
1775251958.5723302,18,1104.07,0.0,0
1775251958.5723302,19,1105.07,0.0,0
1775251958.573333,27,1105.08,0.0,0
1775251958.5745907,28,1103.82,0.0,0
1775251958.5745907,29,1105.32,0.0,0
1775251958.9333014,30,803.44,13.8,0
1775251958.945539,31,1049.38,5.0,0
1775251958.945539,32,1051.90,0.0,0
1775251958.945539,33,1053.51,25.0,0
1775251958.945539,35,1054.52,0.0,0
1775251958.945539,34,1056.53,0.0,0
1775251959.732002,3,732.01,16.7,0
1775251959.732002,4,734.55,40.0,0
1775251959.732002,2,736.55,0.0,0
1775251959.7330263,5,737.03,0.0,0
1775251959.7330263,8,742.38,0.0,0
1775251959.7330263,6,743.39,0.0,0
1775251959.7330263,7,744.43,0.0,0
1775251959.7330263,9,745.90,0.0,0
1775251959.7340667,10,745.86,0.0,0
1775251959.658991,1,878.49,3.1,0
1775251960.004374,5,792.03,6.7,0
1775251960.004374,4,794.04,0.0,0
1775251960.0033157,2,796.61,0.0,0
1775251960.004374,6,797.14,0.0,0
1775251960.004374,3,798.38,0.0,0
1775251960.4624846,7,651.09,3.2,0
1775251960.4630044,8,652.68,0.0,0
1775251960.0033157,1,1113.93,0.0,0
1775251960.4720926,9,1104.83,2.9,0
1775251960.473099,10,1106.33,0.0,0
1775251960.473099,11,1107.87,0.0,0
1775251960.5327444,16,1050.97,0.0,0
1775251960.5317106,13,1053.52,0.0,0
1775251960.5327444,15,1053.50,0.0,0
1775251960.5317106,12,1055.54,0.0,0
1775251960.5317106,14,1056.54,0.0,0
1775251960.533805,19,1055.45,0.0,0
1775251960.5327444,17,1058.01,0.0,0
1775251960.5327444,18,1059.17,62.5,0
1775251960.533805,20,1058.11,0.0,0
1775251960.9573388,23,794.24,0.6,0
1775251960.956295,21,797.28,0.0,0
1775251960.9573388,22,797.92,0.0,0
1775251961.57478,2,438.11,2.0,0
1775251961.57478,3,440.79,9.1,0
1775251961.5757887,4,697.89,1.2,0
1775251961.5757887,5,698.92,0.0,0
1775251961.5819612,6,694.94,0.0,0
1775251961.5933702,9,789.39,0.9,0
1775251961.5933702,11,790.43,0.0,0
1775251961.5933702,8,792.95,0.0,0
1775251961.5933702,7,794.20,0.0,0
1775251961.5933702,10,795.20,33.3,0
1775251961.5948448,12,798.99,0.0,0
1775251961.57478,1,820.23,0.0,0
1775251961.859264,13,642.27,12.4,0
1775251961.859264,14,644.19,0.0,0
1775251962.2721717,3,791.57,9.0,0
1775251962.2721717,2,793.58,0.0,0
1775251962.3796093,4,687.85,0.0,0
1775251962.3796093,6,688.90,0.0,0
1775251962.3796093,5,896.44,0.5,0
1775251962.3796093,7,898.44,0.0,0
1775251962.3811383,8,898.91,11.1,0
1775251962.3900561,9,891.51,0.0,0
1775251962.3900561,10,892.51,0.0,0
1775251962.3912551,11,892.31,0.0,0
1775251962.3912551,12,894.83,0.0,0
1775251962.3912551,13,951.97,9.2,0
1775251962.392253,15,953.01,0.0,0
1775251962.3912551,14,955.32,0.0,0
1775251962.2711594,1,1077.02,0.0,0
1775251962.396217,16,954.97,0.0,0
1775251963.3389165,2,475.05,4.8,0
1775251963.3389165,4,477.57,0.0,0
1775251963.3389165,3,478.87,0.0,0
1775251963.3389165,5,480.87,0.0,0
1775251963.339923,6,481.04,0.0,0
1775251963.339923,7,482.10,0.0,0
1775251963.340922,10,640.82,13.4,0
1775251963.339923,8,644.35,0.0,0
1775251963.340922,9,644.35,0.0,0
1775251963.340922,12,749.93,5.0,0
1775251963.340922,11,751.94,22.2,0
1775251963.3491848,13,744.90,0.0,0
1775251963.3491848,14,749.73,0.0,0
1775251963.338408,1,761.52,0.0,0
1775251963.9780052,16,685.00,5.1,0
1775251963.9774966,15,686.51,0.0,0
1775251963.9790125,21,687.55,0.0,0
1775251963.9780052,20,689.56,0.0,0
1775251963.9790125,22,693.73,38.5,0
1775251963.9790125,19,695.24,0.0,0
1775251963.9780052,18,697.25,0.0,0
1775251963.9780052,17,698.25,0.0,0
1775251963.9790125,23,698.24,0.0,0
1775251963.9800098,24,698.25,0.0,0
1775251963.9800098,25,699.75,0.0,0
1775251964.089265,3,799.87,15.6,0
1775251964.0882432,2,801.89,0.0,0
1775251964.0962472,5,794.96,0.0,0
1775251964.089265,4,803.95,0.0,0
1775251964.0882432,1,859.82,14.3,0
1775251964.6681356,6,841.03,7.3,0
1775251964.6695697,7,841.66,0.0,0
1775251964.6706188,9,947.19,4.8,0
1775251964.6706188,8,949.07,0.0,0
1775251964.6711862,10,950.13,0.0,0
1775251964.8836696,11,738.73,0.0,0
1775251964.8836696,12,740.58,18.2,0
1775251964.8836696,13,741.65,0.0,0
1775251964.8836696,14,743.66,0.0,0
1775251964.8852036,15,743.39,0.0,0
1775251964.8852036,16,744.81,0.0,0
1775251964.8852036,17,802.19,8.1,0
1775251964.8852036,18,804.19,0.0,0
1775251964.8852036,19,806.59,0.0,0
1775251965.682682,2,573.96,9.2,0
1775251965.682682,3,575.54,0.0,0
1775251965.682682,4,576.94,0.0,0
1775251965.682682,6,579.44,0.0,0
1775251965.682682,5,580.44,60.0,0
1775251965.6837468,7,581.86,0.0,0
1775251965.6837468,8,582.95,0.0,0
1775251965.6837468,9,584.39,0.0,0
1775251965.6837468,11,845.32,1.9,0
1775251965.6852977,13,844.77,16.7,0
1775251965.6837468,10,848.42,0.0,0
1775251965.6837468,12,852.73,0.0,0
1775251965.6852977,15,852.17,0.0,0
1775251965.6852977,14,854.09,0.0,0
1775251965.6905012,16,849.89,0.0,0
1775251965.6821587,1,859.23,0.0,0
1775251966.5247948,4,531.55,2.8,0
1775251966.5242164,2,534.14,0.0,0
1775251966.5247948,3,534.56,0.0,0
1775251966.5258236,5,535.54,18.2,0
1775251966.5258236,6,537.05,0.0,0
1775251966.5258236,7,538.06,0.0,0
1775251966.5333183,8,688.99,31.7,0
1775251966.5333183,9,690.05,0.0,0
1775251966.5348158,10,689.55,0.0,0
1775251966.5348158,11,690.83,0.0,0
1775251966.5348158,12,746.37,27.0,0
1775251966.5353253,14,747.92,0.0,0
1775251966.5353253,13,748.92,0.0,0
1775251966.5242164,1,763.74,0.0,0
1775251967.2181284,6,580.92,7.2,0
1775251967.2181284,4,582.93,0.0,0
1775251967.2181284,3,583.93,0.0,0
1775251967.219671,7,583.39,0.0,0
1775251967.2181284,2,586.93,0.0,0
1775251967.2181284,5,587.93,0.0,0
1775251967.219671,8,844.27,3.7,0
1775251967.219671,9,847.37,0.0,0
1775251967.278232,11,790.00,0.0,0
1775251967.278232,10,790.00,0.0,0
1775251967.278232,12,846.25,11.7,0
1775251967.278232,13,847.84,0.0,0
1775251967.2797503,14,848.33,0.0,0
1775251967.2797503,15,848.92,0.0,0
1775251967.2797503,16,850.44,0.0,0
1775251967.2181284,1,915.07,0.0,0
1775251968.120965,3,373.32,2.2,0
1775251968.120965,4,374.32,0.0,0
1775251968.120965,2,375.80,0.0,0
1775251968.1219847,5,481.63,1.8,0
1775251968.1219847,6,482.63,0.0,0
1775251968.1219847,7,484.63,0.0,0
1775251968.1219847,9,486.63,20.0,0
1775251968.1229753,8,745.41,0.8,0
1775251968.1229753,10,747.51,0.0,0
1775251968.131193,11,742.05,58.3,0
1775251968.13219,12,742.55,0.0,0
1775251968.0624075,1,813.65,0.0,0
1775251968.13219,13,744.86,0.0,0
1775251968.13219,14,745.99,0.0,0
1775251968.599605,15,537.63,3.6,0
1775251968.599605,16,896.52,11.2,0
1775251968.864286,17,632.84,50.0,0
1775251968.864836,18,634.46,12.5,0
1775251968.8653772,20,635.47,0.0,0
1775251968.864836,19,843.62,19.0,0
1775251968.8653772,21,844.18,0.0,0
1775251968.8664021,23,844.53,0.0,0
1775251968.8653772,22,846.98,0.0,0
1775251968.8664021,24,847.55,0.0,0
1775251968.8664021,25,847.55,0.0,0
1775251968.8664021,26,850.66,66.7,0
1775251968.8710585,27,901.13,23.6,0
1775251968.8720999,28,901.09,0.0,0
1775251968.8720999,29,902.60,0.0,0
1775251968.8720999,30,904.09,0.0,0
1775251968.8781848,31,900.28,27.3,0
1775251969.7054083,2,534.99,7.9,0
1775251969.7054083,3,536.24,0.0,0
1775251969.7064157,4,536.25,0.0,0
1775251969.7064157,6,693.85,0.6,0
1775251969.7064157,5,695.85,0.0,0
1775251969.7689161,7,634.44,100.0,0
1775251969.7699804,9,634.75,0.0,0
1775251969.7689161,8,637.86,0.0,0
1775251969.7699804,10,638.01,0.0,0
1775251969.7699804,11,695.73,9.6,0
1775251969.7705598,12,696.16,10.0,0
1775251969.7705598,13,698.98,0.0,0
1775251969.4944375,1,977.26,0.0,0
1775251970.3973968,3,741.07,9.4,0
1775251970.396381,2,744.10,5.9,0
1775251970.4614835,5,681.32,0.0,0
1775251970.4603987,4,684.60,0.0,0
1775251970.4614835,6,684.54,0.0,0
1775251970.4614835,7,685.54,0.0,0
1775251970.4614835,8,687.42,0.0,0
1775251970.4629917,10,793.72,3.6,0
1775251970.4614835,9,797.22,0.0,0
1775251970.4629917,12,797.20,0.0,0
1775251970.4629917,11,799.30,0.0,0
1775251970.4629917,13,800.84,50.0,0
1775251970.4629917,14,802.35,0.0,0
1775251970.4629917,15,908.90,10.8,0
1775251970.4642055,16,908.74,14.3,0
1775251970.471114,17,905.35,0.0,0
1775251970.396381,1,981.11,0.0,0
1775251971.2547014,9,639.19,4.7,0
1775251971.2547014,8,641.19,0.0,0
1775251971.2547014,7,642.69,0.0,0
1775251971.253702,6,643.69,0.0,0
1775251971.253702,4,645.89,0.0,0
1775251971.2526941,3,648.25,0.0,0
1775251971.2526941,2,650.68,0.0,0
1775251971.253702,5,650.68,66.7,0
1775251971.3681061,10,642.91,20.6,0
1775251971.3681061,11,644.75,0.0,0
1775251971.3696365,12,697.09,15.6,0
1775251971.3696365,13,698.09,0.0,0
1775251971.2526941,1,870.68,26.6,0
1775251971.3824291,14,743.45,0.0,0
1775251972.0075262,6,834.82,4.3,0
1775251972.0075262,4,835.82,11.1,0
1775251972.0075262,5,837.82,0.0,0
1775251972.0065203,3,840.42,0.0,0
1775251972.0065203,2,841.50,0.0,0
1775251972.0080721,8,842.20,0.0,0
1775251972.0080721,7,843.52,0.0,0
1775251972.0080721,9,845.00,0.0,0
1775251972.0080721,10,846.39,0.0,0
1775251972.0080721,11,848.40,0.0,0
1775251972.0092282,13,904.75,3.1,0
1775251972.0092282,12,906.35,0.0,0
1775251972.0092282,14,907.98,0.0,0
1775251972.0092282,15,909.57,0.0,0
1775251972.0092282,16,962.37,6.2,0
1775251972.0065203,1,968.61,0.0,0
1775251972.9091017,20,628.92,2.3,0
1775251972.9097116,24,785.99,2.0,0
1775251972.9091017,19,788.12,0.0,0
1775251972.9097116,22,789.55,0.0,0
1775251972.9080932,18,793.24,50.0,0
1775251972.9107282,25,791.60,0.0,0
1775251972.9080932,17,796.53,0.0,0
1775251972.9097116,23,795.91,0.0,0
1775251972.9097116,21,797.91,0.0,0
1775251972.9107282,26,797.89,0.0,0
1775251972.9107282,27,799.16,0.0,0
1775251972.9113393,28,803.98,0.0,0
1775251972.9113393,29,805.07,33.3,0
1775251972.9113393,30,807.08,0.0,0
1775251973.7114015,4,673.88,11.3,0
1775251973.7114015,2,675.00,0.0,0
1775251973.7114015,3,677.00,0.0,0
1775251973.7129076,7,676.49,26.7,0
1775251973.7114015,5,679.24,0.0,0
1775251973.7129076,8,678.83,0.0,0
1775251973.7129076,6,680.01,0.0,0
1775251973.7129076,9,681.01,0.0,0
1775251973.7129076,10,682.51,0.0,0
1775251973.7129076,11,789.68,24.6,0
1775251973.7129076,12,790.68,0.0,0
1775251973.7129076,13,792.16,0.0,0
1775251973.7129076,14,793.32,0.0,0
1775251973.7140608,15,845.23,2.2,0
1775251973.7140608,16,846.23,25.0,0
1775251973.7114015,1,851.40,0.0,0
1775251974.5004818,11,575.73,12.0,0
1775251974.5004818,8,577.74,0.0,0
1775251974.5004818,9,579.21,0.0,0
1775251974.5004818,7,581.23,0.0,0
1775251974.5004818,10,582.57,0.0,0
1775251974.4994278,3,640.64,7.6,0
1775251974.4994278,4,642.63,0.0,0
1775251974.4994278,5,644.04,0.0,0
1775251974.4989135,2,645.78,0.0,0
1775251974.4994278,6,647.27,0.0,0
1775251974.561294,12,741.87,5.0,0
1775251974.561294,13,745.09,0.0,0
1775251974.561294,14,746.09,0.0,0
1775251974.4989135,1,809.96,0.0,0
1775251975.1380324,8,734.36,4.9,0
1775251975.136988,7,737.42,10.0,0
1775251975.136988,5,738.55,0.0,0
1775251975.136988,6,740.00,0.0,0
1775251975.136988,2,1000.77,17.7,0
1775251975.136988,4,1002.89,5.9,0
1775251975.1359744,3,1003.90,0.0,0
1775251975.1380324,9,1004.44,0.0,0
1775251975.1380324,10,1005.54,0.0,0
1775251975.300627,11,845.57,0.0,0
1775251975.300627,13,846.57,0.0,0
1775251975.300627,12,851.85,0.0,0
1775251975.3016498,14,851.83,0.0,0
1775251975.3021595,15,852.94,25.0,0
1775251975.3021595,16,854.09,0.0,0
1775251975.1359744,1,1021.58,0.0,0
1775251976.1339571,4,670.43,19.2,0
1775251976.1339571,3,672.55,0.0,0
1775251976.1339571,2,675.02,0.0,0
1775251976.1349728,5,675.28,64.3,0
1775251976.1489942,7,662.67,0.0,0
1775251976.1489942,6,664.19,0.0,0
1775251976.1489942,9,665.30,0.0,0
1775251976.1489942,10,666.30,0.0,0
1775251976.1489942,8,668.44,0.0,0
1775251976.1489942,11,724.45,5.9,0
1775251976.1489942,12,725.45,0.0,0
1775251976.1489942,13,727.86,0.0,0
1775251976.1489942,14,783.18,9.4,0
1775251976.1334255,1,803.83,23.5,0
1775251976.8696377,16,580.35,3.5,0
1775251976.8707123,18,581.29,11.1,0
1775251976.8696377,15,583.79,0.0,0
1775251976.8696377,17,586.30,0.0,0
1775251976.8707123,19,846.40,4.5,0
1775251976.8713229,20,846.78,0.0,0
1775251976.9341762,21,785.44,0.0,0
1775251976.9341762,22,786.95,0.0,0
1775251976.9341762,23,788.97,0.0,0
1775251976.9351742,24,788.97,0.0,0
1775251976.9351742,25,844.49,6.5,0
1775251976.9351742,26,845.49,20.0,0
1775251976.9351742,27,846.63,0.0,0
1775251976.9351742,28,847.65,0.0,0
1775251976.9362562,29,847.56,0.0,0
1775251976.9362562,30,850.08,0.0,0
1775251977.7135837,3,586.94,5.8,0
1775251977.7135837,2,588.94,0.0,0
1775251977.7135837,4,590.51,0.0,0
1775251977.7135837,5,592.07,0.0,0
1775251977.7766345,6,530.50,0.0,0
1775251977.7771463,7,688.70,2.5,0
1775251977.7771463,8,690.36,18.2,0
1775251977.7771463,10,692.48,0.0,0
1775251977.7771463,9,694.09,0.0,0
1775251977.7771463,11,695.66,0.0,0
1775251977.778156,12,749.98,2.0,0
1775251977.778156,13,751.98,18.2,0
1775251977.778156,14,753.89,0.0,0
1775251977.7130253,1,822.08,0.0,0
1775251978.4624877,4,687.47,9.7,0
1775251978.4619398,3,690.05,0.0,0
1775251978.4624877,5,690.77,0.0,0
1775251978.4619398,2,692.41,20.0,0
1775251978.5250208,6,630.36,0.0,0
1775251978.5250208,8,632.36,0.0,0
1775251978.5250208,7,633.36,0.0,0
1775251978.5260358,11,790.64,6.9,0
1775251978.5250208,9,792.67,0.0,0
1775251978.5250208,10,794.98,0.0,0
1775251978.5260358,12,795.11,0.0,0
1775251978.5260358,13,796.68,0.0,0
1775251978.5260358,14,850.70,3.8,0
1775251978.5271087,15,851.00,0.0,0
1775251978.5271087,16,852.51,0.0,0
1775251978.4614043,1,920.85,0.0,0
1775251979.3139443,6,429.66,9.5,0
1775251979.3129146,4,431.93,0.0,0
1775251979.3139443,5,432.29,0.0,0
1775251979.3129146,3,434.32,0.0,0
1775251979.3129146,2,434.82,30.0,0
1775251979.3139443,7,591.85,31.3,0
1775251979.3139443,8,592.85,0.0,0
1775251979.381246,9,734.81,2.4,0
1775251979.381246,10,736.94,0.0,0
1775251979.381246,12,738.45,0.0,0
1775251979.381246,14,742.99,52.9,0
1775251979.381246,11,744.50,0.0,0
1775251979.381246,13,745.50,0.0,0
1775251979.3129146,1,815.83,0.0,0
1775251979.9027524,15,535.61,0.0,0
1775251979.9027524,18,740.92,7.0,0
1775251979.9027524,17,742.72,0.0,0
1775251979.9027524,16,744.23,0.0,0
1775251979.903797,19,744.59,0.0,0
1775251979.903797,20,745.10,0.0,0
1775251979.903797,21,1002.99,10.2,0
1775251980.1139333,3,795.22,0.0,0
1775251980.1139333,2,796.22,0.0,0
1775251980.121221,4,788.93,0.0,0
1775251980.121221,6,792.61,0.0,0
1775251980.121221,5,792.61,0.0,0
1775251980.1222272,7,793.11,0.0,0
1775251980.1222272,9,794.53,0.0,0
1775251980.1222272,8,795.53,0.0,0
1775251980.1139333,1,859.59,1.6,0
1775251980.9042034,10,583.68,11.8,0
1775251980.9042034,11,585.29,0.0,0
1775251980.9042034,12,586.30,0.0,0
1775251980.9042034,13,587.30,0.0,0
1775251980.9042034,14,588.30,0.0,0
1775251980.9057775,16,692.36,5.5,0
1775251980.9042034,15,695.43,0.0,0
1775251980.9057775,17,695.89,0.0,0
1775251980.9057775,19,696.89,0.0,0
1775251980.9057775,18,697.89,0.0,0
1775251980.9127433,21,795.95,0.0,0
1775251980.9127433,20,797.94,0.0,0
1775251980.9127433,23,802.51,0.0,0
1775251980.9127433,22,804.13,16.7,0
1775251981.5955956,2,635.69,1.3,0
1775251981.5955956,3,843.76,6.2,0
1775251981.597123,4,843.25,0.0,0
1775251981.7120745,5,730.50,0.0,0
1775251981.7120745,6,731.50,0.0,0
1775251981.7120745,7,732.98,0.0,0
1775251981.7120745,8,735.02,0.0,0
1775251981.713062,9,736.01,0.0,0
1775251981.713062,10,737.29,0.0,0
1775251981.713062,12,738.39,20.0,0
1775251981.713062,11,846.70,0.0,0
1775251981.713062,13,847.84,16.7,0
1775251981.7141962,14,848.59,0.0,0
1775251981.7141962,15,849.70,0.0,0
1775251981.7141962,16,852.61,0.0,0
1775251981.5955956,1,972.21,0.0,0
1775251982.5547493,2,628.20,7.0,0
1775251982.5567589,13,628.73,33.3,0
1775251982.5567589,14,629.77,11.1,0
1775251982.5567589,11,631.76,0.0,0
1775251982.5567589,12,632.74,0.0,0
1775251982.5567589,10,634.74,0.0,0
1775251982.555759,9,636.74,0.0,0
1775251982.555759,8,694.32,38.8,0
1775251982.555759,6,696.32,0.0,0
1775251982.555759,7,697.53,0.0,0
1775251982.555759,5,698.79,0.0,0
1775251982.5547493,3,701.72,0.0,0
1775251982.555759,4,758.17,23.1,0
1775251982.554217,1,761.85,0.0,0
1775251983.246277,3,735.90,11.8,0
1775251983.2452607,2,737.92,7.7,0
1775251983.2472975,6,738.71,0.0,0
1775251983.246277,5,740.73,0.0,0
1775251983.246277,4,742.13,0.0,0
1775251983.2478082,8,849.55,34.5,0
1775251983.2478082,7,851.07,0.0,0
1775251983.2478082,9,852.67,0.0,0
1775251983.3096023,10,792.05,0.0,0
1775251983.3103123,11,793.45,0.0,0
1775251983.3108244,12,793.97,0.0,0
1775251983.3113866,13,795.43,0.0,0
1775251983.3113866,14,796.43,16.7,0
1775251983.3113866,15,850.81,1.8,0
1775251983.3113866,16,852.32,0.0,0
1775251983.2452607,1,921.53,0.0,0
1775251984.0931375,2,485.14,3.3,0
1775251984.0931375,4,486.80,0.0,0
1775251984.0931375,3,488.46,0.0,0
1775251984.0941396,6,488.55,0.0,0
1775251984.0941396,5,696.07,2.9,0
1775251984.0953047,7,695.93,0.0,0
1775251984.1591928,8,634.41,0.0,0
1775251984.1601996,10,634.48,50.0,0
1775251984.1591928,9,742.47,0.9,0
1775251984.1601996,12,743.46,0.0,0
1775251984.1601996,11,744.69,22.2,0
1775251984.1601996,13,746.81,0.0,0
1775251984.1612,14,749.40,0.0,0
1775251984.092063,1,819.53,0.0,0
1775251984.786562,15,791.54,0.4,0
1775251984.7877145,16,792.90,0.0,0
1775251984.7877145,17,794.91,0.0,0
1775251984.788223,18,796.01,0.0,0
1775251984.898531,19,686.71,0.0,0
1775251984.899039,21,687.26,0.0,0
1775251984.898531,20,688.90,0.0,0
1775251984.8996508,24,846.13,0.6,0
1775251984.8996508,23,847.64,0.0,0
1775251984.899039,22,850.07,33.3,0
1775251984.9081337,26,840.97,0.0,0
1775251984.9081337,25,843.56,0.0,0
1775251984.9081337,27,844.84,0.0,0
1775251984.909548,29,847.26,0.0,0
1775251984.9081337,28,849.67,0.0,0
1775251984.909548,30,849.66,0.0,0
1775251984.9162035,31,897.86,1.6,0
1775251985.7407684,2,482.66,29.7,0
1775251985.7417777,3,482.66,0.0,0
1775251985.7417777,4,484.15,0.0,0
1775251985.742783,5,484.14,0.0,0
1775251985.742783,7,640.75,14.2,0
1775251985.742783,6,642.26,0.0,0
1775251985.742783,8,643.68,0.0,0
1775251985.7437785,9,644.27,37.5,0
1775251985.7547586,11,742.24,4.6,0
1775251985.7547586,12,744.32,18.2,0
1775251985.7547586,10,745.54,0.0,0
1775251985.7547586,13,748.55,0.0,0
1775251985.7407684,1,763.54,0.0,0
1775251986.4939857,8,677.49,4.4,0
1775251986.4939857,6,679.50,0.0,0
1775251986.4939857,7,681.01,0.0,0
1775251986.4929855,2,684.02,0.0,0
1775251986.4939857,9,684.20,0.0,0
1775251986.4929855,4,687.73,0.0,0
1775251986.4919786,3,690.26,0.0,0
1775251986.4949915,11,794.59,1.8,0
1775251986.4949915,10,795.60,0.0,0
1775251986.4929855,5,799.47,0.0,0
1775251986.4949915,12,798.96,0.0,0
1775251986.4949915,13,800.96,20.0,0
1775251986.4949915,14,802.47,0.0,0
1775251986.4949915,15,857.84,2.0,0
1775251986.4949915,16,861.06,0.0,0
1775251986.4929855,1,865.06,33.3,0
1775251987.285387,4,532.85,2.0,0
1775251987.2875817,10,688.40,0.6,0
1775251987.2865582,9,691.43,0.0,0
1775251987.2865582,6,693.61,0.0,0
1775251987.2865582,5,694.62,0.0,0
1775251987.2865582,7,697.31,25.0,0
1775251987.2865582,8,699.60,0.0,0
1775251987.285387,3,702.42,0.0,0
1775251987.285387,2,704.72,0.0,0
1775251987.350829,13,697.46,13.1,0
1775251987.349819,11,699.97,0.0,0
1775251987.349819,12,701.56,0.0,0
1775251987.350829,14,754.22,6.2,0
1775251987.285387,1,824.67,25.0,0
1775251988.0421586,2,733.08,12.8,0
1775251988.0431786,3,734.07,0.0,0
1775251988.0431786,4,735.12,33.3,0
1775251988.0441782,6,736.20,7.1,0
1775251988.0441782,5,738.21,0.0,0
1775251988.0451794,7,739.23,0.0,0
1775251988.0451794,8,740.22,0.0,0
1775251988.0451794,9,741.66,0.0,0
1775251988.0451794,10,743.66,0.0,0
1775251988.0451794,11,744.66,0.0,0
1775251988.0461812,12,744.90,0.0,0
1775251988.0461812,13,803.11,3.1,0
1775251988.0461812,14,804.12,0.0,0
1775251988.0471764,15,908.19,4.4,0
1775251988.1030405,16,856.51,0.0,0
1775251988.0421586,1,919.39,0.0,0
1775251988.8441627,19,632.10,3.6,0
1775251988.843136,17,634.13,0.0,0
1775251988.8441627,20,634.10,0.0,0
1775251988.8441627,18,635.61,0.0,0
1775251988.845181,21,635.75,0.0,0
1775251988.845181,23,636.80,0.0,0
1775251988.845181,22,637.85,36.4,0
1775251988.845181,24,638.85,0.0,0
1775251988.845181,25,847.34,0.0,0
1775251988.8461964,26,848.33,0.0,0
1775251988.8461964,27,852.01,0.0,0
1775251988.8461964,28,853.01,0.0,0
1775251988.8461964,30,855.15,50.0,0
1775251988.8461964,29,856.15,0.0,0
1775251989.688596,2,579.56,2.2,0
1775251989.6891124,3,580.55,0.0,0
1775251989.6891124,4,582.24,0.0,0
1775251989.6891124,5,583.66,0.0,0
1775251989.6891124,6,585.17,0.0,0
1775251989.690119,7,585.75,0.0,0
1775251989.690119,8,586.96,0.0,0
1775251989.690119,9,798.22,2.2,0
1775251989.690119,10,799.29,0.0,0
1775251989.690119,11,800.72,0.0,0
1775251989.690119,12,802.73,0.0,0
1775251989.690119,13,857.28,3.1,0
1775251989.6955256,15,853.40,0.0,0
1775251989.6955256,14,854.47,0.0,0
1775251989.6971955,16,854.11,0.0,0
1775251989.4742546,1,1078.08,0.0,0
1775251990.4832091,2,579.97,14.9,0
1775251990.4857385,10,579.98,0.0,0
1775251990.4857385,11,581.06,0.0,0
1775251990.485231,8,583.58,0.0,0
1775251990.484219,7,586.20,0.0,0
1775251990.485231,9,742.58,1.9,0
1775251990.484219,4,745.60,0.0,0
1775251990.484219,6,747.45,0.0,0
1775251990.484219,5,749.01,16.7,0
1775251990.4832091,3,751.75,0.0,0
1775251990.5453901,13,746.82,2.1,0
1775251990.5453901,12,747.82,0.0,0
1775251990.5453901,14,749.33,37.5,0
1775251990.4832091,1,813.00,0.0,0
1775251991.2886982,5,622.22,5.2,0
1775251991.2876887,4,625.23,0.0,0
1775251991.2876887,2,626.75,0.0,0
1775251991.2876887,3,628.25,0.0,0
1775251991.2886982,8,628.24,0.0,0
1775251991.2886982,6,630.24,0.0,0
1775251991.2886982,7,632.34,18.8,0
1775251991.2886982,9,632.88,0.0,0
1775251991.2896948,10,790.61,13.3,0
1775251991.2896948,11,792.79,0.0,0
1775251991.2896948,12,794.13,0.0,0
1775251991.2896948,13,795.78,0.0,0
1775251991.2906995,14,849.30,1.7,0
1775251991.2906995,15,851.30,0.0,0
1775251991.2906995,16,852.89,0.0,0
1775251991.2876887,1,859.41,0.0,0
1775251992.076914,5,532.72,2.1,0
1775251992.0758364,2,639.90,9.7,0
1775251992.076914,4,640.40,94.4,0
1775251992.077871,8,640.45,0.0,0
1775251992.077871,6,642.53,0.0,0
1775251992.077871,7,644.05,0.0,0
1775251992.077871,10,645.05,0.0,0
1775251992.076914,3,647.52,0.0,0
1775251992.077871,9,648.67,0.0,0
1775251992.077871,11,807.88,14.1,0
1775251992.077871,12,809.89,0.0,0
1775251992.1379888,14,752.70,12.5,0
1775251992.1379888,13,754.72,0.0,0
1775251992.0758364,1,817.91,0.0,0
1775251992.88071,15,834.76,19.1,0
1775251992.8812282,16,835.95,12.5,0
1775251992.8812282,18,837.17,0.0,0
1775251992.8812282,17,839.25,0.0,0
1775251992.8812282,19,840.85,0.0,0
1775251992.8822389,20,840.90,0.0,0
1775251992.8822389,21,843.42,0.0,0
1775251992.8822389,22,844.53,0.0,0
1775251992.8822389,23,845.68,0.0,0
1775251992.883242,24,845.81,0.0,0
1775251992.883242,26,847.03,0.0,0
1775251992.883242,25,848.06,0.0,0
1775251992.883242,27,853.00,18.8,0
1775251992.883242,28,855.00,0.0,0
1775251992.883242,29,856.04,0.0,0
1775251992.8842394,30,856.33,0.0,0
1775251992.8981612,31,898.18,18.0,0
1775251993.7326772,2,524.10,1.7,0
1775251993.733704,3,524.59,0.0,0
1775251993.733704,6,526.59,0.0,0
1775251993.733704,4,527.61,0.0,0
1775251993.733704,5,529.63,100.0,0
1775251993.733704,8,688.51,1.7,0
1775251993.733704,7,690.50,0.0,0
1775251993.733704,9,691.02,0.0,0
1775251993.733704,10,692.52,0.0,0
1775251993.7347167,11,748.52,6.9,0
1775251993.7347167,12,749.55,16.7,0
1775251993.7347167,13,752.07,0.0,0
1775251993.7326772,1,757.12,0.0,0
1775251994.4174073,2,789.43,2.2,0
1775251994.4194386,11,789.25,0.0,0
1775251994.4194386,10,790.73,0.0,0
1775251994.4184206,7,793.78,0.0,0
1775251994.4184206,6,794.78,0.0,0
1775251994.4194386,9,796.09,0.0,0
1775251994.4194386,8,798.10,20.0,0
1775251994.4184206,5,800.11,0.0,0
1775251994.4184206,4,958.37,15.6,0
1775251994.4174073,3,961.40,0.0,0
1775251994.4798646,13,899.94,0.0,0
1775251994.4798646,15,900.44,0.0,0
1775251994.4798646,14,902.45,0.0,0
1775251994.4793432,12,903.97,0.0,0
1775251994.480878,16,905.50,0.0,0
1775251994.4877803,17,899.81,0.0,0
1775251994.4174073,1,972.18,27.3,0
1775251995.373523,3,579.60,11.8,0
1775251995.373523,4,581.19,0.0,0
1775251995.3725028,2,584.38,0.0,0
1775251995.373523,5,585.05,0.0,0
1775251995.373523,6,586.66,0.0,0
1775251995.3745227,7,587.81,0.0,0
1775251995.3745227,8,588.87,0.0,0
1775251995.3745227,9,590.50,0.0,0
1775251995.3745227,10,697.72,24.3,0
1775251995.3745227,11,699.13,0.0,0
1775251995.3745227,12,700.13,0.0,0
1775251995.385311,13,694.76,13.3,0
1775251995.3725028,1,709.09,0.0,0
1775251996.069018,2,577.18,1.0,0
1775251996.069018,3,578.69,0.0,0
1775251996.069018,4,578.69,0.0,0
1775251996.077067,5,572.14,0.0,0
1775251996.077067,6,777.41,13.3,0
1775251996.077067,7,779.41,0.0,0
1775251996.078066,8,779.66,18.8,0
1775251996.078066,9,780.23,0.0,0
1775251996.0829942,10,777.31,0.0,0
1775251996.0829942,11,778.32,0.0,0
1775251996.0829942,12,779.82,0.0,0
1775251996.0829942,14,835.05,48.0,0
1775251996.0829942,13,837.63,33.3,0
1775251996.0829942,15,838.20,0.0,0
1775251996.0829942,16,839.76,0.0,0
1775251996.06851,1,856.97,0.0,0
1775251996.8534713,18,432.56,11.5,0
1775251996.8529656,17,435.07,0.0,0
1775251996.915708,20,373.33,0.0,0
1775251996.915199,19,375.29,0.0,0
1775251996.915708,21,376.27,0.0,0
1775251996.915708,22,378.29,0.0,0
1775251996.915708,23,380.30,33.3,0
1775251996.916722,24,743.53,9.1,0
1775251996.916722,28,744.52,0.0,0
1775251996.916722,25,746.03,0.0,0
1775251996.916722,29,747.60,0.0,0
1775251996.916722,26,748.60,0.0,0
1775251996.916722,27,750.07,0.0,0
1775251996.9180486,30,750.42,0.0,0
1775251997.2975082,3,988.95,19.1,0
1775251997.2975082,2,990.95,0.0,0
1775251997.2991476,5,991.06,0.0,0
1775251997.2975082,4,993.84,0.0,0
1775251997.2991476,6,994.20,0.0,0
1775251997.2991476,7,995.20,50.0,0
1775251997.2991476,8,997.41,0.0,0
1775251997.2991476,9,998.41,0.0,0
1775251997.2991476,10,999.92,0.0,0
1775251997.300155,11,999.92,0.0,0
1775251997.300155,12,1056.80,2.0,0
1775251997.300155,13,1057.80,16.7,0
1775251997.2975082,1,1167.00,2.0,0
1775251997.6705022,14,1000.89,6.0,0
1775251997.6705022,15,1002.03,0.0,0
1775251997.6705022,16,1006.63,0.0,0
1775251997.6710112,17,1007.12,0.0,0
1775251997.6710112,18,1010.06,0.0,0
1775251997.6710112,19,1011.17,0.0,0
1775251998.3527846,2,692.55,1.9,0
1775251998.353795,5,692.56,11.1,0
1775251998.353795,3,694.10,0.0,0
1775251998.353795,4,696.12,0.0,0
1775251998.353795,6,697.16,0.0,0
1775251998.4629173,7,696.28,0.9,0
1775251998.463457,8,697.75,0.0,0
1775251998.6698246,9,596.95,1.8,0
1775251998.3527846,1,915.99,0.0,0
1775251998.6759477,10,849.70,3.8,0
1775251998.6759477,11,851.28,0.0,0
1775251998.6834793,13,846.40,50.0,0
1775251998.6834793,12,847.46,0.0,0
1775251998.6834793,14,848.51,0.0,0
1775251998.6834793,15,849.52,0.0,0
1775251998.6834793,16,850.82,0.0,0
1775251999.155734,4,891.46,4.7,0
1775251999.155734,3,893.21,0.0,0
1775251999.1567302,5,893.30,0.0,0
1775251999.1547198,2,897.37,0.0,0
1775251999.1567302,6,896.51,0.0,0
1775251999.1567302,7,897.74,0.0,0
1775251999.1567302,9,1054.32,16.9,0
1775251999.1567302,8,1056.22,0.0,0
1775251999.1580036,10,1054.95,0.0,0
1775251999.2645693,11,950.96,0.0,0
1775251999.2645693,12,953.54,33.3,0
1775251999.265577,13,954.89,0.0,0
1775251999.1547198,1,1066.30,0.0,0
1775251999.5282884,14,952.15,8.9,0
1775251999.53531,15,946.54,100.0,0
1775251999.53531,17,947.75,0.0,0
1775251999.53531,16,950.03,0.0,0
1775251999.53531,18,950.54,0.0,0
1775251999.8407228,19,752.82,5.5,0
1775251999.8407228,20,754.83,0.0,0
1775252000.2085602,4,748.28,3.5,0
1775252000.2085602,5,749.29,0.0,0
1775252000.2095606,7,750.31,0.0,0
1775252000.2085602,3,753.31,0.0,0
1775252000.2095606,6,753.31,0.0,0
1775252000.2075386,2,756.84,0.0,0
1775252000.2170992,8,803.22,1.6,0
1775252000.2075386,1,814.90,0.0,0
1775252000.5900264,10,690.87,5.1,0
1775252000.5900264,9,693.52,0.0,0
1775252000.5900264,11,695.04,0.0,0
1775252000.5910354,13,695.05,0.0,0
1775252000.5900264,12,698.05,0.0,0
1775252000.9010403,16,798.28,1.0,0
1775252000.9010403,14,800.03,25.0,0
1775252000.9010403,15,1058.78,1.5,0
1775252001.0175314,2,944.38,0.0,0
1775252001.0175314,4,945.37,0.0,0
1775252001.0181482,5,946.04,0.0,0
1775252001.0181482,6,947.55,0.0,0
1775252001.0181482,3,948.75,11.1,0
1775252001.018738,7,954.33,0.0,0
1775252001.018738,8,955.84,0.0,0
1775252001.018738,10,956.84,0.0,0
1775252001.018738,9,957.84,0.0,0
1775252001.018738,11,959.03,0.0,0
1775252001.0224361,12,1060.73,7.1,0
1775252001.0170271,1,1068.13,0.0,0
1775252001.3914094,14,798.72,6.3,0
1775252001.3914094,13,799.71,0.0,0
1775252001.956807,15,694.36,23.8,0
1775252001.957827,16,696.25,40.0,0
1775252001.9682674,17,686.99,0.0,0
1775252001.9703412,18,686.02,0.0,0
1775252001.9703412,19,739.77,18.8,0
1775252001.9708726,21,741.23,0.0,0
1775252001.9703412,20,742.76,0.0,0
1775252001.9708726,23,744.88,0.0,0
1775252001.9708726,22,745.90,60.0,0
1775252001.9715095,24,851.73,6.0,0
1775252002.0801332,3,748.24,17.6,0
1775252002.0801332,2,749.84,0.0,0
1775252002.0801332,1,806.15,14.6,0
1775252002.3947144,4,850.89,3.5,0
1775252002.3947144,6,852.40,0.0,0
1775252002.3947144,5,853.40,13.3,0
1775252002.708096,7,543.89,0.0,0
1775252002.7091036,9,544.41,0.0,0
1775252002.7091036,8,545.42,0.0,0
1775252002.7091036,10,546.41,0.0,0
1775252002.8263094,11,841.64,4.1,0
1775252002.8263094,12,843.29,42.9,0
1775252002.8263094,13,844.89,0.0,0
1775252002.8263094,15,846.49,0.0,0
1775252002.8263094,14,847.57,0.0,0
1775252002.8273268,17,953.60,6.0,0
1775252002.8263094,16,955.62,0.0,0
1775252002.8273268,18,955.92,0.0,0
1775252002.885254,19,903.58,0.0,0
1775252002.885254,20,905.15,0.0,0
1775252003.2504745,3,951.37,2.8,0
1775252003.2504745,5,953.56,0.0,0
1775252003.2504745,2,954.09,0.0,0
1775252003.2504745,4,1058.92,5.2,0
1775252003.5113738,8,800.03,18.2,0
1775252003.5113738,7,800.03,0.0,0
1775252003.5113738,6,801.66,0.0,0
1775252003.5113738,9,803.23,0.0,0
1775252003.5128958,11,858.30,0.0,0
1775252003.5113738,10,861.84,22.2,0
1775252003.2504745,1,1429.25,2.6,0
1775252003.7768328,12,908.61,66.7,0
1775252003.7768328,13,910.12,0.0,0
1775252003.7768328,14,912.15,0.0,0
1775252003.7863286,16,903.66,0.0,0
1775252003.7863286,15,905.30,0.0,0
1775252003.7873752,17,905.27,0.0,0
1775252004.3076308,4,846.88,13.5,0
1775252004.3076308,5,848.76,0.0,0
1775252004.3076308,3,850.12,0.0,0
1775252004.3076308,2,851.70,0.0,0
1775252004.3664699,6,794.35,0.0,0
1775252004.3664699,7,795.38,0.0,0
1775252004.3664699,8,796.39,0.0,0
1775252004.3689034,9,795.12,0.0,0
1775252004.369907,10,800.91,81.2,0
1775252004.6787136,11,852.32,3.0,0
1775252004.6787136,12,853.58,0.0,0
1775252004.3076308,1,1225.67,0.0,0
1775252004.6938295,14,842.99,0.0,0
1775252004.6938295,13,843.99,0.0,0
1775252004.6938295,15,846.01,0.0,0
1775252004.6950605,16,845.83,0.0,0
1775252005.168546,3,633.10,2.2,0
1775252005.168546,5,635.54,0.0,0
1775252005.168546,4,637.55,0.0,0
1775252005.168546,2,691.88,0.0,0
1775252005.1695461,6,691.88,0.0,0
1775252005.1675446,1,697.93,0.0,0
1775252005.5353045,7,1044.42,8.0,0
1775252005.5358138,9,1045.51,0.0,0
1775252005.5358138,8,1047.89,0.0,0
1775252005.5358138,10,1048.89,0.0,0
1775252005.541937,11,1044.50,0.0,0
1775252005.541937,12,1046.06,0.0,0
1775252005.541937,13,1047.08,0.0,0
1775252005.541937,17,1205.74,1.2,0
1775252005.541937,15,1207.78,11.1,0
1775252005.541937,16,1209.26,0.0,0
1775252005.541937,14,1210.60,0.0,0
1775252005.5429375,19,1211.10,0.0,0
1775252005.5429375,18,1212.38,0.0,0
1775252005.5429375,20,1214.78,0.0,0
1775252005.6971867,22,1063.71,0.0,0
1775252005.6966808,21,1065.36,0.0,0
1775252005.6971867,23,1065.86,0.0,0
1775252005.863944,24,1055.76,1.9,0
1775252005.863944,26,1056.97,16.7,0
1775252005.863944,25,1057.97,0.0,0
1775252006.7441604,2,535.43,27.0,0
1775252006.7451613,5,536.51,0.0,0
1775252006.7441604,3,538.74,0.0,0
1775252006.7451613,4,539.82,0.0,0
1775252006.7451613,6,540.42,0.0,0
1775252006.746161,7,697.34,22.1,0
1775252006.7588434,9,685.66,0.0,0
1775252006.7588434,8,688.65,0.0,0
1775252006.7630465,10,685.02,0.0,0
1775252006.7441604,1,705.43,0.0,0
1775252006.9231188,12,685.58,16.9,0
1775252006.9231188,13,687.62,0.0,0
1775252006.9231188,11,687.62,0.0,0
1775252007.4404483,2,835.22,2.4,0
1775252007.4418335,3,835.83,0.0,0
1775252007.4423802,5,991.27,4.4,0
1775252007.4418335,4,994.33,6.2,0
1775252007.4506016,6,987.56,0.0,0
1775252007.4520383,8,987.12,0.0,0
1775252007.4506016,7,990.12,0.0,0
1775252007.4520383,9,990.69,0.0,0
1775252007.4520383,10,991.69,0.0,0
1775252007.4520383,11,992.69,0.0,0
1775252007.4520383,12,993.69,0.0,0
1775252007.4520383,14,996.21,0.0,0
1775252007.4520383,13,997.21,0.0,0
1775252007.4530401,16,1052.62,6.2,0
1775252007.4530401,15,1054.62,0.0,0
1775252007.4530401,17,1055.62,0.0,0
1775252007.4404483,1,1071.41,0.0,0
1775252007.6134622,18,953.56,10.9,0
1775252008.4326434,2,494.14,7.6,0
1775252008.5010188,3,426.76,0.0,0
1775252008.5020347,5,427.75,0.0,0
1775252008.5010188,4,635.96,20.7,0
1775252008.502656,6,636.32,12.5,0
1775252008.502656,7,636.91,0.0,0
1775252008.502656,8,637.92,0.0,0
1775252008.502656,9,693.04,24.5,0
1775252008.5036697,11,693.54,0.0,0
1775252008.502656,10,695.83,0.0,0
1775252008.5036697,12,695.33,0.0,0
1775252008.4316363,1,771.50,25.0,0
1775252009.1359882,4,531.56,22.6,0
1775252009.1349666,2,534.58,0.0,0
1775252009.1349666,3,942.95,19.7,0
1775252009.1359882,5,943.52,0.0,0
1775252009.1925464,7,888.00,0.0,0
1775252009.1925464,6,889.04,0.0,0
1775252009.1925464,8,890.09,0.0,0
1775252009.1936543,9,890.04,0.0,0
1775252009.1936543,10,891.10,0.0,0
1775252009.1936543,11,948.75,52.9,0
1775252009.1936543,12,950.76,0.0,0
1775252009.2010453,13,944.37,0.0,0
1775252009.2010453,15,945.68,0.0,0
1775252009.2010453,14,946.19,0.0,0
1775252009.2010453,16,947.19,0.0,0
1775252009.2020667,17,947.68,0.0,0
1775252009.2020667,18,948.99,0.0,0
1775252009.1349666,1,1019.33,15.4,0
1775252010.1373994,3,377.15,8.3,0
1775252010.1373994,2,379.39,0.0,0
1775252010.152152,5,364.64,0.0,0
1775252010.152152,4,572.44,17.5,0
1775252010.1527598,6,572.34,0.0,0
1775252010.1527598,8,574.72,0.0,0
1775252010.1527598,7,574.72,0.0,0
1775252010.1527598,9,630.61,9.4,0
1775252010.1532845,10,632.11,0.0,0
1775252010.1532845,11,632.11,0.0,0
1775252010.1532845,12,633.69,0.0,0
1775252010.136675,1,654.32,0.0,0
1775252010.721583,13,532.08,8.6,0
1775252010.721583,14,841.56,9.0,0
1775252010.7225933,15,843.06,0.0,0
1775252010.779719,17,786.94,0.0,0
1775252010.779719,16,788.96,0.0,0
1775252010.7807772,19,788.92,0.0,0
1775252010.779719,18,791.49,0.0,0
1775252010.7807772,20,792.44,0.0,0
1775252010.7807772,21,793.44,0.0,0
1775252010.7807772,22,952.08,17.2,0
1775252010.7807772,23,954.60,0.0,0
1775252010.7807772,24,956.20,0.0,0
1775252010.78841,25,949.57,0.0,0
1775252010.78841,27,951.04,0.0,0
1775252010.78841,26,952.45,0.0,0
1775252010.78841,28,956.18,0.0,0
1775252010.7894783,29,956.11,0.0,0
1775252010.789986,30,956.21,0.0,0
1775252011.7284398,2,429.27,17.5,0
1775252011.729974,4,428.74,0.0,0
1775252011.7306268,6,430.09,0.0,0
1775252011.729974,5,587.03,5.2,0
1775252011.7306268,7,587.39,0.0,0
1775252011.729974,3,590.56,0.0,0
1775252011.7306268,9,591.60,0.0,0
1775252011.7306268,8,592.22,0.0,0
1775252011.7306268,10,651.28,4.5,0
1775252011.7316573,11,652.26,0.0,0
1775252011.7316573,12,653.77,0.0,0
1775252011.72896,1,659.54,100.0,0
1775252012.3777335,4,677.82,4.8,0
1775252012.3777335,5,679.81,0.0,0
1775252012.3766851,3,682.23,0.0,0
1775252012.3777335,7,683.19,11.1,0
1775252012.3766851,2,685.24,0.0,0
1775252012.3777335,6,686.21,0.0,0
1775252012.378702,8,686.76,0.0,0
1775252012.378702,9,687.87,0.0,0
1775252012.378702,10,689.03,0.0,0
1775252012.378702,11,846.99,0.6,0
1775252012.3796966,12,848.03,0.0,0
1775252012.3796966,13,849.27,0.0,0
1775252012.3796966,14,850.29,0.0,0
1775252012.3796966,15,955.29,2.8,0
1775252012.3864868,16,949.70,0.0,0
1775252012.3864868,17,951.70,0.0,0
1775252012.3874962,18,955.32,76.5,0
1775252012.3766851,1,967.28,0.0,0
1775252013.2221498,2,533.88,4.3,0
1775252013.2221498,3,536.11,0.0,0
1775252013.2221498,4,537.20,0.0,0
1775252013.223159,5,537.25,0.0,0
1775252013.223159,6,538.86,0.0,0
1775252013.223159,7,697.99,8.1,0
1775252013.223159,9,700.00,0.0,0
1775252013.223159,8,701.14,0.0,0
1775252013.2246685,11,755.34,2.1,0
1775252013.2241623,10,757.04,0.0,0
1775252013.2246685,12,757.91,16.7,0
1775252013.2216308,1,766.20,0.0,0
1775252013.9161339,13,633.37,17.3,0
1775252013.9161339,14,635.67,0.0,0
1775252013.9180784,15,635.22,0.0,0
1775252013.9180784,17,636.72,0.0,0
1775252013.9180784,16,638.05,0.0,0
1775252013.9180784,18,639.29,0.0,0
1775252013.9180784,19,795.79,6.2,0
1775252013.9180784,20,797.30,0.0,0
1775252013.9180784,21,798.30,0.0,0
1775252013.919399,22,797.98,15.4,0
1775252013.919399,23,798.98,0.0,0
1775252013.976996,24,948.89,4.8,0
1775252013.976996,26,950.90,0.0,0
1775252013.9780133,27,951.40,0.0,0
1775252013.976996,25,956.05,0.0,0
1775252013.985238,28,948.81,0.0,0
1775252013.9858162,29,949.23,16.7,0
1775252013.9858162,30,950.88,0.0,0
1775252014.7118597,2,640.29,5.0,0
1775252014.7118597,3,641.32,0.0,0
1775252014.9221406,4,432.09,0.0,0
1775252014.9231696,6,432.13,0.0,0
1775252014.9221406,5,434.22,0.0,0
1775252014.9231696,7,434.24,57.1,0
1775252014.923754,8,434.22,25.0,0
1775252014.923754,9,744.73,0.6,0
1775252014.9242842,10,798.37,4.8,0
1775252014.9242842,11,799.98,0.0,0
1775252014.9242842,12,801.42,0.0,0
1775252014.7118597,1,1015.06,0.0,0
1775252014.938727,13,789.66,0.0,0
1775252014.9397516,14,790.14,0.0,0
1775252014.9397516,15,845.27,4.6,0
1775252014.9408562,16,849.18,0.0,0
1775252015.6644533,3,689.31,6.4,0
1775252015.6644533,2,691.27,0.0,0
1775252015.6664765,10,690.34,66.7,0
1775252015.6654665,9,694.03,0.0,0
1775252015.6654665,8,750.18,15.7,0
1775252015.6654665,7,752.23,0.0,0
1775252015.6654665,6,753.24,0.0,0
1775252015.6644533,5,756.29,46.2,0
1775252015.6644533,4,757.36,0.0,0
1775252015.721502,11,701.33,0.0,0
1775252015.721502,12,702.85,0.0,0
1775252015.721502,13,811.03,14.9,0
1775252015.783492,14,803.05,16.7,0
1775252015.6644533,1,924.73,0.0,0
1775252015.7922938,15,799.11,50.0,0
1775252016.411573,5,690.94,12.5,0
1775252016.411573,2,692.46,0.0,0
1775252016.411573,4,848.43,14.2,0
1775252016.411573,3,850.43,0.0,0
1775252016.528075,7,735.45,20.0,0
1775252016.528075,6,737.46,0.0,0
1775252016.528075,8,738.97,0.0,0
1775252016.5295951,9,738.45,0.0,0
1775252016.5295951,10,740.85,0.0,0
1775252016.5302517,11,740.77,0.0,0
1775252016.5302517,12,847.92,0.0,0
1775252016.5302517,13,850.81,0.0,0
1775252016.5302517,14,852.99,0.0,0
1775252016.5302517,15,857.41,0.0,0
1775252016.3527052,1,1036.57,29.4,0
1775252017.3747332,3,534.92,7.1,0
1775252017.3747332,5,536.92,0.0,0
1775252017.3747332,4,538.43,0.0,0
1775252017.3747332,2,539.73,0.0,0
1775252017.3761063,6,539.97,0.0,0
1775252017.3761063,7,541.26,0.0,0
1775252017.3761063,8,543.63,50.0,0
1775252017.3771703,9,853.49,11.5,0
1775252017.3852623,11,846.92,85.7,0
1775252017.3852623,10,847.94,20.0,0
1775252017.3852623,12,851.69,0.0,0
1775252017.391284,13,846.69,0.0,0
1775252017.391284,14,848.15,0.0,0
1775252017.391284,15,849.15,0.0,0
1775252017.3922853,16,848.72,0.0,0
1775252017.3747332,1,867.63,0.0,0
1775252017.3943284,17,1007.63,8.8,0
1775252017.3953285,18,1007.63,0.0,0
1775252017.3973815,19,1060.19,7.8,0
1775252017.7544188,20,1216.25,5.1,0
1775252017.920875,21,1307.99,31.4,0
1775252018.2275136,2,1003.46,0.0,0
1775252018.2275136,4,1003.46,0.0,0
1775252018.2280502,6,1004.21,16.7,0
1775252018.2280502,5,1006.29,0.0,0
1775252018.2275136,3,1007.82,0.0,0
1775252018.2280502,7,1008.95,0.0,0
1775252018.2285862,9,1009.47,0.0,0
1775252018.2280502,8,1011.02,0.0,0
1775252018.2285862,10,1011.03,0.0,0
1775252018.234433,11,1164.70,1.2,0
1775252018.2354906,13,1165.75,0.0,0
1775252018.2349377,12,1167.53,0.0,0
1775252018.2354906,14,1166.97,0.0,0
1775252018.2354906,15,1168.13,57.1,0
1775252018.2354906,16,1223.88,1.8,0
1775252018.2435172,17,1217.89,0.0,0
1775252018.226984,1,1235.94,0.0,0
1775252018.3490179,18,1171.75,1.6,0
1775252018.4039555,19,1222.45,0.9,0
1775252018.460165,20,1271.39,3.9,0
1775252018.968139,21,765.55,0.0,0
1775252018.9728434,22,1580.49,3.6,0
1775252019.2268033,2,1328.63,0.0,0
1775252019.2416306,3,1369.76,9.5,0
1775252019.3937442,5,1219.92,0.0,0
1775252019.3950186,4,1220.89,0.0,0
1775252019.3950186,7,1221.40,0.0,0
1775252019.3950186,8,1222.82,0.0,0
1775252019.3950186,6,1224.82,0.0,0
1775252019.3950186,9,1225.97,0.0,0
1775252019.3963642,10,1225.80,0.0,0
1775252019.3963642,11,1227.28,37.5,0
1775252019.3963642,13,1228.28,0.0,0
1775252019.3963642,14,1228.79,0.0,0
1775252019.397378,16,1229.10,0.0,0
1775252019.3963642,15,1231.11,0.0,0
1775252019.397378,17,1231.10,0.0,0
1775252019.3963642,12,1233.68,0.0,0
1775252019.397378,18,1232.67,0.0,0
1775252019.4056222,19,1334.66,0.9,0
1775252019.2268033,1,1518.84,0.0,0
1775252019.4641278,20,1283.03,100.0,0
1775252019.5218582,21,1437.73,6.7,0
1775252019.6243966,22,1336.19,0.0,0
1775252019.6276834,23,1333.90,0.0,0
1775252019.7362087,24,1741.52,10.7,0
1775252020.5501778,2,1494.18,8.6,0
1775252020.550832,5,1495.68,0.0,0
1775252020.5501778,3,1497.84,0.0,0
1775252020.550832,4,1498.20,0.0,0
1775252020.556668,6,1494.38,0.0,0
1775252020.6083817,7,1444.66,0.0,0
1775252020.60939,8,1444.65,0.0,0
1775252020.60939,11,1445.65,0.0,0
1775252020.60939,9,1447.21,0.0,0
1775252020.60939,10,1448.22,0.0,0
1775252020.6321182,12,1606.98,2.6,0
1775252020.7333987,13,1506.70,0.0,0
1775252020.7333987,15,1507.71,0.0,0
1775252020.734926,17,1507.18,0.0,0
1775252020.7333987,14,1510.27,0.0,0
1775252020.734926,16,1509.75,0.0,0
1775252020.7355883,19,1510.09,0.0,0
1775252020.7355883,18,1511.09,0.0,0
1775252020.7355883,20,1512.59,14.3,0
1775252020.7355883,21,1513.61,0.0,0
1775252020.7366025,22,1513.60,0.0,0
1775252020.7366025,23,1672.71,2.5,0
1775252020.5490618,1,1862.29,0.0,0
1775252020.742282,24,1670.58,0.0,0
1775252020.7491665,25,1719.28,12.5,0
1775252020.9035273,27,1567.55,0.0,0
1775252020.901512,26,1569.56,0.0,0
1775252020.90575,28,1825.41,17.6,0
1775252020.9640968,29,2027.73,3.6,0
1775252021.4744258,5,1519.40,0.0,0
1775252021.4744258,4,1521.40,0.0,0
1775252021.4744258,2,1521.40,0.0,0
1775252021.4744258,3,1522.91,16.7,0
1775252022.0423462,4,1623.17,6.1,0
1775252021.479758,6,2187.77,0.0,0
1775252022.0423462,3,1626.18,0.0,0
1775252022.0385907,2,1630.94,33.3,0
1775252022.0423462,5,1628.83,0.0,0
1775252022.0586092,6,1823.26,24.4,0
1775252022.2120378,7,1671.31,0.0,0
1775252022.2132332,8,1672.19,0.0,0
1775252022.2132332,9,1673.71,0.0,0
1775252022.2138026,10,1674.22,0.0,0
1775252022.2138026,11,1675.32,23.1,0
1775252022.2361028,15,1654.44,0.0,0
1775252022.2361028,16,1654.44,0.0,0
1775252022.2356322,13,1656.33,0.0,0
1775252022.2350986,12,1658.93,0.0,0
1775252022.2356322,14,1658.95,0.0,0
1775252021.4733758,1,2422.59,0.0,0
1775252022.2361028,17,1661.37,0.0,0
1775252022.4043345,19,1601.94,18.4,0
1775252022.2512004,18,1756.58,0.0,0
1775252022.0396116,1,1969.50,0.0,0
1775252022.405348,20,1603.76,0.0,0
1775252022.4138658,21,1702.78,3.5,0
1775252022.4664474,22,1652.21,0.0,0
1775252022.4726446,23,1854.67,13.3,0
1775252022.727634,24,1600.68,0.0,0
1775252022.732464,25,2210.44,3.5,0
1775252022.987133,26,1956.77,0.0,0
1775252022.9881482,28,1957.97,0.0,0
1775252022.987133,27,1958.98,0.0,0
1775252022.9996777,29,2513.31,4.5,0
1775252023.6598754,2,1854.35,20.0,0
1775252023.6598754,3,1855.56,0.0,0
1775252023.6598754,4,1855.56,0.0,0
1775252023.6598754,5,1856.93,0.0,0
1775252023.6598754,6,1857.95,0.0,0
1775252023.661311,8,1858.47,0.0,0
1775252023.661311,7,1859.06,0.0,0
1775252023.661311,9,1860.12,0.0,0
1775252023.661311,10,1861.51,0.0,0
1775252023.661311,11,1861.51,0.0,0
1775252023.661311,12,1863.31,0.0,0
1775252023.6726925,13,2014.03,7.7,0
1775252023.8776796,16,1809.56,0.0,0
1775252023.876668,14,1811.67,0.0,0
1775252023.8776796,15,1812.16,0.0,0
1775252023.8776796,18,1813.45,0.0,0
1775252023.8776796,17,1815.53,0.0,0
1775252023.8786798,20,1815.53,0.0,0
1775252023.8776796,19,1817.87,0.0,0
1775252023.8786798,21,1816.87,0.0,0
1775252023.879263,22,1817.81,0.0,0
1775252023.879781,23,1818.31,0.0,0
1775252023.8984911,24,1909.05,8.8,0
1775252024.0015748,2,1808.04,0.0,0
1775252024.0015748,3,1809.05,55.6,0
1775252023.6598754,1,2207.41,10.9,0
1775252024.010207,4,1858.08,0.0,0
1775252024.12016,5,1906.34,21.5,0
1775252024.0015748,1,2438.38,16.2,0
1775252024.330401,6,2110.67,0.0,0
1775252024.939886,7,1502.30,0.0,0
1775252024.9493055,8,2310.26,2.2,0
1775252025.5088801,8,1752.69,0.0,0
1775252025.5088801,7,1754.69,50.0,0
1775252025.5088801,6,1755.70,16.7,0
1775252025.5088801,5,1757.73,0.0,0
1775252025.5088801,4,1759.72,0.0,0
1775252025.5078704,3,1762.24,0.0,0
1775252025.5078704,2,1763.32,0.0,0
1775252025.5259387,9,1855.49,18.6,0
1775252025.6800425,10,1703.39,0.0,0
1775252025.6810555,13,1704.48,0.0,0
1775252025.6805599,11,1706.10,0.0,0
1775252025.6810555,14,1706.77,0.0,0
1775252025.6810555,12,1708.06,28.6,0
1775252025.6820512,16,1708.30,0.0,0
1775252025.6820512,15,1709.54,0.0,0
1775252025.6820512,17,1710.62,0.0,0
1775252025.6820512,18,1711.71,0.0,0
1775252025.6830564,20,1711.27,0.0,0
1775252025.6830564,19,1712.28,0.0,0
1775252025.6836286,22,1712.72,0.0,0
1775252025.6830564,21,1714.30,0.0,0
1775252025.6836286,24,1715.29,0.0,0
1775252025.6836286,23,1716.59,0.0,0
1775252025.6996,25,1758.55,4.7,0
1775252025.5078704,1,1951.88,0.0,0
1775252025.8118172,26,1704.68,15.6,0
1775252025.870379,27,1752.30,1.9,0
1775252026.0285313,2,1804.68,1.4,0
1775252026.43504,3,1399.18,0.0,0
1775252026.443808,4,2411.13,8.4,0
1775252027.2564383,2,1599.51,0.0,0
1775252027.2564383,3,1601.51,22.2,0
1775252026.0242968,1,2834.65,0.0,0
1775252027.2722065,4,1845.73,6.5,0
1775252027.3743103,5,1744.63,0.0,0
1775252027.37532,10,1745.12,0.0,0
1775252027.37532,7,1745.70,0.0,0
1775252027.3743103,6,1748.72,33.3,0
1775252027.37532,8,1747.71,20.0,0
1775252027.37532,9,1749.21,0.0,0
1775252027.37632,11,1750.03,0.0,0
1775252027.37632,12,1751.05,0.0,0
1775252027.37632,13,1752.06,0.0,0
1775252027.37734,14,1751.04,0.0,0
1775252027.37734,15,1752.54,0.0,0
1775252027.37734,18,1754.55,0.0,0
1775252027.37734,16,1755.54,0.0,0
1775252027.37734,17,1756.54,0.0,0
1775252027.37832,19,1756.56,0.0,0
1775252027.37832,20,1757.07,0.0,0
1775252027.3789053,21,1757.49,0.0,0
1775252027.3789053,22,1758.49,0.0,0
1775252027.3789053,23,1760.49,22.2,0
1775252027.401492,24,1797.60,0.0,0
1775252027.4534554,26,1747.72,33.3,0
1775252027.4534554,27,1748.72,14.3,0
1775252027.452447,25,1751.73,0.0,0
1775252027.2554107,1,1950.44,0.0,0
1775252027.460806,28,1853.85,7.1,0
1775252027.5185864,29,1903.40,10.6,0
1775252027.6213636,30,1802.24,0.0,0
1775252027.6251981,31,2008.25,1.4,0
1775252027.8289614,32,1806.54,0.0,0
1775252027.8363237,33,2466.83,3.9,0
1775252028.8524728,4,1452.69,0.0,0
1775252028.8524728,3,1454.69,0.0,0
1775252028.8524728,2,1455.69,0.0,0
1775252029.1133204,2,1766.32,8.9,0
1775252029.1143281,3,1767.44,0.0,0
1775252028.8599505,5,2022.81,0.0,0
1775252029.1143281,4,1769.86,0.0,0
1775252029.1143281,5,1770.86,0.0,0
1775252029.1143281,6,1772.60,0.0,0
1775252029.1143281,7,1773.95,0.0,0
1775252029.1143281,8,1775.08,40.0,0
1775252029.1153286,9,1775.17,0.0,0
1775252029.1153286,10,1775.73,0.0,0
1775252029.1153286,11,1776.75,0.0,0
1775252029.1153286,12,1778.76,0.0,0
1775252029.1153286,13,1779.81,0.0,0
1775252029.1912875,14,1813.29,21.2,0
1775252029.1912875,15,1814.38,0.0,0
1775252029.1922922,17,1815.57,0.0,0
1775252029.1922922,18,1816.74,0.0,0
1775252029.1922922,16,1817.74,0.0,0
1775252029.193298,19,1817.74,0.0,0
1775252029.193298,20,1818.96,0.0,0
1775252029.193298,21,1819.96,75.0,0
1775252029.193298,22,1821.52,0.0,0
1775252028.851468,1,2164.38,0.0,0
1775252029.193298,23,1823.70,0.0,0
1775252029.2068927,24,1919.85,17.9,0
1775252029.1133204,1,2014.74,0.0,0
1775252029.4182713,25,1918.23,28.0,0
1775252029.419803,26,1918.81,0.0,0
1775252029.4251328,27,2020.99,13.9,0
1775252029.6297812,28,1818.96,0.0,0
1775252029.6297812,30,1820.04,0.0,0
1775252029.6297812,29,1822.05,16.7,0
1775252030.298939,2,2123.85,10.7,0
1775252030.2999516,3,2124.34,0.0,0
1775252030.3099637,4,2730.66,6.2,0
1775252030.8707352,5,2172.47,0.0,0
1775252030.871284,9,2172.95,0.0,0
1775252030.871284,7,2174.33,20.0,0
1775252030.871284,8,2175.84,0.0,0
1775252030.871284,6,2177.94,0.0,0
1775252030.872829,10,2177.60,0.0,0
1775252030.874566,11,2176.97,0.0,0
1775252030.8751478,14,2177.62,0.0,0
1775252030.874566,13,2179.23,0.0,0
1775252030.8751478,15,2179.75,0.0,0
1775252030.874566,12,2181.34,0.0,0
1775252030.8751478,16,2181.76,0.0,0
1775252030.8751478,17,2182.78,0.0,0
1775252030.8751478,19,2183.33,0.0,0
1775252030.8751478,18,2184.34,0.0,0
1775252030.8761642,20,2184.33,28.6,0
1775252030.8761642,21,2185.33,0.0,0
1775252030.8761642,22,2186.84,0.0,0
1775252030.99816,25,2126.89,13.8,0
1775252030.99816,24,2127.89,0.0,0
1775252030.99816,26,2129.31,0.0,0
1775252030.8961403,23,2232.53,0.0,0
1775252030.9992585,27,2130.41,0.0,0
1775252030.9992585,28,2131.75,0.0,0
1775252030.9992585,29,2132.79,0.0,0
1775252030.9998336,30,2133.41,0.0,0
1775252030.9998336,31,2134.43,0.0,0
1775252030.9998336,32,2135.43,0.0,0
1775252030.9998336,33,2137.57,0.0,0
1775252030.298939,1,2839.78,46.7,0
1775252031.122478,2,2075.77,26.0,0
1775252031.33486,3,2021.07,19.0,0
1775252031.339911,4,2477.05,5.9,0
1775252031.4429514,5,2375.51,0.0,0
1775252031.1196547,1,2700.93,0.0,0
1775252031.452832,6,2829.79,4.8,0
1775252032.4171278,2,1866.49,0.0,0
1775252032.4171278,3,1869.01,0.0,0
1775252032.4181697,4,1868.97,0.0,0
1775252032.4181697,5,1869.53,0.0,0
1775252032.4181697,7,1870.54,0.0,0
1775252032.4181697,6,1872.03,0.0,0
1775252032.4181697,8,1873.03,0.0,0
1775252032.4181697,9,1874.10,0.0,0
1775252032.4259295,10,2589.64,5.3,0
1775252033.0356183,2,1981.97,0.0,0
1775252033.0356183,3,1983.48,0.0,0
1775252033.036627,4,1983.61,0.0,0
1775252033.036627,5,1984.65,0.0,0
1775252033.036627,6,1986.18,0.0,0
1775252033.036627,7,1986.18,0.0,0
1775252033.0376277,8,1986.69,0.0,0
1775252033.0376277,9,1987.69,0.0,0
1775252033.064391,10,2274.11,2.5,0
1775252033.115444,11,2225.06,0.0,0
1775252033.11645,13,2225.05,50.0,0
1775252033.11645,12,2227.05,0.0,0
1775252033.11645,14,2228.05,0.0,0
1775252033.11645,15,2229.61,0.0,0
1775252033.11645,16,2230.62,0.0,0
1775252033.1179566,17,2229.62,0.0,0
1775252033.1179566,18,2231.13,0.0,0
1775252033.1179566,19,2232.21,0.0,0
1775252033.1179566,20,2233.24,0.0,0
1775252033.1179566,21,2234.24,0.0,0
1775252033.1179566,22,2235.48,0.0,0
1775252032.4171278,1,2936.31,0.0,0
1775252033.1914842,24,2224.14,3.1,0
1775252033.1926785,27,2224.46,0.0,0
1775252033.0356183,1,2382.51,0.0,0
1775252033.1914842,25,2228.16,33.3,0
1775252033.1926785,26,2228.58,0.0,0
1775252033.1401362,23,2282.75,0.0,0
1775252033.1997533,28,2281.87,36.0,0
1775252033.357953,29,2181.61,14.3,0
1775252033.8226364,30,2687.79,13.2,0
1775252035.0061398,4,2171.72,7.7,0
1775252035.0061398,3,2173.72,0.0,0
1775252035.005107,2,2176.86,0.0,0
1775252035.0093818,5,2173.64,0.0,0
1775252035.0093818,7,2174.85,0.0,0
1775252035.0093818,6,2175.89,20.0,0
1775252035.0093818,9,2178.26,0.0,0
1775252035.0093818,8,2179.26,0.0,0
1775252035.0093818,11,2180.29,0.0,0
1775252035.0093818,10,2181.36,0.0,0
1775252035.0093818,12,2182.37,0.0,0
1775252035.0107634,14,2182.13,0.0,0
1775252035.0107634,13,2183.20,0.0,0
1775252035.0107634,15,2184.37,0.0,0
1775252035.0107634,16,2185.47,0.0,0
1775252035.0107634,17,2186.47,0.0,0
1775252035.0107634,18,2186.98,0.0,0
1775252035.0107634,20,2188.50,0.0,0
1775252035.0107634,19,2188.50,0.0,0
1775252035.0273213,21,2487.91,4.3,0
1775252035.3314338,22,2185.30,0.0,0
1775252035.33296,23,2185.07,0.0,0
1775252035.33296,24,2185.07,0.0,0
1775252035.33296,25,2186.82,0.0,0
1775252035.33296,26,2187.93,0.0,0
1775252035.33296,27,2187.93,0.0,0
1775252035.334326,29,2189.12,0.0,0
1775252035.33296,28,2191.49,0.0,0
1775252035.334326,30,2190.71,0.0,0
1775252035.334326,32,2191.73,0.0,0
1775252035.334326,31,2193.74,0.0,0
1775252035.334326,33,2194.74,0.0,0
1775252034.293778,1,3495.58,1.9,0
1775252035.005107,1,2786.26,0.0,0
1775252035.4079802,36,2385.01,0.0,0
1775252035.4069674,35,2387.28,75.0,0
1775252035.4069674,34,2389.30,16.7,0
1775252035.4100354,37,2387.22,0.0,0
1775252035.4242375,38,2536.14,21.4,0
1775252035.4761097,41,2486.05,0.0,0
1775252035.4751008,39,2488.07,0.0,0
1775252035.4751008,40,2489.19,0.0,0
1775252035.4761097,42,2489.18,0.0,0
1775252035.4836595,43,2643.41,26.6,0
1775252035.5349524,44,2593.12,0.0,0
1775252035.535532,45,2594.04,0.0,0
1775252036.5069084,3,1679.56,43.5,0
1775252036.5069084,2,1680.56,0.0,0
1775252036.5089147,4,1680.55,0.0,0
1775252036.513124,5,3252.30,4.4,0
1775252037.5077567,4,2368.25,11.2,0
1775252037.506233,2,2371.77,0.0,0
1775252037.506233,3,2372.77,0.0,0
1775252037.5077567,5,2372.76,0.0,0
1775252037.5077567,6,2373.76,0.0,0
1775252037.5077567,7,2375.77,0.0,0
1775252037.5077567,8,2377.27,0.0,0
1775252037.5077567,9,2378.28,0.0,0
1775252037.5077567,10,2379.28,0.0,0
1775252037.5087667,12,2379.40,0.0,0
1775252037.5077567,11,2381.56,27.3,0
1775252037.5087667,13,2381.84,0.0,0
1775252037.5087667,14,2383.09,0.0,0
1775252037.5093486,15,2383.52,0.0,0
1775252037.5093486,16,2384.52,0.0,0
1775252037.5093486,17,2385.52,0.0,0
1775252037.5093486,18,2386.52,0.0,0
1775252037.5093486,19,2386.52,0.0,0
1775252037.5093486,20,2388.54,0.0,0
1775252037.5093486,21,2389.56,0.0,0
1775252037.5093486,22,2390.56,0.0,0
1775252037.5103798,23,2390.53,0.0,0
1775252037.5103798,24,2391.53,0.0,0
1775252037.5103798,25,2392.72,100.0,0
1775252037.5103798,26,2394.72,0.0,0
1775252037.5103798,28,2395.72,0.0,0
1775252037.5103798,27,2395.72,0.0,0
1775252037.5103798,29,2398.33,0.0,0
1775252037.5103798,30,2399.34,0.0,0
1775252037.511389,31,2399.33,0.0,0
1775252036.5069084,1,3404.82,0.0,0
1775252037.5300646,32,2498.94,13.7,0
1775252037.7843115,33,2246.20,16.7,0
1775252037.7988877,34,2288.40,0.0,0
1775252037.2019022,1,2887.39,0.0,0
1775252037.9663775,35,2589.20,16.9,0
1775252038.1230395,8,2439.02,26.7,0
1775252038.1209779,7,2443.16,0.0,0
1775252038.1204047,5,2443.73,0.0,0
1775252038.1209779,6,2444.67,0.0,0
1775252038.119811,3,2447.92,0.0,0
1775252038.119811,2,2449.81,0.0,0
1775252038.1204047,4,2450.74,0.0,0
1775252038.1306696,9,2441.62,0.0,0
1775252038.181901,10,2392.34,0.0,0
1775252038.119811,1,4447.09,3.2,0
1775252039.8696043,2,2699.30,0.0,0
1775252040.0142124,2,2667.93,5.4,0
1775252040.015222,3,2668.92,0.0,0
1775252040.015222,4,2669.92,28.6,0
1775252040.01573,5,2671.86,0.0,0
1775252040.01573,6,2672.86,0.0,0
1775252040.016739,7,2673.55,0.0,0
1775252040.016739,8,2673.55,0.0,0
1775252040.016739,9,2674.91,0.0,0
1775252040.016739,10,2676.29,0.0,0
1775252040.0177393,11,2677.30,0.0,0
1775252040.0177393,12,2678.30,0.0,0
1775252040.0177393,13,2679.30,0.0,0
1775252040.0177393,14,2679.30,0.0,0
1775252040.0177393,15,2681.41,0.0,0
1775252040.018781,16,2681.58,0.0,0
1775252040.018781,18,2682.78,33.3,0
1775252040.018781,17,2683.93,0.0,0
1775252040.018781,20,2685.35,0.0,0
1775252040.018781,19,2687.33,0.0,0
1775252040.018781,21,2688.36,0.0,0
1775252040.0197766,22,2688.61,0.0,0
1775252040.0197766,23,2689.61,0.0,0
1775252040.0197766,24,2691.12,0.0,0
1775252040.0197766,25,2692.53,0.0,0
1775252040.0197766,26,2693.04,0.0,0
1775252040.0197766,27,2694.61,0.0,0
1775252040.020921,28,2694.48,0.0,0
1775252040.020921,30,2695.85,53.8,0
1775252040.020921,29,2696.86,0.0,0
1775252040.020921,31,2698.79,0.0,0
1775252040.020921,32,2699.87,0.0,0
1775252040.0219328,34,2699.95,0.0,0
1775252040.020921,33,2702.45,0.0,0
1775252040.0219328,35,2702.44,0.0,0
1775252040.0219328,37,2704.02,0.0,0
1775252040.0219328,36,2705.02,0.0,0
1775252040.0219328,38,2706.20,0.0,0
1775252039.763919,1,3128.87,20.7,0
1775252040.0842524,39,2809.54,0.0,0
1775252040.0908923,40,2862.63,29.2,0
1775252040.0142124,1,2940.31,0.0,0
1775252040.548068,41,2407.83,0.0,0
1775252040.5575843,42,2962.90,4.2,0
1775252040.575285,43,3004.73,1.8,0
1775252040.677255,44,2904.77,0.0,0
1775252040.6784868,46,2905.13,0.0,0
1775252040.6784868,48,2906.64,0.0,0
1775252040.6784868,45,2908.64,0.0,0
1775252040.6784868,47,2909.64,0.0,0
1775252040.6784868,49,2911.64,0.0,0
1775252040.6784868,50,2912.64,0.0,0
1775252040.6799984,52,2912.13,30.0,0
1775252040.6799984,51,2913.13,0.0,0
1775252040.6799984,53,2914.13,0.0,0
1775252040.6831222,54,4191.25,2.0,0
1775252042.6733313,2,2866.34,14.5,0
1775252042.6733313,6,2867.61,0.0,0
1775252042.6733313,3,2868.98,0.0,0
1775252042.6733313,4,2871.00,0.0,0
1775252042.6733313,5,2872.80,25.0,0
1775252042.6743376,7,2872.80,0.0,0
1775252042.6748984,8,2873.98,0.0,0
1775252042.6748984,9,2875.78,0.0,0
1775252042.6748984,10,2876.79,0.0,0
1775252042.6748984,11,2877.96,0.0,0
1775252042.6748984,12,2879.26,0.0,0
1775252042.6748984,13,2880.62,0.0,0
1775252042.6762817,14,2880.53,0.0,0
1775252042.6762817,15,2881.53,0.0,0
1775252042.6762817,16,2882.74,0.0,0
1775252042.6762817,17,2882.74,0.0,0
1775252042.6762817,18,2884.98,33.3,0
1775252042.6762817,19,2885.98,0.0,0
1775252042.6774971,20,2885.77,0.0,0
1775252042.6774971,21,2886.27,0.0,0
1775252042.6774971,22,2887.78,0.0,0
1775252042.6774971,23,2888.36,0.0,0
1775252042.6774971,24,2889.60,0.0,0
1775252042.6774971,25,2890.60,0.0,0
1775252042.680059,26,2889.55,0.0,0
1775252042.7296438,27,2952.12,2.7,0
1775252042.8819284,28,2800.83,0.0,0
1775252042.8839803,31,2800.29,0.0,0
1775252042.882972,30,2802.31,60.0,0
1775252042.882972,29,2803.53,0.0,0
1775252042.8839803,32,2803.62,0.0,0
1775252042.884487,33,2804.20,0.0,0
1775252042.884487,34,2805.27,0.0,0
1775252042.884487,35,2805.85,0.0,0
1775252042.8849971,36,2806.81,0.0,0
1775252042.8849971,37,2807.31,0.0,0
1775252042.8849971,38,2808.32,0.0,0
1775252042.8849971,39,2810.32,0.0,0
1775252042.6723187,1,3083.89,4.6,0
1775252042.8947914,40,2863.42,0.0,0
1775252042.9568949,41,2806.05,0.0,0
1775252044.865639,5,2839.04,11.6,0
1775252044.866141,7,2840.89,0.0,0
1775252044.864635,4,2843.58,0.0,0
1775252044.865639,6,2844.00,0.0,0
1775252044.866141,11,2844.50,0.0,0
1775252044.866141,9,2846.00,0.0,0
1775252044.864635,2,2848.50,0.0,0
1775252044.866141,8,2848.18,0.0,0
1775252044.867144,10,2848.18,0.0,0
1775252044.866141,14,2850.41,41.7,0
1775252044.864635,3,2854.17,0.0,0
1775252044.866141,12,2853.61,0.0,0
1775252044.867144,13,2854.16,0.0,0
1775252044.867144,15,2855.73,0.0,0
1775252044.8681476,16,2854.72,0.0,0
1775252044.8681476,17,2856.74,0.0,0
1775252044.8696542,18,2856.30,0.0,0
1775252044.8696542,19,2857.30,0.0,0
1775252044.8696542,20,2857.30,0.0,0
1775252044.8696542,21,2859.94,0.0,0
1775252044.8696542,22,2860.96,0.0,0
1775252044.8696542,23,2861.97,0.0,0
1775252044.8696542,24,2863.08,25.0,0
1775252044.8706803,26,2862.62,0.0,0
1775252044.8706803,25,2864.63,0.0,0
1775252044.8706803,27,2865.14,0.0,0
1775252044.8706803,28,2867.49,0.0,0
1775252044.8711846,29,2868.07,0.0,0
1775252044.8711846,30,2869.07,0.0,0
1775252044.8711846,31,2870.11,0.0,0
1775252044.8711846,32,2871.62,0.0,0
1775252044.8711846,33,2872.74,0.0,0
1775252044.8711846,34,2873.99,0.0,0
1775252044.8711846,35,2875.00,0.0,0
1775252044.8711846,36,2876.00,0.0,0
1775252044.8723423,37,2876.42,31.2,0
1775252043.521565,1,4498.85,6.2,0
1775252045.5366597,2,2485.39,0.0,0
1775252045.6720843,4,2963.98,7.5,0
1775252045.571118,3,3066.20,0.0,0
1775252044.864635,1,3774.70,20.0,0
1775252045.6720843,5,2968.25,0.0,0
1775252045.6720843,6,2969.60,0.0,0
1775252045.696515,7,3058.35,13.4,0
1775252045.7483685,9,3007.50,0.0,0
1775252045.7483685,8,3008.89,0.0,0
1775252045.7483685,10,3009.97,0.0,0
1775252045.7483685,11,3011.17,0.0,0
1775252045.7483685,12,3012.41,0.0,0
1775252045.7493987,14,3011.92,0.0,0
1775252045.7493987,13,3013.44,0.0,0
1775252045.7493987,15,3014.44,33.3,0
1775252045.750539,16,3014.81,0.0,0
1775252045.750539,17,3015.81,0.0,0
1775252045.750539,18,3016.83,0.0,0
1775252045.5361445,1,3241.22,0.0,0
1775252045.7592082,19,3019.60,44.4,0
1775252047.697696,3,3175.38,7.5,0
1775252047.596295,2,3278.29,0.0,0
1775252048.0037942,2,2979.99,11.4,0
1775252048.0048285,4,2980.46,0.0,0
1775252048.0048285,5,2981.55,0.0,0
1775252048.0037942,3,2983.60,0.0,0
1775252048.0048285,6,2983.56,0.0,0
1775252048.0062776,7,2983.11,0.0,0
1775252048.0062776,8,2985.11,0.0,0
1775252048.0062776,9,2986.11,0.0,0
1775252048.0062776,10,2987.47,0.0,0
1775252048.0062776,12,2988.47,0.0,0
1775252048.0062776,11,2988.47,0.0,0
1775252048.0074654,13,2988.39,0.0,0
1775252048.0074654,14,2989.99,0.0,0
1775252048.0074654,15,2989.99,40.0,0
1775252048.0074654,16,2992.58,0.0,0
1775252048.0074654,17,2993.60,0.0,0
1775252048.0074654,18,2993.60,0.0,0
1775252048.0074654,19,2995.10,0.0,0
1775252048.0087862,21,2994.79,0.0,0
1775252048.0087862,20,2996.79,0.0,0
1775252048.0087862,22,2997.79,0.0,0
1775252048.010931,23,2996.88,0.0,0
1775252048.010931,24,2997.89,0.0,0
1775252048.010931,25,2998.88,0.0,0
1775252048.010931,26,2999.95,0.0,0
1775252048.0119362,27,2999.94,0.0,0
1775252048.0119362,29,2999.94,0.0,0
1775252048.010931,28,3003.16,42.9,0
1775252048.0119362,30,3002.15,0.0,0
1775252048.0119362,31,3004.69,0.0,0
1775252048.0119362,32,3005.69,0.0,0
1775252048.0119362,33,3006.69,0.0,0
1775252048.012936,34,3006.69,0.0,0
1775252048.012936,35,3007.89,0.0,0
1775252048.012936,37,3007.89,0.0,0
1775252048.012936,36,3008.95,0.0,0
1775252048.012936,38,3009.95,0.0,0
1775252048.012936,39,3011.45,0.0,0
1775252048.012936,40,3012.46,0.0,0
1775252047.5932958,1,3596.81,9.2,0
1775252048.6324112,41,2559.20,0.0,0
1775252048.6426864,42,4379.97,8.8,0
1775252048.7448733,43,4278.78,0.0,0
1775252048.0037942,1,5021.37,0.0,0
1775252048.7683797,46,4322.49,1.6,0
1775252048.769889,47,4323.02,22.2,0
1775252048.7683797,45,4325.70,0.0,0
1775252048.7683797,44,4326.70,0.0,0
1775252048.769889,48,4326.19,0.0,0
1775252048.769889,49,4327.19,0.0,0
1775252048.769889,50,4327.70,0.0,0
1775252048.7704935,51,4329.22,0.0,0
1775252048.7704935,52,4330.23,0.0,0
1775252048.7710786,53,4330.64,0.0,0
1775252048.7710786,54,4330.64,0.0,0
1775252048.7710786,55,4332.15,0.0,0
1775252048.7710786,56,4333.74,0.0,0
1775252048.7710786,59,4334.89,0.0,0
1775252048.7710786,58,4336.06,0.0,0
1775252048.7710786,57,4337.13,20.0,0
1775252048.7710786,60,4338.22,0.0,0
1775252048.7721686,63,4338.53,0.0,0
1775252048.7721686,61,4338.53,0.0,0
1775252048.7721686,62,4339.95,0.0,0
1775252048.7721686,64,4341.45,0.0,0
1775252048.7721686,65,4342.62,0.0,0
1775252048.7721686,66,4343.66,0.0,0
1775252048.7721686,67,4344.79,0.0,0
1775252048.773169,69,4345.03,0.0,0
1775252048.7721686,68,4346.03,0.0,0
1775252048.773169,70,4346.54,0.0,0
1775252048.773169,71,4348.11,0.0,0
1775252048.773169,72,4349.38,0.0,0
1775252048.773169,73,4350.51,92.3,0
1775252048.773169,74,4351.02,0.0,0
1775252048.773169,75,4352.02,0.0,0
1775252048.773169,76,4353.03,0.0,0
1775252048.773169,77,4354.03,0.0,0
1775252048.77417,79,4354.02,0.0,0
1775252048.77417,78,4355.71,0.0,0
1775252048.7803123,80,4362.76,12.5,0
1775252050.8765986,2,3398.23,1.6,0
1775252051.1821175,16,3153.49,1.6,0
1775252051.1821175,13,3155.10,0.0,0
1775252051.1821175,14,3156.57,0.0,0
1775252051.1821175,10,3158.17,0.0,0
1775252051.1821175,12,3159.78,20.0,0
1775252051.179952,3,3163.26,0.0,0
1775252051.180963,6,3163.89,0.0,0
1775252051.180963,7,3164.39,0.0,0
1775252051.1835918,17,3162.85,0.0,0
1775252051.1821175,15,3165.33,0.0,0
1775252051.1821175,9,3166.75,0.0,0
1775252051.1821175,11,3168.01,0.0,0
1775252051.1835918,21,3167.63,0.0,0
1775252051.179952,4,3172.29,0.0,0
1775252051.1835918,20,3170.25,0.0,0
1775252051.179952,2,3174.88,0.0,0
1775252051.1821175,8,3172.72,0.0,0
1775252051.180963,5,3175.99,0.0,0
1775252051.1835918,18,3174.43,25.0,0
1775252051.1835918,19,3175.46,0.0,0
1775252050.8710287,1,3489.11,0.0,0
1775252051.1926167,22,3284.89,6.6,0
1775252051.026395,1,5482.01,9.2,0
1775252053.084283,2,3426.37,0.0,0
1775252053.130938,3,3494.06,7.9,0
1775252053.130938,10,3496.06,0.0,0
1775252053.130938,9,3497.06,0.0,0
1775252053.130938,6,3498.06,0.0,0
1775252053.130938,7,3499.06,0.0,0
1775252053.130938,8,3499.56,0.0,0
1775252053.130938,5,3500.57,0.0,0
1775252053.130938,4,3501.57,0.0,0
1775252053.130938,11,3502.58,0.0,0
1775252053.132351,12,3502.67,0.0,0
1775252053.132351,13,3503.67,0.0,0
1775252053.1333706,15,3503.65,0.0,0
1775252053.132351,14,3505.67,25.0,0
1775252053.1333706,16,3505.66,16.7,0
1775252053.1333706,17,3507.65,0.0,0
1775252053.1333706,18,3508.65,0.0,0
1775252053.1333706,20,3509.65,0.0,0
1775252053.1333706,21,3510.65,0.0,0
1775252053.1333706,19,3511.65,0.0,0
1775252053.1333706,22,3513.05,0.0,0
1775252053.1333706,23,3514.05,0.0,0
1775252053.1333706,24,3514.05,0.0,0
1775252053.1333706,25,3515.63,0.0,0
1775252053.1333706,26,3516.75,0.0,0
1775252053.1333706,27,3518.20,0.0,0
1775252053.1348767,28,3517.93,0.0,0
1775252053.1348767,29,3519.12,0.0,0
1775252053.1348767,30,3520.13,12.5,0
1775252053.1354706,31,3520.68,0.0,0
1775252053.1354706,32,3520.68,0.0,0
1775252053.1354706,33,3522.36,0.0,0
1775252053.1354706,34,3523.67,0.0,0
1775252053.1354706,35,3524.92,0.0,0
1775252053.1354706,36,3524.92,0.0,0
1775252053.1354706,37,3526.16,0.0,0
1775252053.1354706,38,3527.67,0.0,0
1775252053.1364863,39,3527.75,0.0,0
1775252053.1364863,41,3528.76,0.0,0
1775252053.1364863,42,3529.78,0.0,0
1775252053.1364863,40,3530.78,0.0,0
1775252053.1971426,43,3483.87,53.3,0
1775252053.0798068,1,3602.21,0.0,0
1775252054.2768335,2,4546.02,8.2,0
1775252054.4636576,4,4419.69,3.3,0
1775252054.4636576,5,4421.70,0.0,0
1775252054.4631174,3,4424.25,0.0,0
1775252054.4636576,6,4425.11,7.7,0
1775252054.4636576,7,4426.56,0.0,0
1775252054.4636576,8,4427.95,0.0,0
1775252054.465447,9,4427.54,0.0,0
1775252054.465447,10,4429.04,0.0,0
1775252054.466476,11,4429.17,0.0,0
1775252054.466476,12,4430.17,0.0,0
1775252054.466476,13,4431.17,0.0,0
1775252054.466476,14,4432.18,0.0,0
1775252054.466476,16,4433.75,0.0,0
1775252054.466476,15,4434.93,0.0,0
1775252054.4674857,17,4434.91,0.0,0
1775252054.4674857,18,4436.04,0.0,0
1775252054.4674857,19,4437.04,50.0,0
1775252054.4674857,20,4437.04,0.0,0
1775252054.4674857,21,4438.35,0.0,0
1775252054.4674857,22,4439.35,0.0,0
1775252054.4674857,23,4440.35,0.0,0
1775252054.4674857,24,4441.35,0.0,0
1775252054.4674857,25,4442.85,0.0,0
1775252054.4689934,26,4442.70,0.0,0
1775252054.4689934,27,4444.21,0.0,0
1775252054.4689934,29,4444.88,0.0,0
1775252054.4689934,28,4446.40,0.0,0
1775252054.4689934,30,4447.97,0.0,0
1775252054.4689934,31,4448.96,0.0,0
1775252054.470008,32,4448.96,0.0,0
1775252054.470008,33,4450.46,10.0,0
1775252054.470008,34,4451.01,0.0,0
1775252054.470008,35,4452.07,0.0,0
1775252054.4706056,37,4452.48,0.0,0
1775252054.4706056,36,4453.99,0.0,0
1775252054.4706056,38,4455.09,0.0,0
1775252054.4712179,40,4455.75,0.0,0
1775252054.4712179,39,4456.74,0.0,0
1775252054.4712179,41,4457.74,0.0,0
1775252054.273319,1,4656.64,0.0,0
1775252054.4723732,42,4457.59,0.0,0
1775252054.479062,43,4465.75,21.1,0
1775252056.6698754,4,3512.87,8.7,0
1775252056.6698754,7,3513.88,0.0,0
1775252056.6688533,3,3516.41,50.0,0
1775252056.6698754,5,3516.44,25.0,0
1775252056.6688533,2,3518.47,0.0,0
1775252056.6698754,6,3518.44,0.0,0
1775252056.6704962,9,3518.83,0.0,0
1775252056.6704962,8,3519.83,0.0,0
1775252056.6704962,10,3520.83,0.0,0
1775252056.6710887,11,3521.24,0.0,0
1775252056.6710887,12,3522.83,0.0,0
1775252056.6710887,13,3523.84,0.0,0
1775252056.6710887,14,3524.84,0.0,0
1775252056.6710887,15,3526.34,0.0,0
1775252056.6710887,16,3526.34,0.0,0
1775252056.6720986,17,3526.90,0.0,0
1775252056.6720986,18,3527.90,0.0,0
1775252056.6720986,19,3528.90,14.3,0
1775252056.6730957,20,3529.01,0.0,0
1775252056.6730957,22,3571.12,5.6,0
1775252056.674599,23,3571.65,0.0,0
1775252056.6730957,21,3574.16,0.0,0
1775252056.7365813,24,3511.98,28.6,0
1775252056.6212623,1,3627.80,0.0,0
1775252058.8253746,2,3768.39,7.6,0
1775252058.931413,4,3669.97,0.0,0
1775252058.931413,3,3670.98,0.0,0
1775252058.9320922,6,3671.76,0.0,0
1775252058.9320922,5,3673.11,0.0,0
1775252058.9320922,8,3674.23,0.0,0
1775252058.9320922,7,3675.36,40.0,0
1775252058.9320922,9,3676.51,0.0,0
1775252058.9330988,10,3676.67,0.0,0
1775252058.9330988,12,3677.67,0.0,0
1775252058.9330988,11,3678.67,0.0,0
1775252058.9330988,13,3679.67,0.0,0
1775252058.9330988,14,3679.67,0.0,0
1775252058.9330988,15,3681.35,0.0,0
1775252058.9330988,16,3682.36,0.0,0
1775252058.9341025,17,3682.56,0.0,0
1775252058.9341025,18,3683.92,0.0,0
1775252058.9341025,19,3685.43,0.0,0
1775252058.9341025,22,3686.47,0.0,0
1775252058.9341025,21,3687.07,0.0,0
1775252058.9341025,20,3688.69,100.0,0
1775252058.9351013,25,3687.69,0.0,0
1775252058.9341025,23,3690.20,0.0,0
1775252058.9351013,24,3690.61,0.0,0
1775252058.9351013,27,3690.61,0.0,0
1775252058.9351013,26,3692.08,0.0,0
1775252058.9351013,28,3693.57,0.0,0
1775252058.9351013,29,3694.56,0.0,0
1775252058.936126,30,3694.97,0.0,0
1775252058.936126,31,3695.48,0.0,0
1775252058.936126,32,3696.89,0.0,0
1775252058.936126,33,3698.19,0.0,0
1775252058.936126,35,3699.27,0.0,0
1775252058.936126,34,3700.84,0.0,0
1775252058.936126,36,3700.84,0.0,0
1775252058.936126,37,3702.14,15.4,0
1775252058.9371603,38,3702.11,0.0,0
1775252058.9371603,40,3703.53,0.0,0
1775252058.9371603,39,3704.96,0.0,0
1775252058.9371603,42,3706.05,0.0,0
1775252058.9371603,41,3707.19,0.0,0
1775252058.9371603,45,3707.19,0.0,0
1775252058.9371603,44,3709.32,0.0,0
1775252058.9371603,43,3710.35,0.0,0
1775252058.9382126,46,3709.30,0.0,0
1775252058.8213422,1,3827.56,0.0,0
1775252059.915481,2,4884.23,9.1,0
1775252060.204123,2,4659.25,12.1,0
1775252060.205124,5,4660.26,0.0,0
1775252060.205124,6,4660.26,0.0,0
1775252060.205124,3,4662.94,0.0,0
1775252060.205124,4,4662.94,0.0,0
1775252060.205124,7,4664.45,0.0,0
1775252060.205124,8,4666.10,0.0,0
1775252060.205124,9,4667.48,0.0,0
1775252060.2351272,10,4638.48,25.0,0
1775252060.2363083,12,4638.29,0.0,0
1775252060.2363083,11,4638.29,0.0,0
1775252060.2363083,13,4640.87,0.0,0
1775252060.2363083,14,4641.89,0.0,0
1775252060.2363083,16,4641.89,0.0,0
1775252060.23733,17,4642.36,0.0,0
1775252060.2363083,15,4644.88,0.0,0
1775252060.23733,19,4645.03,0.0,0
1775252060.23733,20,4646.18,0.0,0
1775252060.23733,18,4646.18,0.0,0
1775252060.23733,21,4648.70,0.0,0
1775252060.23733,22,4649.70,0.0,0
1775252060.23733,23,4650.75,0.0,0
1775252060.23733,24,4651.79,37.5,0
1775252060.238479,25,4651.88,0.0,0
1775252060.238479,26,4652.88,0.0,0
1775252060.238479,28,4652.88,0.0,0
1775252060.238479,27,4654.39,0.0,0
1775252060.238479,29,4655.81,0.0,0
1775252060.238479,30,4657.23,0.0,0
1775252060.238479,31,4657.23,0.0,0
1775252060.238479,32,4658.73,0.0,0
1775252060.238479,33,4659.74,0.0,0
1775252060.2394793,34,4659.74,0.0,0
1775252060.2394793,35,4661.78,0.0,0
1775252060.2394793,37,4661.78,0.0,0
1775252060.2394793,36,4663.25,0.0,0
1775252060.2394793,40,4664.25,57.1,0
1775252060.2394793,41,4665.25,0.0,0
1775252060.2394793,38,4666.31,0.0,0
1775252060.2394793,39,4667.31,0.0,0
1775252059.9118805,1,4996.41,0.0,0
1775252060.2490623,42,4778.47,6.8,0
1775252060.3063557,43,4726.15,33.3,0
1775252060.204123,1,4829.39,0.0,0
1775252062.6489,2,3617.79,4.8,0
1775252062.7008324,4,3567.86,0.0,0
1775252062.7018416,5,3568.36,0.0,0
1775252062.7018416,7,3569.42,0.0,0
1775252062.7018416,6,3570.43,0.0,0
1775252062.7008324,3,3572.43,0.0,0
1775252062.7038405,8,3570.43,0.0,0
1775252062.7038405,9,3570.94,0.0,0
1775252062.7038405,11,3572.44,0.0,0
1775252062.7038405,10,3573.95,0.0,0
1775252062.7038405,12,3574.95,0.0,0
1775252062.7048402,14,3574.96,40.0,0
1775252062.7038405,13,3577.38,0.0,0
1775252062.7048402,15,3576.38,0.0,0
1775252062.7048402,16,3578.38,0.0,0
1775252062.7048402,18,3579.40,0.0,0
1775252062.7048402,17,3580.41,0.0,0
1775252062.7048402,19,3581.42,0.0,0
1775252062.7058399,20,3581.94,0.0,0
1775252062.7058399,21,3582.94,0.0,0
1775252062.7058399,22,3583.94,0.0,0
1775252062.7058399,23,3584.94,0.0,0
1775252062.7058399,24,3585.95,0.0,0
1775252062.7058399,25,3586.94,0.0,0
1775252062.5972629,1,6042.78,9.4,0
1775252064.8027172,2,3840.33,0.0,0
1775252064.9094648,3,3848.27,11.2,0
1775252065.0114834,3,3747.76,0.0,0
1775252065.010469,2,3749.98,0.0,0
1775252065.0129895,10,3748.98,0.0,0
1775252065.0129895,11,3749.98,0.0,0
1775252065.0129895,9,3751.53,12.5,0
1775252065.0129895,8,3752.57,0.0,0
1775252065.0129895,7,3753.63,0.0,0
1775252065.0114834,4,3756.40,0.0,0
1775252065.0129895,6,3756.21,0.0,0
1775252065.0114834,5,3758.22,0.0,0
1775252065.0146186,16,3756.74,0.0,0
1775252065.0146186,14,3757.75,0.0,0
1775252065.0129895,13,3760.38,0.0,0
1775252065.0129895,12,3761.89,0.0,0
1775252065.0146186,15,3761.27,0.0,0
1775252065.0146186,17,3762.26,0.0,0
1775252065.0146186,18,3763.26,0.0,0
1775252065.0146186,19,3764.27,0.0,0
1775252065.0156295,20,3764.25,15.4,0
1775252065.0156295,21,3765.76,0.0,0
1775252065.0156295,22,3766.86,0.0,0
1775252065.0156295,23,3767.87,0.0,0
1775252065.0156295,24,3768.87,0.0,0
1775252065.0156295,25,3769.37,0.0,0
1775252065.0167496,26,3769.69,0.0,0
1775252065.0167496,27,3770.71,0.0,0
1775252065.0167496,29,3772.01,0.0,0
1775252065.0167496,28,3772.01,0.0,0
1775252065.0167496,30,3773.52,0.0,0
1775252065.0167496,31,3774.71,0.0,0
1775252065.0167496,32,3775.73,0.0,0
1775252065.0178149,34,3776.67,0.0,0
1775252065.0178149,35,3777.66,14.3,0
1775252065.0167496,33,3778.73,0.0,0
1775252065.0178149,36,3780.18,0.0,0
1775252065.0178149,37,3781.17,0.0,0
1775252065.0178149,38,3781.17,0.0,0
1775252065.0178149,39,3783.35,0.0,0
1775252065.0189037,40,3783.32,0.0,0
1775252065.0189037,41,3783.32,0.0,0
1775252065.0189037,42,3785.44,0.0,0
1775252065.0189037,43,3785.44,0.0,0
1775252065.0189037,44,3786.95,0.0,0
1775252065.0285254,45,3897.08,1.6,0
1775252064.7966626,1,4130.94,0.0,0
1775252065.035138,46,3896.60,0.0,0
1775252065.010469,1,3923.27,0.0,0
1775252066.294283,2,4837.63,7.3,0
1775252066.3965812,3,4736.84,0.0,0
1775252066.3965812,4,4738.95,0.0,0
1775252066.397089,7,4739.95,0.0,0
1775252066.397089,6,4741.31,60.0,0
1775252066.397089,5,4742.81,0.0,0
1775252066.398723,8,4742.54,0.0,0
1775252066.398723,9,4743.66,0.0,0
1775252066.3992283,11,4744.42,0.0,0
1775252066.3992283,13,4745.51,0.0,0
1775252066.3992283,10,4746.74,0.0,0
1775252066.3992283,15,4746.74,0.0,0
1775252066.3992283,14,4748.25,0.0,0
1775252066.3992283,12,4749.77,0.0,0
1775252066.3992283,16,4751.10,0.0,0
1775252066.4002404,18,4750.09,0.0,0
1775252066.4002404,17,4752.31,0.0,0
1775252066.4002404,19,4753.31,0.0,0
1775252066.4002404,21,4754.48,11.1,0
1775252066.4002404,20,4755.48,0.0,0
1775252066.4002404,22,4756.60,0.0,0
1775252066.4002404,23,4757.60,0.0,0
1775252066.4002404,24,4757.60,0.0,0
1775252066.4002404,25,4759.06,0.0,0
1775252066.4013193,26,4759.33,0.0,0
1775252066.4013193,27,4760.66,0.0,0
1775252066.4013193,28,4761.66,0.0,0
1775252066.401825,30,4761.16,0.0,0
1775252066.4013193,29,4763.25,0.0,0
1775252066.401825,31,4763.75,0.0,0
1775252066.401825,32,4764.76,0.0,0
1775252066.401825,33,4766.52,0.0,0
1775252066.401825,34,4766.52,0.0,0
1775252066.401825,35,4768.62,64.7,0
1775252066.401825,37,4769.23,0.0,0
1775252066.401825,36,4771.27,0.0,0
1775252066.4028306,38,4770.27,0.0,0
1775252066.4028306,39,4771.63,0.0,0
1775252066.4028306,41,4773.66,0.0,0
1775252066.4028306,40,4773.66,0.0,0
1775252066.4028306,42,4774.85,0.0,0
1775252066.4028306,43,4776.87,0.0,0
1775252066.408283,44,4840.75,14.8,0
1775252066.2620165,1,6367.68,13.7,0
1775252068.8075736,2,3940.31,7.4,0
1775252068.9100091,5,3839.46,0.0,0
1775252068.908993,4,3841.53,0.0,0
1775252068.9100091,6,3841.57,0.0,0
1775252068.9100091,3,3842.61,0.0,0
1775252068.9100091,7,3843.66,0.0,0
1775252068.9110274,8,3843.70,0.0,0
1775252068.9120088,10,3843.80,0.0,0
1775252068.9110274,9,3845.84,0.0,0
1775252068.9120088,12,3845.91,0.0,0
1775252068.9120088,11,3847.06,0.0,0
1775252068.9120088,13,3848.14,0.0,0
1775252068.9120088,14,3849.38,0.0,0
1775252068.9130194,15,3848.98,0.0,0
1775252068.9130194,16,3850.00,50.0,0
1775252068.9130194,17,3851.01,0.0,0
1775252068.9135263,19,3852.01,0.0,0
1775252068.9135263,18,3853.20,0.0,0
1775252068.9135263,20,3854.31,0.0,0
1775252068.9135263,22,3855.35,0.0,0
1775252068.9135263,21,3856.35,0.0,0
1775252068.9145346,23,3856.50,0.0,0
1775252068.9145346,24,3857.51,0.0,0
1775252068.9145346,26,3859.11,0.0,0
1775252068.9145346,25,3859.61,0.0,0
1775252068.9145346,27,3861.07,0.0,0
1775252068.9170492,28,3859.63,0.0,0
1775252068.9286346,29,3915.43,2.7,0
1775252068.6450427,1,4201.02,0.0,0
1775252068.934898,30,3916.71,0.0,0
1775252071.180203,2,4172.02,5.5,0
1775252071.2326436,3,4120.58,0.0,0
1775252071.2315998,4,4123.93,0.0,0
1775252071.2326436,5,4124.06,0.0,0
1775252071.2326436,6,4125.31,28.6,0
1775252071.2326436,7,4127.47,0.0,0
1775252071.234067,8,4127.08,0.0,0
1775252071.234067,9,4128.74,0.0,0
1775252071.234067,10,4129.80,0.0,0
1775252071.234067,11,4129.80,0.0,0
1775252071.234067,12,4131.30,0.0,0
1775252071.234067,13,4133.37,0.0,0
1775252071.2355905,15,4132.84,0.0,0
1775252071.234067,14,4135.36,0.0,0
1775252071.2355905,16,4134.95,0.0,0
1775252071.2355905,17,4135.51,0.0,0
1775252071.2355905,18,4137.02,25.0,0
1775252071.2355905,19,4138.03,14.3,0
1775252071.2366905,21,4137.97,0.0,0
1775252071.2366905,20,4139.59,0.0,0
1775252071.2366905,23,4140.91,0.0,0
1775252071.2366905,22,4141.50,0.0,0
1775252071.2366905,24,4143.02,0.0,0
1775252071.2366905,25,4143.02,0.0,0
1775252071.2377145,26,4143.58,0.0,0
1775252071.2377145,28,4145.04,0.0,0
1775252071.2377145,27,4146.46,0.0,0
1775252071.2377145,29,4147.46,0.0,0
1775252071.2377145,30,4148.91,0.0,0
1775252071.2377145,32,4148.91,0.0,0
1775252071.2387156,31,4149.42,57.1,0
1775252071.2387156,34,4151.46,0.0,0
1775252071.2387156,33,4152.52,0.0,0
1775252071.2387156,35,4152.52,0.0,0
1775252071.2387156,36,4153.56,0.0,0
1775252071.2387156,37,4154.96,0.0,0
1775252071.2397153,40,4154.99,0.0,0
1775252071.2397153,38,4156.35,0.0,0
1775252071.2397153,39,4157.35,0.0,0
1775252071.2397153,41,4159.23,0.0,0
1775252071.2397153,43,4159.23,0.0,0
1775252071.2397153,42,4161.30,0.0,0
1775252071.2397153,44,4161.30,0.0,0
1775252071.2407153,45,4161.77,0.0,0
1775252071.2407153,46,4163.22,50.0,0
1775252071.2407153,47,4164.64,0.0,0
1775252071.2407153,49,4165.74,0.0,0
1775252071.2407153,48,4166.74,0.0,0
1775252071.2510455,50,4227.66,16.2,0
1775252071.0726705,1,6693.66,11.0,0
1775252072.8285246,4,5055.13,9.4,0
1775252072.8285246,3,5056.64,0.0,0
1775252072.8285246,2,5057.83,0.0,0
1775252072.8300447,5,5057.40,0.0,0
1775252072.8300447,6,5058.87,11.1,0
1775252072.8300447,7,5058.87,0.0,0
1775252072.8300447,8,5061.18,0.0,0
1775252072.8300447,9,5062.21,0.0,0
1775252072.8312654,10,5062.08,0.0,0
1775252072.8312654,11,5062.08,0.0,0
1775252072.832323,14,5062.53,0.0,0
1775252072.8312654,12,5065.07,0.0,0
1775252072.832323,13,5065.02,0.0,0
1775252072.832323,17,5065.52,0.0,0
1775252072.832323,16,5067.06,0.0,0
1775252072.832323,18,5068.36,0.0,0
1775252072.832323,15,5069.42,0.0,0
1775252072.833317,19,5069.42,0.0,0
1775252072.833317,21,5070.57,0.0,0
1775252072.833317,23,5071.64,20.0,0
1775252072.833317,22,5072.66,0.0,0
1775252072.833317,20,5073.99,0.0,0
1775252072.833317,24,5075.16,0.0,0
1775252072.833317,25,5076.28,0.0,0
1775252072.833317,26,5076.28,0.0,0
1775252072.8347948,29,5076.07,0.0,0
1775252072.833317,28,5078.55,0.0,0
1775252072.833317,27,5080.11,0.0,0
1775252072.8347948,31,5080.53,0.0,0
1775252072.8347948,30,5081.09,0.0,0
1775252072.8353033,32,5082.01,0.0,0
1775252072.8353033,33,5083.10,0.0,0
1775252072.8353033,34,5083.10,0.0,0
1775252072.8353033,35,5085.17,50.0,0
1775252072.8353033,36,5085.72,0.0,0
1775252072.8364081,37,5085.67,0.0,0
1775252072.8364081,38,5087.14,0.0,0
1775252072.8364081,39,5087.89,0.0,0
1775252072.8364081,40,5089.35,0.0,0
1775252072.8364081,41,5090.60,0.0,0
1775252072.8364081,42,5091.69,0.0,0
1775252072.83744,43,5091.26,0.0,0
1775252072.83744,44,5092.26,0.0,0
1775252072.83744,45,5093.66,0.0,0
1775252072.83744,46,5094.85,0.0,0
1775252072.8490992,47,5155.90,6.4,0
1775252072.6317034,1,5374.86,0.0,0
1775252072.852612,48,5158.80,0.0,0
1775252075.3453336,2,4307.66,6.1,0
1775252075.4084535,3,4245.54,44.4,0
1775252075.4596548,4,4195.74,0.0,0
1775252075.4606915,5,4196.30,0.0,0
1775252075.4606915,7,4197.35,0.0,0
1775252075.4641938,9,4194.85,0.0,0
1775252075.4606915,6,4199.46,0.0,0
1775252075.4606915,8,4200.66,0.0,0
1775252075.4641938,10,4197.16,0.0,0
1775252075.4641938,11,4198.67,0.0,0
1775252075.4641938,13,4200.18,0.0,0
1775252075.4641938,12,4201.19,0.0,0
1775252075.4657085,16,4201.25,0.0,0
1775252075.4641938,14,4203.86,0.0,0
1775252075.4657085,15,4202.35,0.0,0
1775252075.4657085,17,4203.85,42.9,0
1775252075.4657085,18,4205.41,0.0,0
1775252075.4657085,19,4205.94,0.0,0
1775252075.4667566,20,4205.91,0.0,0
1775252075.4667566,23,4207.42,0.0,0
1775252075.4667566,22,4208.42,0.0,0
1775252075.4667566,21,4209.42,0.0,0
1775252075.4667566,24,4210.43,0.0,0
1775252075.4678097,27,4210.37,0.0,0
1775252075.4667566,25,4213.14,0.0,0
1775252075.4667566,26,4214.60,0.0,0
1775252075.4678097,28,4214.84,0.0,0
1775252075.4678097,29,4214.84,0.0,0
1775252075.4678097,30,4215.87,0.0,0
1775252075.4678097,31,4217.36,100.0,0
1775252075.4678097,32,4218.51,7.7,0
1775252075.4678097,33,4219.05,0.0,0
1775252075.2937756,1,7057.56,7.1,0
1775252077.871411,2,4481.32,0.0,0
1775252077.8755386,3,4478.28,0.0,0
1775252077.9875226,20,4429.05,9.2,0
1775252077.988524,22,4429.05,0.0,0
1775252077.9863582,11,4432.72,0.0,0
1775252077.9863582,13,4434.26,23.1,0
1775252077.9851725,10,4435.95,50.0,0
1775252077.9863582,15,4435.77,0.0,0
1775252077.9863582,12,4437.78,0.0,0
1775252077.9875226,14,4437.62,0.0,0
1775252077.9875226,17,4438.74,0.0,0
1775252077.9875226,16,4439.74,0.0,0
1775252077.9836485,5,4444.61,0.0,0
1775252077.9851725,9,4443.09,0.0,0
1775252077.9836485,7,4447.22,0.0,0
1775252077.9851725,8,4446.69,0.0,0
1775252077.9875226,18,4445.34,0.0,0
1775252077.9875226,19,4446.34,0.0,0
1775252077.9836485,4,4451.72,50.0,0
1775252077.9836485,6,4452.73,12.5,0
1775252077.988524,25,4448.85,0.0,0
1775252077.988524,23,4449.86,0.0,0
1775252077.988524,26,4451.38,0.0,0
1775252077.988524,24,4452.39,0.0,0
1775252077.988524,21,4453.38,0.0,0
1775252077.9895883,28,4454.33,0.0,0
1775252077.9895883,27,4455.37,0.0,0
1775252077.9895883,30,4456.37,0.0,0
1775252077.9895883,29,4456.37,0.0,0
1775252077.9895883,31,4457.88,0.0,0
1775252077.9895883,32,4459.61,0.0,0
1775252077.990728,34,4459.48,0.0,0
1775252077.9895883,33,4461.63,18.2,0
1775252077.990728,35,4461.49,0.0,0
1775252077.9913106,36,4461.90,0.0,0
1775252077.9913106,37,4463.92,0.0,0
1775252077.9913106,38,4464.92,0.0,0
1775252077.9913106,39,4466.23,0.0,0
1775252077.9923403,40,4465.73,0.0,0
1775252077.9923403,41,4467.18,0.0,0
1775252077.9923403,42,4468.28,0.0,0
1775252077.993354,44,4468.27,0.0,0
1775252077.9923403,43,4470.79,0.0,0
1775252077.993354,45,4470.79,0.0,0
1775252077.993354,46,4472.29,0.0,0
1775252077.993354,47,4473.49,50.0,0
1775252077.9963841,48,4471.57,0.0,0
1775252077.9973865,51,4472.13,0.0,0
1775252077.9963841,49,4474.15,0.0,0
1775252077.9973865,52,4473.70,0.0,0
1775252077.9963841,50,4475.91,0.0,0
1775252077.7632587,1,4774.84,24.3,0
1775252078.012917,2,4633.24,8.0,0
1775252078.0070834,1,7081.34,4.2,0
1775252079.645466,2,5443.96,0.0,0
1775252079.8458698,23,5309.83,4.5,0
1775252079.8458698,22,5311.87,0.0,0
1775252079.8448617,21,5314.06,0.0,0
1775252079.8448617,20,5315.25,0.0,0
1775252079.8448617,17,5316.75,0.0,0
1775252079.8438637,16,5317.75,0.0,0
1775252079.8448617,19,5318.35,0.0,0
1775252079.8448617,18,5319.57,0.0,0
1775252079.8438637,15,5322.07,0.0,0
1775252079.842838,9,5323.10,0.0,0
1775252079.8438637,11,5323.38,0.0,0
1775252079.842303,6,5325.96,0.0,0
1775252079.8415194,3,5328.25,63.6,0
1775252079.8438637,12,5327.42,0.0,0
1775252079.8438637,13,5328.51,0.0,0
1775252079.842838,8,5330.59,0.0,0
1775252079.8438637,14,5330.56,0.0,0
1775252079.842838,10,5333.17,0.0,0
1775252079.8415194,5,5335.49,0.0,0
1775252079.842303,7,5335.79,0.0,0
1775252079.8404794,4,5337.62,0.0,0
1775252079.8458698,29,5333.73,0.0,0
1775252079.8458698,30,5335.75,0.0,0
1775252079.8458698,28,5336.76,0.0,0
1775252079.8458698,26,5337.98,0.0,0
1775252079.8458698,27,5338.98,0.0,0
1775252079.8473823,31,5337.98,11.1,0
1775252079.8458698,25,5340.92,0.0,0
1775252079.8458698,24,5341.91,0.0,0
1775252079.8473823,32,5341.60,0.0,0
1775252079.8473823,33,5341.60,0.0,0
1775252079.8473823,34,5343.69,0.0,0
1775252079.8473823,36,5344.89,0.0,0
1775252079.8473823,35,5346.40,0.0,0
1775252079.8473823,37,5347.90,0.0,0
1775252079.8473823,38,5348.91,0.0,0
1775252079.8473823,39,5349.92,0.0,0
1775252079.8489647,40,5349.75,0.0,0
1775252079.8489647,41,5350.25,0.0,0
1775252079.8489647,43,5351.34,75.0,0
1775252079.8489647,42,5352.73,0.0,0
1775252079.8489647,44,5353.73,0.0,0
1775252079.8489647,45,5354.73,0.0,0
1775252079.8501165,46,5354.97,0.0,0
1775252079.8501165,47,5356.34,0.0,0
1775252079.8501165,48,5358.47,0.0,0
1775252079.6360116,1,5573.57,0.0,0
1775252079.8521156,49,5358.47,0.0,0
1775252079.8587177,50,5424.67,4.3,0
1775252082.41179,2,4553.90,11.4,0
1775252082.5242832,3,4562.10,14.6,0
1775252082.5242832,4,4564.69,0.0,0
1775252082.5242832,5,4565.78,0.0,0
1775252082.5242832,6,4566.87,100.0,0
1775252082.525289,8,4567.24,25.0,0
1775252082.525289,7,4568.24,0.0,0
1775252082.525289,9,4568.24,0.0,0
1775252082.5265565,10,4568.98,0.0,0
1775252082.5265565,11,4568.98,0.0,0
1775252082.5265565,12,4570.48,0.0,0
1775252082.5265565,14,4572.49,0.0,0
1775252082.5265565,13,4573.00,0.0,0
1775252082.5265565,16,4575.00,0.0,0
1775252082.5265565,15,4576.26,0.0,0
1775252082.5265565,17,4578.30,0.0,0
1775252082.5265565,18,4578.82,0.0,0
1775252082.5265565,19,4580.34,40.0,0
1775252082.5265565,20,4581.36,0.0,0
1775252082.5279796,21,4581.95,0.0,0
1775252082.5279796,23,4582.96,0.0,0
1775252082.5279796,22,4584.28,0.0,0
1775252082.5279796,24,4585.86,0.0,0
1775252082.5279796,26,4587.36,0.0,0
1775252082.5279796,28,4588.37,0.0,0
1775252082.5279796,27,4589.37,0.0,0
1775252082.5279796,29,4589.95,0.0,0
1775252082.5290973,30,4590.34,0.0,0
1775252082.5290973,31,4591.86,0.0,0
1775252082.5290973,32,4592.87,0.0,0
1775252082.5290973,33,4594.37,55.6,0
1775252082.5279796,25,4596.50,0.0,0
1775252082.5296047,34,4595.88,0.0,0
1775252082.5296047,35,4596.88,0.0,0
1775252082.4059815,1,4746.33,38.9,0
1775252082.539113,36,4615.62,50.0,0
1775252085.1456695,2,4716.50,6.2,0
1775252085.2115922,3,4710.63,3.8,0
1775252085.2637901,7,4660.94,0.0,0
1775252085.2637901,4,4662.55,0.0,0
1775252085.2637901,5,4663.56,0.0,0
1775252085.2637901,6,4665.03,0.0,0
1775252085.2637901,8,4666.10,0.0,0
1775252085.2653277,9,4666.03,0.0,0
1775252085.2663398,10,4666.03,0.0,0
1775252085.2663398,11,4667.03,0.0,0
1775252085.2663398,12,4667.03,0.0,0
1775252085.2663398,14,4669.16,30.0,0
1775252085.2663398,13,4670.17,0.0,0
1775252085.2673488,15,4670.66,0.0,0
1775252085.2673488,16,4671.66,0.0,0
1775252085.2673488,17,4672.66,0.0,0
1775252085.2673488,18,4673.66,0.0,0
1775252085.2673488,19,4674.24,0.0,0
1775252085.2683794,20,4674.53,0.0,0
1775252085.2683794,21,4676.62,0.0,0
1775252085.2683794,22,4677.61,0.0,0
1775252085.2683794,23,4678.62,0.0,0
1775252085.2683794,24,4678.62,0.0,0
1775252085.2683794,25,4680.73,0.0,0
1775252085.2683794,26,4680.73,0.0,0
1775252085.2683794,27,4682.21,60.0,0
1775252085.2698903,28,4682.17,0.0,0
1775252085.2698903,29,4683.17,0.0,0
1775252085.2698903,30,4684.31,0.0,0
1775252085.2705054,31,4684.70,0.0,0
1775252085.2705054,32,4686.28,0.0,0
1775252085.2705054,33,4687.29,0.0,0
1775252085.2711017,34,4687.70,0.0,0
1775252085.2711017,35,4688.70,0.0,0
1775252085.2711017,36,4689.70,0.0,0
1775252085.2711017,38,4690.71,0.0,0
1775252085.2711017,37,4692.21,0.0,0
1775252085.2711017,39,4693.21,0.0,0
1775252085.2721102,40,4693.20,0.0,0
1775252085.2721102,41,4694.36,0.0,0
1775252085.2721102,42,4695.36,25.0,0
1775252085.2721102,43,4696.36,0.0,0
1775252085.2721102,44,4697.36,0.0,0
1775252085.2721102,45,4698.41,0.0,0
1775252085.2731826,47,4698.46,0.0,0
1775252085.2721102,46,4700.54,0.0,0
1775252085.2731826,48,4700.48,0.0,0
1775252085.2731826,49,4701.98,0.0,0
1775252085.2731826,50,4702.98,0.0,0
1775252085.2731826,51,4703.98,0.0,0
1775252085.2731826,52,4704.98,0.0,0
1775252085.2731826,53,4704.98,0.0,0
1775252085.0852861,1,4895.39,0.0,0
1775252085.2848918,54,4710.71,31.2,0
1775252087.1274855,2,5421.54,7.7,0
1775252087.1284862,6,5422.55,0.0,0
1775252087.1284862,8,5423.77,0.0,0
1775252087.1284862,5,5424.77,0.0,0
1775252087.1284862,3,5425.94,0.0,0
1775252087.1284862,7,5425.94,0.0,0
1775252087.1284862,4,5428.00,0.0,0
1775252087.1284862,9,5429.00,0.0,0
1775252087.1299927,11,5428.75,0.0,0
1775252087.1284862,10,5430.76,0.0,0
1775252087.1299927,12,5429.26,40.0,0
1775252087.1299927,13,5430.75,16.7,0
1775252087.1299927,14,5432.23,0.0,0
1775252087.1299927,15,5433.23,0.0,0
1775252087.1299927,16,5434.68,0.0,0
1775252087.1299927,17,5435.68,0.0,0
1775252087.1310017,18,5435.87,0.0,0
1775252087.1310017,19,5436.87,0.0,0
1775252087.1336575,21,5435.28,0.0,0
1775252087.1310017,20,5438.93,0.0,0
1775252087.1336575,22,5437.33,0.0,0
1775252087.1351767,24,5437.02,0.0,0
1775252087.1336575,23,5439.70,0.0,0
1775252087.1351767,25,5438.18,0.0,0
1775252087.1351767,26,5439.69,0.0,0
1775252087.1351767,27,5440.98,28.6,0
1775252087.1356997,28,5441.84,0.0,0
1775252087.1356997,29,5442.86,0.0,0
1775252087.1356997,30,5442.86,0.0,0
1775252087.1356997,31,5444.36,0.0,0
1775252087.1356997,32,5445.97,0.0,0
1775252087.1356997,33,5447.19,0.0,0
1775252087.136898,35,5447.09,0.0,0
1775252087.136898,36,5448.09,0.0,0
1775252087.136898,34,5449.37,0.0,0
1775252087.136898,38,5450.42,0.0,0
1775252087.136898,37,5451.53,0.0,0
1775252087.1379986,40,5450.43,0.0,0
1775252087.136898,39,5453.72,0.0,0
1775252087.1379986,41,5453.12,0.0,0
1775252087.1379986,43,5454.51,45.5,0
1775252087.1379986,42,5455.57,0.0,0
1775252087.1379986,44,5456.65,0.0,0
1775252087.1379986,45,5457.66,0.0,0
1775252087.1390433,47,5456.62,0.0,0
1775252087.1390433,49,5458.13,0.0,0
1775252087.1390433,46,5459.13,0.0,0
1775252087.1390433,48,5460.64,0.0,0
1775252087.077064,1,5595.73,11.1,0
1775252087.1557326,50,5518.56,0.0,0
1775252087.213852,51,5465.95,0.0,0
1775252089.9816742,2,4688.46,8.7,0
1775252089.9826784,7,4689.58,0.0,0
1775252089.9816742,5,4691.76,0.0,0
1775252089.9826784,6,4692.26,0.0,0
1775252089.9816742,4,4694.67,0.0,0
1775252089.9816742,3,4696.19,0.0,0
1775252089.9837697,8,4695.10,0.0,0
1775252089.9837697,9,4696.11,0.0,0
1775252089.9837697,10,4697.39,0.0,0
1775252089.9837697,11,4698.45,0.0,0
1775252089.9837697,12,4698.45,0.0,0
1775252089.9837697,13,4699.60,0.0,0
1775252089.9837697,15,4701.69,71.4,0
1775252089.9837697,14,4702.85,0.0,0
1775252089.9837697,16,4703.85,0.0,0
1775252089.9837697,17,4704.87,0.0,0
1775252089.985287,18,4704.68,0.0,0
1775252089.985287,20,4705.71,0.0,0
1775252089.985287,19,4705.71,0.0,0
1775252089.985287,21,4707.22,0.0,0
1775252089.985287,22,4708.60,0.0,0
1775252089.985287,23,4709.85,0.0,0
1775252089.985287,24,4710.95,0.0,0
1775252089.985287,25,4711.95,0.0,0
1775252089.985287,26,4713.17,0.0,0
1775252089.985287,27,4713.68,0.0,0
1775252089.9884915,28,4711.51,0.0,0
1775252089.9894989,29,4711.51,25.0,0
1775252089.9894989,30,4713.62,0.0,0
1775252089.9894989,32,4714.78,0.0,0
1775252089.9894989,31,4714.78,0.0,0
1775252089.9894989,33,4716.92,0.0,0
1775252089.9894989,34,4716.92,0.0,0
1775252089.9894989,35,4718.06,0.0,0
1775252089.9894989,36,4719.06,0.0,0
1775252089.991605,37,4718.37,0.0,0
1775252089.9976208,38,4736.82,28.6,0
1775252089.8647814,1,4870.75,0.0,0
1775252087.1390433,2,10456.93,6.5,0
1775252092.6010518,2,4996.43,0.0,0
1775252092.6563168,18,4943.85,0.0,0
1775252092.6563168,15,4945.01,0.0,0
1775252092.655316,14,4947.02,0.0,0
1775252092.6563168,16,4947.02,0.0,0
1775252092.6563168,17,4948.02,0.0,0
1775252092.6533234,6,4952.13,0.0,0
1775252092.6543179,8,4952.21,0.0,0
1775252092.6543179,9,4953.25,14.3,0
1775252092.655316,12,4953.51,0.0,0
1775252092.655316,11,4954.59,0.0,0
1775252092.6543179,7,4955.59,0.0,0
1775252092.655316,13,4956.10,0.0,0
1775252087.1437376,3,10469.20,0.0,0
1775252092.6533234,5,4959.62,0.0,0
1775252092.6533234,3,4960.71,0.0,0
1775252092.6563168,19,4959.22,0.0,0
1775252092.6573186,23,4959.46,0.0,0
1775252092.6563168,20,4961.54,0.0,0
1775252092.6573186,21,4961.78,0.0,0
1775252092.6573186,22,4962.81,0.0,0
1775252092.6573186,25,4963.89,0.0,0
1775252092.6533234,4,4969.03,0.0,0
1775252092.6573186,26,4966.30,44.4,0
1775252092.655316,10,4969.30,0.0,0
1775252092.6573186,27,4967.29,0.0,0
1775252092.6573186,24,4969.41,0.0,0
1775252092.6573186,28,4970.52,0.0,0
1775252092.6586814,29,4970.30,0.0,0
1775252092.6586814,30,4971.32,0.0,0
1775252092.6586814,32,4972.33,0.0,0
1775252092.6586814,33,4973.34,0.0,0
1775252092.6586814,31,4974.73,0.0,0
1775252092.6586814,34,4974.73,0.0,0
1775252092.659768,35,4975.46,0.0,0
1775252092.659768,37,4976.97,0.0,0
1775252092.659768,36,4978.16,0.0,0
1775252092.659768,39,4978.66,12.5,0
1775252092.659768,41,4979.67,0.0,0
1775252092.659768,38,4981.80,0.0,0
1775252092.659768,40,4982.87,0.0,0
1775252092.6608946,42,4982.87,0.0,0
1775252092.6608946,43,4983.94,0.0,0
1775252092.6608946,44,4985.01,0.0,0
1775252092.6608946,46,4985.01,0.0,0
1775252092.6608946,45,4986.56,0.0,0
1775252092.664171,47,4984.86,0.0,0
1775252092.664171,49,4986.10,0.0,0
1775252092.664171,48,4987.10,0.0,0
1775252092.664171,52,4987.10,0.0,0
1775252092.664171,53,4989.30,0.0,0
1775252092.664171,51,4990.36,33.3,0
1775252092.664171,50,4990.36,0.0,0
1775252092.6753013,54,5049.31,4.4,0
1775252092.4366255,1,5288.99,0.0,0
1775252087.1412268,1,10643.64,16.4,0
1775252094.6615744,2,5570.33,6.4,0
1775252094.71136,3,5583.69,16.0,0
1775252094.71136,4,5585.71,0.0,0
1775252094.71136,5,5586.94,0.0,0
1775252094.71136,6,5587.94,0.0,0
1775252094.71136,7,5589.42,0.0,0
1775252094.71136,8,5590.64,0.0,0
1775252094.71136,9,5591.64,0.0,0
1775252094.712874,10,5591.60,0.0,0
1775252094.712874,11,5592.93,0.0,0
1775252094.712874,13,5594.08,0.0,0
1775252094.712874,14,5595.11,0.0,0
1775252094.712874,15,5597.39,55.6,0
1775252094.712874,12,5598.46,25.0,0
1775252094.714002,16,5598.84,0.0,0
1775252094.714002,17,5599.99,0.0,0
1775252094.714002,19,5599.99,0.0,0
1775252094.714002,18,5601.50,0.0,0
1775252094.714002,20,5602.95,0.0,0
1775252094.714002,21,5604.37,0.0,0
1775252094.714002,22,5605.87,0.0,0
1775252094.715625,23,5605.38,0.0,0
1775252094.715625,24,5606.95,0.0,0
1775252094.715625,25,5606.95,0.0,0
1775252094.715625,26,5608.90,0.0,0
1775252094.715625,27,5610.33,55.6,0
1775252094.715625,28,5611.61,0.0,0
1775252094.7166324,30,5611.79,0.0,0
1775252094.7166324,31,5611.79,0.0,0
1775252094.7166324,29,5614.30,0.0,0
1775252094.7166324,32,5614.30,0.0,0
1775252094.7166324,33,5615.93,0.0,0
1775252094.7176337,34,5616.16,0.0,0
1775252094.7176337,35,5617.66,0.0,0
1775252094.7176337,36,5618.85,0.0,0
1775252094.7176337,37,5620.17,0.0,0
1775252094.7176337,38,5621.51,0.0,0
1775252094.718635,39,5622.33,0.0,0
1775252094.718635,41,5623.34,21.4,0
1775252094.718635,40,5624.68,0.0,0
1775252094.718635,43,5625.74,0.0,0
1775252094.7196367,45,5625.24,0.0,0
1775252094.718635,42,5627.61,0.0,0
1775252094.7196367,44,5627.61,0.0,0
1775252094.7196367,46,5629.21,0.0,0
1775252094.7196367,47,5630.52,0.0,0
1775252094.7196367,49,5631.65,0.0,0
1775252094.7196367,48,5632.85,0.0,0
1775252094.5560145,1,5797.61,0.0,0
1775252094.7375395,50,5640.90,38.7,0
1775252097.70702,2,4678.07,3.8,0
1775252097.7080479,3,4678.55,0.0,0
1775252097.7080479,4,4679.76,0.0,0
1775252097.7080479,5,4680.81,25.0,0
1775252097.7080479,7,4682.06,0.0,0
1775252097.7080479,6,4682.06,0.0,0
1775252097.7080479,8,4683.53,0.0,0
1775252097.7090302,9,4683.55,0.0,0
1775252097.7100282,11,4682.55,0.0,0
1775252097.7100282,10,4685.06,0.0,0
1775252097.7100282,12,4686.07,0.0,0
1775252097.7100282,13,4687.07,0.0,0
1775252097.7100282,14,4687.07,0.0,0
1775252097.7100282,15,4689.18,0.0,0
1775252097.7100282,16,4690.81,0.0,0
1775252097.7110286,18,4692.82,64.7,0
1775252097.7110286,17,4694.82,0.0,0
1775252097.7110286,19,4696.23,0.0,0
1775252097.7110286,20,4697.74,0.0,0
1775252097.7120306,22,4698.25,0.0,0
1775252097.7120306,24,4699.66,0.0,0
1775252097.7110286,21,4702.17,0.0,0
1775252097.7120306,23,4702.62,0.0,0
1775252097.7120306,25,4704.11,0.0,0
1775252097.7120306,27,4706.12,0.0,0
1775252097.7120306,26,4708.16,91.7,0
1775252097.7120306,28,4709.68,0.0,0
1775252097.7130299,29,4709.18,0.0,0
1775252097.7135363,31,4711.19,0.0,0
1775252097.7130299,30,4712.99,0.0,0
1775252097.7135363,32,4713.48,0.0,0
1775252097.7135363,33,4715.48,0.0,0
1775252097.7135363,34,4716.99,0.0,0
1775252097.7135363,35,4717.99,0.0,0
1775252097.7135363,36,4719.99,0.0,0
1775252097.7145452,37,4720.49,100.0,0
1775252097.7145452,38,4721.50,56.2,0
1775252097.482823,1,4983.33,12.5,0
1775252097.779841,39,4688.43,28.6,0
1775252100.2851717,2,5394.89,9.1,0
1775252100.3550954,3,5384.96,4.8,0
1775252094.7243445,3,11016.79,0.0,0
1775252100.3562353,6,5386.16,0.0,0
1775252100.3562353,7,5387.16,0.0,0
1775252094.723838,4,11020.55,0.0,0
1775252100.3562353,5,5389.26,0.0,0
1775252100.3562353,4,5389.83,0.0,0
1775252094.7222307,2,11025.35,25.0,0
1775252100.3562353,8,5392.85,16.7,0
1775252100.3576608,9,5392.48,0.0,0
1775252100.3576608,10,5393.58,0.0,0
1775252100.3588765,11,5393.40,0.0,0
1775252100.3588765,12,5394.51,0.0,0
1775252100.3588765,13,5395.51,0.0,0
1775252100.3588765,14,5396.78,0.0,0
1775252100.3598735,16,5400.19,0.0,0
1775252100.3588765,15,5402.18,0.0,0
1775252100.3598735,18,5403.15,73.3,0
1775252100.3598735,17,5405.45,0.0,0
1775252100.3598735,19,5406.52,0.0,0
1775252100.3598735,22,5407.70,0.0,0
1775252100.3598735,20,5409.74,0.0,0
1775252100.3598735,21,5411.43,0.0,0
1775252100.3613245,23,5411.01,0.0,0
1775252100.3613245,24,5412.92,0.0,0
1775252100.3613245,26,5414.06,0.0,0
1775252100.3613245,25,5416.06,0.0,0
1775252100.3613245,27,5417.06,86.7,0
1775252100.3613245,28,5418.56,0.0,0
1775252100.3623245,29,5419.09,0.0,0
1775252100.3623245,30,5421.10,0.0,0
1775252100.3628347,31,5422.09,0.0,0
1775252100.3628347,32,5423.67,0.0,0
1775252100.3628347,33,5424.67,0.0,0
1775252100.3628347,34,5426.67,0.0,0
1775252100.3628347,35,5427.67,0.0,0
1775252100.3628347,37,5429.67,0.0,0
1775252100.3628347,36,5431.67,0.0,0
1775252100.3641806,38,5431.54,46.2,0
1775252100.3641806,39,5431.54,0.0,0
1775252100.3641806,40,5434.28,0.0,0
1775252100.3641806,41,5434.79,0.0,0
1775252100.3641806,42,5436.05,0.0,0
1775252100.3641806,44,5436.05,0.0,0
1775252100.3641806,43,5438.60,0.0,0
1775252100.365686,46,5437.09,0.0,0
1775252100.3641806,45,5440.56,0.0,0
1775252100.365686,47,5440.07,0.0,0
1775252100.365686,48,5441.07,0.0,0
1775252100.365686,49,5443.07,0.0,0
1775252100.365686,50,5445.27,56.2,0
1775252100.366695,51,5446.15,0.0,0
1775252100.366695,52,5448.66,0.0,0
1775252100.366695,54,5449.90,0.0,0
1775252100.366695,53,5451.04,0.0,0
1775252100.366695,56,5452.21,0.0,0
1775252100.366695,55,5453.21,0.0,0
1775252100.3677394,57,5453.22,0.0,0
1775252100.3677394,59,5454.46,0.0,0
1775252100.3677394,58,5455.54,0.0,0
1775252100.3677394,60,5456.54,0.0,0
1775252100.2287376,1,5596.78,0.0,0
1775252100.3809483,61,5518.30,3.8,0
1775252094.7207143,1,13418.11,8.2,0
1775252102.4370441,2,5820.78,19.2,0
1775252102.4380448,3,5821.79,0.0,0
1775252102.4380448,5,5822.93,0.0,0
1775252102.4380448,4,5823.94,0.0,0
1775252102.4380448,6,5825.45,60.0,0
1775252102.4395492,8,5825.53,0.0,0
1775252102.4395492,7,5826.06,0.0,0
1775252102.4395492,9,5827.58,0.0,0
1775252102.4395492,10,5828.58,0.0,0
1775252102.4395492,11,5830.09,0.0,0
1775252102.4405642,12,5830.59,0.0,0
1775252102.4405642,13,5831.97,0.0,0
1775252102.4405642,14,5832.97,0.0,0
1775252102.4415722,15,5833.46,0.0,0
1775252102.4415722,16,5834.47,0.0,0
1775252102.4415722,17,5834.47,0.0,0
1775252102.4415722,18,5836.98,0.0,0
1775252102.4415722,19,5836.98,25.0,0
1775252102.4415722,20,5839.06,0.0,0
1775252102.4425738,21,5839.08,0.0,0
1775252102.4425738,22,5841.21,0.0,0
1775252102.4425738,23,5841.21,0.0,0
1775252102.4425738,24,5843.23,0.0,0
1775252102.4425738,25,5845.27,0.0,0
1775252102.4425738,26,5846.27,0.0,0
1775252102.4425738,28,5847.28,0.0,0
1775252102.4425738,27,5849.29,0.0,0
1775252102.4425738,29,5850.50,0.0,0
1775252102.4425738,30,5851.50,0.0,0
1775252102.444042,33,5851.43,25.0,0
1775252102.444042,31,5853.04,0.0,0
1775252102.444042,32,5855.07,0.0,0
1775252102.444042,35,5856.07,0.0,0
1775252102.444042,36,5857.07,0.0,0
1775252102.444042,34,5858.07,0.0,0
1775252102.444042,37,5860.07,0.0,0
1775252102.4450417,39,5860.07,0.0,0
1775252102.444042,38,5862.07,0.0,0
1775252102.4450417,40,5863.07,0.0,0
1775252102.4450417,41,5864.07,0.0,0
1775252102.4450417,42,5865.07,0.0,0
1775252102.4450417,43,5866.64,37.5,0
1775252102.4450417,44,5868.16,0.0,0
1775252102.4463456,45,5867.87,0.0,0
1775252102.4688046,46,5916.68,21.9,0
1775252102.2684705,1,6119.06,0.0,0
1775252102.526443,47,5868.09,31.2,0
1775252105.8265133,2,4620.57,13.1,0
1775252105.878239,3,4569.91,0.0,0
1775252105.878239,4,4571.42,0.0,0
1775252105.8792522,7,4572.02,33.3,0
1775252105.878239,6,4574.04,0.0,0
1775252105.878239,5,4575.04,0.0,0
1775252105.8802361,8,4575.05,0.0,0
1775252105.8802361,9,4577.06,0.0,0
1775252105.8807433,10,4577.54,0.0,0
1775252105.8807433,11,4578.54,0.0,0
1775252105.8807433,13,4581.06,0.0,0
1775252105.8807433,14,4582.06,0.0,0
1775252105.8807433,12,4583.13,0.0,0
1775252105.8817532,15,4583.63,100.0,0
1775252105.8817532,16,4595.66,90.0,0
1775252105.8817532,17,4604.22,100.0,0
1775252105.8817532,18,4606.23,0.0,0
1775252105.8827548,19,4606.23,0.0,0
1775252105.8827548,20,4608.23,0.0,0
1775252105.8827548,21,4609.73,0.0,0
1775252105.8827548,22,4610.74,0.0,0
1775252105.8827548,23,4612.74,0.0,0
1775252105.8827548,24,4614.74,100.0,0
1775252105.8837676,25,4615.48,53.8,0
1775252105.8837676,26,4616.49,0.0,0
1775252105.8837676,27,4617.49,0.0,0
1775252105.8837676,28,4619.49,0.0,0
1775252105.8837676,29,4621.49,0.0,0
1775252105.8837676,30,4622.49,0.0,0
1775252105.8837676,31,4623.99,0.0,0
1775252105.8852777,32,4624.49,0.0,0
1775252105.8852777,33,4626.49,0.0,0
1775252105.8852777,34,4628.00,100.0,0
1775252105.8852777,35,4630.00,0.0,0
1775252105.8852777,36,4631.52,0.0,0
1775252105.8852777,37,4632.52,0.0,0
1775252105.8867307,38,4633.06,0.0,0
1775252105.8867307,40,4634.58,0.0,0
1775252105.8867307,39,4636.59,0.0,0
1775252105.900506,41,4701.14,39.5,0
1775252105.734304,1,8222.40,6.0,0
1775252108.3694668,11,5706.20,0.0,0
1775252108.3681407,8,5708.52,12.5,0
1775252108.3681407,4,5709.52,0.0,0
1775252108.3681407,6,5710.75,0.0,0
1775252108.3681407,10,5711.75,0.0,0
1775252108.3681407,5,5713.37,0.0,0
1775252102.4493558,4,11633.53,0.0,0
1775252108.3681407,9,5715.79,0.0,0
1775252108.3671372,3,5717.79,0.0,0
1775252108.3681407,7,5717.29,0.0,0
1775252108.3671372,2,5719.72,0.0,0
1775252102.453366,5,11634.85,0.0,0
1775252102.4463456,2,11643.01,0.0,0
1775252102.451364,3,11639.10,0.0,0
1775252108.3705275,17,5721.04,0.0,0
1775252108.3694668,16,5723.12,33.3,0
1775252108.3694668,13,5724.12,0.0,0
1775252108.3694668,12,5725.26,0.0,0
1775252108.3705275,18,5725.44,0.0,0
1775252108.3694668,15,5727.58,0.0,0
1775252108.3694668,14,5727.58,0.0,0
1775252108.3705275,19,5728.61,0.0,0
1775252108.3710341,20,5729.25,0.0,0
1775252108.3710341,22,5730.41,0.0,0
1775252108.3710341,23,5730.41,0.0,0
1775252108.3710341,21,5731.97,0.0,0
1775252108.3710341,24,5733.02,0.0,0
1775252108.3710341,25,5734.94,0.0,0
1775252108.3721852,27,5734.93,0.0,0
1775252108.3710341,26,5737.15,60.0,0
1775252108.3721852,28,5737.22,0.0,0
1775252108.3721852,29,5738.40,0.0,0
1775252108.3721852,30,5739.52,0.0,0
1775252108.3721852,31,5740.62,0.0,0
1775252108.3721852,32,5741.67,0.0,0
1775252108.3721852,33,5741.67,0.0,0
1775252108.3732734,35,5742.14,0.0,0
1775252108.3732734,34,5743.57,0.0,0
1775252108.3732734,36,5743.57,0.0,0
1775252108.3732734,37,5745.05,0.0,0
1775252108.3732734,38,5747.13,0.0,0
1775252108.3732734,39,5747.69,0.0,0
1775252108.3742726,41,5748.02,0.0,0
1775252108.3732734,40,5750.28,20.0,0
1775252108.3742726,42,5750.29,0.0,0
1775252108.3747823,44,5750.94,0.0,0
1775252108.3747823,43,5751.94,0.0,0
1775252108.3747823,45,5752.49,0.0,0
1775252108.3747823,46,5753.80,0.0,0
1775252108.3747823,48,5755.03,0.0,0
1775252108.3747823,47,5755.03,0.0,0
1775252108.3747823,49,5756.30,0.0,0
1775252108.3759644,50,5757.17,0.0,0
1775252108.3759644,51,5757.17,0.0,0
1775252108.3759644,52,5758.23,0.0,0
1775252108.3759644,53,5759.74,0.0,0
1775252108.3759644,55,5760.74,0.0,0
1775252108.3759644,54,5761.89,0.0,0
1775252108.3759644,56,5763.18,11.1,0
1775252108.3759644,57,5764.21,0.0,0
1775252108.3759644,58,5764.21,0.0,0
1775252108.3759644,59,5765.40,0.0,0
1775252108.3759644,60,5767.09,0.0,0
1775252108.3777556,62,5766.65,0.0,0
1775252108.3777556,61,5767.78,0.0,0
1775252108.3777556,63,5767.78,0.0,0
1775252108.3895347,64,5882.48,4.7,0
1775252108.1414309,1,6131.58,0.0,0
1775252102.44785,1,11883.72,1.6,0
1775252110.3858376,2,3946.75,0.0,0
1775252110.3890796,3,6235.14,9.8,0
1775252110.575261,5,6061.12,0.0,0
1775252110.575261,6,6061.12,0.0,0
1775252110.5799747,11,6059.10,63.6,0
1775252110.575261,7,6064.82,0.0,0
1775252110.576517,9,6064.56,0.0,0
1775252110.5789733,10,6063.10,0.0,0
1775252110.575261,8,6067.82,0.0,0
1775252110.575261,4,6067.82,0.0,0
1775252110.5804813,14,6064.85,0.0,0
1775252110.5799747,12,6066.36,0.0,0
1775252110.5799747,13,6067.37,0.0,0
1775252110.5804813,16,6067.87,0.0,0
1775252110.5804813,19,6068.38,0.0,0
1775252110.5804813,15,6069.95,0.0,0
1775252110.5804813,18,6071.18,0.0,0
1775252110.5804813,17,6072.18,0.0,0
1775252110.5804813,20,6073.18,0.0,0
1775252110.5804813,22,6073.77,16.7,0
1775252110.5804813,21,6074.78,0.0,0
1775252110.5804813,23,6076.11,0.0,0
1775252110.5804813,24,6077.60,0.0,0
1775252110.581986,25,6077.19,0.0,0
1775252110.581986,26,6077.19,0.0,0
1775252110.581986,27,6078.40,0.0,0
1775252110.581986,28,6079.42,0.0,0
1775252110.581986,29,6080.93,0.0,0
1775252110.581986,30,6081.94,0.0,0
1775252110.581986,31,6083.69,0.0,0
1775252110.5829928,33,6083.90,0.0,0
1775252110.581986,32,6086.04,0.0,0
1775252110.5829928,34,6085.03,0.0,0
1775252110.5829928,35,6086.54,12.5,0
1775252110.5829928,36,6088.17,0.0,0
1775252110.5829928,38,6089.38,0.0,0
1775252110.5829928,37,6090.56,0.0,0
1775252110.5829928,39,6091.58,0.0,0
1775252110.5839922,40,6091.76,0.0,0
1775252110.5839922,42,6091.76,0.0,0
1775252110.5839922,41,6092.88,0.0,0
1775252110.5839922,44,6093.93,0.0,0
1775252110.5839922,43,6095.96,0.0,0
1775252110.5839922,46,6095.96,0.0,0
1775252110.5839922,45,6097.59,0.0,0
1775252110.3747098,1,6308.00,0.0,0
1775252110.5955005,47,6088.49,0.0,0
1775252113.959889,2,4884.85,7.1,0
1775252114.147263,2,4818.36,7.4,0
1775252114.249901,5,4717.30,18.2,0
1775252114.249901,4,4718.47,0.0,0
1775252114.249901,6,4719.97,0.0,0
1775252114.249901,3,4721.07,0.0,0
1775252114.2555728,12,4715.40,0.0,0
1775252114.25456,11,4717.97,0.0,0
1775252114.25456,10,4719.66,0.0,0
1775252114.25456,9,4719.66,0.0,0
1775252114.25456,8,4721.07,0.0,0
1775252114.25456,7,4722.16,0.0,0
1775252114.2555728,13,4722.18,0.0,0
1775252114.2555728,14,4723.18,0.0,0
1775252114.2555728,15,4724.18,0.0,0
1775252114.2555728,16,4725.21,0.0,0
1775252114.256564,17,4725.23,62.5,0
1775252114.256564,18,4726.73,0.0,0
1775252114.256564,19,4728.03,0.0,0
1775252114.256564,20,4728.53,0.0,0
1775252114.256564,21,4729.76,0.0,0
1775252114.2575634,23,4729.76,0.0,0
1775252114.256564,22,4731.76,0.0,0
1775252114.2575634,25,4731.76,0.0,0
1775252114.2575634,24,4732.76,0.0,0
1775252114.2575634,26,4734.23,0.0,0
1775252114.2575634,27,4735.44,0.0,0
1775252114.2575634,28,4735.44,0.0,0
1775252114.2585635,29,4735.82,0.0,0
1775252114.2585635,30,4737.17,0.0,0
1775252114.2585635,31,4738.67,0.0,0
1775252114.2585635,32,4739.89,30.0,0
1775252114.2585635,34,4740.40,0.0,0
1775252114.2585635,35,4741.42,0.0,0
1775252114.2585635,33,4742.42,0.0,0
1775252114.259719,36,4742.27,0.0,0
1775252114.259719,38,4743.28,0.0,0
1775252114.259719,39,4744.54,0.0,0
1775252114.259719,37,4745.67,0.0,0
1775252114.259719,40,4746.90,0.0,0
1775252114.259719,41,4747.90,0.0,0
1775252113.9531035,1,5055.52,0.0,0
1775252114.2745204,42,4811.02,6.3,0
1775252114.0619829,1,5025.56,0.0,0
1775252114.3349557,43,4811.50,3.1,0
1775252116.627335,2,6182.92,6.8,0
1775252116.736661,5,6136.85,8.5,0
1775252110.5910184,4,12285.02,0.0,0
1775252116.736661,3,6140.38,0.0,0
1775252110.5865085,3,12292.02,0.0,0
1775252110.5885134,2,12291.55,0.0,0
1775252116.736661,6,6144.69,0.0,0
1775252116.736661,7,6146.39,0.0,0
1775252116.736661,4,6147.41,0.0,0
1775252116.7377079,8,6146.36,0.0,0
1775252116.7377079,9,6147.89,0.0,0
1775252116.7388322,10,6148.04,0.0,0
1775252116.7388322,11,6149.07,0.0,0
1775252116.7388322,12,6150.33,52.9,0
1775252116.7388322,13,6151.83,0.0,0
1775252116.7388322,15,6153.03,0.0,0
1775252116.7388322,14,6153.03,0.0,0
1775252116.7398565,16,6153.51,0.0,0
1775252116.7398565,17,6154.86,0.0,0
1775252116.7398565,18,6154.86,0.0,0
1775252116.7398565,19,6156.36,0.0,0
1775252116.7398565,20,6157.36,0.0,0
1775252116.7398565,21,6159.28,0.0,0
1775252116.740895,23,6159.31,0.0,0
1775252116.740895,24,6159.31,0.0,0
1775252116.740895,22,6161.38,0.0,0
1775252116.740895,25,6162.55,0.0,0
1775252116.740895,26,6163.59,25.0,0
1775252116.740895,27,6164.70,0.0,0
1775252116.741962,30,6164.99,0.0,0
1775252116.740895,28,6166.05,0.0,0
1775252116.741962,29,6166.21,0.0,0
1775252116.741962,31,6167.72,0.0,0
1775252116.741962,32,6169.13,0.0,0
1775252116.741962,34,6169.13,0.0,0
1775252116.7430155,35,6169.78,0.0,0
1775252116.741962,33,6172.01,0.0,0
1775252116.7430155,36,6171.96,0.0,0
1775252116.7430155,37,6172.46,0.0,0
1775252116.7450352,38,6171.45,0.0,0
1775252116.746176,41,6171.48,0.0,0
1775252116.746176,39,6172.68,0.0,0
1775252116.746176,40,6173.68,91.7,0
1775252116.746176,42,6174.72,0.0,0
1775252116.746176,43,6175.80,0.0,0
1775252116.746176,44,6177.29,0.0,0
1775252116.746176,45,6178.29,0.0,0
1775252116.747193,46,6178.84,0.0,0
1775252116.747193,48,6180.23,0.0,0
1775252116.747193,47,6181.26,0.0,0
1775252116.747193,49,6181.26,0.0,0
1775252116.747193,50,6182.76,0.0,0
1775252116.747193,51,6184.03,0.0,0
1775252116.747193,52,6184.03,0.0,0
1775252116.747193,53,6185.34,0.0,0
1775252116.747193,54,6186.82,0.0,0
1775252116.7488542,55,6186.19,0.0,0
1775252116.7488542,56,6187.39,12.5,0
1775252116.7488542,58,6188.39,0.0,0
1775252116.7488542,57,6189.38,0.0,0
1775252116.7488542,60,6190.38,0.0,0
1775252116.7488542,59,6191.39,0.0,0
1775252116.7488542,62,6191.39,0.0,0
1775252116.7488542,61,6192.62,0.0,0
1775252116.7488542,63,6193.94,0.0,0
1775252116.7488542,65,6193.94,0.0,0
1775252116.7488542,64,6195.22,0.0,0
1775252116.7503672,66,6194.73,0.0,0
1775252116.7503672,67,6196.23,0.0,0
1775252116.7503672,68,6196.73,0.0,0
1775252116.7503672,69,6197.80,0.0,0
1775252116.6168163,1,6332.36,0.0,0
1775252116.7524076,70,6198.67,70.6,0
1775252116.759455,71,6317.28,14.9,0
1775252118.9491026,2,6213.12,10.4,0
1775252110.5849936,1,14578.22,0.0,0
1775252119.0613885,2,6216.24,7.1,0
1775252119.0654807,20,6213.26,62.5,0
1775252119.0654807,22,6214.27,0.0,0
1775252119.0613885,3,6219.38,0.0,0
1775252119.0654807,21,6216.79,0.0,0
1775252119.0639536,11,6219.33,0.0,0
1775252119.064469,13,6219.82,0.0,0
1775252119.064469,14,6220.83,0.0,0
1775252119.064469,15,6222.23,0.0,0
1775252119.064469,16,6223.46,0.0,0
1775252119.0613885,4,6227.63,0.0,0
1775252119.0639536,12,6226.15,0.0,0
1775252119.066625,27,6224.51,0.0,0
1775252119.0613885,5,6231.00,0.0,0
1775252119.0654807,25,6227.92,0.0,0
1775252119.0613885,7,6232.02,0.0,0
1775252119.0654807,23,6229.92,25.0,0
1775252119.064469,17,6231.96,0.0,0
1775252119.064469,18,6232.95,0.0,0
1775252119.0613885,8,6236.04,0.0,0
1775252119.0629394,10,6236.27,0.0,0
1775252119.066625,28,6232.59,0.0,0
1775252119.0629394,9,6237.68,0.0,0
1775252119.066625,26,6235.00,0.0,0
1775252119.0654807,24,6237.65,0.0,0
1775252119.0613885,6,6242.32,0.0,0
1775252119.0696461,30,6236.50,0.0,0
1775252119.0696461,31,6237.54,0.0,0
1775252119.066625,29,6241.56,0.0,0
1775252119.064469,19,6244.71,0.0,0
1775252119.0707798,32,6239.40,0.0,0
1775252119.0714083,34,6239.78,30.0,0
1775252119.0707798,33,6241.40,0.0,0
1775252119.0714083,35,6241.77,0.0,0
1775252119.0714083,37,6243.24,0.0,0
1775252119.0714083,36,6244.24,0.0,0
1775252119.0714083,38,6245.36,0.0,0
1775252119.0724204,39,6244.34,0.0,0
1775252119.0724204,40,6245.47,0.0,0
1775252119.0724204,41,6246.51,0.0,0
1775252119.0724204,42,6247.57,0.0,0
1775252118.847255,1,6592.20,7.3,0
1775252119.0886765,43,6351.78,0.0,0
1775252119.1490498,44,6297.95,0.0,0
1775252119.009821,1,6437.68,0.0,0
1775252122.8655896,2,4626.89,7.3,0
1775252122.9520898,3,4541.71,0.0,0
1775252123.0545523,4,4440.55,0.0,0
1775252123.0545523,3,4441.74,0.0,0
1775252123.05354,2,4444.26,78.6,0
1775252123.0560591,5,4443.92,0.0,0
1775252123.0560591,6,4445.51,0.0,0
1775252123.0560591,7,4446.57,0.0,0
1775252123.0560591,8,4447.65,0.0,0
1775252123.0570679,11,4448.22,0.0,0
1775252123.0570679,10,4449.28,0.0,0
1775252123.0570679,9,4449.81,0.0,0
1775252123.0570679,12,4450.86,0.0,0
1775252123.0570679,14,4451.93,0.0,0
1775252123.0570679,13,4453.12,0.0,0
1775252123.061155,15,4450.09,0.0,0
1775252123.061155,16,4451.15,0.0,0
1775252123.061155,17,4451.66,0.0,0
1775252123.061155,18,4453.11,13.3,0
1775252123.061155,20,4454.20,0.0,0
1775252123.061155,19,4455.37,0.0,0
1775252123.061155,21,4455.37,0.0,0
1775252123.0621557,22,4455.37,0.0,0
1775252123.0621557,24,4456.92,0.0,0
1775252123.0621557,23,4457.42,0.0,0
1775252123.0621557,25,4459.04,0.0,0
1775252123.0621557,26,4460.21,0.0,0
1775252123.0631554,27,4459.21,0.0,0
1775252123.0631554,28,4460.29,0.0,0
1775252123.0636618,31,4460.78,0.0,0
1775252123.0631554,29,4462.57,0.0,0
1775252123.0636618,30,4463.32,0.0,0
1775252123.0636618,32,4464.38,0.0,0
1775252123.0636618,33,4465.44,0.0,0
1775252123.0636618,34,4465.94,18.2,0
1775252123.0636618,35,4466.50,0.0,0
1775252123.0646703,36,4466.50,0.0,0
1775252123.0646703,37,4467.83,0.0,0
1775252123.0646703,38,4467.83,0.0,0
1775252122.8127701,1,7736.54,7.6,0
1775252125.165308,2,5386.16,0.0,0
1775252125.267228,3,5286.25,0.0,0
1775252123.05354,1,7500.94,0.0,0
1775252125.3210359,4,5344.64,11.4,0
1775252119.0734217,45,11594.25,0.0,0
1775252119.0758317,46,11592.84,0.0,0
1775252119.0744221,47,11594.25,0.0,0
1775252125.423368,5,5246.81,20.0,0
1775252125.423368,6,5247.87,0.0,0
1775252125.423368,7,5249.38,0.0,0
1775252125.423368,8,5249.38,0.0,0
1775252125.4243705,9,5249.89,0.0,0
1775252125.4243705,10,5250.89,0.0,0
1775252125.4243705,11,5251.89,0.0,0
1775252125.4253776,13,5252.42,0.0,0
1775252125.4253776,12,5253.42,0.0,0
1775252125.4253776,14,5253.42,0.0,0
1775252125.4253776,15,5254.42,0.0,0
1775252125.4253776,16,5254.93,0.0,0
1775252125.4253776,17,5255.93,0.0,0
1775252125.426378,18,5255.93,0.0,0
1775252125.426378,19,5256.93,0.0,0
1775252125.426378,20,5257.93,0.0,0
1775252125.426378,21,5259.43,30.0,0
1775252125.426378,22,5260.43,0.0,0
1775252125.4273763,23,5259.44,0.0,0
1775252125.4273763,25,5261.44,0.0,0
1775252125.4273763,24,5262.44,0.0,0
1775252125.4273763,26,5263.44,0.0,0
1775252125.4273763,27,5264.44,0.0,0
1775252125.4273763,28,5265.44,0.0,0
1775252125.4273763,29,5266.01,0.0,0
1775252125.4273763,30,5267.01,0.0,0
1775252125.4283783,31,5268.01,0.0,0
1775252125.4283783,32,5269.01,0.0,0
1775252125.4283783,33,5269.52,0.0,0
1775252125.4283783,34,5270.52,0.0,0
1775252125.4283783,35,5270.52,0.0,0
1775252125.4283783,36,5272.03,75.0,0
1775252125.4283783,37,5273.04,30.8,0
1775252125.4283783,38,5275.04,0.0,0
1775252125.4283783,39,5276.04,0.0,0
1775252125.4283783,40,5277.05,0.0,0
1775252125.4283783,41,5279.11,0.0,0
1775252125.4283783,42,5280.68,0.0,0
1775252125.4298844,43,5280.18,0.0,0
1775252125.4298844,44,5281.18,0.0,0
1775252125.4298844,45,5282.18,0.0,0
1775252125.4298844,46,5283.18,0.0,0
1775252125.4304354,47,5283.13,0.0,0
1775252125.4304354,48,5284.13,0.0,0
1775252125.4304354,49,5285.64,0.0,0
1775252125.4324389,50,5284.64,27.3,0
1775252125.4324389,51,5285.64,0.0,0
1775252125.4324389,52,5285.64,0.0,0
1775252125.4324389,54,5287.14,0.0,0
1775252125.4324389,53,5288.65,0.0,0
1775252125.4324389,55,5289.66,0.0,0
1775252125.4424531,56,5345.50,14.9,0
1775252125.1590655,1,5629.89,0.0,0
1775252125.449002,57,5345.39,0.0,0
1775252127.736746,3,4746.20,7.3,0
1775252127.7377596,4,4747.20,0.0,0
1775252127.736746,2,4749.97,0.0,0
1775252127.739764,12,4748.15,0.0,0
1775252127.739764,11,4749.60,0.0,0
1775252127.7377596,5,4752.97,0.0,0
1775252127.7407582,14,4750.97,0.0,0
1775252127.7387562,7,4754.38,0.0,0
1775252127.739764,13,4754.45,0.0,0
1775252127.7427578,25,4751.46,0.0,0
1775252127.7427578,23,4752.50,0.0,0
1775252127.7427578,22,4753.50,0.0,0
1775252127.7427578,21,4754.50,50.0,0
1775252127.7427578,24,4756.08,0.0,0
1775252127.7407582,15,4759.40,0.0,0
1775252127.739764,10,4761.50,0.0,0
1775252127.7407582,17,4761.06,0.0,0
1775252127.7427578,27,4760.07,0.0,0
1775252127.7407582,16,4763.35,0.0,0
1775252127.7427578,26,4762.35,0.0,0
1775252127.7417564,19,4764.35,0.0,0
1775252127.7417564,18,4765.35,0.0,0
1775252127.7417564,20,4767.35,0.0,0
1775252127.7387562,8,4771.35,0.0,0
1775252127.739764,9,4771.43,0.0,0
1775252127.7387562,6,4772.44,0.0,0
1775252127.7427578,28,4769.48,0.0,0
1775252127.7440357,29,4769.20,16.7,0
1775252127.7440357,31,4770.28,0.0,0
1775252127.7440357,32,4771.28,0.0,0
1775252127.7440357,30,4772.69,0.0,0
1775252127.7471764,33,4770.09,0.0,0
1775252127.4854672,1,5101.32,11.8,0
1775252130.5554855,2,3714.29,7.9,0
1775252130.7745998,5,3560.94,47.0,0
1775252130.7745998,4,3562.97,0.0,0
1775252130.7745998,3,3563.96,0.0,0
1775252130.7745998,6,3563.96,0.0,0
1775252130.7745998,7,3566.51,0.0,0
1775252130.7756045,9,3566.50,35.7,0
1775252130.7745998,8,3568.50,0.0,0
1775252130.7756045,10,3568.50,0.0,0
1775252130.7756045,11,3569.50,0.0,0
1775252130.7768211,12,3570.29,0.0,0
1775252130.7768211,13,3570.29,0.0,0
1775252130.7768211,15,3572.38,0.0,0
1775252130.7768211,16,3572.38,0.0,0
1775252130.7768211,14,3573.38,0.0,0
1775252130.7768211,18,3575.16,0.0,0
1775252130.7768211,17,3576.25,0.0,0
1775252130.7768211,19,3577.26,0.0,0
1775252130.7768211,20,3578.26,0.0,0
1775252130.7768211,22,3579.26,0.0,0
1775252130.7768211,21,3580.80,62.5,0
1775252130.7782683,23,3580.56,0.0,0
1775252130.7782683,24,3582.07,0.0,0
1775252130.7782683,25,3583.56,0.0,0
1775252130.7782683,26,3584.56,0.0,0
1775252130.7782683,28,3585.77,0.0,0
1775252130.7782683,27,3585.77,0.0,0
1775252130.7797728,32,3585.77,0.0,0
1775252130.7782683,29,3588.44,0.0,0
1775252130.7797728,31,3587.94,0.0,0
1775252130.7782683,30,3590.45,0.0,0
1775252130.7797728,33,3590.45,0.0,0
1775252130.7797728,34,3591.50,0.0,0
1775252130.5476654,1,3824.78,0.0,0
1775252130.7903624,35,3643.42,18.5,0
1775252130.7943897,36,3644.75,20.0,0
1775252132.5187674,2,3864.11,5.5,0
1775252132.5695245,3,3815.86,0.0,0
1775252132.5705323,5,3815.87,0.0,0
1775252132.5710373,6,3816.70,0.0,0
1775252132.5705323,4,3817.20,50.0,0
1775252132.5710373,7,3818.16,0.0,0
1775252132.5710373,8,3818.16,0.0,0
1775252132.5720532,9,3819.47,0.0,0
1775252132.5730429,10,3818.48,0.0,0
1775252132.5730429,11,3820.66,0.0,0
1775252132.5730429,12,3821.68,0.0,0
1775252132.5730429,13,3822.73,0.0,0
1775252132.5730429,15,3822.73,0.0,0
1775252132.5730429,14,3824.24,0.0,0
1775252132.5730429,17,3825.69,0.0,0
1775252132.5730429,16,3826.19,0.0,0
1775252132.5730429,18,3826.19,0.0,0
1775252132.5745542,19,3826.18,0.0,0
1775252132.5745542,20,3827.61,0.0,0
1775252132.5745542,21,3828.87,0.0,0
1775252132.5745542,22,3830.19,28.6,0
1775252132.5745542,24,3831.37,0.0,0
1775252132.5745542,23,3832.54,0.0,0
1775252132.575569,25,3832.53,0.0,0
1775252132.575569,26,3833.11,0.0,0
1775252132.575569,27,3834.71,0.0,0
1775252132.575569,28,3834.71,0.0,0
1775252132.575569,29,3835.97,0.0,0
1775252132.575569,30,3837.47,0.0,0
1775252132.5766807,31,3837.37,0.0,0
1775252132.5766807,32,3837.37,0.0,0
1775252132.5766807,33,3838.87,0.0,0
1775252132.5766807,34,3839.94,0.0,0
1775252132.5766807,35,3840.94,0.0,0
1775252132.5766807,36,3842.34,0.0,0
1775252132.5766807,37,3842.84,33.3,0
1775252132.578756,38,3841.78,0.0,0
1775252132.5797555,39,3841.29,0.0,0
1775252132.424709,1,5488.12,8.8,0
1775252134.2727692,2,3641.06,0.0,0
1775252134.4236941,3,3603.33,1.8,0
1775252134.424206,4,3604.06,0.0,0
1775252134.424206,5,3605.57,25.0,0
1775252134.424206,6,3607.07,0.0,0
1775252134.424206,7,3609.15,0.0,0
1775252134.424206,8,3609.15,0.0,0
1775252134.424206,9,3610.67,0.0,0
1775252134.4252148,11,3610.24,0.0,0
1775252134.4252148,10,3611.62,0.0,0
1775252134.4252148,12,3613.01,0.0,0
1775252134.4252148,13,3613.01,0.0,0
1775252134.4262116,14,3613.52,0.0,0
1775252134.4262116,15,3614.53,0.0,0
1775252134.4262116,16,3614.53,0.0,0
1775252134.4262116,17,3615.86,0.0,0
1775252134.4262116,19,3617.24,0.0,0
1775252134.4262116,18,3618.33,0.0,0
1775252134.4262116,20,3619.41,16.7,0
1775252134.4262116,21,3619.41,0.0,0
1775252134.4262116,22,3620.99,0.0,0
1775252134.4275215,24,3621.26,0.0,0
1775252134.4275215,25,3622.30,0.0,0
1775252134.4262116,23,3623.61,0.0,0
1775252134.4275215,27,3623.57,0.0,0
1775252134.4275215,26,3623.57,0.0,0
1775252134.4275215,28,3625.08,0.0,0
1775252134.4275215,29,3626.09,0.0,0
1775252134.2662551,1,3798.47,12.5,0
1775252134.436291,30,3628.96,0.0,0
1775252136.3783643,2,2969.61,10.0,0
1775252136.5244575,3,2881.40,1.6,0
1775252136.5244575,4,2883.47,0.0,0
1775252136.5244575,6,2884.47,0.0,0
1775252136.5244575,5,2885.48,0.0,0
1775252136.5260153,7,2884.92,0.0,0
1775252136.5273218,10,2884.74,0.0,0
1775252136.5260153,8,2887.55,0.0,0
1775252136.5273218,9,2888.25,0.0,0
1775252136.5273218,11,2889.66,0.0,0
1775252136.5273218,12,2890.66,0.0,0
1775252136.5273218,13,2890.66,0.0,0
1775252136.528324,14,2891.17,0.0,0
1775252136.528324,16,2892.22,26.7,0
1775252136.528324,17,2893.26,0.0,0
1775252136.528324,15,2893.26,0.0,0
1775252136.528324,18,2894.71,0.0,0
1775252136.528324,19,2895.97,0.0,0
1775252136.528324,20,2897.52,0.0,0
1775252136.5298545,21,2897.00,0.0,0
1775252136.5298545,22,2898.00,0.0,0
1775252136.5298545,23,2898.00,0.0,0
1775252136.5298545,24,2899.04,0.0,0
1775252136.3758173,1,3054.08,0.0,0
1775252136.5314417,25,2898.45,0.0,0
1775252136.5382671,26,2900.74,25.0,0
1775252138.0549917,2,2866.07,1.7,0
1775252138.0549917,3,2868.08,0.0,0
1775252138.0561855,4,2868.39,0.0,0
1775252138.0561855,5,2868.39,0.0,0
1775252138.0561855,6,2869.98,0.0,0
1775252138.0561855,8,2872.14,0.0,0
1775252138.0561855,7,2873.60,0.0,0
1775252138.0561855,9,2873.60,0.0,0
1775252138.0561855,10,2875.64,0.0,0
1775252138.0575757,13,2874.25,0.0,0
1775252138.0575757,11,2875.75,0.0,0
1775252138.0575757,12,2877.08,0.0,0
1775252138.0575757,14,2878.10,40.0,0
1775252138.0575757,16,2879.11,0.0,0
1775252138.0575757,15,2880.22,0.0,0
1775252138.0586004,18,2880.21,0.0,0
1775252138.0586004,17,2881.33,0.0,0
1775252138.0586004,19,2882.35,0.0,0
1775252138.0586004,20,2883.87,0.0,0
1775252138.0586004,21,2884.88,0.0,0
1775252138.0586004,22,2885.88,0.0,0
1775252138.0586004,23,2886.88,0.0,0
1775252138.0596015,25,2886.88,0.0,0
1775252138.0586004,24,2888.38,0.0,0
1775252138.0596015,26,2888.39,0.0,0
1775252138.0596015,27,2889.81,0.0,0
1775252138.0596015,28,2890.82,0.0,0
1775252138.1178594,29,2840.76,12.5,0
1775252138.0212312,1,2938.45,0.0,0
1775252139.4008656,2,2686.66,10.3,0
1775252139.431331,3,2656.70,0.0,0
1775252139.431331,4,2658.20,0.0,0
1775252139.431331,5,2658.20,0.0,0
1775252139.4323301,6,2658.38,0.0,0
1775252139.4323301,9,2660.38,28.6,0
1775252139.4323301,7,2660.38,0.0,0
1775252139.4323301,8,2661.38,0.0,0
1775252139.4323301,11,2662.38,0.0,0
1775252139.4333298,12,2662.38,0.0,0
1775252139.4323301,10,2663.38,0.0,0
1775252139.4333298,15,2663.73,0.0,0
1775252139.4333298,13,2665.01,0.0,0
1775252139.4333298,14,2665.51,0.0,0
1775252139.4333298,16,2666.88,0.0,0
1775252139.4333298,19,2668.01,0.0,0
1775252139.4333298,17,2669.09,0.0,0
1775252139.4333298,18,2669.60,0.0,0
1775252139.4333298,20,2670.64,0.0,0
1775252139.4348361,21,2670.14,0.0,0
1775252139.4348361,22,2671.14,0.0,0
1775252139.3453946,1,2761.58,80.0,0
1775252140.9177945,2,1863.27,2.3,0
1775252140.9514189,6,1937.84,6.9,0
1775252140.9514189,5,1939.87,0.0,0
1775252140.9514189,3,1941.89,0.0,0
1775252140.9534194,11,1941.88,0.0,0
1775252140.9524245,9,1943.43,0.0,0
1775252140.9524245,8,1944.94,0.0,0
1775252140.9534194,13,1943.95,0.0,0
1775252140.9534194,12,1945.54,0.0,0
1775252140.9544182,14,1944.54,0.0,0
1775252140.9514189,4,1948.93,0.0,0
1775252140.9524245,7,1948.93,0.0,0
1775252140.9534194,10,1948.93,0.0,0
1775252140.8102002,1,2098.47,25.0,0
1775252140.9610105,15,1948.66,0.0,0
1775252142.0833964,2,2000.81,9.1,0
1775252142.1593974,7,1980.32,13.1,0
1775252142.1588879,3,1983.90,0.0,0
1775252142.1604435,8,1983.46,0.0,0
1775252142.1593974,6,1986.01,0.0,0
1775252142.1593974,5,1987.42,0.0,0
1775252142.1604435,9,1987.40,0.0,0
1775252142.1593974,4,1989.45,0.0,0
1775252142.1604435,10,1988.41,0.0,0
1775252142.1614087,11,1988.65,0.0,0
1775252142.1614087,12,1989.96,0.0,0
1775252142.1614087,13,1991.00,0.0,0
1775252142.1614087,14,1991.00,0.0,0
1775252142.1614087,15,1992.21,100.0,0
1775252142.1614087,16,1993.21,0.0,0
1775252142.1614087,17,1994.69,0.0,0
1775252142.1629238,18,1993.18,0.0,0
1775252142.1629238,19,1995.20,0.0,0
1775252142.1629238,20,1996.63,0.0,0
1775252142.1629238,22,1997.72,0.0,0
1775252142.1629238,21,1997.72,0.0,0
1775252142.16466,23,1997.18,0.0,0
1775252142.0813951,1,2080.44,0.0,0
1775252142.7779498,24,1442.60,4.8,0
1775252142.887619,25,1944.97,0.8,0
1775252142.9033465,26,1985.93,0.0,0
1775252142.9033465,27,1986.93,14.3,0
1775252142.9033465,28,1988.52,0.0,0
1775252142.9043503,29,1988.04,0.0,0
1775252142.9043503,30,1989.63,0.0,0
1775252142.9043503,31,1991.64,0.0,0
1775252142.9043503,32,1993.15,0.0,0
1775252142.9055786,33,1993.53,0.0,0
1775252142.9055786,34,1994.54,0.0,0
1775252142.9055786,35,1994.54,0.0,0
1775252142.9055786,36,1996.86,0.0,0
1775252142.9065826,37,1996.86,0.0,0
1775252142.9619172,38,1947.25,18.8,0
1775252144.1367054,2,1287.10,1.1,0
1775252144.2139313,3,1263.78,2.1,0
1775252144.2144558,4,1265.27,0.0,0
1775252144.2144558,5,1266.64,0.0,0
1775252144.2154634,8,1267.67,20.0,0
1775252144.2144558,6,1270.26,0.0,0
1775252144.2144558,7,1271.79,0.0,0
1775252144.2154634,9,1271.78,0.0,0
1775252144.216474,10,1271.77,0.0,0
1775252144.0822113,1,1408.03,0.0,0
1775252144.8305457,11,717.40,4.7,0
1775252144.8862581,12,1273.83,6.7,0
1775252144.9044466,15,1363.02,29.8,0
1775252144.9044466,16,1364.56,0.0,0
1775252144.9044466,13,1365.58,0.0,0
1775252144.9044466,17,1366.67,0.0,0
1775252144.9044466,14,1368.22,0.0,0
1775252144.9044466,19,1368.22,0.0,0
1775252144.9054477,20,1369.80,0.0,0
1775252144.9044466,18,1372.14,0.0,0
1775252144.9054477,22,1372.13,0.0,0
1775252144.9054477,21,1373.18,0.0,0
1775252144.9054477,23,1374.27,30.8,0
1775252144.9054477,24,1375.27,0.0,0
1775252144.906583,25,1381.78,0.0,0
1775252144.9612918,26,1327.07,0.0,0
1775252145.4752011,2,1378.45,32.4,0
1775252145.54128,3,1365.95,6.3,0
1775252145.5418158,4,1367.55,0.0,0
1775252145.5418158,8,1368.71,0.0,0
1775252145.5418158,5,1369.97,0.0,0
1775252145.5418158,6,1370.97,0.0,0
1775252145.5428216,7,1371.35,0.0,0
1775252145.5428216,9,1372.86,0.0,0
1775252145.5428216,10,1374.11,0.0,0
1775252145.5448496,11,1372.68,0.0,0
1775252145.5458472,12,1373.71,0.0,0
1775252145.4222372,1,1553.21,12.3,0
1775252146.2643883,2,1173.03,5.9,0
1775252146.2828403,3,1211.70,0.0,0
1775252146.2828403,4,1212.76,0.0,0
1775252146.2828403,7,1215.52,50.0,0
1775252146.2828403,6,1216.54,0.0,0
1775252146.2838497,9,1216.60,0.0,0
1775252146.2828403,5,1219.63,0.0,0
1775252146.2838497,8,1219.62,0.0,0
1775252146.2848494,10,1220.63,0.0,0
1775252146.159077,1,1346.41,0.0,0
1775252146.3418453,11,1222.98,7.9,0
1775252146.8511405,12,769.13,4.1,0
1775252146.905195,13,973.42,2.2,0
1775252146.970923,15,962.34,4.1,0
1775252146.970923,14,963.81,0.0,0
1775252146.970923,16,965.41,27.3,0
1775252146.97193,17,965.41,0.0,0
1775252146.97193,18,967.40,0.0,0
1775252147.4343061,2,713.08,4.7,0
1775252147.4904363,3,1422.49,14.3,0
1775252147.4909468,4,1423.52,0.0,0
1775252147.4909468,5,1425.02,0.0,0
1775252147.4924536,6,1424.51,0.0,0
1775252147.5585628,9,1413.13,14.1,0
1775252147.557552,7,1416.67,0.0,0
1775252147.5585628,10,1416.76,0.0,0
1775252147.5597181,11,1417.79,0.0,0
1775252147.557552,8,1420.97,0.0,0
1775252147.5597181,12,1418.80,0.0,0
1775252147.5597181,13,1420.31,0.0,0
1775252147.560735,15,1420.89,0.0,0
1775252147.560735,16,1422.35,33.3,0
1775252147.5597181,14,1424.36,0.0,0
1775252147.560735,18,1424.35,0.0,0
1775252147.560735,17,1425.64,0.0,0
1775252147.560735,19,1427.23,0.0,0
1775252147.5617344,20,1427.24,0.0,0
1775252147.4343061,1,1555.67,0.0,0
1775252147.6177738,21,1429.86,1.6,0
1775252147.8759713,22,1176.18,0.0,0
1775252147.9302309,23,1329.61,0.5,0
1775252148.143359,2,1117.49,0.0,0
1775252148.143359,3,1119.49,0.0,0
1775252148.144762,4,1119.60,28.6,0
1775252148.910253,5,716.60,2.1,0
1775252148.9685812,6,659.27,0.0,0
1775252148.9685812,8,661.27,0.0,0
1775252148.143359,1,1488.00,0.0,0
1775252148.9696054,9,662.75,0.0,0
1775252148.9685812,7,664.78,0.0,0
1775252148.9696054,10,665.81,0.0,0
1775252149.0425892,2,806.50,1.8,0
1775252149.0425892,3,808.50,0.0,0
1775252149.0501578,4,800.94,0.0,0
1775252149.0521512,5,1007.55,1.9,0
1775252149.255062,6,1164.42,5.4,0
1775252149.255062,7,1166.53,0.0,0
1775252149.0425892,1,1381.01,0.0,0
1775252149.2582428,8,1166.36,0.0,0
1775252149.6203132,9,860.58,0.0,0
1775252149.6208205,11,862.09,44.4,0
1775252149.6208205,10,863.08,0.0,0
1775252149.6208205,12,864.59,0.0,0
1775252149.6222687,13,864.15,0.0,0
1775252149.6222687,14,865.14,0.0,0
1775252149.6222687,15,866.15,0.0,0
1775252149.6248014,16,1477.19,4.1,0
1775252149.7885664,18,1317.51,0.0,0
1775252149.7895818,20,1318.55,37.5,0
1775252149.7885664,17,1321.21,0.0,0
1775252149.7895818,19,1321.24,0.0,0
1775252149.7906246,22,1321.40,0.0,0
1775252149.7895818,21,1323.44,0.0,0
1775252149.7916248,24,1322.51,0.0,0
1775252149.7906246,23,1325.00,0.0,0
1775252149.7916248,26,1325.27,0.0,0
1775252149.7916248,25,1325.27,0.0,0
1775252149.7916248,27,1326.77,0.0,0
1775252149.792928,28,1326.80,0.0,0
1775252149.8459318,29,1383.81,17.4,0
1775252150.0575492,2,1173.79,0.0,0
1775252150.4167953,3,1327.85,19.4,0
1775252150.4764214,4,1269.22,0.0,0
1775252150.4764214,5,1270.72,0.0,0
1775252150.4764214,6,1271.73,20.0,0
1775252150.0549881,1,1694.68,0.0,0
1775252150.4779456,7,1273.73,0.0,0
1775252151.098978,2,709.48,0.0,0
1775252151.098978,3,710.48,0.0,0
1775252151.098978,4,712.48,13.3,0
1775252151.098978,5,714.09,0.0,0
1775252151.103498,6,1019.21,11.7,0
1775252151.2225578,7,904.68,0.0,0
1775252151.098465,1,1029.77,0.0,0
1775252151.2225578,9,907.28,0.0,0
1775252151.223591,10,907.45,0.0,0
1775252151.2245905,11,907.56,0.0,0
1775252151.2225578,8,909.60,0.0,0
1775252151.228237,12,1013.14,15.0,0
1775252151.537661,13,703.71,0.0,0
1775252151.7421207,14,1117.46,3.0,0
1775252151.8034506,16,1057.16,0.0,0
1775252151.8044581,15,1057.63,0.0,0
1775252152.1205826,3,898.34,3.8,0
1775252152.1205826,4,900.40,0.0,0
1775252152.1195762,2,903.01,0.0,0
1775252152.1210945,5,903.26,0.0,0
1775252152.1210945,7,904.27,0.0,0
1775252152.1210945,6,904.86,0.0,0
1775252152.1210945,9,906.88,0.0,0
1775252152.1210945,8,907.89,0.0,0
1775252152.1210945,10,908.89,28.6,0
1775252152.1252337,11,1315.85,4.0,0
1775252152.1252337,12,1318.36,0.0,0
1775252152.1252337,13,1319.36,0.0,0
1775252152.2350352,14,1263.88,16.9,0
1775252152.1190636,1,1381.13,0.0,0
1775252152.2350352,16,1266.46,0.0,0
1775252152.2361834,19,1266.54,0.0,0
1775252152.2350352,18,1268.92,0.0,0
1775252152.2350352,17,1269.97,0.0,0
1775252152.2350352,15,1271.39,0.0,0
1775252152.2361834,20,1272.00,0.0,0
1775252152.2393732,21,1374.75,18.8,0
1775252152.3957279,22,1323.90,20.4,0
1775252152.3982697,23,1322.95,0.0,0
1775252152.8565626,24,1019.72,17.5,0
1775252152.8565626,25,1021.74,0.0,0
1775252153.015908,2,1220.33,3.0,0
1775252153.015908,3,1221.85,0.0,0
1775252153.0169196,4,1223.14,0.0,0
1775252153.4365654,7,910.63,2.7,0
1775252153.4370718,5,912.13,0.0,0
1775252153.4370718,6,913.65,0.0,0
1775252153.4380815,10,914.22,0.0,0
1775252153.4380815,9,916.23,0.0,0
1775252153.4370718,8,919.24,0.0,0
1775252153.4380815,11,919.23,83.3,0
1775252153.0153995,1,1451.21,1.8,0
1775252153.4958332,12,972.78,0.0,0
1775252153.6105485,14,862.26,0.0,0
1775252153.6105485,13,862.26,0.0,0
1775252153.7175822,15,866.21,0.0,0
1775252153.8747945,16,709.00,0.0,0
1775252154.3432925,2,1111.80,3.5,0
1775252154.4594283,3,1254.71,4.6,0
1775252154.4607005,6,1254.94,0.0,0
1775252154.4612966,7,1256.35,22.2,0
1775252154.4594283,4,1259.22,0.0,0
1775252154.4594283,5,1261.23,0.0,0
1775252154.4612966,9,1260.92,0.0,0
1775252154.4612966,8,1261.93,0.0,0
1775252154.4628224,12,1261.40,0.0,0
1775252154.4628224,11,1261.40,0.0,0
1775252154.4628224,10,1263.53,0.0,0
1775252154.4628224,13,1264.67,0.0,0
1775252154.4628224,14,1265.67,0.0,0
1775252154.4628224,15,1265.67,0.0,0
1775252154.4628224,16,1268.17,0.0,0
1775252154.4628224,17,1269.17,0.0,0
1775252154.464483,18,1268.51,28.6,0
1775252154.233919,1,1555.04,8.8,0
1775252154.4701204,19,1320.76,0.0,0
1775252154.4706292,21,1321.46,0.0,0
1775252154.4706292,20,1323.68,0.0,0
1775252154.471207,22,1324.26,38.5,0
1775252154.5783126,23,1220.90,0.0,0
1775252154.5814087,24,1376.04,14.3,0
1775252154.6365597,25,1321.89,0.0,0
1775252154.637578,26,1323.55,0.0,0
1775252155.7111,3,863.21,27.5,0
1775252155.4537344,2,1122.13,50.0,0
1775252155.7126172,5,865.26,0.0,0
1775252155.7121074,4,865.77,0.0,0
1775252155.7841387,6,901.65,1.9,0
1775252155.7846441,7,903.67,0.0,0
1775252155.7846441,8,904.68,0.0,0
1775252155.7846441,9,905.99,0.0,0
1775252155.785155,10,906.93,0.0,0
1775252155.785155,11,909.46,0.0,0
1775252155.785155,13,910.46,0.0,0
1775252155.785155,12,910.46,0.0,0
1775252155.4527178,1,1302.15,3.1,0
1775252155.7972426,14,959.63,0.0,0
1775252155.9537873,15,806.57,0.0,0
1775252155.9554243,16,861.61,4.6,0
1775252156.5727773,2,1365.82,5.7,0
1775252156.1654274,1,1774.15,0.0,0
1775252156.681277,3,1259.52,0.0,0
1775252156.7483377,4,1297.34,5.5,0
1775252156.7488582,7,1299.49,0.0,0
1775252156.7488582,5,1301.18,0.0,0
1775252156.7488582,6,1302.32,0.0,0
1775252156.7488582,8,1304.60,0.0,0
1775252156.7498708,9,1304.62,0.0,0
1775252156.7498708,10,1306.62,0.0,0
1775252156.7508686,11,1306.62,0.0,0
1775252156.7508686,12,1307.62,0.0,0
1775252156.7508686,13,1307.62,0.0,0
1775252156.7508686,15,1310.28,22.2,0
1775252156.7508686,14,1311.37,0.0,0
1775252156.7518682,17,1310.88,0.0,0
1775252156.7518682,16,1312.34,0.0,0
1775252156.7518682,18,1313.47,0.0,0
1775252156.7518682,19,1314.70,0.0,0
1775252156.7518682,20,1316.33,0.0,0
1775252156.752868,21,1315.33,0.0,0
1775252156.752868,22,1317.37,0.0,0
1775252156.758362,23,1317.54,100.0,0
1775252156.758362,24,1318.53,20.0,0
1775252156.814143,25,1370.92,11.2,0
1775252156.8156507,26,1370.49,25.0,0
1775252156.9710193,27,1473.96,7.5,0
1775252156.973029,28,1472.96,0.0,0
1775252158.0436664,2,710.39,21.7,0
1775252158.0436664,3,712.92,0.0,0
1775252158.0446827,4,713.09,0.0,0
1775252158.071244,5,790.12,8.0,0
1775252158.071244,6,792.79,0.0,0
1775252158.0723808,10,792.79,0.0,0
1775252158.071244,8,794.44,0.0,0
1775252158.071244,7,795.48,0.0,0
1775252158.0723808,9,795.85,0.0,0
1775252158.0723808,11,954.37,2.5,0
1775252158.0723808,12,956.37,50.0,0
1775252158.17946,13,855.95,0.0,0
1775252158.0436664,1,992.77,0.0,0
1775252158.1825182,14,854.94,0.0,0
1775252158.2881851,15,1061.04,6.2,0
1775252158.4427905,16,908.03,0.0,0
1775252158.7515159,19,756.56,5.0,0
1775252158.7515159,17,757.62,0.0,0
1775252158.7525644,20,757.95,0.0,0
1775252158.7515159,18,760.02,0.0,0
1775252158.860024,22,657.29,18.8,0
1775252158.860024,21,658.88,0.0,0
1775252158.860024,23,660.40,0.0,0
1775252159.0302632,2,1362.51,14.8,0
1775252159.031287,6,1362.49,0.0,0
1775252159.0302632,3,1365.65,0.0,0
1775252159.031287,5,1366.13,0.0,0
1775252159.0302632,4,1368.73,0.0,0
1775252159.031894,7,1368.18,0.0,0
1775252159.031894,8,1369.19,0.0,0
1775252159.031894,9,1371.19,0.0,0
1775252159.031894,10,1373.36,25.0,0
1775252159.031894,11,1374.36,0.0,0
1775252159.032907,13,1374.69,0.0,0
1775252159.032907,12,1375.94,0.0,0
1775252159.032907,15,1377.05,0.0,0
1775252159.032907,14,1378.07,0.0,0
1775252159.032907,16,1379.16,0.0,0
1775252159.1398258,17,1276.26,0.0,0
1775252159.0222178,1,1394.88,0.0,0
1775252159.3518274,19,1478.62,7.8,0
1775252159.3476331,18,1484.05,0.0,0
1775252159.504982,20,1382.34,32.0,0
1775252159.5136507,21,1374.93,45.5,0
1775252159.5136507,22,1376.37,0.0,0
1775252159.5146956,23,1376.63,0.0,0
1775252159.5146956,25,1378.00,0.0,0
1775252159.5146956,24,1380.02,0.0,0
1775252159.5209894,26,1582.22,34.9,0
1775252160.2853873,3,1125.41,10.4,0
1775252160.2853873,2,1127.91,0.0,0
1775252160.2853873,4,1129.49,0.0,0
1775252160.28762,5,1128.80,0.0,0
1775252160.4120715,6,1111.24,9.6,0
1775252160.4130712,7,1112.33,0.0,0
1775252160.4135756,8,1112.94,0.0,0
1775252160.4135756,9,1113.96,0.0,0
1775252160.4135756,10,1114.96,0.0,0
1775252160.4135756,11,1114.96,16.7,0
1775252160.4180977,12,1169.12,0.0,0
1775252160.2853873,1,1302.83,0.0,0
1775252160.5232496,13,1070.75,21.4,0
1775252160.832893,14,1378.30,1.6,0
1775252160.8842287,15,1328.97,0.0,0
1775252161.099475,3,1115.74,0.0,0
1775252160.8957186,16,1320.56,50.0,0
1775252161.0983005,2,1119.38,0.0,0
1775252161.099475,4,1120.22,0.0,0
1775252161.1007032,5,1121.09,0.0,0
1775252161.1007032,6,1122.10,0.0,0
1775252161.1007032,7,1123.60,0.0,0
1775252161.1007032,8,1124.61,0.0,0
1775252161.101702,9,1124.61,0.0,0
1775252161.1048949,10,1232.74,0.9,0
1775252161.4176092,11,1279.57,2.7,0
1775252161.0983005,1,1600.88,0.0,0
1775252161.5300388,12,1427.49,8.3,0
1775252161.5825758,14,1376.96,0.0,0
1775252161.5815573,13,1378.98,0.0,0
1775252161.5825758,15,1378.96,0.0,0
1775252161.5825758,16,1378.96,0.0,0
1775252161.5841753,18,1378.86,0.0,0
1775252161.5841753,17,1379.87,0.0,0
1775252161.5841753,19,1488.96,17.7,0
1775252161.5841753,20,1490.47,0.0,0
1775252161.5919995,22,1485.23,22.2,0
1775252161.5919995,23,1486.24,0.0,0
1775252161.590753,21,1487.49,0.0,0
1775252161.5950067,24,1540.10,0.0,0
1775252162.1549983,2,981.59,0.0,0
1775252162.1577475,3,1795.80,15.8,0
1775252162.3321226,10,1678.89,14.0,0
1775252162.3311193,7,1681.45,0.0,0
1775252162.3300252,5,1683.06,50.0,0
1775252162.3331335,12,1681.01,0.0,0
1775252162.3331335,13,1682.51,0.0,0
1775252162.3311193,8,1685.53,0.0,0
1775252162.3321226,11,1685.53,0.0,0
1775252162.3311193,6,1688.53,0.0,0
1775252162.3311193,9,1689.56,0.0,0
1775252162.227312,4,1793.93,0.0,0
1775252162.3331335,14,1689.19,0.0,0
1775252162.3331335,15,1690.61,0.0,0
1775252162.3341184,18,1690.14,0.0,0
1775252162.3341184,17,1691.24,0.0,0
1775252162.3331335,16,1693.59,0.0,0
1775252162.1538718,1,1873.85,0.0,0
1775252162.3388927,19,1746.61,14.3,0
1775252162.6996877,20,1440.85,24.6,0
1775252162.9655523,21,1790.39,6.4,0
1775252163.0683784,4,1744.49,8.5,0
1775252163.0683784,2,1747.00,0.0,0
1775252163.0705507,10,1746.03,0.0,0
1775252163.0705507,8,1747.27,0.0,0
1775252163.0699003,7,1749.34,0.0,0
1775252163.0705507,9,1749.75,0.0,0
1775252163.0683784,5,1753.44,0.0,0
1775252163.0683784,3,1754.45,0.0,0
1775252163.0683784,6,1755.47,0.0,0
1775252163.0809114,11,1744.49,0.0,0
1775252163.1315835,12,1694.82,10.0,0
1775252163.1320934,13,1695.32,0.0,0
1775252163.1380055,14,1802.10,34.2,0
1775252163.0683784,1,2638.19,3.5,0
1775252163.9555478,15,1753.02,0.0,0
1775252164.0282757,2,1789.92,16.1,0
1775252164.080179,3,1740.07,0.0,0
1775252164.0811818,6,1740.14,0.0,0
1775252164.082182,9,1740.61,0.0,0
1775252164.0811818,8,1743.12,0.0,0
1775252164.0811818,7,1744.20,0.0,0
1775252164.080179,4,1746.22,33.3,0
1775252164.0811818,5,1746.33,0.0,0
1775252164.082182,12,1746.34,0.0,0
1775252164.082182,10,1747.85,0.0,0
1775252164.082182,11,1749.00,0.0,0
1775252164.082182,13,1750.01,0.0,0
1775252164.083429,14,1749.76,0.0,0
1775252164.083429,15,1751.53,0.0,0
1775252164.083429,16,1752.63,0.0,0
1775252164.0875154,17,1809.34,23.1,0
1775252164.007009,1,1890.38,0.0,0
1775252164.1425385,18,1811.73,20.0,0
1775252164.7579415,19,2269.57,8.1,0
1775252164.8285844,20,2256.61,11.5,0
1775252164.9305825,21,2156.20,0.0,0
1775252164.9305825,22,2157.49,0.0,0
1775252164.9315977,23,2158.21,0.0,0
1775252164.9315977,24,2160.29,14.3,0
1775252164.9315977,25,2161.82,0.0,0
1775252164.9315977,26,2162.85,0.0,0
1775252164.9335918,27,2162.26,0.0,0
1775252164.935097,28,2162.26,0.0,0
1775252164.935097,29,2162.26,0.0,0
1775252164.935097,30,2164.50,0.0,0
1775252164.935097,31,2165.62,0.0,0
1775252164.935097,32,2166.62,0.0,0
1775252164.935097,33,2166.62,0.0,0
1775252164.9361067,34,2167.12,0.0,0
1775252164.9361067,35,2169.24,0.0,0
1775252164.9361067,36,2170.25,0.0,0
1775252164.9361067,38,2171.58,8.3,0
1775252164.9361067,37,2172.75,0.0,0
1775252164.937108,39,2172.90,0.0,0
1775252164.937108,40,2174.00,0.0,0
1775252164.9426155,41,2177.16,0.0,0
1775252165.8373117,2,2156.80,5.3,0
1775252165.8890026,3,2106.11,0.0,0
1775252165.8890026,4,2107.30,0.0,0
1775252165.8890026,5,2108.30,0.0,0
1775252165.8890026,6,2108.30,62.5,0
1775252165.890405,7,2108.96,0.0,0
1775252165.8915367,9,2108.98,0.0,0
1775252165.8915367,10,2108.98,0.0,0
1775252165.8915367,8,2110.92,0.0,0
1775252165.8915367,11,2113.16,0.0,0
1775252165.8915367,12,2114.18,0.0,0
1775252165.8915367,13,2115.29,0.0,0
1775252165.892733,14,2115.10,0.0,0
1775252165.892733,16,2116.44,0.0,0
1775252165.892733,15,2117.61,0.0,0
1775252165.7102377,1,2360.81,10.6,0
1775252165.900001,17,2172.26,0.0,0
1775252165.9552717,18,2120.89,75.0,0
1775252167.1121104,2,2039.92,13.0,0
1775252167.1121104,3,2041.92,0.0,0
1775252167.11311,5,2041.92,33.3,0
1775252167.11311,4,2042.92,0.0,0
1775252167.1136227,7,2043.40,0.0,0
1775252167.11311,6,2044.47,0.0,0
1775252167.1136227,8,2044.97,0.0,0
1775252167.1136227,9,2045.97,0.0,0
1775252167.1136227,10,2046.97,0.0,0
1775252167.1146638,13,2046.93,0.0,0
1775252167.1146638,12,2048.43,0.0,0
1775252167.1151729,15,2047.92,0.0,0
1775252167.1151729,16,2048.93,0.0,0
1775252167.1146638,14,2050.94,0.0,0
1775252167.1146638,11,2051.95,0.0,0
1775252167.1151729,17,2052.44,0.0,0
1775252167.1151729,18,2053.44,0.0,0
1775252167.1151729,19,2054.44,100.0,0
1775252167.1156945,21,2054.93,9.1,0
1775252167.1156945,20,2055.53,0.0,0
1775252167.122041,22,2160.99,8.8,0
1775252167.8872333,23,2516.36,5.3,0
1775252167.029823,1,3376.45,0.0,0
1775252168.0629258,2,2403.50,3.8,0
1775252168.0629258,4,2405.50,0.0,0
1775252168.0629258,3,2406.50,0.0,0
1775252168.0644383,6,2406.62,0.0,0
1775252168.0644383,5,2408.13,0.0,0
1775252168.0644383,9,2409.99,0.0,0
1775252168.0644383,7,2411.08,0.0,0
1775252168.0644383,11,2412.34,0.0,0
1775252168.0644383,10,2413.76,0.0,0
1775252168.0644383,8,2413.76,0.0,0
1775252168.0654423,13,2414.26,0.0,0
1775252168.0654423,12,2415.32,0.0,0
1775252168.0654423,14,2416.51,16.7,0
1775252168.0654423,15,2417.51,0.0,0
1775252168.0654423,17,2418.51,0.0,0
1775252168.0654423,18,2420.07,0.0,0
1775252168.0654423,16,2421.59,0.0,0
1775252168.0654423,19,2422.74,0.0,0
1775252168.0664496,20,2421.73,0.0,0
1775252168.0664496,22,2422.78,0.0,0
1775252168.0664496,21,2424.79,0.0,0
1775252168.0664496,23,2425.79,0.0,0
1775252168.073578,24,2531.41,11.4,0
1775252168.0761628,25,2534.33,35.3,0
1775252168.0113437,1,2600.16,0.0,0
1775252169.2759795,7,2314.03,10.6,0
1775252169.2759795,4,2316.04,54.5,0
1775252169.274957,3,2318.06,0.0,0
1775252169.2759795,5,2319.03,0.0,0
1775252169.1732564,2,2422.76,0.0,0
1775252169.2759795,6,2321.55,0.0,0
1775252169.2769692,8,2322.14,0.0,0
1775252169.2769692,9,2324.15,0.0,0
1775252169.2769692,10,2325.15,0.0,0
1775252169.2779665,11,2325.17,0.0,0
1775252169.2779665,13,2325.73,0.0,0
1775252169.2779665,12,2327.21,0.0,0
1775252169.2779665,14,2327.21,0.0,0
1775252169.2779665,15,2328.71,57.1,0
1775252169.2779665,16,2330.00,0.0,0
1775252169.2779665,17,2331.00,0.0,0
1775252169.2789695,18,2331.01,0.0,0
1775252169.2789695,19,2333.01,0.0,0
1775252169.2840447,20,2421.76,4.7,0
1775252169.1490188,1,3578.11,1.4,0
1775252170.4935348,2,2344.80,0.9,0
1775252170.5967693,4,2242.57,0.0,0
1775252170.5951588,3,2246.18,0.0,0
1775252170.5967693,5,2245.56,14.3,0
1775252170.5972857,6,2246.05,0.0,0
1775252170.5972857,7,2247.45,0.0,0
1775252170.5972857,8,2248.66,0.0,0
1775252170.5972857,9,2250.17,0.0,0
1775252170.5972857,10,2250.17,0.0,0
1775252170.5972857,11,2252.30,0.0,0
1775252170.5972857,12,2253.30,0.0,0
1775252170.5972857,13,2254.30,0.0,0
1775252170.598738,14,2253.85,0.0,0
1775252170.598738,15,2254.85,0.0,0
1775252170.5992427,16,2255.49,0.0,0
1775252170.5992427,17,2256.75,0.0,0
1775252170.5992427,18,2256.75,0.0,0
1775252170.5992427,19,2257.86,44.4,0
1775252170.5992427,20,2259.87,0.0,0
1775252170.5992427,21,2260.87,0.0,0
1775252170.6069963,22,2316.10,1.6,0
1775252170.4627998,1,2461.81,0.0,0
1775252170.6130416,23,2315.42,0.0,0
1775252171.663733,3,2645.62,11.5,0
1775252171.663733,2,2647.62,11.1,0
1775252171.663733,4,2649.13,0.0,0
1775252171.665298,6,2648.57,0.0,0
1775252171.663733,5,2652.66,0.0,0
1775252171.665298,7,2652.10,0.0,0
1775252171.665897,9,2653.80,0.0,0
1775252171.6669295,10,2654.35,0.0,0
1775252171.6669295,11,2655.36,0.0,0
1775252171.665897,8,2657.39,0.0,0
1775252171.6669295,12,2657.46,0.0,0
1775252171.6669295,13,2658.46,33.3,0
1775252171.6669295,15,2659.97,14.3,0
1775252171.6669295,14,2660.98,0.0,0
1775252171.668303,16,2660.60,0.0,0
1775252171.668303,18,2661.61,0.0,0
1775252171.668303,17,2663.05,0.0,0
1775252171.6704159,19,2662.10,0.0,0
1775252171.671025,21,2662.50,0.0,0
1775252171.671025,20,2662.50,0.0,0
1775252171.671025,22,2664.01,0.0,0
1775252171.671025,24,2665.02,0.0,0
1775252171.671025,23,2666.03,0.0,0
1775252171.671025,26,2667.07,0.0,0
1775252171.671025,25,2668.57,0.0,0
1775252171.6720815,27,2668.02,0.0,0
1775252171.5337286,1,2920.52,14.8,0
1775252172.7281425,2,2794.57,15.6,0
1775252172.8352187,3,2690.01,0.0,0
1775252172.861117,4,2727.99,29.2,0
1775252172.9128122,6,2677.84,66.7,0
1775252172.9140148,7,2678.72,61.5,0
1775252172.9140148,8,2679.93,0.0,0
1775252172.9128122,5,2682.60,0.0,0
1775252172.9140148,9,2683.27,0.0,0
1775252172.9140148,10,2684.35,0.0,0
1775252172.9155219,12,2684.36,0.0,0
1775252172.9140148,11,2687.09,0.0,0
1775252172.9155219,14,2686.89,0.0,0
1775252172.9155219,13,2687.98,0.0,0
1775252172.916538,15,2687.97,0.0,0
1775252172.916538,16,2689.06,0.0,0
1775252172.916538,17,2691.07,50.0,0
1775252172.916538,18,2692.06,0.0,0
1775252172.916538,19,2693.06,0.0,0
1775252172.916538,20,2695.07,0.0,0
1775252172.916538,21,2696.58,0.0,0
1775252172.916538,22,2698.17,0.0,0
1775252172.916538,23,2699.68,0.0,0
1775252172.724223,1,2893.05,0.0,0
1775252172.9258814,24,2753.72,26.6,0
1775252172.9299672,25,2755.13,44.4,0
1775252174.4437413,4,2420.97,12.6,0
1775252174.4437413,2,2423.07,0.0,0
1775252174.4437413,3,2425.08,0.0,0
1775252174.4437413,5,2426.59,0.0,0
1775252174.4437413,6,2427.60,0.0,0
1775252174.4452283,7,2427.53,27.3,0
1775252174.4463181,8,2429.03,0.0,0
1775252174.4463181,9,2430.22,0.0,0
1775252174.4463181,10,2431.24,0.0,0
1775252174.4463181,11,2432.23,0.0,0
1775252174.4473228,12,2432.27,0.0,0
1775252174.4473228,14,2433.36,0.0,0
1775252174.4473228,13,2434.54,0.0,0
1775252174.4473228,15,2435.09,0.0,0
1775252174.4473228,16,2436.10,0.0,0
1775252174.4473228,17,2437.60,0.0,0
1775252174.4473228,18,2438.16,0.0,0
1775252174.4473228,19,2440.22,0.0,0
1775252174.4473228,20,2441.22,0.0,0
1775252174.4489355,21,2440.61,28.6,0
1775252174.4489355,22,2441.61,0.0,0
1775252174.4557626,23,2443.21,0.0,0
1775252174.2544432,1,2645.54,0.0,0
1775252175.6182742,2,2717.87,21.5,0
1775252175.6686954,3,2669.47,0.0,0
1775252175.669704,4,2670.02,0.0,0
1775252175.669704,6,2672.12,40.0,0
1775252175.669704,5,2674.16,0.0,0
1775252175.669704,9,2675.15,0.0,0
1775252175.669704,7,2676.15,0.0,0
1775252175.669704,8,2678.18,0.0,0
1775252175.671614,10,2678.80,0.0,0
1775252175.6721306,12,2679.28,0.0,0
1775252175.6721306,13,2680.79,0.0,0
1775252175.671614,11,2682.88,0.0,0
1775252175.6721306,15,2684.37,0.0,0
1775252175.6721306,14,2686.37,46.7,0
1775252175.6721306,16,2688.37,0.0,0
1775252175.673142,18,2688.36,0.0,0
1775252175.673142,17,2690.88,0.0,0
1775252175.673142,19,2692.40,0.0,0
1775252175.673142,20,2693.41,0.0,0
1775252175.6741405,22,2694.41,0.0,0
1775252175.673142,21,2697.44,0.0,0
1775252175.6741405,23,2698.06,0.0,0
1775252175.6741405,24,2699.05,50.0,0
1775252175.6741405,25,2700.06,0.0,0
1775252175.6741405,26,2702.41,0.0,0
1775252175.6741405,27,2704.54,0.0,0
1775252175.681575,28,2756.94,29.2,0
1775252175.5824358,1,2857.07,0.0,0
1775252175.6864333,29,2757.07,0.0,0
1775252176.8905408,2,2731.61,22.3,0
1775252176.8915412,3,2731.60,23.1,0
1775252176.8915412,4,2733.11,0.0,0
1775252176.8915412,5,2734.11,0.0,0
1775252176.8927581,6,2734.28,0.0,0
1775252176.8927581,7,2735.29,0.0,0
1775252176.8927581,9,2736.29,0.0,0
1775252176.8927581,8,2737.30,0.0,0
1775252176.8938143,10,2737.32,0.0,0
1775252176.8938143,11,2739.32,0.0,0
1775252176.8938143,12,2739.89,0.0,0
1775252176.8938143,13,2740.90,0.0,0
1775252176.8938143,14,2741.40,0.0,0
1775252176.8938143,15,2743.42,0.0,0
1775252176.8938143,16,2744.42,0.0,0
1775252176.8938143,17,2745.51,44.4,0
1775252176.8938143,18,2746.59,0.0,0
1775252176.8948834,19,2746.72,0.0,0
1775252176.8948834,20,2747.96,0.0,0
1775252176.8948834,21,2749.18,0.0,0
1775252176.8948834,22,2750.50,0.0,0
1775252176.9009836,23,2805.08,20.0,0
1775252176.7590272,1,2948.05,0.0,0
1775252178.3272083,2,2349.26,14.8,0
1775252178.4317348,3,2354.85,25.9,0
1775252178.4317348,5,2356.35,0.0,0
1775252178.4317348,4,2357.83,0.0,0
1775252178.4317348,6,2358.83,0.0,0
1775252178.4317348,7,2360.83,0.0,0
1775252178.432736,9,2361.28,0.0,0
1775252178.432736,8,2362.40,50.0,0
1775252178.433317,10,2361.82,0.0,0
1775252178.433317,11,2363.85,0.0,0
1775252178.433317,13,2365.44,0.0,0
1775252178.433317,12,2366.96,0.0,0
1775252178.433317,14,2368.46,0.0,0
1775252178.4343727,17,2368.40,0.0,0
1775252178.4343727,15,2369.50,0.0,0
1775252178.4343727,16,2370.80,0.0,0
1775252178.4348805,19,2371.34,0.0,0
1775252178.4343727,18,2373.85,0.0,0
1775252178.4348805,21,2374.35,0.0,0
1775252178.4348805,20,2375.35,42.9,0
1775252178.4405048,22,2381.81,0.0,0
1775252178.2257426,1,2602.05,81.2,0
1775252179.5166273,2,2744.89,8.8,0
1775252179.6976097,4,2620.09,4.7,0
1775252179.6976097,5,2622.15,0.0,0
1775252179.6976097,3,2623.73,0.0,0
1775252179.6976097,7,2624.73,0.0,0
1775252179.6976097,6,2626.75,0.0,0
1775252179.6976097,8,2627.76,40.0,0
1775252179.6976097,9,2630.23,0.0,0
1775252179.6991298,10,2629.71,0.0,0
1775252179.6991298,12,2630.71,0.0,0
1775252179.6991298,11,2631.22,0.0,0
1775252179.6991298,13,2632.22,0.0,0
1775252179.7001383,14,2632.21,0.0,0
1775252179.7001383,15,2632.21,0.0,0
1775252179.7001383,16,2633.68,0.0,0
1775252179.7001383,17,2635.19,0.0,0
1775252179.7001383,18,2636.59,0.0,0
1775252179.7001383,19,2637.67,0.0,0
1775252179.7001383,20,2637.67,0.0,0
1775252179.701298,22,2638.01,0.0,0
1775252179.7001383,21,2640.18,0.0,0
1775252179.701298,23,2640.02,25.0,0
1775252179.701298,24,2641.35,11.1,0
1775252179.701298,25,2642.35,0.0,0
1775252179.701298,26,2644.08,0.0,0
1775252179.701298,27,2645.12,0.0,0
1775252179.7023096,28,2645.12,0.0,0
1775252179.5144465,1,2832.98,0.0,0
1775252179.7081945,29,2648.60,0.0,0
1775252180.8127358,2,2622.27,13.8,0
1775252180.8127358,5,2623.27,14.3,0
1775252180.8127358,4,2624.50,0.0,0
1775252180.8127358,3,2625.78,0.0,0
1775252180.813744,8,2625.86,0.0,0
1775252180.813744,6,2627.00,0.0,0
1775252180.8153582,9,2626.48,0.0,0
1775252180.8153582,10,2627.58,0.0,0
1775252180.813744,7,2630.44,0.0,0
1775252180.8153582,11,2629.90,0.0,0
1775252180.8153582,12,2630.47,0.0,0
1775252180.8153582,13,2630.47,0.0,0
1775252180.8163762,14,2630.88,0.0,0
1775252180.8163762,15,2632.73,0.0,0
1775252180.8163762,16,2632.73,0.0,0
1775252180.8163762,17,2633.91,100.0,0
1775252180.8163762,18,2635.35,14.3,0
1775252180.8173885,19,2635.67,0.0,0
1775252180.8173885,20,2636.91,0.0,0
1775252180.8173885,21,2637.91,0.0,0
1775252180.678471,1,2887.44,15.3,0
1775252180.8821683,22,2686.43,0.0,0
1775252180.8854675,23,2684.13,0.0,0
1775252182.349175,2,2091.96,9.1,0
1775252182.349175,3,2093.51,0.0,0
1775252182.3501835,4,2093.51,0.0,0
1775252182.3501835,5,2094.56,0.0,0
1775252182.3501835,6,2095.73,0.0,0
1775252182.3501835,7,2095.73,0.0,0
1775252182.3501835,8,2097.24,0.0,0
1775252182.3501835,9,2098.82,0.0,0
1775252182.3511853,10,2099.16,0.0,0
1775252182.3511853,11,2100.41,44.4,0
1775252182.3511853,12,2101.43,0.0,0
1775252182.3511853,13,2101.43,0.0,0
1775252182.3511853,14,2102.88,0.0,0
1775252182.3521838,16,2103.20,0.0,0
1775252182.3521838,15,2104.23,0.0,0
1775252182.3521838,17,2105.44,0.0,0
1775252182.3531845,18,2105.94,0.0,0
1775252182.314718,1,3374.52,8.0,0
1775252183.4313588,2,2258.87,0.0,0
1775252183.5573325,4,2193.77,46.9,0
1775252183.4552953,3,2297.86,0.0,0
1775252183.5584192,6,2195.74,0.0,0
1775252183.5578785,5,2198.54,0.0,0
1775252183.5584192,7,2200.75,0.0,0
1775252183.5595744,8,2201.85,0.0,0
1775252183.5595744,10,2204.47,43.8,0
1775252183.5595744,9,2205.99,0.0,0
1775252183.5600922,12,2206.58,0.0,0
1775252183.5600922,11,2207.60,0.0,0
1775252183.5600922,13,2209.66,0.0,0
1775252183.5600922,14,2210.23,0.0,0
1775252183.560634,15,2210.69,0.0,0
1775252183.560634,16,2212.89,0.0,0
1775252183.560634,17,2213.88,0.0,0
1775252183.561168,18,2213.35,0.0,0
1775252183.561168,19,2216.63,0.0,0
1775252183.561168,21,2217.65,87.5,0
1775252183.561168,20,2220.77,0.0,0
1775252183.561708,22,2223.52,0.0,0
1775252183.561708,23,2225.85,0.0,0
1775252183.3741214,1,2415.48,0.0,0
1775252183.5674875,24,2233.82,68.8,0
1775252184.43814,2,2387.37,13.1,0
1775252184.5617113,6,2321.06,9.2,0
1775252184.4606338,3,2423.14,0.0,0
1775252184.5617113,4,2323.57,0.0,0
1775252184.563382,7,2322.91,0.0,0
1775252184.5617113,5,2325.97,100.0,0
1775252184.563382,8,2326.31,9.1,0
1775252184.563382,9,2327.32,0.0,0
1775252184.5645623,10,2327.13,0.0,0
1775252184.5645623,12,2328.13,0.0,0
1775252184.5645623,11,2329.61,0.0,0
1775252184.5655723,13,2329.67,0.0,0
1775252184.5655723,14,2330.71,0.0,0
1775252184.5655723,15,2331.71,0.0,0
1775252184.5655723,16,2332.21,0.0,0
1775252184.5655723,17,2333.72,0.0,0
1775252184.5655723,18,2334.73,0.0,0
1775252184.5655723,19,2336.24,0.0,0
1775252184.5668552,20,2336.28,0.0,0
1775252184.435129,1,2469.04,42.9,0
1775252184.5710676,21,2342.28,0.0,0
1775252185.792076,2,2095.42,8.5,0
1775252185.7925835,4,2096.40,25.0,0
1775252185.7925835,3,2097.55,0.0,0
1775252185.793189,5,2098.07,0.0,0
1775252185.7952,7,2098.14,0.0,0
1775252185.7942185,6,2100.13,0.0,0
1775252185.7952,8,2100.65,0.0,0
1775252185.7952,9,2102.17,0.0,0
1775252185.7952,10,2103.74,0.0,0
1775252185.7961981,11,2104.32,0.0,0
1775252185.7961981,12,2105.32,0.0,0
1775252185.7961981,13,2106.50,0.0,0
1775252185.7961981,15,2107.99,33.3,0
1775252185.7961981,17,2109.21,0.0,0
1775252185.7961981,14,2110.26,0.0,0
1775252185.797705,18,2109.75,0.0,0
1775252185.7961981,16,2112.53,0.0,0
1775252185.6912339,1,2279.12,25.0,0
1775252185.854556,19,2117.45,0.0,0
1775252185.8568504,20,2119.11,0.0,0
1775252186.905197,4,2047.17,16.2,0
1775252186.905197,2,2049.38,0.0,0
1775252186.905197,3,2050.40,0.0,0
1775252186.905197,5,2051.52,0.0,0
1775252186.906197,7,2051.72,0.0,0
1775252186.905197,6,2053.85,0.0,0
1775252186.906197,8,2054.08,0.0,0
1775252186.906197,9,2054.08,0.0,0
1775252186.906197,10,2056.73,0.0,0
1775252186.9086285,11,2055.30,0.0,0
1775252186.9086285,12,2056.80,0.0,0
1775252186.9086285,13,2056.80,0.0,0
1775252186.9086285,14,2057.91,33.3,0
1775252186.9086285,15,2059.38,0.0,0
1775252186.9086285,16,2060.64,0.0,0
1775252186.9086285,18,2062.34,0.0,0
1775252186.9086285,17,2063.35,0.0,0
1775252186.9086285,19,2064.35,0.0,0
1775252186.9098055,20,2063.17,0.0,0
1775252186.8790913,1,3019.81,10.7,0
1775252187.8849263,2,2013.97,0.0,0
1775252187.9628198,6,2046.32,3.6,0
1775252187.9618132,5,2049.33,0.0,0
1775252187.9618132,4,2050.43,0.0,0
1775252187.9618132,3,2050.93,0.0,0
1775252187.9628198,7,2050.93,25.0,0
1775252187.9633265,8,2051.89,0.0,0
1775252187.9633265,9,2053.23,0.0,0
1775252187.9644125,10,2053.53,0.0,0
1775252187.9644125,11,2054.53,0.0,0
1775252187.964989,13,2055.51,0.0,0
1775252187.964989,12,2056.03,0.0,0
1775252187.964989,14,2056.57,0.0,0
1775252187.9655051,16,2058.05,0.0,0
1775252187.9655051,17,2059.06,0.0,0
1775252187.9655051,15,2060.19,0.0,0
1775252187.9655051,18,2061.19,0.0,0
1775252187.777678,1,2257.61,56.2,0
1775252187.974446,19,2061.86,0.0,0
1775252188.947359,2,1961.39,19.1,0
1775252189.0769022,2,1888.82,0.0,0
1775252189.0769022,3,1890.83,10.0,0
1775252189.0769022,5,1891.82,0.0,0
1775252189.0769022,4,1893.55,0.0,0
1775252189.0769022,7,1894.66,0.0,0
1775252189.0769022,6,1896.73,0.0,0
1775252189.078411,8,1896.27,0.0,0
1775252189.078411,9,1897.29,0.0,0
1775252189.078411,10,1898.69,0.0,0
1775252189.078411,11,1900.10,0.0,0
1775252189.078411,13,1901.61,0.0,0
1775252189.078411,12,1902.62,0.0,0
1775252189.0799754,14,1902.06,12.5,0
1775252189.0799754,15,1903.05,0.0,0
1775252189.0809884,16,1903.04,0.0,0
1775252188.9458375,1,2039.19,0.0,0
1775252189.8973463,17,1149.87,5.8,0
1775252189.0758808,1,2890.70,24.2,0
1775252190.028699,3,2049.91,40.3,0
1775252190.028699,5,2052.43,0.0,0
1775252190.0276992,2,2055.99,0.0,0
1775252190.028699,4,2057.53,0.0,0
1775252190.031211,15,2057.56,0.0,0
1775252190.031211,12,2059.64,0.0,0
1775252190.031211,10,2061.76,56.2,0
1775252190.031211,14,2064.35,0.0,0
1775252190.031211,13,2068.00,0.0,0
1775252190.030205,6,2070.84,0.0,0
1775252190.030205,8,2073.36,0.0,0
1775252190.030205,7,2076.37,100.0,0
1775252190.031211,11,2078.65,52.9,0
1775252190.031211,9,2080.73,0.0,0
1775252190.0322108,16,2082.42,0.0,0
1775252190.0322108,17,2085.16,0.0,0
1775252190.0322108,19,2087.90,0.0,0
1775252190.0322108,18,2091.21,88.2,0
1775252190.0050774,1,2183.47,36.4,0
1775252190.0897722,20,2100.15,0.0,0
1775252190.9063208,21,1339.50,27.1,0
1775252190.961678,22,1904.66,48.5,0
1775252191.0371306,2,1890.38,73.9,0
1775252191.0371306,3,1892.89,0.0,0
1775252191.0385203,4,1893.75,0.0,0
1775252191.0385203,5,1897.05,100.0,0
1775252191.0385203,6,1900.07,0.0,0
1775252191.0397248,7,1902.39,0.0,0
1775252191.0397248,8,1906.01,0.0,0
1775252191.0408719,9,1906.38,0.0,0
1775252191.0408719,10,1910.50,100.0,0
1775252191.0418048,11,1911.76,0.0,0
1775252191.0418048,12,1915.26,0.0,0
1775252191.0431988,13,1917.33,0.0,0
1775252191.047218,14,2035.04,60.8,0
1775252191.9685836,15,1847.55,90.8,0
1775252191.0371306,1,2784.24,0.0,0
1775252192.1789725,2,1716.85,86.6,0
1775252192.1789725,4,1720.82,0.0,0
1775252192.1789725,3,1727.83,93.8,0
1775252192.1799777,5,1733.23,0.0,0
1775252192.1813765,7,1736.59,0.0,0
1775252192.1813765,6,1742.33,100.0,0
1775252192.1813765,8,1746.85,0.0,0
1775252192.1813765,9,1751.05,0.0,0
1775252192.1823745,10,1753.42,100.0,0
1775252192.1823745,11,1757.40,0.0,0
1775252192.1823745,12,1761.93,0.0,0
1775252192.1823745,13,1765.67,0.0,0
1775252192.1823745,14,1768.91,100.0,0
1775252192.1833732,15,1771.55,0.0,0
1775252192.2428143,16,1827.17,79.1,0
1775252192.1789725,1,1953.70,62.1,0
1775252192.8638272,17,1270.50,0.0,0
1775252192.9213138,18,1931.03,42.6,0
1775252192.963264,19,1947.92,38.5,0
1775252193.0665808,2,1846.62,0.0,0
1775252193.0665808,3,1848.76,0.0,0
1775252193.0675836,4,1850.11,0.0,0
1775252193.0675836,5,1851.11,0.0,0
1775252193.068582,6,1852.73,62.5,0
1775252193.0695856,7,1853.74,0.0,0
1775252193.0708902,8,1853.94,0.0,0
1775252193.0708902,9,1857.21,0.0,0
1775252193.0708902,10,1859.22,0.0,0
1775252193.0708902,11,1862.77,0.0,0
1775252193.07221,12,1863.98,37.5,0
1775252193.07221,13,1866.42,0.0,0
1775252193.073209,14,1867.70,0.0,0
1775252193.8110878,15,1263.94,78.2,0
1775252193.0655684,1,2018.34,87.5,0
1775252193.892823,16,1194.27,0.0,0
1775252194.0778792,2,1189.39,72.3,0
1775252194.8477998,3,477.03,55.1,0
1775252194.0613973,1,1264.46,92.3,0
1775252194.9055803,4,1546.81,63.4,0
1775252195.045855,2,1463.18,39.6,0
1775252195.0473955,3,1464.64,0.0,0
1775252195.0479472,4,1466.61,50.0,0
1775252195.0479472,5,1468.12,0.0,0
1775252195.049827,6,1468.25,0.0,0
1775252195.0504744,7,1470.63,0.0,0
1775252195.0534725,8,1469.78,0.0,0
1775252195.054473,10,1470.93,0.0,0
1775252195.054473,9,1473.22,0.0,0
1775252195.0554702,11,1475.03,62.5,0
1775252195.0561507,12,1476.35,0.0,0
1775252195.057166,13,1478.86,0.0,0
1775252195.0601628,14,1476.86,0.0,0
1775252195.0601628,15,1479.25,100.0,0
1775252195.061166,16,1522.12,100.0,0
1775252195.0621693,17,1528.16,100.0,0
1775252195.0631661,18,1531.70,100.0,0
1775252195.0636785,19,1536.04,0.0,0
1775252195.0646932,20,1539.04,0.0,0
1775252195.0662103,21,1542.04,100.0,0
1775252195.0662103,22,1547.63,0.0,0
1775252195.0672226,23,1553.16,0.0,0
1775252195.0780487,24,1677.08,88.4,0
1775252195.045855,1,1771.73,84.4,0
1775252195.1531372,25,1668.81,0.0,0
1775252195.2641172,26,1622.65,97.0,0
1775252195.321883,27,1741.56,97.0,0
1775252196.4493623,3,830.46,91.7,0
1775252196.448352,2,834.19,0.0,0
1775252196.449871,4,836.10,0.0,0
1775252196.5050955,5,1140.86,45.0,0
1775252196.5056212,6,1141.85,0.0,0
1775252196.5056212,7,1145.46,0.0,0
1775252196.5056212,8,1147.46,0.0,0
1775252196.7283585,9,983.96,43.1,0
1775252196.7298672,10,985.14,0.0,0
1775252196.7310839,11,985.99,46.7,0
1775252196.7320845,12,987.50,0.0,0
1775252196.7334323,13,988.69,0.0,0
1775252196.448352,1,1276.17,0.0,0
1775252196.7334323,14,993.35,0.0,0
1775252196.8129585,15,974.64,41.5,0
1775252196.883036,16,910.35,0.0,0
1775252197.277308,2,680.44,42.7,0
1775252197.0563638,1,956.84,41.0,0
1775252197.6434288,3,372.29,0.0,0
1775252197.705321,4,1026.57,46.0,0
1775252197.779053,5,1265.29,49.7,0
1775252197.7795591,6,1266.29,53.8,0
1775252197.7795591,8,1269.47,0.0,0
1775252197.7795591,7,1270.65,0.0,0
1775252197.7795591,9,1272.65,0.0,0
1775252197.780566,10,1274.12,0.0,0
1775252197.780566,12,1275.40,0.0,0
1775252197.780566,11,1277.94,0.0,0
1775252197.7815666,13,1278.94,81.2,0
1775252197.7815666,14,1281.44,0.0,0
1775252197.7815666,15,1283.79,0.0,0
1775252197.7815666,16,1285.09,0.0,0
1775252197.7815666,17,1288.33,0.0,0
1775252197.7830763,18,1289.34,0.0,0
1775252197.7891185,19,1392.19,30.4,0
1775252197.7901156,20,1393.20,0.0,0
1775252197.7901156,21,1395.20,50.0,0
1775252197.7901156,22,1396.30,0.0,0
1775252197.7911203,23,1396.31,0.0,0
1775252197.7911203,24,1397.31,0.0,0
1775252197.8454936,25,1400.33,71.4,0
1775252197.8496485,26,1398.71,50.0,0
1775252197.9547307,27,1401.55,60.2,0
1775252198.0106823,2,1502.98,57.7,0
1775252198.0116925,3,1505.87,0.0,0
1775252198.729371,4,948.41,86.4,0
1775252198.729371,5,951.95,0.0,0
1775252198.72988,6,956.34,87.5,0
1775252198.010175,1,1987.15,62.9,0
1775252199.0397997,2,960.15,40.0,0
1775252199.0413299,3,961.23,0.0,0
1775252199.1757843,5,932.99,52.2,0
1775252199.1757843,4,934.99,0.0,0
1775252199.176794,7,936.49,0.0,0
1775252199.1757843,6,939.79,0.0,0
1775252199.176794,8,940.88,0.0,0
1775252199.176794,9,942.88,0.0,0
1775252199.0397997,1,1137.07,41.3,0
1775252199.2433197,10,936.48,0.0,0
1775252199.3529239,11,888.14,34.4,0
1775252199.5111394,12,784.83,45.6,0
1775252199.6722238,13,680.70,21.8,0
1775252199.9940038,14,363.35,57.1,0
1775252200.1717658,2,1007.38,22.2,0
1775252200.2325094,5,1002.74,26.6,0
1775252200.2325094,3,1003.75,0.0,0
1775252200.2325094,4,1005.74,0.0,0
1775252200.2325094,6,1007.74,0.0,0
1775252200.2335246,7,1007.73,0.0,0
1775252200.2335246,8,1008.73,0.0,0
1775252200.2350388,9,1009.22,0.0,0
1775252200.2350388,10,1011.22,0.0,0
1775252200.2370605,12,1010.70,80.0,0
1775252200.2370605,13,1012.23,16.7,0
1775252200.2370605,14,1013.25,0.0,0
1775252200.2360606,11,1016.24,0.0,0
1775252200.2380695,15,1015.24,0.0,0
1775252200.2380695,16,1016.78,0.0,0
1775252200.106398,1,1149.50,0.0,0
1775252200.293456,17,1068.71,21.4,0
1775252200.3481596,18,1272.33,12.8,0
1775252200.3501856,19,1271.81,0.0,0
1775252200.354929,21,1425.00,10.8,0
1775252200.354929,20,1427.24,0.0,0
1775252200.354929,22,1428.35,0.0,0
1775252200.3559284,24,1428.95,0.0,0
1775252200.354929,23,1430.48,0.0,0
1775252200.4112055,25,1381.09,0.0,0
1775252200.4112055,26,1383.11,0.0,0
1775252200.4122229,27,1383.33,18.8,0
1775252201.2310777,3,1232.05,21.3,0
1775252201.2310777,2,1234.17,0.0,0
1775252201.2310777,4,1235.82,43.8,0
1775252201.232208,5,1236.44,0.0,0
1775252201.232208,6,1237.44,0.0,0
1775252201.3584545,9,1166.60,16.7,0
1775252201.3584545,8,1168.61,0.0,0
1775252201.3584545,7,1169.88,0.0,0
1775252201.3584545,10,1171.39,12.5,0
1775252201.3594618,11,1170.96,0.0,0
1775252201.3594618,12,1171.98,0.0,0
1775252201.3594618,13,1172.99,0.0,0
1775252201.1771498,1,1356.30,0.0,0
1775252201.6179605,14,972.35,8.3,0
1775252201.7766612,15,1227.53,15.9,0
1775252201.787007,16,1374.10,15.5,0
1775252201.787007,17,1376.10,0.0,0
1775252201.7875345,19,1376.08,0.0,0
1775252201.787007,18,1378.61,0.0,0
1775252201.7875345,20,1378.59,0.0,0
1775252201.7875345,21,1380.59,0.0,0
1775252201.788063,22,1380.06,0.0,0
1775252201.79019,23,1379.44,25.0,0
1775252202.050072,3,1228.17,20.6,0
1775252202.050072,2,1229.68,25.0,0
1775252202.051082,4,1229.67,0.0,0
1775252202.4586723,5,1080.66,22.2,0
1775252202.4611266,6,1079.37,0.0,0
1775252202.5225353,8,1073.71,7.7,0
1775252202.5220275,7,1075.73,0.0,0
1775252202.5225353,9,1077.38,0.0,0
1775252202.050072,1,1551.87,0.0,0
1775252202.5235474,10,1079.63,0.0,0
1775252202.5866003,11,1224.96,8.0,0
1775252203.0011861,2,865.06,6.2,0
1775252203.0021946,3,866.06,0.0,0
1775252203.0021946,4,866.06,0.0,0
1775252203.0021946,5,867.57,0.0,0
1775252203.1580992,6,1124.48,2.6,0
1775252203.274229,8,1368.82,13.7,0
1775252203.2737257,7,1370.91,0.0,0
1775252203.274229,10,1372.83,0.0,0
1775252203.274229,11,1374.02,0.0,0
1775252203.274229,12,1375.02,0.0,0
1775252203.274229,9,1377.61,0.0,0
1775252203.0006692,1,1652.31,0.0,0
1775252203.2752554,13,1378.87,71.4,0
1775252203.535456,16,1177.56,26.0,0
1775252203.534429,14,1179.77,0.0,0
1775252203.535456,17,1180.25,0.0,0
1775252203.534429,15,1182.52,33.3,0
1775252203.5359733,18,1182.11,0.0,0
1775252203.5359733,19,1183.80,0.0,0
1775252203.5369804,20,1183.84,0.0,0
1775252203.5947335,21,1383.82,28.6,0
1775252203.808046,22,1224.95,0.0,0
1775252203.8085537,25,1225.46,0.0,0
1775252203.8085537,23,1226.47,0.0,0
1775252203.8085537,24,1227.48,0.0,0
1775252203.8095622,26,1227.47,0.0,0
1775252203.8641798,27,1380.49,7.2,0
1775252204.2781239,2,1072.20,8.0,0
1775252204.2781239,3,1074.20,0.0,0
1775252204.2796168,4,1073.70,0.0,0
1775252204.280144,5,1075.17,0.0,0
1775252204.6396875,7,1075.87,25.1,0
1775252204.6396875,6,1077.55,58.8,0
1775252204.7070615,8,1066.70,27.1,0
1775252204.7070615,9,1068.84,0.0,0
1775252204.7080715,12,1068.89,0.0,0
1775252204.7080715,10,1070.48,0.0,0
1775252204.7080715,11,1071.56,50.0,0
1775252204.2776194,1,1503.08,0.0,0
1775252204.7090719,13,1073.20,0.0,0
1775252204.9750805,14,814.63,0.0,0
1775252205.2412014,2,860.93,13.7,0
1775252205.3472226,4,1114.09,11.3,0
1775252205.3472226,3,1115.60,0.0,0
1775252205.3472226,5,1118.13,0.0,0
1775252205.348238,6,1118.13,42.9,0
1775252205.0312393,1,1436.31,0.0,0
1775252205.7115264,7,862.67,6.8,0
1775252205.7115264,9,864.18,0.0,0
1775252205.713044,10,863.69,20.0,0
1775252205.7115264,8,865.21,0.0,0
1775252205.713044,11,865.72,0.0,0
1775252205.713044,12,867.78,0.0,0
1775252205.7140548,13,867.77,0.0,0
1775252205.7705612,14,1326.08,10.9,0
1775252205.7716181,15,1326.62,0.0,0
1775252205.7843766,16,1421.10,32.1,0
1775252205.7848864,19,1421.90,0.0,0
1775252205.7848864,18,1423.17,0.0,0
1775252205.7848864,17,1425.74,0.0,0
1775252205.7854252,20,1427.20,0.0,0
1775252205.7854252,22,1428.79,0.0,0
1775252205.7854252,21,1429.79,0.0,0
1775252205.7859597,23,1432.05,37.5,0
1775252205.7859597,24,1434.17,0.0,0
1775252205.7876189,25,1433.58,0.0,0
1775252205.84279,26,1385.69,0.0,0
1775252205.8432963,27,1387.83,0.0,0
1775252206.4593236,2,1286.38,37.1,0
1775252206.5706813,3,1330.21,21.0,0
1775252206.571185,5,1330.72,0.0,0
1775252206.571185,4,1332.72,0.0,0
1775252206.571185,6,1333.72,62.5,0
1775252206.571185,7,1335.78,0.0,0
1775252206.571185,9,1337.72,0.0,0
1775252206.571185,8,1340.37,0.0,0
1775252206.5721953,10,1340.87,0.0,0
1775252206.1005323,1,1815.05,0.0,0
1775252207.0926418,2,881.55,55.4,0
1775252207.093648,4,882.93,0.0,0
1775252207.0926418,3,886.00,0.0,0
1775252207.2030766,5,1042.89,48.9,0
1775252207.2232077,6,1080.92,58.5,0
1775252207.2232077,8,1083.18,0.0,0
1775252207.2232077,7,1085.45,0.0,0
1775252207.2232077,9,1088.45,82.4,0
1775252207.0926418,1,1220.53,0.0,0
1775252207.2838516,10,1090.96,67.2,0
1775252207.744159,11,684.79,40.0,0
1775252207.898658,12,688.01,28.0,0
1775252207.9679441,13,1079.26,15.7,0
1775252207.9679441,14,1080.27,0.0,0
1775252207.9694715,15,1080.25,0.0,0
1775252208.2364898,2,969.88,11.2,0
1775252208.2381344,4,970.25,0.0,0
1775252208.2381344,3,971.27,0.0,0
1775252208.2381344,5,972.77,0.0,0
1775252208.2404263,6,971.08,0.0,0
1775252208.2414246,8,971.60,0.0,0
1775252208.2404263,7,974.20,0.0,0
1775252208.2414246,9,974.21,0.0,0
1775252208.2414246,10,975.53,25.0,0
1775252208.2991855,11,1331.56,17.6,0
1775252208.3001997,13,1332.67,0.0,0
1775252208.2991855,12,1334.69,0.0,0
1775252208.3664904,14,1376.13,30.7,0
1775252208.3664904,15,1379.13,0.0,0
1775252208.3675148,16,1379.61,0.0,0
1775252208.3675148,17,1381.45,40.0,0
1775252208.3675148,18,1383.87,0.0,0
1775252208.368515,19,1383.89,0.0,0
1775252208.2364898,1,1517.91,0.0,0
1775252208.3711383,20,1385.27,0.0,0
1775252208.426947,22,1439.80,53.6,0
1775252208.4264407,21,1442.32,0.0,0
1775252208.5825703,23,1495.04,48.2,0
1775252208.5841382,24,1505.00,100.0,0
1775252209.0446854,2,1186.60,91.5,0
1775252209.0456955,5,1189.42,30.0,0
1775252209.0456955,4,1190.83,0.0,0
1775252209.0456955,3,1192.84,0.0,0
1775252209.2032585,6,1344.41,27.7,0
1775252209.2043293,7,1345.87,0.0,0
1775252209.6239262,8,981.36,16.7,0
1775252209.6244302,9,982.91,54.5,0
1775252209.6244302,10,983.92,0.0,0
1775252209.6254377,11,986.63,0.0,0
1775252209.6254377,12,988.66,0.0,0
1775252209.0446854,1,1570.92,0.0,0
1775252209.7386465,13,1036.08,20.0,0
1775252209.8593278,14,921.47,18.8,0
1775252209.8593278,15,923.62,0.0,0
1775252209.863393,16,921.56,0.0,0
1775252210.228831,2,718.25,42.0,0
1775252210.5461557,3,458.28,18.2,0
1775252210.074555,1,931.39,0.0,0
1775252210.6025379,4,813.88,14.2,0
1775252210.7696233,5,854.01,8.1,0
1775252210.7706335,10,854.58,0.0,0
1775252210.7696233,8,857.60,0.0,0
1775252210.7706335,9,857.77,0.0,0
1775252210.7696233,7,858.78,0.0,0
1775252210.7696233,6,860.28,0.0,0
1775252210.7711427,11,860.77,0.0,0
1775252210.7711427,12,861.77,0.0,0
1775252210.7767339,13,1267.06,8.9,0
1775252210.7767339,14,1268.06,28.6,0
1775252210.7767339,15,1269.06,0.0,0
1775252210.7777305,16,1269.06,0.0,0
1775252210.8363352,17,1266.53,1.9,0
1775252210.8363352,18,1268.54,0.0,0
1775252210.8363352,19,1269.53,0.0,0
1775252210.837827,20,1270.06,7.7,0
1775252210.837827,22,1271.58,0.0,0
1775252210.837827,21,1273.10,0.0,0
1775252210.837827,23,1275.12,0.0,0
1775252210.8390594,24,1274.89,0.0,0
1775252210.94439,25,1326.47,3.7,0
1775252210.9993517,26,1528.95,17.2,0
1775252210.9993517,27,1530.46,28.6,0
1775252211.002439,2,1528.59,0.0,0
1775252211.4136035,4,1222.98,32.7,0
1775252211.4136035,3,1225.02,57.1,0
1775252211.4142144,5,1225.46,0.0,0
1775252211.4142144,6,1226.52,0.0,0
1775252211.4142144,7,1228.52,0.0,0
1775252211.0003595,1,1949.96,19.3,0
1775252211.622262,8,1329.06,16.7,0
1775252212.0405817,4,965.86,5.8,0
1775252212.0392592,3,969.18,0.0,0
1775252212.0392592,2,969.69,0.0,0
1775252212.0405817,5,969.38,0.0,0
1775252212.0405817,6,970.37,0.0,0
1775252212.0416486,7,970.31,0.0,0
1775252212.0999324,8,1021.16,8.9,0
1775252212.0392592,1,1085.35,37.5,0
1775252212.2685733,9,856.61,0.0,0
1775252212.5259638,10,811.35,8.6,0
1775252212.633406,11,704.91,0.0,0
1775252212.633406,12,706.38,0.0,0
1775252212.6349282,13,706.04,0.0,0
1775252212.9487352,14,1264.16,14.2,0
1775252213.1145368,3,1205.91,11.3,0
1775252213.1145368,2,1207.45,0.0,0
1775252213.1145368,4,1208.78,0.0,0
1775252213.1145368,5,1210.85,0.0,0
1775252213.1155467,6,1211.48,30.8,0
1775252213.1155467,7,1212.74,0.0,0
1775252213.1155467,8,1214.77,0.0,0
1775252213.1180034,9,1213.39,0.0,0
1775252213.1180034,10,1213.39,0.0,0
1775252213.1180034,11,1214.55,0.0,0
1775252213.1180034,12,1215.58,0.0,0
1775252213.1180034,13,1217.09,0.0,0
1775252213.1180034,14,1218.15,0.0,0
1775252213.1180034,15,1219.41,0.0,0
1775252213.1180034,16,1220.50,0.0,0
1775252213.1195085,17,1220.02,0.0,0
1775252213.1220937,18,1323.68,9.9,0
1775252213.0034366,1,1443.85,0.0,0
1775252213.3297763,19,1120.21,0.0,0
1775252213.332897,20,1119.08,22.2,0
1775252213.3352087,21,1685.88,29.6,0
1775252213.3922954,22,1630.80,0.0,0
1775252213.3922954,23,1632.31,0.0,0
1775252213.3922954,24,1634.05,0.0,0
1775252213.3933046,25,1635.04,0.0,0
1775252213.3933046,26,1636.54,20.0,0
1775252213.3933046,27,1639.16,0.0,0
1775252213.394303,28,1639.48,0.0,0
1775252213.394303,29,1640.99,0.0,0
1775252213.394303,30,1643.00,0.0,0
1775252213.395469,31,1642.99,0.0,0
1775252214.3182416,2,1088.28,49.6,0
1775252214.441745,3,1075.82,55.3,0
1775252214.441745,4,1077.93,0.0,0
1775252214.4427626,5,1079.63,0.0,0
1775252214.4427626,6,1082.20,0.0,0
1775252214.44377,8,1084.21,0.0,0
1775252214.4427626,7,1087.21,61.1,0
1775252214.2113564,1,1329.19,0.0,0
1775252214.4489048,9,1094.84,0.0,0
1775252215.017514,2,1249.18,58.4,0
1775252215.0904496,3,1237.66,72.1,0
1775252215.0904496,4,1241.47,0.0,0
1775252215.0904496,5,1245.10,0.0,0
1775252215.09146,6,1246.59,0.0,0
1775252215.09146,7,1250.09,76.5,0
1775252215.09146,8,1252.88,0.0,0
1775252215.0924609,9,1255.50,0.0,0
1775252215.0924609,10,1258.41,0.0,0
1775252215.0934596,11,1260.94,0.0,0
1775252215.0934596,12,1265.59,68.8,0
1775252215.0934596,13,1269.79,0.0,0
1775252215.0139937,1,1352.61,0.0,0
1775252215.0944595,14,1274.34,0.0,0
1775252215.4029293,15,1030.79,55.4,0
1775252215.5152845,16,974.33,54.5,0
1775252215.5332527,17,1214.47,20.7,0
1775252215.5962877,19,1156.96,0.0,0
1775252215.5962877,18,1157.96,0.0,0
1775252215.5973,20,1158.21,0.0,0
1775252215.5973,21,1160.35,0.0,0
1775252215.5978081,22,1160.87,0.0,0
1775252216.3212028,2,1359.03,26.3,0
1775252216.3232126,3,1358.03,0.0,0
1775252216.4220812,4,1317.64,37.9,0
1775252216.4225898,5,1318.64,0.0,0
1775252216.4225898,6,1322.17,0.0,0
1775252216.4236012,7,1322.51,0.0,0
1775252216.4236012,8,1325.90,81.2,0
1775252216.4236012,9,1328.31,0.0,0
1775252216.4251084,10,1328.89,0.0,0
1775252216.426123,11,1329.24,0.0,0
1775252216.426123,12,1331.99,0.0,0
1775252216.4271219,13,1332.32,0.0,0
1775252216.4271219,14,1334.25,0.0,0
1775252216.4281251,15,1340.89,100.0,0
1775252216.4281251,16,1345.01,0.0,0
1775252216.4281251,18,1350.06,100.0,0
1775252216.4281251,17,1355.32,100.0,0
1775252216.263552,1,1523.42,0.0,0
1775252216.4876091,19,1360.70,89.4,0
1775252216.7471921,20,1157.12,25.0,0
1775252216.7502463,21,1522.97,32.8,0
1775252216.8614454,23,1419.00,52.9,0
1775252216.8614454,24,1421.74,0.0,0
1775252216.8614454,22,1423.91,0.0,0
1775252216.8614454,25,1426.72,0.0,0
1775252216.8614454,27,1429.44,0.0,0
1775252216.8614454,26,1432.29,0.0,0
1775252216.8629656,28,1432.92,50.0,0
1775252217.7339275,2,1183.53,22.6,0
1775252217.7339275,3,1185.10,0.0,0
1775252217.7365553,4,1182.98,40.0,0
1775252217.84068,5,1135.61,14.8,0
1775252217.84068,6,1137.62,0.0,0
1775252217.8417025,7,1138.11,0.0,0
1775252217.8417025,8,1138.67,0.0,0
1775252217.8417025,9,1140.67,100.0,0
1775252217.843104,10,1140.27,22.2,0
1775252217.843104,11,1141.78,0.0,0
1775252217.843104,12,1143.35,0.0,0
1775252217.6775894,1,1308.87,0.0,0
1775252217.9026754,13,1091.04,0.0,0
1775252218.4503763,2,1164.53,6.4,0
1775252218.4503763,3,1166.03,0.0,0
1775252218.4513834,5,1167.01,0.0,0
1775252218.4503763,4,1170.10,0.0,0
1775252218.4513834,6,1169.73,0.0,0
1775252218.4513834,7,1171.65,36.4,0
1775252218.4533842,8,1172.19,0.0,0
1775252218.4533842,9,1173.32,0.0,0
1775252218.4533842,10,1174.49,0.0,0
1775252218.9124272,11,1023.07,11.0,0
1775252218.2765665,1,1660.53,0.0,0
1775252218.9139488,12,1024.16,0.0,0
1775252218.9717963,14,1274.57,25.1,0
1775252218.9717963,15,1278.10,100.0,0
1775252218.9717963,13,1280.10,0.0,0
1775252218.9717963,16,1282.83,0.0,0
1775252218.972805,17,1284.76,0.0,0
1775252218.972805,18,1289.01,0.0,0
1775252218.988458,19,1332.80,84.8,0
1775252218.988458,20,1336.20,0.0,0
1775252218.988458,21,1338.22,82.4,0
1775252218.9894617,22,1342.75,0.0,0
1775252218.9894617,23,1349.46,0.0,0
1775252218.9894617,24,1352.95,100.0,0
1775252218.9947174,25,1414.62,89.7,0
1775252218.9973462,26,1418.19,0.0,0
1775252219.6113436,2,1315.36,58.0,0
1775252219.9328325,3,995.87,0.0,0
1775252219.9328325,4,997.38,0.0,0
1775252219.9328325,6,998.39,0.0,0
1775252219.9338636,7,998.36,0.0,0
1775252219.9338636,8,999.87,0.0,0
1775252219.9338636,10,999.87,0.0,0
1775252219.9338636,9,1002.60,41.7,0
1775252219.9328325,5,1007.42,0.0,0
1775252219.456743,1,1484.51,0.0,0
1775252220.2438645,1,753.72,8.3,0
1775252220.9377432,3,469.17,9.6,0
1775252220.9377432,2,471.17,0.0,0
1775252220.9377432,6,472.19,0.0,0
1775252220.9377432,4,472.19,0.0,0
1775252220.9390538,7,527.64,11.9,0
1775252220.9390538,8,528.64,20.0,0
1775252220.9390538,9,529.64,0.0,0
1775252220.9377432,5,532.97,0.0,0
1775252220.9432082,10,531.17,0.0,0
1775252220.9990866,11,533.70,7.8,0
1775252221.4631734,2,936.74,15.0,0
1775252221.464181,3,936.73,0.0,0
1775252221.464181,5,938.73,0.0,0
1775252221.464181,4,939.85,100.0,0
1775252221.464181,6,940.85,41.7,0
1775252221.464181,7,942.08,0.0,0
1775252221.464181,8,943.68,0.0,0
1775252221.464181,9,945.01,0.0,0
1775252221.4717925,10,1043.77,11.7,0
1775252221.4728029,12,1043.85,0.0,0
1775252221.4728029,13,1045.41,0.0,0
1775252221.4717925,11,1047.93,0.0,0
1775252221.4728029,14,1047.93,0.0,0
1775252221.473351,15,1048.92,0.0,0
1775252221.473351,16,1049.97,0.0,0
1775252221.473351,17,1050.97,0.0,0
1775252221.473351,18,1050.97,0.0,0
1775252221.4764009,19,1051.23,0.0,0
1775252221.4631734,1,1065.46,66.7,0
1775252221.5296438,20,1054.73,47.5,0
1775252222.5121026,2,385.34,43.5,0
1775252222.5121026,3,388.12,0.0,0
1775252222.5131078,5,494.37,53.1,0
1775252222.5121026,4,497.92,0.0,0
1775252222.5131078,6,499.11,0.0,0
1775252222.5131078,7,501.77,46.7,0
1775252222.5131078,8,607.92,41.8,0
1775252222.5131078,9,610.34,35.7,0
1775252222.581137,10,545.67,0.0,0
1775252222.5115979,1,617.70,0.0,0
1775252223.0064118,2,177.77,36.0,0
1775252223.120447,4,270.33,44.6,0
1775252223.120447,3,272.35,0.0,0
1775252223.12103,5,274.94,0.0,0
1775252223.0054054,1,393.68,0.0,0
1775252223.4817765,6,55.95,40.4,0
1775252223.539905,7,619.25,14.2,0
1775252223.539905,8,621.24,0.0,0
1775252223.539905,9,621.24,0.0,0
1775252223.539905,10,623.32,0.0,0
1775252223.5409217,11,622.81,0.0,0
1775252223.5409217,12,624.32,0.0,0
1775252223.5409217,13,625.54,0.0,0
1775252223.5421865,14,624.28,0.0,0
1775252223.5421865,15,735.00,24.8,0
1775252223.5421865,16,737.52,64.7,0
1775252223.5421865,17,739.91,0.0,0
1775252223.5431864,18,741.88,0.0,0
1775252223.5431864,19,746.32,0.0,0
1775252223.5431864,20,748.71,0.0,0
1775252224.2707677,3,720.52,8.3,0
1775252224.2702615,2,722.63,0.0,0
1775252224.2707677,4,723.16,0.0,0
1775252224.2713575,6,724.57,0.0,0
1775252224.2707677,5,726.67,0.0,0
1775252224.2733696,7,725.68,55.6,0
1775252224.2733696,8,727.06,0.0,0
1775252224.2743742,9,727.06,0.0,0
1775252224.2743742,10,728.52,0.0,0
1775252224.2748892,11,729.18,0.0,0
1775252224.2748892,12,888.23,10.2,0
1775252224.2754164,14,888.21,0.0,0
1775252224.2754164,13,890.33,0.0,0
1775252224.287288,15,879.47,0.0,0
1775252224.2884057,16,879.36,0.0,0
1775252224.269755,1,899.01,0.0,0
1775252225.1587374,2,522.63,15.5,0
1775252225.1587374,3,524.64,0.0,0
1775252225.1597471,5,523.63,0.0,0
1775252225.1597471,4,525.71,30.0,0
1775252225.1597471,6,681.51,35.6,0
1775252225.1597471,8,683.58,0.0,0
1775252225.1597471,7,685.59,0.0,0
1775252225.1597471,9,686.62,0.0,0
1775252225.160793,10,686.59,0.0,0
1775252225.160793,11,688.77,0.0,0
1775252225.160793,12,743.51,40.7,0
1775252225.160793,13,744.52,0.0,0
1775252225.160793,14,746.53,0.0,0
1775252225.1587374,1,751.27,0.0,0
1775252225.8397472,15,228.37,16.1,0
1775252225.840253,17,230.45,0.0,0
1775252225.840253,16,231.03,0.0,0
1775252225.9022617,18,226.62,49.2,0
1775252226.12556,4,470.30,11.6,0
1775252226.1250207,2,472.35,0.0,0
1775252226.1250207,3,473.94,0.0,0
1775252226.1261067,5,473.86,0.0,0
1775252226.1261067,7,580.49,0.0,0
1775252226.1261067,6,582.67,0.0,0
1775252226.1266618,8,583.32,0.0,0
1775252226.1266618,9,585.69,0.0,0
1775252226.1266618,10,587.22,0.0,0
1775252226.1271977,12,744.19,4.4,0
1775252226.1271977,11,745.77,41.7,0
1775252226.131539,14,796.25,49.1,0
1775252226.1310112,13,797.78,0.0,0
1775252226.12447,1,805.82,0.0,0
1775252226.134332,15,797.96,0.0,0
1775252226.7035282,16,640.08,16.9,0
1775252226.7035282,17,641.70,0.0,0
1775252226.7045364,20,642.30,0.0,0
1775252226.7045364,18,644.24,0.0,0
1775252226.7045364,19,645.83,0.0,0
1775252226.7045364,21,954.59,6.2,0
1775252226.7045364,22,956.62,0.0,0
1775252226.7055533,23,956.59,0.0,0
1775252226.86756,24,850.02,14.8,0
1775252226.868069,27,851.51,0.0,0
1775252226.868069,29,853.29,0.0,0
1775252226.868069,28,854.75,0.0,0
1775252226.868069,25,856.37,0.0,0
1775252226.868069,26,857.94,0.0,0
1775252226.925784,30,854.34,14.1,0
1775252226.9312935,31,902.53,6.2,0
1775252226.9342933,32,902.08,0.0,0
1775252227.6567805,2,640.56,30.5,0
1775252227.6567805,4,642.19,0.0,0
1775252227.6567805,3,643.76,0.0,0
1775252227.7155707,6,688.81,26.6,0
1775252227.7155707,8,689.83,0.0,0
1775252227.7155707,7,691.34,0.0,0
1775252227.7150555,5,693.32,0.0,0
1775252227.7155707,9,694.81,0.0,0
1775252227.7165835,10,694.79,0.0,0
1775252227.7780867,11,738.40,15.5,0
1775252227.7786095,13,739.88,0.0,0
1775252227.6555798,1,866.60,0.0,0
1775252227.7786095,12,744.57,0.0,0
1775252228.4032474,2,178.88,7.9,0
1775252228.4032474,1,844.17,6.2,0
1775252228.52469,3,724.31,20.0,0
1775252228.5256958,4,724.31,0.0,0
1775252228.5256958,5,725.31,0.0,0
1775252228.5256958,6,726.31,0.0,0
1775252228.5256958,7,727.68,0.0,0
1775252228.5256958,8,729.28,0.0,0
1775252228.5256958,9,730.50,0.0,0
1775252228.5256958,10,838.66,8.0,0
1775252228.526893,12,838.46,0.0,0
1775252228.526893,11,840.99,0.0,0
1775252228.526893,13,842.08,0.0,0
1775252228.5278907,14,842.60,0.0,0
1775252228.5278907,15,896.05,25.8,0
1775252228.5278907,16,897.12,0.0,0
1775252228.5278907,17,900.48,0.0,0
1775252229.3598115,2,427.68,1.9,0
1775252229.3598115,3,687.78,2.5,0
1775252229.3587954,4,690.33,0.0,0
1775252229.3608105,7,689.39,0.0,0
1775252229.3598115,6,692.45,0.0,0
1775252229.3608105,8,692.55,0.0,0
1775252229.3608105,9,694.47,0.0,0
1775252229.3618107,10,751.11,4.6,0
1775252229.3618107,13,753.63,0.0,0
1775252229.3618107,12,754.64,0.0,0
1775252229.3598115,5,758.64,0.0,0
1775252229.3618107,11,757.64,0.0,0
1775252229.4222739,14,752.41,7.7,0
1775252229.3587954,1,818.48,0.0,0
1775252230.1077747,2,787.91,12.0,0
1775252230.1119108,15,786.33,0.0,0
1775252230.1108835,12,788.83,0.0,0
1775252230.1108835,11,790.17,0.0,0
1775252230.1119108,14,790.23,0.0,0
1775252230.1108835,13,792.54,0.0,0
1775252230.1087825,6,796.70,42.9,0
1775252230.1102037,8,796.28,0.0,0
1775252230.1108835,10,796.59,0.0,0
1775252230.1087825,5,855.69,79.6,0
1775252230.1108835,9,855.75,54.5,0
1775252230.1087825,4,859.85,0.0,0
1775252230.1102037,7,860.51,0.0,0
1775252230.1087825,3,863.09,0.0,0
1775252230.1731303,16,853.44,31.2,0
1775252230.1077747,1,922.30,43.8,0
1775252230.9608073,20,532.24,11.4,0
1775252230.9597952,17,535.26,0.0,0
1775252230.9608073,19,535.25,0.0,0
1775252230.9597952,18,537.26,0.0,0
1775252230.9618084,22,536.43,18.2,0
1775252230.9618084,21,538.32,0.0,0
1775252230.9618084,24,539.33,0.0,0
1775252230.9618084,23,540.33,0.0,0
1775252230.9628065,25,543.71,0.0,0
1775252231.0311587,2,685.82,30.3,0
1775252231.0311587,3,687.42,0.0,0
1775252231.0311587,5,688.94,0.0,0
1775252231.0311587,4,690.04,0.0,0
1775252231.0311587,1,1352.63,33.9,0
1775252231.5031416,7,1035.83,24.8,0
1775252231.5031416,6,1037.83,0.0,0
1775252231.5043747,8,1038.17,0.0,0
1775252231.5043747,9,1039.17,0.0,0
1775252231.5043747,10,1041.17,36.4,0
1775252231.5043747,11,1041.17,0.0,0
1775252231.5043747,12,1043.68,0.0,0
1775252231.5043747,13,1045.69,0.0,0
1775252231.5053868,15,1046.68,0.0,0
1775252231.5043747,14,1049.20,0.0,0
1775252231.5053868,16,1049.19,0.0,0
1775252231.5053868,17,1051.19,0.0,0
1775252231.5053868,18,1106.84,15.6,0
1775252231.5053868,19,1109.35,0.0,0
1775252231.508637,21,1107.66,0.0,0
1775252231.508637,20,1109.67,0.0,0
1775252231.7730947,22,951.89,11.6,0
1775252231.7730947,23,952.90,0.0,0
1775252232.6100357,3,423.71,13.9,0
1775252232.6087115,2,426.55,0.0,0
1775252232.6100357,4,582.84,33.7,0
1775252232.6100357,6,585.95,0.0,0
1775252232.6100357,5,587.47,0.0,0
1775252232.6100357,7,589.07,0.0,0
1775252232.6100357,8,701.49,45.0,0
1775252232.611237,11,702.84,0.0,0
1775252232.611237,10,706.37,0.0,0
1775252232.6100357,9,714.14,0.0,0
1775252232.6087115,1,717.02,41.7,0
1775252233.1897876,2,548.54,26.4,0
1775252233.1897876,3,550.57,0.0,0
1775252233.1907892,4,708.29,41.1,0
1775252233.1907892,5,710.30,0.0,0
1775252233.1907892,6,711.30,0.0,0
1775252233.303529,7,600.56,84.6,0
1775252233.3049924,8,601.09,0.0,0
1775252233.3049924,9,603.35,0.0,0
1775252233.3075423,10,712.20,89.6,0
1775252233.308127,11,714.16,0.0,0
1775252233.308127,12,717.29,0.0,0
1775252233.3091464,13,724.11,68.8,0
1775252233.188777,1,856.17,100.0,0
1775252234.0137749,3,707.26,31.6,0
1775252234.0142922,4,708.75,0.0,0
1775252234.0127711,2,712.79,0.0,0
1775252234.0142922,5,713.42,0.0,0
1775252234.0142922,6,715.42,0.0,0
1775252234.0142922,7,718.04,50.0,0
1775252234.015807,8,925.77,31.4,0
1775252234.0287364,9,914.84,0.0,0
1775252234.0287364,10,915.84,0.0,0
1775252234.029734,11,917.36,0.0,0
1775252234.0302446,12,916.85,0.0,0
1775252234.0302446,13,919.90,0.0,0
1775252234.0302446,14,921.05,38.5,0
1775252234.0312564,16,925.61,0.0,0
1775252234.0302446,15,927.63,0.0,0
1775252234.0473545,17,912.48,0.0,0
1775252234.0127711,1,949.38,0.0,0
1775252234.9380486,18,488.76,13.9,0
1775252234.938565,19,489.24,0.0,0
1775252234.938565,20,490.50,0.0,0
1775252234.938565,21,491.50,0.0,0
1775252234.939574,22,491.63,0.0,0
1775252234.939574,23,493.12,0.0,0
1775252234.939574,24,651.29,21.7,0
1775252234.939574,25,652.37,37.5,0
1775252234.939574,26,653.53,0.0,0
1775252234.9532723,27,695.17,11.8,0
1775252234.9542851,28,695.29,0.0,0
1775252234.9542851,29,697.03,0.0,0
1775252234.9542851,30,700.24,53.3,0
1775252235.5867279,2,629.69,21.8,0
1775252235.5878239,3,631.16,0.0,0
1775252235.5878239,4,632.67,0.0,0
1775252235.5878239,5,634.33,0.0,0
1775252235.5878239,6,635.41,0.0,0
1775252235.5878239,7,842.22,5.3,0
1775252235.5878239,8,845.41,0.0,0
1775252235.6451008,9,789.13,0.0,0
1775252235.6451008,10,790.13,28.6,0
1775252235.6451008,11,791.57,0.0,0
1775252235.6451008,12,793.57,0.0,0
1775252235.6463454,13,898.18,3.7,0
1775252235.6463454,14,899.31,0.0,0
1775252235.6463454,15,900.85,0.0,0
1775252235.6463454,16,902.86,0.0,0
1775252235.5867279,1,966.04,0.0,0
1775252235.6473546,17,906.53,0.0,0
1775252236.5508232,2,262.14,3.8,0
1775252236.5508232,3,367.33,0.9,0
1775252236.5508232,4,369.90,37.5,0
1775252236.5513835,6,369.92,0.0,0
1775252236.5513835,5,371.93,0.0,0
1775252236.5548892,7,577.10,1.4,0
1775252236.5548892,8,578.12,0.0,0
1775252236.5548892,9,583.19,50.0,0
1775252236.5424862,1,597.59,14.3,0
1775252236.5548892,10,586.19,0.0,0
1775252236.5560505,11,586.98,0.0,0
1775252236.5575566,12,641.42,2.1,0
1775252236.9161017,13,744.26,7.4,0
1775252237.1282387,2,534.63,0.0,0
1775252237.1282387,3,536.21,0.0,0
1775252237.1282387,5,896.78,5.9,0
1775252237.1282387,4,897.99,0.0,0
1775252237.1298006,6,898.81,0.0,0
1775252237.1355114,7,894.61,18.2,0
1775252237.1355114,8,895.61,0.0,0
1775252237.1365585,10,895.57,0.0,0
1775252237.1370654,12,1001.38,24.8,0
1775252237.1365585,9,1003.04,0.0,0
1775252237.1365585,11,1004.12,0.0,0
1775252237.1370654,13,1005.62,0.0,0
1775252237.1370654,14,1006.67,0.0,0
1775252237.1951275,15,949.72,0.0,0
1775252237.1951275,16,950.72,0.0,0
1775252237.1951275,17,953.99,0.0,0
1775252237.1282387,1,1022.31,0.0,0
1775252238.021893,2,540.70,33.0,0
1775252238.021893,4,542.27,0.0,0
1775252238.021893,3,543.34,0.0,0
1775252238.021893,5,544.41,0.0,0
1775252238.1353014,6,585.69,3.9,0
1775252238.1363106,7,586.69,0.0,0
1775252238.1363106,8,588.22,0.0,0
1775252238.1363106,9,589.23,0.0,0
1775252238.1363106,10,643.71,9.5,0
1775252238.1363106,11,645.88,0.0,0
1775252238.1363106,12,646.88,0.0,0
1775252238.021893,1,764.82,0.0,0
1775252238.7784452,14,216.92,4.3,0
1775252238.7784452,13,220.50,6.7,0
1775252238.7784452,15,222.51,0.0,0
1775252238.7857141,16,216.27,0.0,0
1775252238.787716,17,423.70,1.9,0
1775252238.7887158,18,424.79,0.0,0
1775252238.7887158,20,425.79,0.0,0
1775252238.7887158,19,426.79,0.0,0
1775252238.997377,21,632.89,2.6,0
1775252239.2081308,2,424.33,0.0,0
1775252239.2081308,4,426.08,0.0,0
1775252239.209146,5,426.72,0.0,0
1775252239.2081308,3,428.84,0.0,0
1775252239.209146,6,837.93,3.5,0
1775252239.209146,7,838.99,0.0,0
1775252239.209146,8,840.04,0.0,0
1775252239.2104237,10,1043.59,5.8,0
1775252239.209146,9,1047.56,0.0,0
1775252239.2170146,11,1041.21,0.0,0
1775252239.2170146,12,1042.21,0.0,0
1775252239.2170146,13,1044.21,0.0,0
1775252239.2170146,14,1045.21,0.0,0
1775252239.2170146,15,1047.95,25.0,0
1775252239.2170146,16,1048.46,0.0,0
1775252239.2170146,17,1103.56,3.8,0
1775252239.2081308,1,1114.04,0.0,0
1775252239.2170146,19,1106.16,0.0,0
1775252239.2170146,18,1107.67,0.0,0
1775252239.22053,20,1109.25,6.2,0
1775252240.0449815,2,593.98,5.0,0
1775252240.0455081,7,595.46,0.0,0
1775252240.0455081,6,596.46,0.0,0
1775252240.0449815,4,598.22,0.0,0
1775252240.0449815,3,704.22,23.0,0
1775252240.0455081,5,704.82,0.0,0
1775252240.252924,9,550.01,25.0,0
1775252240.252924,8,552.58,0.0,0
1775252240.0444388,1,814.47,25.0,0
1775252240.3318996,10,529.04,0.0,0
1775252240.7460392,11,424.60,17.3,0
1775252240.7465692,13,425.58,0.0,0
1775252240.7465692,12,426.58,0.0,0
1775252240.7470875,14,427.56,0.0,0
1775252240.7470875,15,428.57,0.0,0
1775252240.7470875,16,483.85,6.2,0
1775252240.8029342,17,431.02,25.0,0
1775252241.229706,11,620.72,8.6,0
1775252241.229706,12,622.73,0.0,0
1775252241.22869,7,624.74,0.0,0
1775252241.22869,9,625.74,0.0,0
1775252241.22869,8,626.74,0.0,0
1775252241.22869,10,627.74,0.0,0
1775252241.22869,6,628.74,50.0,0
1775252241.2276874,2,631.24,0.0,0
1775252241.229706,13,630.77,0.0,0
1775252241.2276874,4,891.99,1.2,0
1775252241.2276874,3,893.51,0.0,0
1775252241.22869,5,894.01,33.3,0
1775252241.2329516,14,892.87,0.0,0
1775252241.234952,15,891.92,0.0,0
1775252241.234952,16,893.26,0.0,0
1775252241.2271817,1,902.54,0.0,0
1775252241.2355297,17,895.32,0.0,0
1775252242.1155086,3,580.57,5.6,0
1775252242.1155086,2,582.60,0.0,0
1775252242.1171443,9,582.05,0.0,0
1775252242.1171443,7,583.35,25.0,0
1775252242.1171443,8,585.38,0.0,0
1775252242.1181715,11,586.25,0.0,0
1775252242.1155086,6,645.87,2.1,0
1775252242.1155086,4,648.38,22.2,0
1775252242.1155086,5,649.89,0.0,0
1775252242.1171443,10,649.81,0.0,0
1775252242.1181715,12,650.81,0.0,0
1775252242.1181715,13,706.74,4.1,0
1775252242.1155086,1,713.27,12.5,0
1775252242.7580528,15,584.14,19.4,0
1775252242.7580528,14,585.41,0.0,0
1775252242.7580528,17,586.95,0.0,0
1775252242.7580528,16,588.30,0.0,0
1775252242.7590637,19,588.29,0.0,0
1775252242.7590637,18,589.91,0.0,0
1775252242.7590637,20,898.76,21.3,0
1775252242.7600725,21,899.77,0.0,0
1775252242.7600725,22,900.76,0.0,0
1775252242.7600725,23,902.12,0.0,0
1775252242.8213768,24,895.70,16.7,0
1775252242.8213768,25,898.21,16.7,0
1775252242.8223932,26,898.70,0.0,0
1775252242.8223932,27,899.71,0.0,0
1775252242.8223932,28,900.71,0.0,0
1775252242.8223932,29,903.22,0.0,0
1775252242.8233907,30,906.22,0.0,0
1775252243.6555176,2,486.12,5.6,0
1775252243.6555176,3,488.93,0.0,0
1775252243.6555176,4,490.53,0.0,0
1775252243.6555176,5,491.60,0.0,0
1775252243.7266119,6,629.29,0.9,0
1775252243.7276173,8,630.28,11.1,0
1775252243.7276173,7,631.28,0.0,0
1775252243.7276173,10,633.28,0.0,0
1775252243.7276173,9,687.90,0.0,0
1775252243.728613,11,688.91,0.0,0
1775252243.728613,12,690.91,0.0,0
1775252243.728613,13,692.49,22.2,0
1775252243.6550097,1,769.61,0.0,0
1775252244.3521814,2,585.71,1.7,0
1775252244.3531911,3,586.70,0.0,0
1775252244.353888,5,843.65,0.8,0
1775252244.3531911,4,847.45,0.0,0
1775252244.353888,6,847.74,25.0,0
1775252244.4122422,7,791.39,0.0,0
1775252244.4122422,8,792.39,0.0,0
1775252244.4122422,9,794.38,0.0,0
1775252244.41325,10,794.96,0.0,0
1775252244.41325,11,795.96,0.0,0
1775252244.41325,12,903.75,0.9,0
1775252244.41325,13,904.75,0.0,0
1775252244.41325,14,904.75,0.0,0
1775252244.422108,15,897.51,0.0,0
1775252244.422108,16,899.15,0.0,0
1775252244.422108,17,901.56,0.0,0
1775252244.3521814,1,971.99,0.0,0
1775252245.3131874,5,624.57,17.2,0
1775252245.3121703,2,627.40,0.0,0
1775252245.3131874,6,628.41,0.0,0
1775252245.3121703,3,630.42,0.0,0
1775252245.3131874,4,630.47,0.0,0
1775252245.3131874,9,631.47,0.0,0
1775252245.3131874,7,632.59,0.0,0
1775252245.3131874,8,635.16,0.0,0
1775252245.3143742,11,637.09,37.5,0
1775252245.3143742,10,638.09,0.0,0
1775252245.3143742,12,639.59,0.0,0
1775252245.3143742,13,640.66,0.0,0
1775252245.1960182,1,813.59,10.4,0
1775252245.9488556,14,171.61,10.6,0
1775252245.9488556,15,173.18,0.0,0
1775252246.0115943,2,623.39,16.4,0
1775252246.0130997,3,623.97,0.0,0
1775252246.0130997,4,624.99,0.0,0
1775252246.0130997,5,626.48,28.6,0
1775252246.0130997,6,627.61,0.0,0
1775252246.0130997,7,628.61,0.0,0
1775252246.0130997,8,629.61,0.0,0
1775252246.0130997,9,630.68,0.0,0
1775252246.0130997,10,631.81,0.0,0
1775252246.0130997,11,889.27,2.3,0
1775252246.0147028,12,890.70,27.3,0
1775252246.0147028,13,891.70,0.0,0
1775252246.0147028,15,892.70,0.0,0
1775252246.0147028,14,893.70,0.0,0
1775252246.0115943,1,897.81,0.0,0
1775252246.580387,16,791.20,10.3,0
1775252246.581408,17,792.19,18.2,0
1775252246.899247,18,683.38,5.8,0
1775252246.9007642,23,683.10,0.0,0
1775252246.8997526,21,686.37,0.0,0
1775252246.8997526,19,687.38,0.0,0
1775252246.9007642,24,687.68,0.0,0
1775252246.8997526,22,690.66,0.0,0
1775252246.8997526,20,691.70,100.0,0
1775252246.9007642,26,696.57,0.0,0
1775252246.9007642,27,696.57,0.0,0
1775252246.9007642,25,698.55,0.0,0
1775252246.9007642,28,699.58,0.0,0
1775252247.5929146,2,725.72,12.7,0
1775252247.5929146,4,727.81,0.0,0
1775252247.5929146,3,728.39,0.0,0
1775252247.5943356,5,728.54,0.0,0
1775252247.5943356,7,729.84,0.0,0
1775252247.5943356,6,731.34,55.6,0
1775252247.5943356,8,732.90,16.7,0
1775252247.5953355,10,733.33,0.0,0
1775252247.5943356,9,735.33,0.0,0
1775252247.5953355,11,892.03,21.9,0
1775252247.5953355,13,893.63,0.0,0
1775252247.5953355,12,895.56,0.0,0
1775252247.5953355,14,896.80,0.0,0
1775252247.5953355,15,898.28,0.0,0
1775252247.5953355,16,900.90,0.0,0
1775252247.5963356,17,902.03,66.7,0
1775252247.5796056,1,919.76,0.0,0
1775252248.483851,2,276.61,8.9,0
1775252248.483851,4,279.12,0.0,0
1775252248.483851,3,386.58,2.7,0
1775252248.485013,5,387.01,0.0,0
1775252248.485013,6,388.00,30.0,0
1775252248.485013,7,444.81,1.9,0
1775252248.485013,8,447.43,0.0,0
1775252248.4833448,1,454.78,43.8,0
1775252248.6062872,9,797.46,2.6,0
1775252248.759446,12,853.95,16.6,0
1775252248.759446,10,855.96,0.0,0
1775252248.7642193,13,852.97,0.0,0
1775252248.759446,11,858.81,0.0,0
1775252248.8673394,14,753.02,0.0,0
1775252248.8673394,16,753.58,0.0,0
1775252248.8673394,15,755.60,66.7,0
1775252248.8683658,17,755.83,0.0,0
1775252248.875522,18,1060.57,1.6,0
1775252248.9272244,19,1009.87,14.3,0
1775252248.9272244,20,1011.87,0.0,0
1775252248.9282231,21,1012.87,0.0,0
1775252248.9282231,22,1221.05,2.8,0
1775252248.9335964,23,1216.76,0.0,0
1775252248.9351099,24,1216.66,0.0,0
1775252248.9351099,25,1218.78,0.0,0
1775252248.9351099,27,1219.78,18.2,0
1775252248.9351099,26,1221.03,0.0,0
1775252248.9361274,28,1277.99,0.0,0
1775252248.9401286,30,1275.51,0.0,0
1775252248.9401286,29,1276.60,44.4,0
1775252248.941126,31,1277.62,0.0,0
1775252248.942126,32,1333.08,0.0,0
1775252248.9956279,33,1486.94,13.4,0
1775252249.609877,2,1334.20,27.9,0
1775252249.6108887,3,1335.23,0.0,0
1775252249.6108887,5,1336.70,0.0,0
1775252249.6108887,4,1339.25,0.0,0
1775252249.6108887,6,1548.55,14.2,0
1775252249.625562,7,1535.89,0.0,0
1775252249.9319875,9,1230.97,0.0,0
1775252249.9309785,8,1232.99,0.0,0
1775252249.9319875,11,1233.49,0.0,0
1775252249.9319875,10,1234.50,0.0,0
1775252249.9330041,13,1235.48,0.0,0
1775252249.9319875,12,1238.00,54.5,0
1775252249.9330041,14,1238.01,0.0,0
1775252249.9330041,16,1244.55,0.0,0
1775252249.9330041,15,1247.06,0.0,0
1775252249.9420927,17,1239.49,0.0,0
1775252249.4060848,1,1775.49,0.0,0
1775252250.2202384,2,1428.82,17.3,0
1775252250.2715409,3,1379.53,0.0,0
1775252250.2715409,4,1380.53,0.0,0
1775252250.2715409,5,1381.54,0.0,0
1775252250.2725878,6,1381.49,37.5,0
1775252250.2772763,7,1440.04,50.7,0
1775252250.4805655,8,1239.13,0.0,0
1775252250.158529,1,1563.74,0.0,0
1775252250.4815803,9,1243.09,0.0,0
1775252250.48359,10,1758.99,33.8,0
1775252250.9521453,11,1400.49,46.1,0
1775252251.1543396,3,1200.50,0.0,0
1775252251.1543396,2,1202.86,100.0,0
1775252251.1559207,4,1202.28,35.7,0
1775252251.1559207,5,1204.53,0.0,0
1775252251.1559207,6,1206.98,0.0,0
1775252251.1559207,7,1209.62,0.0,0
1775252251.157036,8,1209.62,0.0,0
1775252251.157036,9,1211.62,0.0,0
1775252251.157036,10,1213.99,0.0,0
1775252251.1730292,12,1613.67,34.4,0
1775252251.1730292,11,1615.68,0.0,0
1775252251.1840928,13,1660.58,35.4,0
1775252251.439009,14,1408.17,0.0,0
1775252251.439009,15,1409.18,0.0,0
1775252251.4400063,16,1409.18,0.0,0
1775252251.4400063,17,1410.32,0.0,0
1775252251.4410076,19,1410.31,0.0,0
1775252251.4400063,18,1412.32,0.0,0
1775252251.1543396,1,1699.38,0.0,0
1775252251.4443548,20,1778.07,58.3,0
1775252251.6550858,21,1982.34,54.0,0
1775252251.7061005,22,1933.33,53.8,0
1775252251.7075062,23,1934.02,0.0,0
1775252251.7075062,24,1936.02,0.0,0
1775252251.7075062,25,1938.08,0.0,0
1775252251.7085068,26,1938.84,0.0,0
1775252251.7120304,27,1936.92,0.0,0
1775252251.7276893,28,2080.78,26.2,0
1775252252.2377343,4,1573.25,35.7,0
1775252252.239199,5,1572.78,0.0,0
1775252252.2377343,3,1575.75,0.0,0
1775252252.239199,6,1575.29,0.0,0
1775252252.239199,7,1576.29,0.0,0
1775252252.2377343,2,1579.26,0.0,0
1775252252.239199,8,1578.79,0.0,0
1775252252.2457457,9,2088.60,7.2,0
1775252252.3479178,10,1988.50,0.0,0
1775252252.3489282,11,1988.89,0.0,0
1775252252.3730414,12,2023.50,0.0,0
1775252252.7821932,14,1615.86,0.0,0
1775252252.7811844,13,1618.91,0.0,0
1775252252.7821932,15,1618.90,0.0,0
1775252252.7821932,17,1620.90,0.0,0
1775252252.7821932,16,1621.90,28.6,0
1775252252.7831933,19,1622.90,0.0,0
1775252252.7821932,18,1624.90,0.0,0
1775252252.2377343,1,2170.35,0.0,0
1775252252.7831933,20,1625.90,0.0,0
1775252252.7903965,21,1829.22,9.0,0
1775252252.8549094,22,1870.62,18.0,0
1775252253.2126136,2,1514.92,0.0,0
1775252253.2163217,4,1512.21,0.0,0
1775252253.2173302,3,1511.71,0.0,0
1775252253.2261639,5,1715.13,4.9,0
1775252253.6335263,6,1309.34,0.0,0
1775252253.6516023,7,1805.25,3.2,0
1775252253.804904,8,1653.96,0.0,0
1775252253.804904,9,1655.47,0.0,0
1775252253.211998,1,2250.07,0.0,0
1775252253.8194945,10,1752.71,1.8,0
1775252254.3298028,6,1244.93,0.0,0
1775252254.3292944,2,1246.44,100.0,0
1775252254.3298028,4,1247.69,0.0,0
1775252254.3298028,3,1248.70,0.0,0
1775252254.3298028,5,1250.20,0.0,0
1775252254.3310194,8,1249.99,0.0,0
1775252254.3310194,7,1250.99,0.0,0
1775252254.3310194,10,1252.99,0.0,0
1775252254.3310194,9,1253.99,0.0,0
1775252254.3392012,11,2116.13,18.9,0
1775252254.391481,12,2065.30,0.0,0
1775252254.4100893,13,2103.59,26.3,0
1775252254.612844,14,1901.84,0.0,0
1775252254.612844,16,1903.35,0.0,0
1775252254.612844,15,1904.35,0.0,0
1775252254.6139183,17,1904.43,0.0,0
1775252254.6139183,18,1905.94,0.0,0
1775252254.6139183,19,1907.06,0.0,0
1775252254.6139183,20,1908.15,0.0,0
1775252254.6139183,21,1909.15,0.0,0
1775252254.6154268,22,1909.15,0.0,0
1775252254.6154268,24,1910.22,0.0,0
1775252254.6154268,23,1911.60,0.0,0
1775252254.6160257,25,1912.00,0.0,0
1775252254.6160257,26,1913.72,13.3,0
1775252254.6160257,27,1914.26,0.0,0
1775252254.3292944,1,2202.00,0.0,0
1775252254.6160257,28,1917.27,0.0,0
1775252254.621131,29,2173.97,24.4,0
1775252254.7311378,30,2322.57,5.1,0
1775252254.935042,32,2120.67,0.0,0
1775252254.9345305,31,2123.18,0.0,0
1775252254.935042,34,2123.28,0.0,0
1775252254.935042,33,2124.29,0.0,0
1775252254.9448664,35,2530.53,4.9,0
1775252255.4537282,4,2023.70,0.0,0
1775252255.4527094,2,2026.28,0.0,0
1775252255.4537282,3,2026.27,0.0,0
1775252255.4544587,5,2026.79,0.0,0
1775252255.56607,7,2482.05,3.4,0
1775252255.5666535,8,2482.98,0.0,0
1775252255.463068,6,2587.57,0.0,0
1775252255.5666535,9,2485.99,0.0,0
1775252255.5666535,11,2487.57,0.0,0
1775252255.5666535,10,2489.03,0.0,0
1775252255.5676777,12,2489.01,0.0,0
1775252255.5676777,13,2491.02,0.0,0
1775252255.5860198,14,2532.43,6.2,0
1775252256.4492407,2,1670.22,0.0,0
1775252256.450758,7,1670.21,0.0,0
1775252256.449749,6,1672.22,0.0,0
1775252256.449749,5,1673.22,75.0,0
1775252256.449749,4,1673.22,0.0,0
1775252256.4513226,9,1673.15,0.0,0
1775252256.450758,8,1674.72,0.0,0
1775252256.449749,3,1677.73,0.0,0
1775252256.4513226,10,1677.16,0.0,0
1775252255.4527094,1,2675.77,0.0,0
1775252256.4592273,11,2083.50,27.5,0
1775252256.5342891,12,2064.68,16.9,0
1775252256.7877812,13,1813.38,0.0,0
1775252256.7877812,14,1814.29,0.0,0
1775252256.7888193,16,1813.76,0.0,0
1775252256.7888193,15,1815.77,0.0,0
1775252256.7888193,17,1816.77,0.0,0
1775252256.7899868,18,1816.60,0.0,0
1775252256.448229,1,2159.36,44.4,0
1775252256.7960987,19,2173.71,5.9,0
1775252257.4683037,2,2067.83,8.6,0
1775252257.470355,3,2067.79,0.0,0
1775252257.470355,4,2068.78,0.0,0
1775252257.470355,5,2070.79,0.0,0
1775252257.471365,7,2070.77,0.0,0
1775252257.471365,6,2072.01,0.0,0
1775252257.4718719,8,2073.51,18.2,0
1775252257.4822469,9,2730.90,1.5,0
1775252258.0426133,6,2171.53,0.0,0
1775252258.0426133,4,2173.04,0.0,0
1775252258.0426133,5,2174.05,100.0,0
1775252258.0426133,3,2174.05,25.0,0
1775252258.0426133,2,2175.05,0.0,0
1775252258.0436163,7,2175.05,0.0,0
1775252258.0436163,8,2177.07,0.0,0
1775252258.0436163,9,2178.15,0.0,0
1775252258.0436163,10,2179.15,0.0,0
1775252258.0436163,11,2179.15,0.0,0
1775252258.059695,12,2577.87,5.4,0
1775252257.0613282,1,3578.63,0.0,0
1775252258.1104622,13,2530.90,0.0,0
1775252258.1104622,14,2531.91,0.0,0
1775252258.1119275,15,2532.01,0.0,0
1775252258.1119275,16,2532.01,0.0,0
1775252258.1119275,17,2534.43,0.0,0
1775252258.113047,19,2534.31,0.0,0
1775252258.1119275,18,2537.06,0.0,0
1775252258.113047,21,2537.02,0.0,0
1775252258.113047,20,2538.06,0.0,0
1775252258.114173,23,2538.93,0.0,0
1775252258.114173,22,2539.94,80.0,0
1775252258.5362384,25,2177.41,10.2,0
1775252258.1305768,24,2584.59,0.0,0
1775252258.536771,26,2179.63,50.0,0
1775252258.536771,27,2180.63,0.0,0
1775252258.536771,28,2181.98,0.0,0
1775252258.5379722,29,2182.34,0.0,0
1775252258.0416038,1,2679.74,0.0,0
1775252258.5379722,30,2184.39,0.0,0
1775252258.5447311,31,2237.55,48.5,0
1775252258.6085882,32,2432.12,21.0,0
1775252258.9718301,33,2838.88,7.4,0
1775252259.5310435,2,2282.18,12.5,0
1775252259.5310435,3,2283.19,0.0,0
1775252259.5310435,4,2284.70,0.0,0
1775252259.532046,5,2285.70,0.0,0
1775252259.5463808,6,3037.22,2.9,0
1775252260.2070596,6,2379.05,0.0,0
1775252260.2070596,4,2380.05,0.0,0
1775252260.2070596,3,2381.05,0.0,0
1775252260.2070596,5,2382.05,0.0,0
1775252260.208059,7,2382.55,0.0,0
1775252260.2070596,2,2384.89,21.4,0
1775252260.208059,8,2384.91,0.0,0
1775252260.208059,9,2386.09,0.0,0
1775252260.208059,10,2387.10,0.0,0
1775252260.2090552,11,2387.10,0.0,0
1775252260.2090552,13,2388.10,0.0,0
1775252260.2090552,12,2389.16,0.0,0
1775252260.2090552,14,2390.17,0.0,0
1775252260.2090552,15,2391.40,0.0,0
1775252260.224275,16,2542.36,1.8,0
1775252260.6312058,17,2136.43,0.0,0
1775252260.6312058,18,2138.43,0.0,0
1775252260.6312058,19,2139.44,0.0,0
1775252260.63234,20,2138.89,0.0,0
1775252260.63234,21,2139.94,0.0,0
1775252260.63234,22,2141.87,0.0,0
1775252260.63234,23,2142.88,0.0,0
1775252260.63234,24,2143.88,0.0,0
1775252260.63234,25,2144.88,0.0,0
1775252260.633733,27,2144.49,0.0,0
1775252260.63234,26,2145.88,50.0,0
1775252260.633733,28,2146.89,16.7,0
1775252260.633733,29,2147.90,0.0,0
1775252259.5310435,1,3251.59,0.0,0
1775252260.655111,30,2337.50,3.3,0
1775252260.706603,31,2288.01,0.0,0
1775252260.2060485,1,2789.56,0.0,0
1775252260.7233906,32,2334.11,12.3,0
1775252260.7750669,33,2284.43,0.0,0
1775252260.7760823,34,2284.87,22.2,0
1775252260.7760823,35,2286.87,0.0,0
1775252260.785118,36,2282.78,0.0,0
1775252261.818749,2,3239.78,10.7,0
1775252261.0417087,1,4127.88,11.3,0
1775252262.7537844,2,2417.56,0.0,0
1775252262.754802,5,2417.55,0.0,0
1775252262.754802,4,2418.55,0.0,0
1775252262.754802,6,2420.06,0.0,0
1775252262.754802,3,2420.57,0.0,0
1775252262.7561438,7,2421.23,0.0,0
1775252262.7561438,8,2422.31,0.0,0
1775252262.7561438,10,2423.82,0.0,0
1775252262.7561438,9,2424.83,0.0,0
1775252262.7561438,11,2425.84,0.0,0
1775252262.7571487,12,2426.05,0.0,0
1775252262.7571487,13,2427.05,0.0,0
1775252262.7571487,14,2430.58,93.8,0
1775252262.7571487,15,2432.58,0.0,0
1775252262.7581322,17,2433.10,0.0,0
1775252262.7581322,16,2434.57,0.0,0
1775252262.7581322,18,2436.00,0.0,0
1775252262.7581322,19,2437.51,0.0,0
1775252262.7581322,20,2439.40,0.0,0
1775252262.7581322,21,2441.39,0.0,0
1775252262.7581322,22,2442.67,81.2,0
1775252262.7581322,23,2444.98,0.0,0
1775252262.7595031,24,2445.61,0.0,0
1775252262.7595031,25,2446.61,0.0,0
1775252262.7595031,27,2448.12,0.0,0
1775252262.7595031,26,2449.65,0.0,0
1775252262.7595031,28,2451.16,0.0,0
1775252262.760544,29,2452.48,0.0,0
1775252262.760544,30,2454.20,0.0,0
1775252262.760544,31,2455.80,100.0,0
1775252262.760544,33,2456.92,66.7,0
1775252262.760544,32,2458.92,0.0,0
1775252262.76159,34,2459.46,0.0,0
1775252262.76159,35,2461.98,0.0,0
1775252262.76159,36,2464.16,0.0,0
1775252262.76159,37,2465.16,0.0,0
1775252262.76159,38,2467.16,0.0,0
1775252262.7831392,39,2612.88,14.2,0
1775252262.9871635,40,2410.36,0.0,0
1775252262.998265,41,2657.62,16.2,0
1775252262.6015837,1,3056.38,0.0,0
1775252263.0500598,2,2609.14,0.0,0
1775252263.0643795,3,3061.24,32.2,0
1775252263.0643795,5,3063.25,0.0,0
1775252263.0643795,4,3064.61,0.0,0
1775252263.065386,7,3065.11,0.0,0
1775252263.065386,6,3066.72,0.0,0
1775252263.122343,15,3074.05,48.4,0
1775252263.121242,12,3077.88,0.0,0
1775252263.122343,14,3079.03,43.8,0
1775252263.122343,13,3081.28,0.0,0
1775252263.121242,11,3084.60,0.0,0
1775252263.121242,9,3087.39,0.0,0
1775252263.0689015,8,3142.54,0.0,0
1775252263.121242,10,3092.38,0.0,0
1775252263.0489745,1,3166.94,76.5,0
1775252263.1265812,16,3159.08,35.8,0
1775252265.1632144,2,2649.73,10.3,0
1775252265.2297494,3,2697.28,11.5,0
1775252265.3833532,4,2544.91,0.0,0
1775252265.3833532,6,2546.42,0.0,0
1775252265.3848598,7,2545.93,0.0,0
1775252265.3833532,5,2547.44,0.0,0
1775252265.3848598,8,2547.44,0.0,0
1775252265.3854408,10,2548.11,0.0,0
1775252265.3848598,9,2548.69,0.0,0
1775252265.3854408,11,2549.98,100.0,0
1775252265.3854408,12,2551.00,25.0,0
1775252265.3875031,13,2549.94,0.0,0
1775252265.3875031,15,2550.94,0.0,0
1775252265.3875031,16,2550.94,0.0,0
1775252265.3875031,14,2551.96,0.0,0
1775252265.3875031,17,2552.96,0.0,0
1775252265.3885076,18,2552.96,0.0,0
1775252265.3885076,19,2554.96,0.0,0
1775252265.3885076,20,2556.16,0.0,0
1775252265.3885076,21,2557.31,0.0,0
1775252265.3885076,23,2558.31,0.0,0
1775252265.3885076,22,2558.82,0.0,0
1775252265.3885076,24,2560.39,0.0,0
1775252265.3895047,26,2560.40,0.0,0
1775252265.3895047,25,2561.40,0.0,0
1775252265.3895047,27,2562.40,20.0,0
1775252265.3895047,28,2563.40,0.0,0
1775252265.3895047,29,2564.40,0.0,0
1775252265.3895047,30,2565.78,0.0,0
1775252265.3895047,31,2565.78,0.0,0
1775252265.390507,32,2565.94,0.0,0
1775252265.3992796,33,2654.85,10.2,0
1775252265.0616405,1,2993.48,0.0,0
1775252265.6602015,34,2606.14,26.4,0
1775252266.1872363,4,3913.95,18.5,0
1775252266.1867206,2,3916.46,0.0,0
1775252266.1872363,5,3917.24,0.0,0
1775252266.1867206,3,3918.83,0.0,0
1775252266.21985,6,3994.02,14.7,0
1775252266.2719831,8,3943.39,0.0,0
1775252266.271382,7,3945.64,50.0,0
1775252266.2719831,9,3946.18,0.0,0
1775252266.2719831,10,3947.17,0.0,0
1775252266.2725332,13,3947.13,0.0,0
1775252266.2725332,11,3948.64,0.0,0
1775252266.2725332,12,3949.65,0.0,0
1775252266.2736425,14,3949.54,0.0,0
1775252266.2736425,15,3950.54,0.0,0
1775252266.27418,16,3950.51,0.0,0
1775252266.27418,17,3951.51,0.0,0
1775252266.27418,18,3952.51,0.0,0
1775252266.274744,19,3953.95,0.0,0
1775252266.274744,20,3954.94,0.0,0
1775252266.2753005,21,3955.47,0.0,0
1775252266.2753005,22,3956.05,0.0,0
1775252266.2753005,23,3957.25,37.5,0
1775252266.2758405,24,3958.10,0.0,0
1775252266.2758405,25,3959.37,0.0,0
1775252266.27638,26,3959.34,0.0,0
1775252266.2769692,27,3960.07,0.0,0
1775252266.2769692,28,3960.07,0.0,0
1775252266.2775238,29,3961.82,0.0,0
1775252266.2780864,30,3962.25,0.0,0
1775252266.2786417,31,3962.85,0.0,0
1775252266.2791982,33,3962.29,0.0,0
1775252266.279724,34,3962.91,0.0,0
1775252266.2786417,32,3965.46,0.0,0
1775252266.279724,35,3965.40,0.0,0
1775252266.2802882,36,3966.41,0.0,0
1775252266.2802882,37,3966.92,60.0,0
1775252266.2802882,38,3967.93,0.0,0
1775252266.2808373,39,3969.42,0.0,0
1775252266.2813897,41,3969.87,0.0,0
1775252266.2808373,40,3970.42,0.0,0
1775252266.2872646,42,4082.22,15.8,0
1775252266.1352017,1,4235.95,0.0,0
1775252267.9203973,2,3324.64,42.9,0
1775252267.9203973,3,3328.80,81.2,0
1775252268.0100782,4,3367.67,89.1,0
1775252267.9579427,4,3423.33,0.0,0
1775252268.0100782,3,3374.33,0.0,0
1775252268.0100782,5,3377.47,0.0,0
1775252268.0100782,2,3378.98,42.9,0
1775252268.0111127,6,3380.09,0.0,0
1775252268.0460875,8,3347.37,0.0,0
1775252268.0111127,7,3384.35,0.0,0
1775252268.0470972,11,3350.87,0.0,0
1775252268.0470972,9,3354.10,0.0,0
1775252268.0476115,12,3357.14,100.0,0
1775252268.0470972,10,3361.74,0.0,0
1775252268.0476115,14,3364.90,0.0,0
1775252268.0476115,13,3367.57,0.0,0
1775252268.0476115,15,3369.65,0.0,0
1775252268.0476115,16,3373.16,50.0,0
1775252268.0476115,17,3374.69,0.0,0
1775252268.0571282,18,3491.86,57.7,0
1775252267.8144512,1,3736.76,0.0,0
1775252268.2690458,19,3349.12,67.2,0
1775252268.0100782,1,3611.73,100.0,0
1775252270.1072044,2,3303.59,29.7,0
1775252270.2524512,3,3221.86,31.2,0
1775252270.3551376,5,3121.34,0.0,0
1775252270.3551376,4,3123.39,0.0,0
1775252270.3551376,6,3124.89,0.0,0
1775252270.3551376,7,3126.41,75.0,0
1775252270.3561661,8,3128.50,0.0,0
1775252270.3573277,9,3128.87,0.0,0
1775252270.3573277,10,3130.47,0.0,0
1775252270.3573277,11,3132.71,0.0,0
1775252270.3573277,12,3134.39,0.0,0
1775252270.3573277,13,3135.80,0.0,0
1775252270.3573277,14,3138.04,0.0,0
1775252270.3583312,15,3138.68,0.0,0
1775252270.3583312,16,3140.82,31.2,0
1775252270.3583312,17,3143.15,0.0,0
1775252270.3583312,18,3144.83,0.0,0
1775252270.3593345,19,3146.11,0.0,0
1775252270.3593345,20,3148.11,0.0,0
1775252270.3593345,21,3149.16,0.0,0
1775252270.3593345,22,3150.20,0.0,0
1775252270.3593345,23,3152.69,0.0,0
1775252270.3593345,24,3155.26,62.5,0
1775252270.3593345,25,3157.68,0.0,0
1775252270.3606284,26,3159.01,0.0,0
1775252270.3606284,27,3160.26,0.0,0
1775252270.3606284,28,3162.96,0.0,0
1775252270.3606284,29,3163.96,0.0,0
1775252270.3606284,30,3166.56,0.0,0
1775252270.3606284,31,3167.85,61.5,0
1775252270.3619132,32,3169.09,0.0,0
1775252270.3619132,33,3171.05,0.0,0
1775252270.3619132,34,3173.09,0.0,0
1775252270.3619132,35,3175.53,0.0,0
1775252270.3629122,36,3175.53,0.0,0
1775252270.0974414,1,3443.24,0.0,0
1775252270.372581,37,3242.99,45.7,0
1775252271.3579686,2,3379.69,32.8,0
1775252271.4243038,3,3437.28,52.6,0
1775252271.5278118,4,3336.92,0.0,0
1775252271.5278118,5,3339.83,0.0,0
1775252271.5288138,7,3341.33,0.0,0
1775252271.5278118,6,3344.60,0.0,0
1775252271.5288138,8,3345.56,37.5,0
1775252271.5288138,9,3346.65,0.0,0
1775252271.5298145,10,3347.68,0.0,0
1775252271.5298145,11,3348.67,0.0,0
1775252271.5339766,12,3347.03,0.0,0
1775252271.5339766,13,3348.03,0.0,0
1775252271.535488,15,3348.51,0.0,0
1775252271.5339766,14,3351.53,0.0,0
1775252271.535488,16,3352.42,66.7,0
1775252271.535488,17,3354.20,38.5,0
1775252271.5380158,19,3353.67,0.0,0
1775252271.536999,18,3356.04,0.0,0
1775252271.5380158,20,3356.30,0.0,0
1775252271.539489,21,3356.08,0.0,0
1775252271.539489,22,3358.59,0.0,0
1775252271.539489,23,3360.91,0.0,0
1775252271.5405037,24,3360.89,0.0,0
1775252271.5549853,25,4327.78,25.3,0
1775252271.25405,1,4629.72,0.0,0
1775252271.6253457,26,4367.58,25.4,0
1775252273.4017951,2,2593.13,0.0,0
1775252273.4017951,3,2594.13,0.0,0
1775252273.4017951,4,2595.64,75.0,0
1775252273.4028063,5,2596.22,0.0,0
1775252273.4028063,6,2597.26,0.0,0
1775252273.4028063,7,2599.63,0.0,0
1775252273.4028063,8,2600.98,0.0,0
1775252273.4028063,9,2602.27,0.0,0
1775252273.4038055,10,2602.53,0.0,0
1775252273.4038055,11,2603.54,0.0,0
1775252273.4038055,12,2605.54,0.0,0
1775252273.4038055,13,2606.54,0.0,0
1775252273.404805,14,2606.59,0.0,0
1775252273.404805,15,2608.65,55.6,0
1775252273.404805,16,2610.67,0.0,0
1775252273.404805,17,2611.17,0.0,0
1775252273.404805,18,2613.18,0.0,0
1775252273.405805,19,2613.69,0.0,0
1775252273.4138112,20,3839.24,32.3,0
1775252273.4658954,21,3789.17,0.0,0
1775252273.5419707,22,3771.99,22.7,0
1775252273.5937111,23,3721.75,0.0,0
1775252273.595108,26,3721.43,0.0,0
1775252273.595108,25,3723.04,0.0,0
1775252273.5937111,24,3725.92,0.0,0
1775252273.595108,27,3726.10,0.0,0
1775252273.5973785,28,3725.35,0.0,0
1775252273.597942,29,3726.31,0.0,0
1775252273.597942,30,3727.70,62.5,0
1775252273.598954,31,3728.80,0.0,0
1775252273.599466,32,3729.29,0.0,0
1775252273.599466,33,3730.80,0.0,0
1775252273.599466,34,3732.81,0.0,0
1775252273.599466,35,3733.86,0.0,0
1775252273.6006222,36,3734.87,0.0,0
1775252273.6006222,37,3736.90,0.0,0
1775252273.6006222,38,3738.90,0.0,0
1775252273.6006222,39,3739.90,0.0,0
1775252273.6018705,40,3739.91,60.0,0
1775252273.6018705,41,3741.51,0.0,0
1775252273.6018705,42,3743.59,0.0,0
1775252273.6018705,43,3745.13,0.0,0
1775252273.6028717,44,3745.14,0.0,0
1775252273.4017951,1,3947.73,0.0,0
1775252273.6181839,45,3744.86,70.6,0
1775252274.9027848,2,4515.31,18.3,0
1775252275.8679523,2,3553.22,62.5,0
1775252275.8694685,4,3553.42,0.0,0
1775252275.8694685,3,3555.94,0.0,0
1775252275.8694685,5,3559.32,0.0,0
1775252275.8694685,6,3563.85,100.0,0
1775252275.8706672,7,3567.07,81.2,0
1775252275.8706672,8,3569.60,0.0,0
1775252275.8706672,9,3572.88,0.0,0
1775252275.871254,10,3576.11,0.0,0
1775252275.871254,12,3579.73,85.7,0
1775252275.871254,11,3582.74,0.0,0
1775252275.871254,13,3585.18,0.0,0
1775252275.8723176,14,3587.62,0.0,0
1775252275.8723176,15,3594.49,88.2,0
1775252275.8723176,16,3597.16,0.0,0
1775252275.8723176,17,3599.84,0.0,0
1775252275.8723176,18,3602.35,0.0,0
1775252275.8733695,19,3603.31,0.0,0
1775252275.8733695,20,3607.36,0.0,0
1775252275.8733695,21,3609.90,100.0,0
1775252275.8733695,22,3612.41,0.0,0
1775252275.8733695,23,3614.42,0.0,0
1775252275.8733695,24,3618.41,0.0,0
1775252275.8743677,26,3622.98,100.0,0
1775252275.8743677,25,3628.03,100.0,0
1775252275.8743677,28,3633.54,0.0,0
1775252275.8743677,27,3636.02,0.0,0
1775252275.8743677,30,3640.18,100.0,0
1775252275.8743677,29,3644.20,0.0,0
1775252275.8743677,31,3648.98,0.0,0
1775252275.8759499,32,3649.64,0.0,0
1775252275.8759499,33,3652.34,68.8,0
1775252275.8759499,34,3656.42,0.0,0
1775252275.8759499,35,3659.56,0.0,0
1775252275.8759499,36,3663.65,0.0,0
1775252275.877124,37,3666.05,0.0,0
1775252275.877124,38,3669.59,81.2,0
1775252275.887281,39,3791.73,60.8,0
1775252274.7401662,1,4940.86,0.0,0
1775252275.8679523,1,3872.17,20.3,0
1775252277.2412305,2,2502.10,0.0,0
1775252277.257219,3,3869.88,37.8,0
1775252277.3525362,6,3839.11,35.9,0
1775252277.3515375,4,3841.11,0.0,0
1775252277.3525362,5,3842.14,0.0,0
1775252277.3525362,7,3843.16,0.0,0
1775252277.3525362,8,3845.68,0.0,0
1775252276.0210066,1,5178.71,0.0,0
1775252277.3535376,9,3847.80,60.0,0
1775252277.3535376,10,3848.80,0.0,0
1775252277.3535376,11,3850.80,0.0,0
1775252277.3546898,12,3851.23,0.0,0
1775252277.3546898,13,3852.25,0.0,0
1775252277.3546898,14,3854.26,0.0,0
1775252277.3546898,15,3855.26,0.0,0
1775252277.3546898,17,3857.30,0.0,0
1775252277.3546898,16,3858.29,0.0,0
1775252277.3557103,19,3859.56,0.0,0
1775252277.3557103,18,3860.62,80.0,0
1775252277.3557103,20,3861.63,0.0,0
1775252277.3557103,21,3863.98,0.0,0
1775252277.3557103,22,3864.99,0.0,0
1775252277.3557103,24,3866.03,0.0,0
1775252277.35671,25,3866.08,0.0,0
1775252277.3557103,23,3868.59,0.0,0
1775252277.35671,26,3869.75,0.0,0
1775252277.35671,28,3870.75,0.0,0
1775252277.35671,27,3871.75,0.0,0
1775252277.2412305,1,3988.74,0.0,0
1775252277.365276,29,3887.16,31.2,0
1775252279.5492358,2,4163.89,39.4,0
1775252279.6523771,3,4062.00,0.0,0
1775252279.6523771,4,4063.51,83.3,0
1775252279.6523771,5,4065.51,0.0,0
1775252279.653378,6,4065.51,0.0,0
1775252279.653378,7,4067.02,0.0,0
1775252279.653378,8,4068.54,0.0,0
1775252279.6543777,9,4068.99,0.0,0
1775252279.6543777,10,4069.99,0.0,0
1775252279.6557212,11,4070.52,0.0,0
1775252279.6557212,13,4072.95,0.0,0
1775252279.6557212,12,4073.95,0.0,0
1775252279.6557212,14,4075.45,0.0,0
1775252279.656974,15,4075.79,50.0,0
1775252279.656974,16,4076.81,0.0,0
1775252279.6579747,18,4078.32,0.0,0
1775252279.656974,17,4080.32,0.0,0
1775252279.6579747,19,4081.32,0.0,0
1775252279.6579747,20,4082.32,0.0,0
1775252279.6579747,21,4085.37,0.0,0
1775252279.6589766,22,4086.48,0.0,0
1775252279.6589766,23,4088.05,68.8,0
1775252279.6599798,24,4090.50,0.0,0
1775252279.6599798,25,4091.56,0.0,0
1775252279.6609733,26,4092.57,0.0,0
1775252279.6609733,27,4094.57,0.0,0
1775252279.6609733,28,4097.18,0.0,0
1775252279.6609733,29,4099.18,0.0,0
1775252279.6609733,30,4101.19,0.0,0
1775252279.6624255,31,4100.73,52.9,0
1775252279.662938,33,4103.96,0.0,0
1775252279.6624255,32,4106.47,0.0,0
1775252279.662938,34,4108.07,0.0,0
1775252279.662938,35,4109.65,0.0,0
1775252279.662938,36,4111.67,0.0,0
1775252279.6642077,38,4111.92,0.0,0
1775252279.6642077,37,4113.91,0.0,0
1775252279.6642077,39,4115.42,50.0,0
1775252279.6652098,40,4116.61,0.0,0
1775252279.6652098,42,4117.98,0.0,0
1775252279.6652098,41,4120.00,0.0,0
1775252279.6652098,43,4121.66,0.0,0
1775252279.6652098,44,4123.67,0.0,0
1775252279.6669085,46,4123.03,0.0,0
1775252279.6652098,45,4126.73,0.0,0
1775252279.6669085,47,4126.05,0.0,0
1775252279.6835294,48,4182.33,25.0,0
1775252279.300541,1,4567.36,0.0,0
1775252279.74521,49,4181.25,23.8,0
1775252281.128854,2,4936.75,17.5,0
1775252281.231972,3,4896.69,24.6,0
1775252281.2330995,4,4898.08,0.0,0
1775252281.2330995,5,4899.23,0.0,0
1775252281.2330995,6,4901.23,0.0,0
1775252281.2330995,7,4902.74,0.0,0
1775252281.2342134,9,4904.28,50.0,0
1775252281.2342134,8,4905.30,42.9,0
1775252281.2342134,10,4907.59,0.0,0
1775252281.2352157,11,4908.87,0.0,0
1775252281.2352157,12,4910.95,0.0,0
1775252281.2352157,13,4912.42,0.0,0
1775252281.2352157,14,4914.94,0.0,0
1775252281.2352157,15,4917.46,0.0,0
1775252281.2352157,16,4919.64,62.5,0
1775252281.2352157,17,4922.16,0.0,0
1775252281.2352157,18,4923.70,0.0,0
1775252281.2352157,19,4926.70,0.0,0
1775252281.2367892,20,4927.65,0.0,0
1775252281.2367892,21,4928.64,0.0,0
1775252281.2373567,22,4931.09,0.0,0
1775252281.2373567,24,4933.53,50.0,0
1775252281.2373567,23,4935.54,0.0,0
1775252281.2373567,25,4939.59,0.0,0
1775252281.2373567,26,4941.72,0.0,0
1775252281.2373567,27,4944.34,0.0,0
1775252281.2373567,28,4947.18,0.0,0
1775252281.238885,29,4948.45,81.2,0
1775252281.238885,30,4951.61,0.0,0
1775252281.238885,31,4954.38,0.0,0
1775252281.239956,32,4956.07,0.0,0
1775252281.239956,33,4958.83,0.0,0
1775252281.239956,34,4962.12,75.0,0
1775252281.239956,35,4964.29,0.0,0
1775252281.2409558,36,4966.01,0.0,0
1775252281.2409558,37,4968.16,0.0,0
1775252281.2409558,38,4970.30,0.0,0
1775252281.241989,39,4971.38,0.0,0
1775252281.241989,40,4973.54,0.0,0
1775252281.2429917,41,4974.67,46.2,0
1775252281.2429917,43,4976.76,0.0,0
1775252281.2429917,42,4978.87,0.0,0
1775252281.1174796,1,5111.01,0.0,0
1775252281.2546093,44,5030.05,100.0,0
1775252283.7950532,2,4212.72,48.2,0
1775252283.8467827,3,4163.00,0.0,0
1775252283.8472948,6,4165.02,0.0,0
1775252283.8472948,7,4167.04,40.0,0
1775252283.8472948,5,4168.03,0.0,0
1775252283.8472948,4,4172.52,0.0,0
1775252283.8472948,9,4175.86,0.0,0
1775252283.8472948,8,4179.20,0.0,0
1775252283.848819,10,4181.57,100.0,0
1775252283.848819,12,4184.21,0.0,0
1775252283.848819,11,4188.41,0.0,0
1775252283.848819,13,4191.22,0.0,0
1775252283.849355,14,4192.68,0.0,0
1775252283.849355,16,4196.38,62.5,0
1775252283.849355,15,4199.02,0.0,0
1775252283.849355,17,4201.68,0.0,0
1775252283.849355,18,4203.73,0.0,0
1775252283.849355,20,4206.05,0.0,0
1775252283.849355,19,4208.36,0.0,0
1775252283.849355,21,4210.60,66.7,0
1775252283.8504734,23,4210.64,11.1,0
1775252283.8504734,22,4212.80,0.0,0
1775252283.8511033,24,4214.46,0.0,0
1775252283.8511033,25,4215.67,0.0,0
1775252283.8511033,27,4217.15,0.0,0
1775252283.8547137,28,4216.65,0.0,0
1775252283.8511033,26,4221.78,0.0,0
1775252283.8547137,29,4220.96,0.0,0
1775252283.8547137,31,4222.42,41.7,0
1775252283.8547137,32,4223.61,0.0,0
1775252283.8547137,30,4226.72,0.0,0
1775252283.8689039,33,4283.63,40.0,0
1775252283.5975535,1,4556.98,36.4,0
1775252283.9284651,34,4234.71,0.0,0
1775252286.2330856,2,4593.22,27.4,0
1775252286.2343445,3,4593.96,0.0,0
1775252286.2343445,4,4596.38,0.0,0
1775252286.2353606,5,4596.36,0.0,0
1775252286.2353606,6,4597.87,0.0,0
1775252286.235868,7,4599.37,0.0,0
1775252286.236412,8,4600.51,0.0,0
1775252286.2376866,9,4600.24,0.0,0
1775252286.2382689,10,4601.67,0.0,0
1775252286.2382689,11,4603.67,69.2,0
1775252286.2388568,12,4604.08,0.0,0
1775252286.2388568,13,4606.08,0.0,0
1775252286.2398474,14,4607.47,0.0,0
1775252286.2404747,15,4607.87,0.0,0
1775252286.2404747,16,4609.92,0.0,0
1775252286.2413034,17,4611.41,0.0,0
1775252286.2418168,18,4612.00,0.0,0
1775252286.2421892,19,4614.16,0.0,0
1775252286.2426984,20,4615.65,35.7,0
1775252286.2426984,21,4616.64,0.0,0
1775252286.2433255,23,4618.02,0.0,0
1775252286.2426984,22,4620.15,0.0,0
1775252286.2440343,24,4621.35,0.0,0
1775252286.245025,25,4621.63,0.0,0
1775252286.2461865,26,4623.06,0.0,0
1775252286.2472298,27,4623.67,0.0,0
1775252286.2482085,28,4624.25,66.7,0
1775252286.2487175,29,4625.56,0.0,0
1775252286.2492561,30,4627.33,0.0,0
1775252286.2492561,31,4628.32,0.0,0
1775252286.2498133,32,4630.28,0.0,0
1775252286.2502155,33,4631.58,0.0,0
1775252286.2502155,34,4632.60,0.0,0
1775252286.250724,35,4633.09,0.0,0
1775252286.2512631,36,4635.07,0.0,0
1775252286.2518692,37,4636.47,0.0,0
1775252286.2530882,38,4636.24,33.3,0
1775252286.253657,39,4637.68,0.0,0
1775252286.254776,40,4638.56,0.0,0
1775252286.255494,41,4639.35,0.0,0
1775252286.255494,42,4641.87,0.0,0
1775252286.255494,43,4645.49,0.0,0
1775252286.2561803,44,4646.80,0.0,0
1775252286.2568102,45,4649.27,64.3,0
1775252286.2568102,46,4651.04,0.0,0
1775252286.2574027,47,4652.99,0.0,0
1775252286.2579129,48,4654.50,0.0,0
1775252286.2579129,49,4656.01,0.0,0
1775252286.2586253,50,4659.78,0.0,0
1775252286.2586253,51,4661.89,58.8,0
1775252286.2902746,52,4660.08,65.4,0
1775252286.0680158,1,4885.39,0.0,0
1775252288.1360428,3,5177.78,28.3,0
1775252288.1360428,5,5180.29,0.0,0
1775252288.1360428,2,5181.41,0.0,0
1775252288.1360428,4,5182.72,0.0,0
1775252288.1370473,6,5183.31,0.0,0
1775252288.1370473,7,5185.38,0.0,0
1775252288.1370473,8,5187.40,0.0,0
1775252288.1370473,9,5188.41,75.0,0
1775252288.1380448,10,5189.41,0.0,0
1775252288.1380448,11,5190.42,0.0,0
1775252288.1380448,13,5192.93,0.0,0
1775252288.1380448,12,5193.93,0.0,0
1775252288.1380448,15,5195.94,0.0,0
1775252288.139176,16,5196.31,0.0,0
1775252288.1380448,14,5199.45,0.0,0
1775252288.139176,17,5199.92,0.0,0
1775252288.139176,18,5200.95,0.0,0
1775252288.139176,19,5203.16,46.2,0
1775252288.139176,20,5204.37,0.0,0
1775252288.139176,21,5206.70,0.0,0
1775252288.139176,23,5208.20,0.0,0
1775252288.139176,22,5209.73,0.0,0
1775252288.139176,26,5211.86,0.0,0
1775252288.139176,25,5213.12,0.0,0
1775252288.1406877,28,5213.55,0.0,0
1775252288.139176,24,5216.10,0.0,0
1775252288.1406877,27,5216.10,38.5,0
1775252288.1412776,30,5218.52,0.0,0
1775252288.1412776,29,5219.52,0.0,0
1775252288.1412776,31,5221.52,0.0,0
1775252288.1412776,32,5222.79,0.0,0
1775252288.1412776,33,5225.40,0.0,0
1775252288.1412776,34,5226.41,0.0,0
1775252288.1425126,35,5227.69,0.0,0
1775252288.1425126,36,5229.28,0.0,0
1775252288.1425126,37,5230.29,38.5,0
1775252288.1425126,38,5231.81,0.0,0
1775252288.1425126,39,5233.98,0.0,0
1775252288.1425126,40,5235.99,0.0,0
1775252288.1425126,41,5237.50,0.0,0
1775252288.1425126,42,5238.51,0.0,0
1775252288.1439714,43,5239.04,0.0,0
1775252288.1439714,44,5241.05,0.0,0
1775252288.1439714,45,5242.58,0.0,0
1775252288.156534,46,5364.56,37.7,0
1775252287.883363,1,5640.74,0.0,0
1775252288.164324,47,5419.21,20.6,0
1775252288.0836692,1,5502.47,0.0,0
1775252290.7129123,2,4667.01,18.4,0
1775252290.9236958,3,4523.49,30.3,0
1775252290.9242063,6,4524.60,0.0,0
1775252290.9242063,4,4526.73,66.7,0
1775252290.9242063,7,4528.06,18.2,0
1775252290.9242063,5,4529.35,0.0,0
1775252290.927174,9,4528.63,0.0,0
1775252290.9258776,8,4530.99,0.0,0
1775252290.927174,11,4530.98,0.0,0
1775252290.927174,10,4533.14,0.0,0
1775252290.9283922,14,4534.43,0.0,0
1775252290.927174,12,4538.22,0.0,0
1775252290.9283922,15,4538.17,63.6,0
1775252290.927174,13,4541.53,0.0,0
1775252290.9283922,16,4542.40,0.0,0
1775252290.9283922,17,4544.02,0.0,0
1775252290.9283922,18,4545.02,0.0,0
1775252290.9283922,19,4546.59,0.0,0
1775252290.9299042,21,4546.21,0.0,0
1775252290.9299042,20,4548.22,0.0,0
1775252290.9299042,22,4549.73,0.0,0
1775252290.9299042,24,4551.26,0.0,0
1775252290.9299042,23,4553.33,33.3,0
1775252290.9299042,26,4555.27,0.0,0
1775252290.9315283,27,4554.65,0.0,0
1775252290.9299042,25,4557.38,0.0,0
1775252290.9315283,28,4557.09,0.0,0
1775252290.9315283,29,4559.23,0.0,0
1775252290.9315283,30,4560.44,0.0,0
1775252290.9329305,31,4560.06,0.0,0
1775252290.9329305,32,4561.49,0.0,0
1775252290.9329305,33,4563.36,0.0,0
1775252290.933986,34,4563.83,73.3,0
1775252290.933986,35,4565.34,0.0,0
1775252290.933986,36,4567.03,0.0,0
1775252290.7036014,1,4799.02,0.0,0
1775252290.954918,37,4580.05,50.0,0
1775252293.387556,2,4908.08,24.1,0
1775252293.4909418,4,4806.22,0.0,0
1775252293.4909418,5,4808.25,0.0,0
1775252293.4899278,3,4810.86,0.0,0
1775252293.4919405,6,4809.85,0.0,0
1775252293.4919405,7,4811.86,0.0,0
1775252293.4919405,8,4813.86,0.0,0
1775252293.492941,9,4813.86,0.0,0
1775252293.4939392,10,4813.86,0.0,0
1775252293.4945967,11,4815.20,0.0,0
1775252293.4945967,14,4815.20,25.0,0
1775252293.4945967,12,4816.70,0.0,0
1775252293.4945967,13,4818.21,0.0,0
1775252293.4945967,15,4819.76,0.0,0
1775252293.4945967,16,4820.76,0.0,0
1775252293.496081,17,4819.78,0.0,0
1775252293.496081,18,4821.26,0.0,0
1775252293.496081,19,4822.54,0.0,0
1775252293.497105,20,4823.54,0.0,0
1775252293.497105,21,4824.09,0.0,0
1775252293.497105,22,4825.15,0.0,0
1775252293.497105,23,4827.09,0.0,0
1775252293.497105,24,4828.10,0.0,0
1775252293.497105,25,4829.16,55.6,0
1775252293.4984357,26,4827.83,0.0,0
1775252293.4984357,27,4829.28,0.0,0
1775252293.4989448,28,4830.98,0.0,0
1775252293.4989448,29,4831.48,0.0,0
1775252293.4989448,30,4833.81,0.0,0
1775252293.4989448,31,4833.81,0.0,0
1775252293.5001652,32,4834.88,0.0,0
1775252293.5001652,33,4835.92,0.0,0
1775252293.5001652,34,4836.92,0.0,0
1775252293.5001652,36,4838.32,0.0,0
1775252293.5001652,35,4839.53,0.0,0
1775252293.5057378,37,4835.22,0.0,0
1775252293.5057378,39,4836.22,22.2,0
1775252293.5057378,38,4837.22,0.0,0
1775252293.5067556,42,4837.54,0.0,0
1775252293.5067556,40,4839.55,0.0,0
1775252293.5067556,41,4840.54,0.0,0
1775252293.5067556,44,4842.12,0.0,0
1775252293.5067556,43,4843.13,0.0,0
1775252293.5079718,45,4842.91,0.0,0
1775252293.5079718,46,4843.91,0.0,0
1775252293.5079718,47,4844.91,0.0,0
1775252293.5089717,48,4844.92,0.0,0
1775252293.5089717,49,4845.91,0.0,0
1775252293.5089717,50,4847.91,0.0,0
1775252293.509593,51,4848.29,33.3,0
1775252293.509593,52,4849.35,0.0,0
1775252293.509593,53,4850.37,0.0,0
1775252293.525752,54,4955.65,11.0,0
1775252293.1938074,1,5289.59,27.3,0
1775252293.5875978,55,4953.56,11.1,0
1775252295.3656504,2,3177.51,0.0,0
1775252295.3833435,3,5606.94,18.3,0
1775252295.5050068,4,5544.67,20.0,0
1775252295.5060127,5,5545.69,0.0,0
1775252295.5060127,7,5546.68,0.0,0
1775252295.5060127,6,5547.68,0.0,0
1775252295.50701,10,5546.69,0.0,0
1775252295.5060127,8,5549.68,0.0,0
1775252295.50701,9,5549.69,0.0,0
1775252295.5081482,12,5549.55,0.0,0
1775252295.5081482,11,5550.78,0.0,0
1775252295.5081482,13,5551.79,0.0,0
1775252295.5081482,14,5552.79,33.3,0
1775252295.5093863,15,5551.56,0.0,0
1775252295.5093863,16,5552.56,0.0,0
1775252295.5093863,17,5554.07,0.0,0
1775252295.5093863,18,5555.07,0.0,0
1775252295.5107064,19,5555.96,0.0,0
1775252295.5107064,20,5556.91,0.0,0
1775252295.5112143,21,5557.40,0.0,0
1775252295.5112143,22,5558.40,0.0,0
1775252295.5112143,23,5559.76,0.0,0
1775252295.5112143,24,5560.86,0.0,0
1775252295.5122974,25,5561.06,0.0,0
1775252295.5122974,26,5562.08,0.0,0
1775252295.5122974,28,5563.43,100.0,0
1775252295.5122974,27,5564.44,41.7,0
1775252295.513296,31,5565.44,0.0,0
1775252295.513296,29,5566.44,0.0,0
1775252295.513296,30,5566.44,0.0,0
1775252295.513296,32,5568.12,0.0,0
1775252295.513296,33,5570.14,0.0,0
1775252295.513296,34,5570.14,0.0,0
1775252295.5149257,35,5570.60,0.0,0
1775252295.5149257,36,5572.17,0.0,0
1775252295.515435,38,5572.67,0.0,0
1775252295.515435,37,5573.67,0.0,0
1775252295.515435,39,5573.67,0.0,0
1775252295.515435,40,5575.09,0.0,0
1775252295.5166626,42,5574.86,37.5,0
1775252295.5166626,41,5575.86,0.0,0
1775252295.5166626,43,5576.87,0.0,0
1775252295.5166626,44,5577.86,0.0,0
1775252295.5179482,46,5577.58,0.0,0
1775252295.5166626,45,5578.86,0.0,0
1775252295.5179482,47,5580.09,0.0,0
1775252295.5193212,48,5578.72,0.0,0
1775252295.5230205,49,5577.06,0.0,0
1775252295.5230205,50,5578.06,0.0,0
1775252295.3656504,1,5736.43,0.0,0
1775252295.5374854,51,5589.63,45.2,0
1775252298.4654822,6,4776.76,27.1,0
1775252298.464959,5,4779.42,0.0,0
1775252298.464959,4,4780.54,0.0,0
1775252298.467078,10,4780.01,0.0,0
1775252298.467078,11,4782.11,43.8,0
1775252298.4660223,9,4785.17,0.0,0
1775252298.4654822,7,4786.71,0.0,0
1775252298.4654822,8,4787.71,0.0,0
1775252298.4644241,3,4791.27,0.0,0
1775252298.4676049,13,4789.10,0.0,0
1775252298.361499,2,4896.20,0.0,0
1775252298.4676049,12,4791.10,0.0,0
1775252298.4681437,16,4792.70,0.0,0
1775252298.4676049,14,4794.39,0.0,0
1775252298.4681437,15,4794.85,54.5,0
1775252298.4681437,17,4797.54,0.0,0
1775252298.4687047,19,4797.99,0.0,0
1775252298.4687047,18,4799.99,0.0,0
1775252298.4687047,20,4802.05,0.0,0
1775252298.4692407,21,4802.03,0.0,0
1775252298.4692407,23,4803.47,0.0,0
1775252298.4692407,22,4805.99,0.0,0
1775252298.4692407,24,4806.99,0.0,0
1775252298.469762,25,4807.68,0.0,0
1775252298.469762,27,4810.23,43.8,0
1775252298.469762,26,4811.67,0.0,0
1775252298.4703002,28,4813.19,0.0,0
1775252298.4703002,29,4813.19,0.0,0
1775252298.4703002,30,4815.16,0.0,0
1775252298.4708188,32,4815.66,0.0,0
1775252298.4708188,33,4817.09,0.0,0
1775252298.4708188,31,4819.48,0.0,0
1775252298.4713376,34,4820.66,0.0,0
1775252298.4713376,35,4821.68,0.0,0
1775252298.4713376,36,4822.79,66.7,0
1775252298.4713376,37,4824.78,0.0,0
1775252298.4718807,38,4825.24,0.0,0
1775252298.4718807,39,4827.36,0.0,0
1775252298.1813447,1,5142.11,47.1,0
1775252298.5380783,40,4787.70,0.0,0
1775252300.9922795,2,4838.96,23.8,0
1775252301.1030777,3,4739.73,33.3,0
1775252301.1030777,2,4741.38,0.0,0
1775252301.1042905,4,4741.65,0.0,0
1775252301.1042905,5,4743.16,0.0,0
1775252301.1042905,6,4744.86,0.0,0
1775252301.1042905,7,4746.87,0.0,0
1775252301.1042905,8,4748.87,0.0,0
1775252301.1042905,9,4750.15,0.0,0
1775252301.1055195,10,4750.12,0.0,0
1775252301.1065161,11,4750.19,40.0,0
1775252301.1065161,12,4752.32,0.0,0
1775252301.1065161,13,4753.83,0.0,0
1775252301.1065161,14,4755.27,0.0,0
1775252301.1065161,15,4756.78,0.0,0
1775252301.1065161,16,4758.79,0.0,0
1775252301.1075344,17,4759.87,0.0,0
1775252301.1075344,18,4762.17,0.0,0
1775252301.1075344,19,4763.28,0.0,0
1775252301.1075344,20,4763.85,0.0,0
1775252301.1075344,21,4765.37,41.2,0
1775252301.1075344,22,4768.04,0.0,0
1775252301.1087186,23,4768.17,0.0,0
1775252301.1087186,24,4769.61,0.0,0
1775252301.1087186,25,4772.49,0.0,0
1775252301.1087186,26,4774.65,0.0,0
1775252301.1087186,27,4776.17,0.0,0
1775252301.109721,28,4776.92,0.0,0
1775252301.109721,29,4779.15,62.5,0
1775252301.109721,30,4780.28,0.0,0
1775252301.109721,31,4781.71,0.0,0
1775252301.109721,32,4783.71,0.0,0
1775252301.1107192,33,4783.71,0.0,0
1775252301.1107192,34,4785.32,0.0,0
1775252301.1107192,35,4786.32,0.0,0
1775252301.1107192,36,4788.56,0.0,0
1775252301.1107192,37,4790.85,0.0,0
1775252301.1107192,38,4793.12,0.0,0
1775252301.1107192,39,4793.62,33.3,0
1775252301.1121662,40,4794.19,0.0,0
1775252301.1121662,41,4795.19,0.0,0
1775252301.1121662,42,4796.56,0.0,0
1775252301.1121662,44,4798.91,0.0,0
1775252301.1121662,43,4800.19,0.0,0
1775252301.1131654,45,4801.31,0.0,0
1775252301.1131654,46,4802.32,0.0,0
1775252301.1131654,47,4803.49,0.0,0
1775252301.1131654,48,4805.72,0.0,0
1775252300.9877427,1,4932.68,54.5,0
1775252303.0685425,2,4865.04,16.7,0
1775252301.0436475,1,6889.93,0.0,0
1775252303.301643,3,4644.49,5.9,0
1775252303.3029714,5,4644.17,0.0,0
1775252303.3029714,4,4645.62,0.0,0
1775252303.3029714,7,4646.13,0.0,0
1775252303.3029714,6,4647.23,0.0,0
1775252303.3029714,8,4648.71,25.0,0
1775252303.3042529,9,4647.43,0.0,0
1775252303.3042529,10,4648.59,0.0,0
1775252303.3054266,11,4648.44,0.0,0
1775252303.3054266,12,4649.52,0.0,0
1775252303.3054266,13,4650.91,0.0,0
1775252303.3054266,14,4650.91,0.0,0
1775252303.3064427,15,4651.23,0.0,0
1775252303.3064427,16,4652.68,0.0,0
1775252303.3064427,17,4653.68,0.0,0
1775252303.3064427,18,4654.94,0.0,0
1775252303.3074434,20,4655.45,0.0,0
1775252303.3074434,19,4656.72,0.0,0
1775252303.3074434,21,4656.72,0.0,0
1775252303.3074434,22,4658.23,0.0,0
1775252303.3074434,23,4659.30,33.3,0
1775252303.308856,24,4658.89,0.0,0
1775252303.308856,25,4659.89,0.0,0
1775252303.308856,26,4661.70,0.0,0
1775252303.308856,27,4662.26,0.0,0
1775252303.308856,28,4662.26,0.0,0
1775252303.3102615,29,4662.16,0.0,0
1775252303.3102615,30,4663.16,0.0,0
1775252303.3102615,31,4664.16,0.0,0
1775252303.3102615,32,4665.65,0.0,0
1775252303.311363,33,4665.68,0.0,0
1775252303.311363,34,4666.86,0.0,0
1775252303.311363,35,4666.86,0.0,0
1775252303.311363,36,4668.36,0.0,0
1775252303.311363,37,4669.83,0.0,0
1775252303.311363,38,4671.28,42.9,0
1775252303.3129563,39,4670.69,0.0,0
1775252303.0619268,1,5039.95,9.7,0
1775252303.3269875,40,4776.39,0.0,0
1775252306.0243418,2,3716.43,14.9,0
1775252306.0243418,3,3718.43,0.0,0
1775252305.833466,2,3910.31,0.0,0
1775252306.0243418,4,3720.43,0.0,0
1775252306.0243418,5,3721.43,0.0,0
1775252306.0256116,6,3720.16,0.0,0
1775252306.0266118,7,3721.68,60.0,0
1775252306.0266118,8,3722.68,0.0,0
1775252306.0279005,9,3722.91,0.0,0
1775252306.0279005,10,3723.91,0.0,0
1775252306.0279005,11,3723.91,0.0,0
1775252306.0279005,12,3724.91,0.0,0
1775252306.0279005,13,3725.91,0.0,0
1775252306.029136,14,3724.67,0.0,0
1775252306.029644,15,3725.65,0.0,0
1775252306.029644,16,3726.65,0.0,0
1775252306.029644,17,3727.65,0.0,0
1775252306.0308518,20,3727.44,0.0,0
1775252306.0308518,19,3728.44,0.0,0
1775252306.029644,18,3730.65,0.0,0
1775252306.0308518,21,3730.44,0.0,0
1775252306.0308518,22,3731.95,0.0,0
1775252306.0308518,23,3732.96,20.0,0
1775252306.0322275,24,3731.58,0.0,0
1775252306.0322275,25,3733.08,0.0,0
1775252306.0322275,26,3734.60,0.0,0
1775252306.0371392,27,3730.70,0.0,0
1775252306.0371392,28,3730.70,0.0,0
1775252306.038173,29,3731.71,0.0,0
1775252306.038173,30,3732.83,0.0,0
1775252306.038173,31,3733.84,0.0,0
1775252306.0415318,32,3731.70,0.0,0
1775252306.0228179,1,5440.55,33.9,0
1775252305.82908,1,5636.46,0.0,0
1775252307.9404364,2,3526.74,64.7,0
1775252308.087116,5,3492.04,34.2,0
1775252308.087116,6,3493.08,0.0,0
1775252308.087116,4,3493.60,0.0,0
1775252308.087116,7,3494.99,0.0,0
1775252308.087116,3,3496.48,0.0,0
1775252308.0884888,8,3497.68,0.0,0
1775252308.087116,2,3500.32,0.0,0
1775252308.0884888,10,3498.95,0.0,0
1775252308.0884888,9,3501.25,0.0,0
1775252308.0894916,11,3501.25,0.0,0
1775252308.0894916,13,3502.25,55.6,0
1775252308.0894916,12,3503.53,0.0,0
1775252308.0894916,15,3504.60,0.0,0
1775252308.0894916,14,3505.60,0.0,0
1775252308.0894916,16,3506.19,0.0,0
1775252308.0906181,17,3509.70,0.0,0
1775252308.0906181,18,3511.70,0.0,0
1775252308.0906181,19,3513.83,0.0,0
1775252308.0906181,20,3516.19,80.0,0
1775252308.0906181,21,3518.22,58.3,0
1775252308.0906181,22,3520.06,0.0,0
1775252308.0916114,23,3520.33,0.0,0
1775252308.0916114,24,3523.05,0.0,0
1775252308.0916114,25,3525.22,0.0,0
1775252308.0916114,26,3526.41,0.0,0
1775252308.0916114,27,3529.64,0.0,0
1775252308.0916114,28,3532.97,68.8,0
1775252308.0916114,29,3535.76,0.0,0
1775252308.0916114,30,3536.77,0.0,0
1775252308.093118,31,3538.62,0.0,0
1775252307.9304895,1,3816.66,18.4,0
1775252308.0992799,32,3649.00,66.7,0
1775252308.1043775,33,3647.51,0.0,0
1775252308.0856006,1,3667.33,0.0,0
1775252309.9255154,2,3162.20,32.6,0
1775252309.9268768,3,3161.84,0.0,0
1775252309.9268768,4,3163.41,0.0,0
1775252309.927382,6,3163.92,71.4,0
1775252309.9268768,5,3165.43,0.0,0
1775252309.927382,7,3166.38,0.0,0
1775252309.9283938,8,3166.88,0.0,0
1775252309.9283938,10,3167.89,0.0,0
1775252309.9283938,11,3168.89,0.0,0
1775252309.9283938,9,3170.63,0.0,0
1775252309.9283938,12,3171.73,0.0,0
1775252309.9283938,14,3172.92,0.0,0
1775252309.9283938,13,3174.43,0.0,0
1775252309.9283938,15,3175.56,0.0,0
1775252309.9283938,16,3176.57,0.0,0
1775252309.9283938,17,3178.51,0.0,0
1775252309.9298992,18,3178.09,46.2,0
1775252309.9298992,19,3179.46,0.0,0
1775252309.9298992,20,3181.46,0.0,0
1775252309.9314666,21,3180.89,0.0,0
1775252309.9314666,23,3182.40,0.0,0
1775252309.9314666,22,3183.91,0.0,0
1775252309.9314666,24,3185.23,0.0,0
1775252309.9314666,25,3187.24,0.0,0
1775252309.9324956,26,3187.21,0.0,0
1775252309.735767,1,3447.94,15.6,0
1775252311.5745082,2,2678.70,21.0,0
1775252311.7355416,3,2576.18,12.3,0
1775252311.736559,5,2575.17,0.0,0
1775252311.7355416,4,2577.69,0.0,0
1775252311.7375512,7,2578.19,0.0,0
1775252311.736559,6,2579.19,0.0,0
1775252311.7375512,8,2580.20,0.0,0
1775252311.7385595,10,2579.19,0.0,0
1775252311.7385595,11,2580.19,0.0,0
1775252311.7375512,9,2583.23,0.0,0
1775252311.7385595,12,2583.29,0.0,0
1775252311.7385595,13,2584.30,0.0,0
1775252311.7395518,14,2584.81,0.0,0
1775252311.7395518,15,2585.82,0.0,0
1775252311.7395518,16,2586.93,33.3,0
1775252311.7395518,18,2587.82,0.0,0
1775252311.7395518,17,2587.82,0.0,0
1775252311.7395518,19,2590.21,0.0,0
1775252311.7406917,20,2589.07,0.0,0
1775252311.7406917,21,2590.37,0.0,0
1775252311.7406917,22,2591.37,0.0,0
1775252311.4595501,1,2873.51,0.0,0
1775252311.7508698,23,2593.07,18.2,0
1775252313.0826,2,2285.88,23.6,0
1775252313.1713166,4,2201.90,33.3,0
1775252313.1713166,3,2203.41,0.0,0
1775252313.1713166,6,2204.42,0.0,0
1775252313.1713166,5,2206.20,0.0,0
1775252313.1725974,8,2207.16,0.0,0
1775252313.1725974,7,2209.17,0.0,0
1775252313.1725974,9,2211.17,0.0,0
1775252313.1725974,10,2212.68,0.0,0
1775252313.1741042,11,2212.19,0.0,0
1775252313.1746173,14,2213.18,78.6,0
1775252313.1741042,12,2215.71,80.0,0
1775252313.1746173,13,2216.51,0.0,0
1775252313.1746173,15,2217.51,0.0,0
1775252313.1746173,16,2219.45,0.0,0
1775252313.1746173,17,2220.79,0.0,0
1775252313.1746173,18,2222.79,0.0,0
1775252313.175774,19,2223.22,0.0,0
1775252313.1777725,20,2222.69,0.0,0
1775252313.0283058,1,2373.36,0.0,0
1775252314.255206,2,2070.47,20.0,0
1775252314.333063,3,2052.13,35.3,0
1775252314.3345513,4,2051.67,0.0,0
1775252314.3345513,5,2053.77,62.5,0
1775252314.3350608,6,2055.30,0.0,0
1775252314.3350608,7,2056.63,0.0,0
1775252314.3356392,9,2057.32,0.0,0
1775252314.3350608,8,2059.36,0.0,0
1775252314.3356392,10,2059.82,0.0,0
1775252314.3356392,11,2061.55,0.0,0
1775252314.3376596,13,2061.61,0.0,0
1775252314.3376596,12,2063.51,0.0,0
1775252314.3386652,14,2064.59,0.0,0
1775252314.3386652,15,2064.59,28.6,0
1775252314.3386652,16,2067.10,0.0,0
1775252314.3386652,17,2068.49,0.0,0
1775252314.3396618,18,2070.00,0.0,0
1775252314.251194,1,2159.47,0.0,0
1775252314.3977947,19,2072.84,35.9,0
1775252314.3989997,20,2075.27,0.0,0
1775252315.4535663,3,1799.21,59.8,0
1775252315.4535663,2,1802.21,0.0,0
1775252315.4535663,4,1804.50,0.0,0
1775252315.4535663,5,1806.49,0.0,0
1775252315.4535663,6,1810.15,100.0,0
1775252315.4545746,7,1813.74,0.0,0
1775252315.4545746,8,1816.48,0.0,0
1775252315.4545746,9,1818.49,0.0,0
1775252315.4545746,10,1822.16,0.0,0
1775252315.4555721,11,1823.75,94.1,0
1775252315.4555721,12,1826.82,0.0,0
1775252315.4555721,13,1829.95,0.0,0
1775252315.4555721,14,1833.52,0.0,0
1775252315.4565682,15,1835.30,0.0,0
1775252315.3699832,1,1980.88,40.3,0
1775252316.3814847,2,1430.93,24.9,0
1775252316.4630644,3,1404.94,12.0,0
1775252316.4630644,4,1407.97,0.0,0
1775252316.4642003,6,1408.37,100.0,0
1775252316.4630644,5,1411.15,38.5,0
1775252316.4642003,7,1412.14,0.0,0
1775252316.4642003,8,1414.30,0.0,0
1775252316.4642003,9,1415.81,0.0,0
1775252316.4662466,10,1415.29,0.0,0
1775252316.322624,1,1560.29,0.0,0
1775252316.4722419,11,1419.26,62.5,0
1775252317.2462373,2,1415.00,27.2,0
1775252317.344818,5,1323.34,0.0,0
1775252317.344818,4,1326.42,40.0,0
1775252317.344295,3,1328.01,0.0,0
1775252317.344818,6,1330.29,0.0,0
1775252317.344818,7,1331.67,0.0,0
1775252317.3458266,8,1332.05,0.0,0
1775252317.3458266,10,1334.92,0.0,0
1775252317.3458266,9,1336.13,0.0,0
1775252317.3458266,11,1339.39,62.5,0
1775252317.347334,12,1339.48,12.5,0
1775252317.347334,13,1346.04,0.0,0
1775252317.347334,14,1350.55,0.0,0
1775252317.191608,1,1513.61,81.2,0
1775252317.348343,15,1358.89,0.0,0
1775252317.8101873,16,1529.92,62.2,0
1775252317.865994,17,1475.35,50.0,0
1775252317.884326,18,1615.96,49.1,0
1775252317.885325,19,1616.96,0.0,0
1775252317.885325,20,1617.96,0.0,0
1775252317.8858328,21,1620.46,0.0,0
1775252317.8858328,22,1621.98,0.0,0
1775252317.8864927,23,1624.32,0.0,0
1775252317.8864927,24,1626.84,100.0,0
1775252317.8875058,25,1628.98,87.5,0
1775252317.8875058,26,1630.98,0.0,0
1775252317.8875058,27,1634.37,0.0,0
1775252317.945,28,1583.17,0.0,0
1775252317.945,29,1585.29,43.8,0
1775252317.9460096,30,1587.30,0.0,0
1775252318.6652732,2,1383.59,52.0,0
1775252318.8142285,3,1240.65,0.0,0
1775252318.8152425,5,1241.63,0.0,0
1775252318.8142285,4,1244.27,0.0,0
1775252318.8157547,7,1244.78,76.9,0
1775252318.8157547,6,1246.12,0.0,0
1775252318.8157547,8,1248.83,0.0,0
1775252318.8157547,9,1249.83,0.0,0
1775252318.8181207,10,1250.22,0.0,0
1775252318.6592102,1,1410.26,0.0,0
1775252319.4981463,2,741.12,34.3,0
1775252319.3371067,1,903.34,0.0,0
1775252319.5235233,3,719.02,0.0,0
1775252319.5857346,4,711.69,28.1,0
1775252320.049875,2,1519.30,15.0,0
1775252320.0711393,3,1498.54,0.0,0
1775252320.0711393,4,1500.23,0.0,0
1775252320.0721505,5,1500.78,0.0,0
1775252320.0721505,6,1500.78,0.0,0
1775252320.0721505,7,1503.36,0.0,0
1775252320.0721505,8,1504.40,41.2,0
1775252320.0721505,9,1505.58,0.0,0
1775252320.0733693,10,1505.37,0.0,0
1775252320.074481,11,1505.25,0.0,0
1775252320.074481,12,1508.11,0.0,0
1775252320.074481,13,1510.41,0.0,0
1775252320.0756075,14,1509.78,0.0,0
1775252320.0756075,15,1512.05,0.0,0
1775252320.0756075,16,1513.27,0.0,0
1775252320.0756075,17,1515.34,0.0,0
1775252320.0766544,18,1515.29,33.3,0
1775252320.0766544,19,1516.29,0.0,0
1775252320.0766544,20,1518.70,0.0,0
1775252320.077652,22,1520.25,0.0,0
1775252320.077652,23,1521.78,0.0,0
1775252320.077652,21,1523.91,0.0,0
1775252320.077652,24,1525.49,0.0,0
1775252320.0786555,25,1526.81,0.0,0
1775252320.0463314,1,1566.90,62.5,0
1775252320.2952428,26,1424.28,21.6,0
1775252320.2952428,27,1426.64,0.0,0
1775252321.6064565,2,372.35,25.3,0
1775252321.6074617,5,372.85,0.0,0
1775252321.6074617,4,375.42,61.5,0
1775252321.6064565,3,377.43,0.0,0
1775252321.6087005,6,428.18,23.9,0
1775252321.5156443,1,523.24,0.0,0
1775252322.1372037,1,54.44,3.3,0
1775252322.1936562,2,53.75,9.1,0
1775252322.1936562,3,162.68,18.9,0
1775252322.1936562,4,163.71,11.1,0
1775252322.1946545,5,221.18,1.8,0
1775252322.2501335,6,424.85,7.4,0
1775252322.2501335,7,426.86,0.0,0
1775252322.2501335,8,427.44,0.0,0
1775252322.2511325,9,532.27,7.1,0
1775252322.2511325,10,534.28,0.0,0
1775252322.3532817,12,891.61,2.2,0
1775252322.3532817,11,892.61,0.0,0
1775252322.410592,13,940.13,21.7,0
1775252322.4116178,15,941.52,0.0,0
1775252322.4116178,14,942.52,0.0,0
1775252322.4116178,17,943.52,0.0,0
1775252322.4116178,16,945.52,0.0,0
1775252322.4116178,18,946.52,41.7,0
1775252322.4116178,19,947.52,0.0,0
1775252322.4131267,21,948.01,0.0,0
1775252322.4116178,20,950.06,0.0,0
1775252322.4131267,22,1259.06,17.6,0
1775252322.4131267,23,1259.68,0.0,0
1775252322.5695298,26,1107.88,0.0,0
1775252322.5690255,24,1109.38,0.0,0
1775252322.5695298,25,1111.39,0.0,0
1775252322.5695298,27,1112.39,0.0,0
1775252322.5700815,28,1112.84,0.0,0
1775252322.5700815,29,1114.79,0.0,0
1775252322.7806702,30,1113.35,2.2,0
1775252322.7811773,31,1113.85,0.0,0
1775252322.7811773,32,1116.01,0.0,0
1775252322.7811773,33,1117.60,0.0,0
1775252323.668126,3,491.55,13.1,0
1775252323.668126,4,492.64,0.0,0
1775252323.668126,2,494.05,0.0,0
1775252323.2428756,1,920.00,0.0,0
1775252323.675385,5,488.56,0.0,0
1775252323.8887744,6,381.92,19.6,0
1775252323.8887744,7,383.60,0.0,0
1775252323.9002957,9,677.99,20.1,0
1775252323.9002957,8,681.20,0.0,0
1775252323.9002957,10,683.20,0.0,0
1775252323.9002957,11,684.71,0.0,0
1775252323.902332,12,683.68,0.0,0
1775252323.902332,13,688.52,0.0,0
1775252324.267924,3,482.47,14.1,0
1775252324.267924,2,485.47,0.0,0
1775252324.267924,1,487.56,0.0,0
1775252324.591859,4,574.90,1.5,0
1775252324.5928586,5,576.07,0.0,0
1775252324.5928586,6,577.13,50.0,0
1775252324.5928586,8,885.44,10.5,0
1775252324.5928586,7,888.96,0.0,0
1775252324.5928586,9,890.73,44.4,0
1775252324.593863,10,891.23,0.0,0
1775252324.593863,11,893.31,0.0,0
1775252324.5948591,13,896.90,0.0,0
1775252324.5948591,12,897.41,0.0,0
1775252324.5948591,14,898.41,0.0,0
1775252324.5948591,15,899.41,0.0,0
1775252324.5948591,17,900.81,0.0,0
1775252324.5948591,16,902.37,0.0,0
1775252324.90987,19,796.29,21.2,0
1775252324.90987,18,798.93,0.0,0
1775252324.9109077,20,798.92,0.0,0
1775252325.4758105,2,490.46,14.2,0
1775252325.4758105,3,648.40,5.5,0
1775252325.4770017,5,649.55,0.0,0
1775252325.4758105,4,651.74,0.0,0
1775252325.4770017,6,651.61,0.0,0
1775252325.4770017,7,652.59,0.0,0
1775252325.4896798,8,848.46,22.8,0
1775252325.4896798,11,850.20,0.0,0
1775252325.4896798,9,852.20,44.4,0
1775252325.4896798,10,855.69,0.0,0
1775252325.497854,12,849.52,0.0,0
1775252325.497854,13,851.04,0.0,0
1775252325.4758105,1,873.08,0.0,0
1775252325.9652536,15,694.98,14.6,0
1775252325.9652536,14,695.98,0.0,0
1775252325.9652536,16,698.64,0.0,0
1775252326.3335972,2,637.49,21.2,0
1775252326.3335972,3,638.50,0.0,0
1775252326.3335972,4,639.86,0.0,0
1775252326.3335972,5,745.29,19.1,0
1775252326.335126,7,744.75,0.0,0
1775252326.335126,6,745.89,0.0,0
1775252326.3361526,8,746.86,0.0,0
1775252326.3361526,9,747.86,0.0,0
1775252326.3361526,10,748.87,0.0,0
1775252326.3443723,11,947.44,9.1,0
1775252326.3506541,14,942.66,0.0,0
1775252326.3506541,13,947.17,37.5,0
1775252326.3506541,12,948.67,0.0,0
1775252326.3506541,15,949.68,0.0,0
1775252326.3335972,1,967.83,0.0,0
1775252326.9689605,16,492.24,21.9,0
1775252326.9694812,17,493.25,0.0,0
1775252326.9694812,18,494.34,0.0,0
1775252327.077879,2,696.22,16.1,0
1775252327.2943172,3,738.70,19.2,0
1775252327.2953174,5,738.72,0.0,0
1775252327.2943172,4,740.71,0.0,0
1775252327.2953174,7,741.92,0.0,0
1775252327.2953174,6,743.33,0.0,0
1775252327.2953174,8,798.09,21.3,0
1775252327.2953174,9,800.10,0.0,0
1775252327.3029318,10,793.48,0.0,0
1775252327.0768704,1,1020.54,0.0,0
1775252327.3029318,11,794.99,0.0,0
1775252327.3029318,12,797.74,0.0,0
1775252327.5165427,13,794.41,13.5,0
1775252327.5165427,14,796.66,0.0,0
1775252327.5165427,15,798.34,0.0,0
1775252327.5180066,16,800.66,0.0,0
1775252328.0309212,2,851.61,6.9,0
1775252328.0904012,3,794.64,0.0,0
1775252328.0904012,5,795.65,0.0,0
1775252328.0904012,4,797.65,0.0,0
1775252328.0904012,6,798.65,27.3,0
1775252328.0904012,7,799.65,0.0,0
1775252328.0918648,8,799.80,0.0,0
1775252328.0918648,9,800.82,0.0,0
1775252328.0918648,11,801.83,0.0,0
1775252328.0918648,10,959.18,12.5,0
1775252328.0918648,12,961.18,0.0,0
1775252328.0918648,13,964.56,0.0,0
1775252328.0297709,1,1028.14,0.0,0
1775252328.0996606,14,959.25,0.0,0
1775252328.3165107,15,900.58,31.5,0
1775252328.3175087,16,902.82,0.0,0
1775252328.3175087,17,903.83,0.0,0
1775252328.7776382,18,902.76,25.5,0
1775252329.047174,2,635.63,0.0,0
1775252329.047174,4,637.74,75.0,0
1775252329.047174,3,639.38,25.0,0
1775252329.048388,5,639.49,0.0,0
1775252329.048388,6,640.59,0.0,0
1775252329.0488935,7,641.09,0.0,0
1775252329.0488935,8,642.09,0.0,0
1775252329.0488935,9,746.46,31.1,0
1775252329.0499575,11,799.17,9.8,0
1775252329.0488935,10,802.38,0.0,0
1775252329.047174,1,806.11,0.0,0
1775252329.848618,13,111.91,17.1,0
1775252329.8481123,12,113.56,0.0,0
1775252329.852278,14,317.22,10.4,0
1775252329.8538537,15,317.15,10.0,0
1775252329.8548632,16,317.57,0.0,0
1775252329.8548632,17,473.52,10.2,0
1775252329.8561423,19,476.75,0.0,0
1775252329.8561423,20,477.75,0.0,0
1775252329.8548632,18,480.03,0.0,0
1775252330.1154294,2,632.76,9.3,0
1775252330.1164403,4,632.75,0.0,0
1775252330.1164403,3,634.25,0.0,0
1775252330.1164403,5,689.03,6.2,0
1775252330.1174357,6,689.64,0.0,0
1775252330.1174357,7,690.63,0.0,0
1775252330.1174357,8,691.63,0.0,0
1775252330.1174357,9,692.63,0.0,0
1775252330.3253553,10,591.27,7.1,0
1775252330.327379,11,1199.76,10.2,0
1775252330.1154294,1,1414.75,10.0,0
1775252330.3308961,13,1202.66,0.0,0
1775252330.3308961,12,1202.66,0.0,0
1775252330.3354044,15,1199.67,0.0,0
1775252330.3354044,14,1201.87,0.0,0
1775252330.3354044,16,1202.87,0.0,0
1775252330.3364136,17,1202.86,0.0,0
1775252330.3364136,18,1203.47,0.0,0
1775252330.3364136,19,1204.48,0.0,0
1775252330.3370035,20,1205.40,0.0,0
1775252330.3370035,21,1206.40,0.0,0
1775252330.3370035,22,1207.64,28.6,0
1775252330.3370035,23,1208.14,0.0,0
1775252330.803275,24,1054.06,19.6,0
1775252330.913299,27,946.05,0.0,0
1775252330.912779,25,948.04,0.0,0
1775252330.913299,26,948.53,0.0,0
1775252330.9144874,28,949.93,0.0,0
1775252330.9150798,29,950.34,0.0,0
1775252331.5471284,3,577.06,25.3,0
1775252331.5471284,2,578.08,0.0,0
1775252331.5471284,4,733.72,22.0,0
1775252331.5471284,5,734.96,0.0,0
1775252331.5471284,6,739.08,0.0,0
1775252331.5471284,7,794.98,55.4,0
1775252331.5471284,8,797.98,0.0,0
1775252331.5483992,9,799.22,0.0,0
1775252331.527142,1,827.03,0.0,0
1775252332.3511558,3,620.43,8.1,0
1775252332.3501554,2,622.58,0.0,0
1775252332.3511558,6,623.09,0.0,0
1775252332.3511558,5,624.14,0.0,0
1775252332.3511558,4,625.43,0.0,0
1775252332.3511558,7,626.44,0.0,0
1775252332.3521566,8,783.02,11.7,0
1775252332.3531523,9,782.53,0.0,0
1775252332.3531523,10,783.54,0.0,0
1775252332.3531523,11,785.54,44.4,0
1775252332.3531523,12,786.54,100.0,0
1775252332.3531523,13,787.54,0.0,0
1775252332.3541737,14,790.14,0.0,0
1775252332.3541737,15,791.15,0.0,0
1775252332.3501554,1,796.16,0.0,0
1775252333.1321757,2,527.32,10.9,0
1775252333.1321757,3,528.52,0.0,0
1775252333.1321757,4,529.52,0.0,0
1775252333.133183,6,530.01,0.0,0
1775252333.133183,5,530.01,0.0,0
1775252333.133183,7,687.94,10.6,0
1775252333.133183,9,689.51,0.0,0
1775252333.133183,8,691.02,0.0,0
1775252333.1416876,10,683.98,0.0,0
1775252333.1416876,11,685.15,33.3,0
1775252333.1416876,12,790.90,9.5,0
1775252333.1426928,13,790.89,0.0,0
1775252333.1426928,14,792.78,41.7,0
1775252333.143298,15,795.68,0.0,0
1775252333.131672,1,808.56,0.0,0
1775252333.8184133,16,737.73,35.4,0
1775252333.8194954,19,740.13,0.0,0
1775252333.8184133,17,742.63,64.7,0
1775252333.8194954,18,746.01,0.0,0
1775252333.8200421,20,854.17,40.5,0
1775252333.8200421,21,857.67,0.0,0
1775252333.929807,24,750.41,0.0,0
1775252333.92929,22,752.95,0.0,0
1775252333.929807,23,754.43,100.0,0
1775252333.929807,27,756.95,40.0,0
1775252333.929807,25,759.73,0.0,0
1775252333.929807,26,762.22,0.0,0
1775252333.9311726,28,816.49,46.8,0
1775252333.9311726,29,819.02,0.0,0
1775252333.9311726,30,824.56,0.0,0
1775252334.6720803,2,292.22,42.5,0
1775252334.6730785,4,293.81,62.5,0
1775252334.6720803,3,399.85,41.2,0
1775252334.6730785,5,399.85,0.0,0
1775252334.6736822,6,505.37,22.1,0
1775252334.6742108,7,505.83,0.0,0
1775252334.7451632,8,439.22,0.0,0
1775252334.6710074,1,514.44,21.4,0
1775252335.1830852,4,264.25,20.4,0
1775252335.1820812,3,320.64,9.4,0
1775252335.1820812,2,322.64,0.0,0
1775252335.1830852,5,323.08,0.0,0
1775252335.1830852,6,324.08,0.0,0
1775252335.1830852,7,378.39,12.9,0
1775252335.1820812,1,384.44,0.0,0
1775252335.500524,8,531.04,10.0,0
1775252335.500524,9,532.46,0.0,0
1775252335.500524,10,533.61,0.0,0
1775252335.500524,11,534.62,0.0,0
1775252335.5587475,12,836.63,23.4,0
1775252335.5587475,13,838.68,0.0,0
1775252335.5587475,14,840.19,0.0,0
1775252335.5597744,15,840.17,0.0,0
1775252335.5597744,16,841.68,0.0,0
1775252335.5635588,17,994.87,14.4,0
1775252335.5635588,18,996.91,60.0,0
1775252335.5635588,19,998.03,25.0,0
1775252335.5635588,20,998.03,0.0,0
1775252335.5635588,21,999.53,0.0,0
1775252335.5648432,22,999.67,0.0,0
1775252335.5653484,23,1000.17,0.0,0
1775252335.568596,24,1000.89,0.0,0
1775252335.568596,26,1002.46,0.0,0
1775252335.568596,25,1003.71,0.0,0
1775252336.392305,2,491.08,16.9,0
1775252336.392305,3,492.60,0.0,0
1775252336.3933356,5,492.67,0.0,0
1775252336.392305,4,750.46,20.4,0
1775252336.3933356,6,750.51,0.0,0
1775252336.3933356,7,751.91,0.0,0
1775252336.5568485,9,594.15,0.0,0
1775252336.5563433,8,596.89,0.0,0
1775252336.5568485,10,597.76,25.0,0
1775252336.5568485,11,599.21,0.0,0
1775252336.0305493,1,1127.84,0.0,0
1775252336.5743918,13,746.67,30.5,0
1775252336.5743918,12,748.71,0.0,0
1775252336.7298517,14,598.84,87.5,0
1775252337.1406977,2,701.87,46.3,0
1775252337.147153,3,798.97,9.7,0
1775252337.147153,4,801.03,0.0,0
1775252337.1594582,6,789.73,0.0,0
1775252337.1594582,7,791.32,0.0,0
1775252337.1594582,5,791.32,22.2,0
1775252337.1607606,9,791.26,0.0,0
1775252337.1607606,8,792.28,0.0,0
1775252337.1607606,10,793.69,0.0,0
1775252337.1607606,11,794.68,0.0,0
1775252337.1607606,12,901.00,4.7,0
1775252337.1619062,13,902.50,0.0,0
1775252337.1619062,14,905.70,0.0,0
1775252337.1406977,1,928.05,0.0,0
1775252338.0718384,9,280.94,13.8,0
1775252338.0713077,7,388.00,5.5,0
1775252338.0713077,8,390.09,0.0,0
1775252338.0713077,6,392.26,0.0,0
1775252338.059553,2,406.21,0.0,0
1775252338.0665529,4,505.57,7.1,0
1775252338.0665529,3,506.59,0.0,0
1775252338.0713077,5,505.34,25.0,0
1775252338.059553,1,518.11,25.0,0
1775252338.456296,11,533.24,6.7,0
1775252338.4573052,13,533.23,0.0,0
1775252338.456296,10,535.59,0.0,0
1775252338.4573052,12,535.68,0.0,0
1775252338.5685728,14,733.63,1.2,0
1775252338.5685728,15,735.64,0.0,0
1775252338.5685728,16,738.14,0.0,0
1775252338.5695813,17,739.14,0.0,0
1775252338.5695813,18,1047.26,9.7,0
1775252338.5695813,21,1048.26,0.0,0
1775252338.5695813,19,1050.76,0.0,0
1775252338.5695813,20,1051.80,0.0,0
1775252338.5746465,22,1046.74,0.0,0
1775252338.5746465,24,1048.25,36.4,0
1775252338.5746465,23,1103.88,3.8,0
1775252338.5746465,25,1105.38,0.0,0
1775252338.5746465,26,1106.88,0.0,0
1775252338.5786598,27,1104.89,0.0,0
1775252338.5786598,29,1106.40,0.0,0
1775252338.5786598,28,1107.91,27.3,0
1775252338.5796618,30,1110.91,0.0,0
1775252339.6153502,4,433.69,17.0,0
1775252339.6153502,3,436.19,0.0,0
1775252339.6153502,2,437.33,0.0,0
1775252339.6153502,6,694.19,15.8,0
1775252339.6153502,5,696.23,25.0,0
1775252339.6153502,7,697.74,0.0,0
1775252339.6755178,8,638.92,0.0,0
1775252339.6755178,9,693.40,2.1,0
1775252339.2995548,1,1071.88,0.0,0
1775252339.6875753,10,685.37,100.0,0
1775252339.688572,12,685.87,0.0,0
1775252339.688572,11,686.88,0.0,0
1775252339.688572,13,694.34,0.0,0
1775252340.377458,2,672.43,2.3,0
1775252340.377458,3,674.44,0.0,0
1775252340.3784611,4,674.86,0.0,0
1775252340.3784611,5,676.86,0.0,0
1775252340.3784611,7,677.86,0.0,0
1775252340.380015,8,678.46,0.0,0
1775252340.3784611,6,681.48,83.3,0
1775252340.380015,10,838.21,2.3,0
1775252340.380015,11,839.75,0.0,0
1775252340.380015,9,841.32,0.0,0
1775252340.380015,12,843.33,0.0,0
1775252340.380015,13,845.44,0.0,0
1775252340.381543,14,845.26,0.0,0
1775252340.3818939,15,901.44,7.7,0
1775252340.3818939,16,903.44,0.0,0
1775252340.3818939,17,905.26,0.0,0
1775252340.377458,1,911.73,0.0,0
1775252341.2146223,2,537.40,16.4,0
1775252341.215629,6,538.40,0.0,0
1775252341.215629,4,539.40,0.0,0
1775252341.2146223,3,541.48,0.0,0
1775252341.215629,5,699.11,6.2,0
1775252341.2801907,7,636.15,0.0,0
1775252341.2801907,9,638.18,0.0,0
1775252341.2801907,8,639.68,50.0,0
1775252341.2801907,10,640.82,14.3,0
1775252341.2812045,11,695.92,3.8,0
1775252341.2812045,13,697.57,0.0,0
1775252341.2812045,12,698.81,0.0,0
1775252341.2146223,1,769.11,27.3,0
1775252341.9105413,16,839.55,18.4,0
1775252341.9105413,15,841.94,0.0,0
1775252341.9105413,14,842.95,0.0,0
1775252341.9115508,18,843.43,0.0,0
1775252341.9115508,19,844.01,0.0,0
1775252341.9125571,20,844.35,0.0,0
1775252341.9125571,21,845.71,0.0,0
1775252341.9115508,17,847.94,0.0,0
1775252341.9735982,24,785.89,0.0,0
1775252341.9735982,22,787.95,0.0,0
1775252341.9735982,23,787.95,0.0,0
1775252341.9746053,25,843.61,10.8,0
1775252341.9746053,26,846.62,0.0,0
1775252341.9751122,28,847.13,0.0,0
1775252341.9751122,27,848.12,0.0,0
1775252341.9751122,29,902.93,0.0,0
1775252341.9820678,30,899.26,0.0,0
1775252342.815539,4,428.20,3.3,0
1775252342.815539,6,429.78,0.0,0
1775252342.8145287,3,431.81,0.0,0
1775252342.815539,5,431.80,50.0,0
1775252342.8145287,2,540.90,4.4,0
1775252342.815539,7,541.41,75.0,0
1775252342.815539,8,543.52,0.0,0
1775252342.8750057,9,693.17,3.2,0
1775252342.8750057,10,694.68,0.0,0
1775252342.876024,11,697.38,0.0,0
1775252342.876024,12,698.38,0.0,0
1775252342.8770545,13,699.12,31.2,0
1775252342.8145287,1,763.04,0.0,0
1775252343.3511167,2,585.66,11.0,0
1775252343.3511167,3,587.67,0.0,0
1775252343.3524535,4,996.61,6.1,0
1775252343.3524535,5,998.64,0.0,0
1775252343.3524535,6,1000.63,0.0,0
1775252343.3524535,7,1001.71,0.0,0
1775252343.3524535,8,1002.71,0.0,0
1775252343.5637455,11,898.19,7.2,0
1775252343.564757,12,899.28,0.0,0
1775252343.5637455,9,901.80,0.0,0
1775252343.5637455,10,903.39,7.7,0
1775252343.564757,14,903.46,0.0,0
1775252343.564757,13,904.97,0.0,0
1775252343.564757,15,906.52,0.0,0
1775252343.5657725,16,907.51,0.0,0
1775252343.5671737,17,908.62,0.0,0
1775252343.3511167,1,1125.67,0.0,0
1775252344.458957,6,431.52,14.2,0
1775252344.458957,4,433.65,0.0,0
1775252344.458957,3,434.70,0.0,0
1775252344.4579191,2,437.39,0.0,0
1775252344.458957,5,437.41,0.0,0
1775252344.4599507,7,542.25,29.8,0
1775252344.4599507,8,545.02,0.0,0
1775252344.4599507,9,546.04,0.0,0
1775252344.4599507,10,701.01,37.7,0
1775252344.4742815,11,690.22,0.0,0
1775252344.4747872,13,695.17,80.0,0
1775252344.4747872,12,697.41,0.0,0
1775252344.4579191,1,716.78,0.0,0
1775252344.9991896,14,437.32,37.7,0
1775252345.0002208,2,437.30,0.0,0
1775252345.0012045,3,437.82,0.0,0
1775252345.0012045,4,542.88,13.7,0
1775252345.0012045,5,544.28,16.7,0
1775252345.0012045,6,600.25,25.9,0
1775252345.0012045,7,602.25,0.0,0
1775252345.0002208,1,607.83,46.2,0
1775252345.541557,8,377.94,27.0,0
1775252345.5420747,9,380.03,0.0,0
1775252345.5420747,11,381.61,0.0,0
1775252345.5420747,10,383.18,0.0,0
1775252345.5973635,12,537.98,33.8,0
1775252345.598933,13,538.06,0.0,0
1775252345.5994427,14,745.89,83.9,0
1775252345.5994427,15,749.19,0.0,0
1775252345.5994427,16,751.91,0.0,0
1775252345.6054554,17,748.25,0.0,0
1775252345.6054554,18,805.10,20.3,0
1775252345.6054554,19,806.45,0.0,0
1775252345.6054554,20,807.57,0.0,0
1775252345.6054554,21,808.95,0.0,0
1775252345.6101274,22,807.16,0.0,0
1775252346.1318326,3,750.61,53.6,0
1775252346.130833,2,752.62,0.0,0
1775252346.1318326,5,753.70,0.0,0
1775252346.1318326,4,755.08,0.0,0
1775252346.1328325,6,755.37,0.0,0
1775252346.1328325,7,756.36,25.0,0
1775252346.1328325,8,757.72,0.0,0
1775252346.1328325,9,759.08,0.0,0
1775252346.1338327,10,1068.35,10.0,0
1775252346.3430467,11,862.23,0.0,0
1775252346.4070377,12,799.55,0.0,0
1775252346.4075446,13,800.05,0.0,0
1775252346.4075446,14,801.68,0.0,0
1775252346.1298184,1,1081.54,0.0,0
1775252346.4075446,15,803.82,0.0,0
1775252346.4159167,16,903.76,17.0,0
1775252346.4159167,17,904.84,0.0,0
1775252347.1983669,2,583.29,30.4,0
1775252347.1983669,4,584.88,0.0,0
1775252347.1983669,3,587.80,0.0,0
1775252347.1983669,5,589.33,0.0,0
1775252347.1993659,6,590.33,0.0,0
1775252347.1993659,7,592.33,0.0,0
1775252347.1993659,9,593.68,0.0,0
1775252347.1993659,8,595.17,50.0,0
1775252347.1993659,10,752.49,29.3,0
1775252347.1993659,11,806.11,24.5,0
1775252347.1993659,12,807.38,0.0,0
1775252347.3155808,13,692.16,0.0,0
1775252347.197358,1,814.20,0.0,0
1775252348.0130637,2,723.17,18.3,0
1775252348.0130637,4,725.17,0.0,0
1775252348.0130637,3,726.17,0.0,0
1775252348.0130637,6,728.17,0.0,0
1775252348.0130637,5,730.71,0.0,0
1775252348.0140805,7,732.11,0.0,0
1775252348.0140805,8,733.62,68.8,0
1775252348.0140805,9,736.87,0.0,0
1775252348.0140805,10,901.03,50.3,0
1775252348.0140805,11,902.69,0.0,0
1775252348.015588,13,904.02,78.6,0
1775252348.015588,14,906.66,0.0,0
1775252348.015588,12,908.66,0.0,0
1775252348.015588,15,911.04,0.0,0
1775252348.015588,16,916.24,0.0,0
1775252348.0165985,17,917.22,0.0,0
1775252348.0115542,1,924.71,50.0,0
1775252348.9090402,18,596.98,27.7,0
1775252348.9100523,21,598.50,0.0,0
1775252348.9100523,22,600.01,0.0,0
1775252348.9100523,20,601.02,0.0,0
1775252348.9100523,19,602.81,0.0,0
1775252348.9100523,23,603.92,35.7,0
1775252348.911057,24,604.60,0.0,0
1775252348.911057,25,605.93,0.0,0
1775252348.9120536,27,660.50,12.2,0
1775252348.911057,26,663.51,0.0,0
1775252348.9120536,28,664.02,66.7,0
1775252348.9120536,29,717.81,10.5,0
1775252348.9296339,30,703.75,0.0,0
1775252349.569449,3,732.44,22.7,0
1775252349.569449,2,735.16,0.0,0
1775252349.569449,5,736.85,0.0,0
1775252349.569449,4,737.95,0.0,0
1775252349.569449,7,739.97,0.0,0
1775252349.569449,6,742.00,40.0,0
1775252349.5704594,9,742.51,0.0,0
1775252349.5704594,8,744.22,0.0,0
1775252349.5709684,10,745.81,0.0,0
1775252349.5709684,12,748.94,0.0,0
1775252349.5709684,11,751.10,0.0,0
1775252349.5709684,13,960.54,31.4,0
1775252349.5709684,14,961.58,0.0,0
1775252349.6278594,15,908.53,0.0,0
1775252349.6278594,16,909.77,0.0,0
1775252349.628868,17,910.13,0.0,0
1775252349.5689285,1,971.36,0.0,0
1775252350.5279183,3,375.32,14.3,0
1775252350.5268958,2,377.66,33.3,0
1775252350.5279183,4,377.63,0.0,0
1775252350.5279183,5,378.64,0.0,0
1775252350.5279183,6,379.71,0.0,0
1775252350.5289574,7,483.79,9.0,0
1775252350.5289574,8,485.30,30.0,0
1775252350.5289574,9,538.97,7.8,0
1775252350.5289574,10,540.97,0.0,0
1775252350.5268958,1,546.61,0.0,0
1775252351.0107355,4,425.90,4.3,0
1775252351.0107355,3,427.90,0.0,0
1775252351.0107355,2,428.90,0.0,0
1775252351.0669224,6,734.27,4.3,0
1775252351.0664158,5,736.45,0.0,0
1775252351.0714972,7,732.97,0.0,0
1775252351.0714972,8,733.99,0.0,0
1775252351.0714972,10,789.65,1.6,0
1775252351.0714972,9,791.79,0.0,0
1775252351.0725045,12,791.39,0.0,0
1775252351.0725045,13,793.85,0.0,0
1775252351.0714972,11,795.40,0.0,0
1775252351.0725045,15,795.40,0.0,0
1775252351.0725045,14,796.40,0.0,0
1775252351.0107355,1,963.99,0.0,0
1775252351.075014,16,902.87,0.0,0
1775252351.0763113,17,903.57,0.0,0
1775252351.7989645,23,745.85,16.2,0
1775252351.7978919,21,747.93,0.0,0
1775252351.7973015,18,750.02,0.0,0
1775252351.7978919,19,750.95,0.0,0
1775252351.7984393,20,751.41,0.0,0
1775252351.7984393,22,753.00,0.0,0
1775252351.858337,24,751.36,21.5,0
1775252351.858919,27,754.29,0.0,0
1775252351.858337,25,757.26,0.0,0
1775252351.8594759,28,757.70,0.0,0
1775252351.858919,26,759.44,0.0,0
1775252351.8594759,29,815.62,42.2,0
1775252351.972018,30,759.16,64.0,0
1775252351.9826522,31,755.11,81.2,0
1775252352.603691,2,886.48,27.3,0
1775252352.6046987,3,887.20,0.0,0
1775252352.6046987,4,889.69,0.0,0
1775252352.6046987,5,891.69,0.0,0
1775252352.6046987,6,894.21,40.0,0
1775252352.6046987,7,900.38,0.0,0
1775252352.6046987,8,902.39,0.0,0
1775252352.6066995,9,903.00,0.0,0
1775252352.6720717,10,838.90,0.0,0
1775252352.672579,11,840.35,83.3,0
1775252352.672579,12,843.10,0.0,0
1775252352.672579,13,844.74,0.0,0
1775252352.672579,14,847.67,0.0,0
1775252352.6735885,15,849.32,0.0,0
1775252352.6735885,16,956.50,25.7,0
1775252352.603691,1,1028.41,0.0,0
1775252353.6260104,2,267.10,21.6,0
1775252353.6270182,4,267.09,0.0,0
1775252353.6260104,3,423.28,4.3,0
1775252353.6270182,5,424.35,0.0,0
1775252353.6270182,6,425.75,0.0,0
1775252353.6270182,7,582.34,2.5,0
1775252353.6270182,8,583.35,0.0,0
1775252353.628017,9,583.36,0.0,0
1775252353.6340988,10,581.49,0.0,0
1775252353.6340988,11,583.13,21.4,0
1775252353.6260104,1,592.22,0.0,0
1775252354.0492897,4,784.94,3.8,0
1775252354.0482771,3,788.62,0.0,0
1775252354.0482771,2,789.63,0.0,0
1775252354.206288,5,633.62,0.0,0
1775252354.206288,7,634.62,0.0,0
1775252354.206288,6,892.92,9.6,0
1775252354.206288,9,895.60,0.0,0
1775252354.2073028,8,897.18,0.0,0
1775252354.2073028,10,898.22,0.0,0
1775252354.2130136,11,893.84,33.3,0
1775252354.2130136,12,895.85,9.1,0
1775252354.2130136,13,896.85,0.0,0
1775252354.2130136,14,1002.42,2.1,0
1775252354.2140768,15,1003.83,45.5,0
1775252354.2140768,16,1004.83,0.0,0
1775252354.2140768,17,1005.83,0.0,0
1775252354.0482771,1,1172.68,0.0,0
1775252354.2197366,18,1003.28,0.0,0
1775252354.2197366,19,1005.80,0.0,0
1775252355.098194,4,539.17,30.6,0
1775252355.0971866,2,542.49,52.9,0
1775252355.098194,5,543.25,0.0,0
1775252355.0971866,3,545.32,0.0,0
1775252355.213113,6,532.83,28.9,0
1775252355.213113,7,535.89,26.7,0
1775252355.213113,9,536.91,0.0,0
1775252355.213113,8,538.95,0.0,0
1775252355.214436,10,642.38,13.4,0
1775252355.214436,11,644.38,33.3,0
1775252355.0971866,1,762.63,0.0,0
1775252355.22713,12,634.69,0.0,0
1775252355.9065926,13,315.27,8.4,0
1775252355.9075925,15,316.48,0.0,0
1775252355.9075925,14,319.14,0.0,0
1775252355.908593,16,319.76,0.0,0
1775252355.908593,17,322.44,0.0,0
1775252355.908593,18,531.49,23.8,0
1775252355.9095943,19,687.62,1.9,0
1775252355.9095943,20,689.69,0.0,0
1775252355.910594,21,690.92,0.0,0
1775252355.910594,22,691.92,0.0,0
1775252355.910594,23,950.02,5.1,0
1775252355.910594,24,952.38,0.0,0
1775252355.9115956,25,952.46,0.0,0
1775252355.9115956,26,956.50,0.0,0
1775252355.9115956,27,958.01,0.0,0
1775252355.9115956,28,959.02,0.0,0
1775252355.9131024,30,958.58,0.0,0
1775252355.9131024,29,959.59,11.1,0
1775252356.436928,2,747.17,2.3,0
1775252356.4379692,4,748.38,22.2,0
1775252356.436928,3,750.42,0.0,0
1775252356.5945926,6,594.07,0.0,0
1775252356.5945926,5,595.52,0.0,0
1775252356.5957055,7,751.80,11.7,0
1775252356.8581176,9,646.37,4.6,0
1775252356.8581176,8,647.37,0.0,0
1775252356.436928,1,1070.56,0.0,0
1775252356.8581176,12,857.52,1.4,0
1775252356.8581176,10,860.22,14.3,0
1775252356.8581176,11,861.73,0.0,0
1775252356.8743777,16,848.59,0.0,0
1775252356.8743777,15,850.10,0.0,0
1775252356.8743777,14,852.54,0.0,0
1775252356.8743777,13,853.56,0.0,0
1775252357.3449898,3,641.68,7.7,0
1775252357.3449898,2,643.70,0.0,0
1775252357.3449898,4,645.71,0.0,0
1775252357.346,6,800.29,13.7,0
1775252357.346,5,802.34,0.0,0
1775252357.7124543,7,692.13,31.5,0
1775252357.7130399,9,692.54,0.0,0
1775252357.7130399,8,694.54,0.0,0
1775252357.7135975,10,899.05,11.7,0
1775252357.7135975,12,901.15,0.0,0
1775252357.7135975,11,902.22,0.0,0
1775252357.3449898,1,1273.18,0.0,0
1775252357.7146378,13,905.04,0.0,0
1775252357.7219806,14,902.34,35.7,0
1775252357.7219806,15,903.41,0.0,0
1775252357.7285419,17,898.06,0.0,0
1775252357.7285419,16,899.27,0.0,0
1775252358.145049,3,641.87,1.2,0
1775252358.145049,4,643.96,0.0,0
1775252358.144527,2,645.74,0.0,0
1775252358.144527,1,1211.08,3.3,0
1775252358.6292596,5,727.34,100.0,0
1775252358.6297681,6,728.83,0.0,0
1775252358.6297681,7,730.41,0.0,0
1775252358.6297681,8,787.03,0.0,0
1775252358.6297681,9,789.05,0.0,0
1775252358.6297681,10,790.56,14.3,0
1775252358.6308272,11,792.19,0.0,0
1775252358.6308272,12,793.42,0.0,0
1775252358.6308272,13,795.82,0.0,0
1775252358.6313746,14,796.36,0.0,0
1775252358.6324341,15,799.34,0.0,0
1775252358.7922866,16,695.74,7.8,0
1775252359.3535967,2,645.68,10.3,0
1775252359.4129646,3,588.33,0.0,0
1775252359.414099,5,588.19,0.0,0
1775252359.4129646,4,590.83,0.0,0
1775252359.414099,9,797.43,13.6,0
1775252359.414099,8,800.06,0.0,0
1775252359.414099,6,801.57,0.0,0
1775252359.4156241,10,801.70,10.0,0
1775252359.414099,7,804.34,0.0,0
1775252359.429171,11,791.36,0.0,0
1775252359.4296765,12,948.66,15.4,0
1775252359.4296765,13,950.27,0.0,0
1775252359.4296765,14,951.34,0.0,0
1775252359.4296765,15,952.44,0.0,0
1775252359.4296765,16,955.05,0.0,0
1775252359.4296765,17,956.63,0.0,0
1775252359.3535967,1,1034.34,0.0,0
1775252360.2091246,2,538.65,21.5,0
1775252360.2101314,4,540.23,0.0,0
1775252360.2101314,3,541.24,0.0,0
1775252360.3751616,6,581.32,25.4,0
1775252360.3751616,5,582.44,0.0,0
1775252360.3761683,8,582.77,0.0,0
1775252360.3751616,7,585.07,0.0,0
1775252360.3761683,9,636.93,37.7,0
1775252360.3761683,11,639.01,10.0,0
1775252360.3761683,10,639.01,0.0,0
1775252360.3761683,12,640.73,0.0,0
1775252360.3771682,13,797.04,15.1,0
1775252360.2091246,1,970.59,0.0,0
1775252360.3895237,15,791.77,0.0,0
1775252360.3889923,14,794.30,0.0,0
1775252361.177721,6,470.06,4.2,0
1775252361.177721,5,472.38,0.0,0
1775252361.1767156,4,474.55,0.0,0
1775252361.1767156,2,476.55,0.0,0
1775252361.1767156,3,477.60,10.0,0
1775252361.177721,7,478.08,0.0,0
1775252361.177721,8,479.57,0.0,0
1775252361.177721,9,484.22,0.0,0
1775252361.1787176,11,794.90,7.8,0
1775252361.1787176,13,899.88,9.4,0
1775252361.1787176,12,900.88,0.0,0
1775252361.1787176,10,902.99,0.0,0
1775252361.1787176,14,903.99,0.0,0
1775252361.1797159,15,904.15,0.0,0
1775252361.1843622,16,901.02,0.0,0
1775252361.1848724,17,903.62,0.0,0
1775252361.1757157,1,915.01,0.0,0
1775252361.9689295,19,685.91,13.3,0
1775252361.9689295,18,686.91,14.3,0
1775252361.969936,21,687.89,0.0,0
1775252361.969936,20,687.89,0.0,0
1775252361.9704444,22,689.95,0.0,0
1775252361.9704444,23,689.95,0.0,0
1775252361.9710262,24,747.73,9.4,0
1775252361.9710262,25,749.76,0.0,0
1775252361.9710262,26,751.35,0.0,0
1775252361.9710262,28,752.34,0.0,0
1775252361.9710262,27,753.34,0.0,0
1775252361.9710262,29,757.84,0.0,0
1775252362.0863836,1,699.83,6.2,0
1775252362.7132444,2,583.79,15.3,0
1775252362.7142575,3,584.79,0.0,0
1775252362.7142575,4,586.35,0.0,0
1775252362.715292,5,586.33,0.0,0
1775252362.715292,6,588.37,0.0,0
1775252362.715292,7,896.68,19.5,0
1775252362.715292,8,899.21,0.0,0
1775252362.7165823,9,898.92,0.0,0
1775252362.7268658,11,890.14,0.0,0
1775252362.7268658,10,891.14,0.0,0
1775252362.7268658,12,895.29,0.0,0
1775252362.7278605,13,895.80,16.7,0
1775252362.7278605,14,897.38,0.0,0
1775252362.7278605,15,898.42,0.0,0
1775252362.7278605,16,899.81,0.0,0
1775252362.7278605,17,900.81,0.0,0
1775252362.7850945,18,899.09,2.0,0
1775252363.6104608,4,280.23,5.0,0
1775252363.6104608,5,281.36,0.0,0
1775252363.6104608,3,488.55,4.8,0
1775252363.609444,2,491.62,0.0,0
1775252363.6296709,8,679.45,1.4,0
1775252363.6296709,7,681.45,12.5,0
1775252363.6296709,9,683.23,0.0,0
1775252363.6296709,6,684.86,0.0,0
1775252363.6296709,10,690.39,0.0,0
1775252363.6296709,12,691.47,0.0,0
1775252363.6296709,11,693.47,0.0,0
1775252363.609444,1,714.70,0.0,0
1775252364.3061109,2,789.67,8.7,0
1775252364.3061109,3,792.22,0.0,0
1775252364.3061109,4,793.73,0.0,0
1775252364.3071194,5,794.24,0.0,0
1775252364.3071194,6,795.78,0.0,0
1775252364.3071194,7,796.80,0.0,0
1775252364.3165545,8,998.77,5.8,0
1775252364.3165545,9,1000.06,0.0,0
1775252364.317557,11,1000.56,0.0,0
1775252364.317557,12,1002.09,0.0,0
1775252364.3165545,10,1004.61,0.0,0
1775252364.317557,13,1004.90,0.0,0
1775252364.317557,14,1006.64,0.0,0
1775252364.3185554,15,1007.10,0.0,0
1775252364.3185554,16,1008.28,37.5,0
1775252364.0962698,1,1234.10,0.0,0
1775252364.3256588,17,1006.72,0.0,0
1775252364.3256588,18,1006.72,0.0,0
1775252364.3256588,19,1008.23,0.0,0
1775252364.3308837,20,1112.78,8.3,0
1775252364.6369572,21,1164.99,25.7,0
1775252365.3112838,2,597.20,17.3,0
1775252365.3112838,3,598.21,0.0,0
1775252365.3112838,4,599.21,0.0,0
1775252365.3112838,5,601.23,0.0,0
1775252365.3112838,7,601.73,0.0,0
1775252365.3127968,8,601.24,0.0,0
1775252365.3112838,6,604.84,0.0,0
1775252365.3278365,9,746.32,27.3,0
1775252365.3288658,10,746.41,66.7,0
1775252365.3288658,12,902.04,15.9,0
1775252365.3288658,11,904.21,100.0,0
1775252365.3288658,13,906.39,0.0,0
1775252365.335401,14,957.22,34.7,0
1775252365.1061904,1,1188.60,71.4,0
1775252365.3375418,15,958.87,0.0,0
1775252365.390578,16,963.91,20.0,0
1775252365.4451802,17,964.64,10.9,0
1775252365.804033,18,767.16,6.8,0
1775252365.918129,19,709.36,0.0,0
1775252366.0726366,2,557.36,0.0,0
1775252366.0726366,3,558.42,0.0,0
1775252366.0772805,4,662.15,2.7,0
1775252366.2379944,5,1368.83,4.1,0
1775252366.0716197,1,1537.78,7.7,0
1775252366.2980108,6,1469.33,3.1,0
1775252366.3491738,7,1419.16,0.0,0
1775252366.349712,8,1421.50,0.0,0
1775252366.349712,10,1422.02,0.0,0
1775252366.349712,9,1423.55,0.0,0
1775252366.3511486,11,1424.22,0.0,0
1775252366.3511486,12,1425.22,0.0,0
1775252366.3511486,13,1426.66,0.0,0
1775252366.3511486,14,1428.67,33.3,0
1775252366.3511486,15,1430.19,0.0,0
1775252366.3511486,16,1431.20,0.0,0
1775252366.3521018,18,1432.40,0.0,0
1775252366.3521018,17,1432.90,0.0,0
1775252366.3530967,19,1432.92,0.0,0
1775252366.3530967,20,1433.94,0.0,0
1775252366.3530967,21,1434.94,0.0,0
1775252366.3530967,22,1435.94,0.0,0
1775252366.3565893,23,1640.91,12.5,0
1775252366.407317,24,1592.36,0.0,0
1775252366.4083204,25,1592.36,0.0,0
1775252366.4113758,26,1746.62,12.5,0
1775252366.5653183,27,1593.87,0.0,0
1775252366.5663319,29,1593.85,0.0,0
1775252366.5663319,28,1595.93,0.0,0
1775252366.5732114,30,1950.05,36.0,0
1775252366.6244824,31,1900.85,0.0,0
1775252366.6244824,32,1901.95,0.0,0
1775252366.7361848,35,1947.08,20.2,0
1775252366.734993,34,1950.46,36.4,0
1775252366.6325388,33,2054.47,0.0,0
1775252366.7361848,38,1952.03,0.0,0
1775252366.7361848,36,1953.13,0.0,0
1775252366.7361848,37,1954.39,0.0,0
1775252366.7361848,39,1955.54,0.0,0
1775252366.7419283,40,2058.87,7.9,0
1775252367.6048024,2,1198.08,0.0,0
1775252367.6048024,3,1200.09,0.0,0
1775252367.610527,4,1610.03,5.1,0
1775252367.765767,5,1456.46,0.0,0
1775252367.7910333,6,1436.60,0.0,0
1775252367.9939737,7,1235.26,0.0,0
1775252367.9949825,9,1235.85,0.0,0
1775252367.9949825,10,1236.98,50.0,0
1775252367.9949825,11,1238.58,0.0,0
1775252367.9949825,12,1239.63,0.0,0
1775252367.9939737,8,1241.70,0.0,0
1775252367.6048024,1,1631.40,0.0,0
1775252368.162771,2,1286.91,23.0,0
1775252368.5195072,3,931.19,57.1,0
1775252368.5195072,4,933.19,11.1,0
1775252368.5280266,5,933.87,0.0,0
1775252368.0026772,1,1670.36,4.9,0
1775252368.680223,6,994.33,0.0,0
1775252368.6931643,7,982.74,0.0,0
1775252368.805894,8,871.95,0.0,0
1775252369.2377832,20,2222.43,10.8,0
1775252369.2244341,19,2238.00,0.0,0
1775252369.2173102,11,2246.69,0.0,0
1775252369.2173102,12,2248.28,0.0,0
1775252369.2178528,13,2248.81,42.9,0
1775252369.2178528,14,2250.39,0.0,0
1775252369.21677,10,2253.50,0.0,0
1775252369.2238202,18,2248.13,0.0,0
1775252369.2178528,15,2255.72,0.0,0
1775252369.2178528,16,2257.33,0.0,0
1775252369.2183943,17,2257.86,0.0,0
1775252369.2150774,4,2264.57,0.0,0
1775252369.2156224,5,2266.55,75.0,0
1775252369.2150774,3,2268.47,0.0,0
1775252369.2145057,2,2271.58,0.0,0
1775252369.2162054,7,2271.09,0.0,0
1775252369.2156224,6,2273.00,0.0,0
1775252369.2162054,8,2273.42,0.0,0
1775252369.21677,9,2274.86,0.0,0
1775252369.3900058,21,2102.85,0.0,0
1775252369.3900058,22,2103.45,0.0,0
1775252369.3900058,23,2105.57,0.0,0
1775252369.3913627,24,2105.74,0.0,0
1775252369.3913627,25,2107.51,40.0,0
1775252369.392608,27,2107.27,0.0,0
1775252369.3913627,26,2109.85,0.0,0
1775252369.392608,28,2110.65,0.0,0
1775252369.392608,29,2112.15,0.0,0
1775252369.392608,30,2113.15,0.0,0
1775252369.392608,31,2114.62,0.0,0
1775252369.3936243,32,2114.68,0.0,0
1775252369.3936243,33,2116.51,0.0,0
1775252369.3936243,34,2117.52,0.0,0
1775252369.3936243,35,2119.52,0.0,0
1775252369.3964324,36,2279.57,19.6,0
1775252369.2134385,1,2516.33,10.6,0
1775252369.4537268,37,2278.04,0.0,0
1775252369.4569824,38,2275.29,30.0,0
1775252369.4628952,39,2325.62,7.3,0
1775252369.6697252,40,2427.62,8.1,0
1775252369.6783679,41,2481.98,53.8,0
1775252371.404736,2,757.97,0.0,0
1775252371.404736,4,761.02,0.0,0
1775252371.404736,3,763.78,0.0,0
1775252371.404736,6,766.48,75.0,0
1775252371.404736,5,768.04,0.0,0
1775252371.4077945,7,1436.85,2.5,0
1775252371.5146542,8,1388.26,0.0,0
1775252371.6667771,9,1237.29,37.5,0
1775252371.6667771,10,1239.13,0.0,0
1775252371.6682932,12,1239.27,0.0,0
1775252371.6667771,11,1241.81,0.0,0
1775252371.6682932,13,1241.64,0.0,0
1775252371.6682932,14,1243.02,0.0,0
1775252371.6682932,15,1244.53,0.0,0
1775252371.6682932,16,1245.97,0.0,0
1775252371.6682932,17,1246.95,0.0,0
1775252371.6698122,18,1247.04,0.0,0
1775252371.6698122,19,1247.04,0.0,0
1775252371.4037228,1,1515.56,0.0,0
1775252371.677008,20,1355.58,10.2,0
1775252371.734274,21,1353.59,8.2,0
1775252371.785513,22,1303.37,0.0,0
1775252371.7910728,23,1355.11,3.1,0
1775252372.0993583,2,2628.80,35.4,0
1775252372.1753938,3,2966.17,7.3,0
1775252372.8359826,4,2306.87,0.0,0
1775252372.836997,5,2307.23,0.0,0
1775252372.836997,7,2309.39,0.0,0
1775252372.836997,6,2310.39,0.0,0
1775252372.836997,9,2312.01,0.0,0
1775252372.836997,8,2313.59,0.0,0
1775252372.836997,10,2314.83,0.0,0
1775252372.8383043,11,2315.00,0.0,0
1775252372.8383043,12,2315.00,71.4,0
1775252372.8383043,13,2316.51,0.0,0
1775252372.8383043,14,2317.96,0.0,0
1775252372.8383043,15,2319.46,0.0,0
1775252372.8383043,16,2320.60,0.0,0
1775252372.8383043,17,2321.65,0.0,0
1775252372.8383043,18,2322.94,0.0,0
1775252372.839681,19,2323.07,0.0,0
1775252372.839681,20,2324.25,0.0,0
1775252372.839681,21,2324.25,0.0,0
1775252372.839681,22,2327.22,0.0,0
1775252372.839681,23,2328.23,0.0,0
1775252372.839681,24,2329.35,0.0,0
1775252372.839681,25,2330.91,25.0,0
1775252372.8408723,27,2330.27,0.0,0
1775252372.839681,26,2332.90,0.0,0
1775252372.8408723,28,2332.88,0.0,0
1775252372.8408723,30,2333.38,0.0,0
1775252372.8408723,29,2334.39,0.0,0
1775252372.8408723,31,2335.39,0.0,0
1775252372.8408723,32,2336.39,0.0,0
1775252372.841914,33,2336.35,0.0,0
1775252372.8989062,35,2545.22,9.9,0
1775252372.8989062,38,2547.73,0.0,0
1775252372.0953395,1,3352.81,0.0,0
1775252372.8473587,34,2601.79,0.0,0
1775252372.8999162,39,2550.45,0.0,0
1775252372.8989062,36,2552.46,18.8,0
1775252372.8989062,37,2553.46,0.0,0
1775252372.8999162,40,2553.46,0.0,0
1775252372.920346,41,2589.39,0.0,0
1775252373.0221143,2,2489.62,0.0,0
1775252373.0231297,3,2490.11,33.3,0
1775252373.024217,4,2490.38,7.7,0
1775252373.024217,5,2492.98,0.0,0
1775252373.0348883,6,2539.63,6.1,0
1775252373.0908813,7,2652.14,4.0,0
1775252373.0221143,1,2780.04,0.0,0
1775252373.147691,8,2656.47,0.0,0
1775252374.72615,2,1080.25,0.0,0
1775252374.7312624,3,1999.20,39.5,0
1775252375.1797678,2,1658.88,9.8,0
1775252375.4350364,3,1405.62,0.0,0
1775252375.4350364,5,1406.62,58.3,0
1775252375.4350364,4,1407.62,0.0,0
1775252375.4361367,7,1407.84,0.0,0
1775252375.4361367,6,1408.85,0.0,0
1775252375.4361367,9,1408.85,0.0,0
1775252375.4361367,8,1410.93,0.0,0
1775252375.4371352,11,1410.46,0.0,0
1775252375.4361367,10,1412.98,0.0,0
1775252375.4371352,12,1413.47,0.0,0
1775252375.4371352,14,1414.48,0.0,0
1775252375.4371352,13,1415.48,0.0,0
1775252375.438132,16,1415.99,0.0,0
1775252375.4371352,15,1417.99,0.0,0
1775252375.438132,18,1417.99,0.0,0
1775252375.438132,17,1418.99,20.0,0
1775252374.72615,1,2131.98,0.0,0
1775252375.45462,19,1517.29,12.0,0
1775252375.505581,20,1467.34,0.0,0
1775252375.5181916,21,1511.78,10.2,0
1775252375.1375504,1,1893.90,0.0,0
1775252375.5875914,22,1603.97,8.0,0
1775252375.7460403,23,2367.16,3.8,0
1775252375.7975214,24,2317.71,0.0,0
1775252375.7975214,25,2319.23,0.0,0
1775252376.724889,3,1603.58,4.5,0
1775252376.724889,2,1605.08,0.0,0
1775252376.7258961,4,1605.08,0.0,0
1775252376.7258961,5,1606.08,0.0,0
1775252376.7258961,6,1608.08,0.0,0
1775252376.7258961,7,1609.19,0.0,0
1775252376.7258961,8,1611.81,0.0,0
1775252376.7269547,9,1611.80,0.0,0
1775252376.7269547,10,1612.94,0.0,0
1775252376.7269547,12,1614.15,0.0,0
1775252376.7269547,11,1615.19,28.6,0
1775252376.7269547,13,1617.19,0.0,0
1775252376.7279594,14,1617.18,0.0,0
1775252376.7279594,15,1618.68,0.0,0
1775252376.7279594,16,1619.20,0.0,0
1775252376.7279594,17,1620.95,0.0,0
1775252376.7279594,18,1623.79,0.0,0
1775252376.7279594,19,1624.79,0.0,0
1775252376.7324688,20,2845.91,14.8,0
1775252376.8350964,21,2745.32,0.0,0
1775252376.8350964,23,2747.42,0.0,0
1775252376.8350964,22,2748.47,0.0,0
1775252376.860134,24,2780.44,11.5,0
1775252376.962192,29,2680.74,0.0,0
1775252376.962192,28,2681.76,0.0,0
1775252376.9611816,25,2684.12,0.0,0
1775252376.9611816,27,2686.23,0.0,0
1775252376.9611816,26,2687.75,0.0,0
1775252376.9631946,31,2687.33,0.0,0
1775252376.962192,30,2689.08,0.0,0
1775252376.9631946,32,2689.49,0.0,0
1775252376.9631946,34,2690.68,50.0,0
1775252376.9631946,33,2691.69,0.0,0
1775252376.9631946,35,2692.69,0.0,0
1775252376.9631946,36,2693.80,0.0,0
1775252376.9645956,39,2693.40,0.0,0
1775252376.9645956,40,2694.40,0.0,0
1775252376.9631946,37,2696.80,0.0,0
1775252376.9645956,42,2696.40,0.0,0
1775252376.965597,43,2696.39,0.0,0
1775252376.9645956,41,2698.40,0.0,0
1775252376.9645956,38,2699.87,0.0,0
1775252376.965597,44,2699.60,0.0,0
1775252376.965597,45,2700.93,0.0,0
1775252376.965597,46,2702.15,0.0,0
1775252376.72438,1,2944.37,0.0,0
1775252376.975425,47,2804.73,11.8,0
1775252377.18503,2,2600.64,0.0,0
1775252377.1890492,3,2597.63,0.0,0
1775252378.118343,2,2949.71,9.4,0
1775252378.3227477,6,2747.40,0.0,0
1775252378.32221,5,2749.02,0.0,0
1775252378.32221,4,2750.03,0.0,0
1775252378.32221,3,2751.35,0.0,0
1775252378.3232913,8,2751.28,0.0,0
1775252378.3232913,7,2752.29,50.0,0
1775252378.3232913,9,2753.29,0.0,0
1775252377.18503,1,3892.55,0.0,0
1775252378.3539221,10,2789.73,9.1,0
1775252379.5717282,6,1573.51,0.0,0
1775252379.5717282,4,1575.44,0.0,0
1775252379.5717282,7,1577.51,0.0,0
1775252379.5717282,5,1577.51,0.0,0
1775252379.5712214,2,1580.81,0.0,0
1775252379.5712214,3,1581.93,0.0,0
1775252379.5727465,8,1581.88,41.7,0
1775252379.5727465,9,1583.09,0.0,0
1775252379.5727465,11,1583.09,0.0,0
1775252379.5727465,10,1584.30,0.0,0
1775252379.5727465,12,1585.30,0.0,0
1775252379.5727465,13,1586.81,0.0,0
1775252379.5742605,14,1586.77,0.0,0
1775252379.5742605,15,1587.99,0.0,0
1775252378.1096961,1,3053.06,0.0,0
1775252379.585073,16,1837.55,18.1,0
1775252379.6698143,17,1815.01,25.4,0
1775252379.7714124,18,1715.07,0.0,0
1775252379.7714124,19,1716.36,0.0,0
1775252379.772428,20,1716.84,0.0,0
1775252379.5707684,1,1918.50,0.0,0
1775252379.783162,21,1914.47,26.9,0
1775252379.7876747,22,1965.64,5.5,0
1775252380.2460206,4,1509.48,0.0,0
1775252380.2460206,3,1511.05,0.0,0
1775252380.2460206,2,1513.06,0.0,0
1775252380.249876,5,3442.03,12.1,0
1775252381.0800798,2,2873.93,23.8,0
1775252381.1304767,3,2824.70,0.0,0
1775252381.1304767,4,2826.17,0.0,0
1775252381.131494,5,2826.59,0.0,0
1775252381.131494,6,2827.59,0.0,0
1775252381.131494,7,2829.17,0.0,0
1775252381.131494,8,2830.42,0.0,0
1775252381.131494,9,2831.42,0.0,0
1775252381.1325014,10,2831.65,0.0,0
1775252381.1325014,11,2833.16,0.0,0
1775252381.1335065,12,2832.15,100.0,0
1775252381.1335065,13,2833.27,38.5,0
1775252381.1335065,14,2834.50,0.0,0
1775252381.1335065,15,2837.04,0.0,0
1775252381.1335065,16,2837.55,0.0,0
1775252381.1335065,17,2838.80,0.0,0
1775252381.1335065,18,2840.91,0.0,0
1775252381.1335065,19,2841.97,0.0,0
1775252381.1350174,20,2841.00,0.0,0
1775252381.1350174,21,2842.05,0.0,0
1775252381.1350174,22,2843.05,0.0,0
1775252381.1350174,23,2844.56,0.0,0
1775252381.1350174,24,2845.83,0.0,0
1775252381.1350174,26,2847.99,23.1,0
1775252381.1350174,25,2850.23,0.0,0
1775252381.136486,27,2850.12,0.0,0
1775252381.136486,28,2851.31,0.0,0
1775252381.138484,29,2850.74,0.0,0
1775252381.1395056,30,2851.75,0.0,0
1775252381.1395056,31,2852.77,0.0,0
1775252381.1395056,32,2853.80,0.0,0
1775252381.1395056,33,2855.04,0.0,0
1775252381.1395056,34,2856.20,0.0,0
1775252381.1406507,36,2856.43,0.0,0
1775252381.1395056,35,2858.84,38.5,0
1775252381.1406507,37,2859.21,0.0,0
1775252381.1406507,38,2860.21,0.0,0
1775252380.2450204,1,3757.35,0.0,0
1775252381.4176018,39,2599.52,26.7,0
1775252381.4186091,41,2599.52,0.0,0
1775252381.4176018,40,2601.88,0.0,0
1775252381.4186091,42,2602.92,0.0,0
1775252381.0615048,1,2960.02,0.0,0
1775252381.481444,43,2705.18,21.9,0
1775252381.491335,44,2696.30,0.0,0
1775252381.7001474,45,2492.56,0.0,0
1775252383.6944368,2,1875.32,2.6,0
1775252384.0045862,3,1626.42,6.2,0
1775252384.0045862,5,1628.69,0.0,0
1775252384.0035453,2,1630.76,0.0,0
1775252384.0045862,4,1630.73,0.0,0
1775252384.0061822,6,1630.62,0.0,0
1775252384.0061822,7,1632.09,75.0,0
1775252384.0061822,8,1633.81,9.1,0
1775252384.0061822,9,1634.32,0.0,0
1775252384.0061822,10,1635.33,0.0,0
1775252384.007198,11,1635.78,0.0,0
1775252384.007198,12,1636.33,0.0,0
1775252384.007198,14,1638.36,0.0,0
1775252384.007198,13,1638.36,0.0,0
1775252384.007198,15,1639.86,0.0,0
1775252384.007198,16,1640.45,0.0,0
1775252384.007198,17,1641.96,0.0,0
1775252384.008697,18,1641.46,0.0,0
1775252384.008697,19,1642.46,0.0,0
1775252384.008697,20,1643.47,0.0,0
1775252384.008697,21,1644.47,0.0,0
1775252384.008697,22,1645.46,85.7,0
1775252384.0098681,23,1645.45,0.0,0
1775252384.0098681,24,1646.46,0.0,0
1775252384.0098681,25,1647.46,0.0,0
1775252384.0098681,26,1648.46,0.0,0
1775252383.690918,1,1967.97,0.0,0
1775252384.0227542,27,1753.58,8.0,0
1775252384.129936,28,1649.91,41.7,0
1775252384.0035453,1,1778.30,0.0,0
1775252384.1910136,29,1754.49,6.2,0
1775252384.1949973,30,1752.04,0.0,0
1775252384.2480838,31,1705.36,12.5,0
1775252385.7641413,4,2634.93,13.1,0
1775252385.659907,2,2740.69,0.0,0
1775252385.7641413,3,2638.51,0.0,0
1775252385.7651412,6,2638.76,77.8,0
1775252385.7641413,5,2641.94,0.0,0
1775252385.7651412,9,2641.99,0.0,0
1775252385.7651412,7,2643.64,0.0,0
1775252385.7651412,10,2644.65,0.0,0
1775252385.7651412,8,2645.65,0.0,0
1775252385.7661617,11,2645.63,0.0,0
1775252385.7666762,14,2646.12,0.0,0
1775252385.7661617,12,2647.76,0.0,0
1775252385.7666762,13,2647.25,0.0,0
1775252385.7666762,15,2648.75,0.0,0
1775252385.7672513,17,2649.18,0.0,0
1775252385.7672513,18,2651.18,0.0,0
1775252385.7672513,16,2651.18,0.0,0
1775252385.7672513,19,2652.38,28.6,0
1775252385.7672513,20,2653.98,0.0,0
1775252385.7682707,22,2654.15,0.0,0
1775252385.7682707,21,2654.15,0.0,0
1775252385.7682707,23,2656.28,0.0,0
1775252385.7682707,24,2657.42,0.0,0
1775252385.7682707,25,2658.43,0.0,0
1775252385.7682707,26,2659.43,0.0,0
1775252385.7682707,27,2660.43,0.0,0
1775252385.7682707,28,2661.43,0.0,0
1775252385.7682707,29,2661.93,0.0,0
1775252385.7697773,30,2661.43,0.0,0
1775252385.7697773,32,2662.43,0.0,0
1775252385.7703848,33,2663.33,0.0,0
1775252385.7697773,31,2663.93,0.0,0
1775252385.7703848,34,2664.84,10.0,0
1775252385.7703848,35,2665.84,0.0,0
1775252385.7703848,36,2667.84,0.0,0
1775252385.7709553,37,2668.27,0.0,0
1775252385.7709553,40,2668.85,0.0,0
1775252385.7709553,39,2669.87,0.0,0
1775252385.7709553,38,2671.01,0.0,0
1775252385.7709553,41,2672.45,0.0,0
1775252385.7709553,42,2673.65,0.0,0
1775252385.772047,43,2673.80,0.0,0
1775252385.772047,45,2675.31,0.0,0
1775252385.772047,44,2676.86,0.0,0
1775252385.772047,46,2677.37,0.0,0
1775252385.772047,47,2678.83,50.0,0
1775252385.7783391,48,2739.85,5.6,0
1775252385.5714116,1,2948.94,0.0,0
1775252385.7823858,49,2794.26,1.9,0
1775252385.8919334,50,2742.46,0.0,0
1775252385.9518428,51,2839.97,1.2,0
1775252388.2894466,4,711.55,21.8,0
1775252388.2894466,2,712.19,0.0,0
1775252388.2894466,3,713.60,0.0,0
1775252388.3945312,6,1630.97,10.9,0
1775252388.3955395,8,1630.96,0.0,0
1775252388.3955395,7,1631.97,0.0,0
1775252388.3945312,5,1634.24,0.0,0
1775252388.451913,9,1636.88,14.1,0
1775252388.503295,10,1587.50,0.0,0
1775252388.503295,11,1588.50,50.0,0
1775252388.5043118,12,1587.48,0.0,0
1775252388.5043118,13,1589.60,0.0,0
1775252388.5053508,16,1589.56,0.0,0
1775252388.5053508,14,1590.56,0.0,0
1775252388.5053508,15,1592.07,0.0,0
1775252388.5063784,18,1591.61,0.0,0
1775252388.5053508,17,1594.16,0.0,0
1775252388.5063784,19,1594.50,0.0,0
1775252388.5063784,20,1595.50,0.0,0
1775252388.508878,22,1594.00,0.0,0
1775252388.5063784,21,1598.01,0.0,0
1775252388.508878,24,1596.51,0.0,0
1775252388.508878,23,1597.51,0.0,0
1775252388.508878,25,1598.51,16.7,0
1775252388.508878,26,1599.51,0.0,0
1775252388.509891,27,1599.50,0.0,0
1775252388.2894466,1,1821.07,0.0,0
1775252388.521964,28,1703.91,16.1,0
1775252388.5776439,29,1703.57,6.5,0
1775252388.6291897,30,1654.25,0.0,0
1775252388.635391,31,1808.43,4.3,0
1775252388.995798,32,2213.71,10.3,0
1775252388.995798,33,2216.23,0.0,0
1775252388.9973958,34,2215.66,0.0,0
1775252390.0201962,2,1252.81,4.6,0
1775252390.0207293,3,1254.32,0.0,0
1775252390.02131,5,1254.76,0.0,0
1775252390.0207293,4,1256.44,0.0,0
1775252390.02131,6,1256.86,0.0,0
1775252390.0218961,8,1256.27,20.0,0
1775252390.0218961,7,1259.21,0.0,0
1775252390.0218961,10,1260.20,0.0,0
1775252390.0218961,9,1261.21,0.0,0
1775252390.0218961,11,1262.21,0.0,0
1775252390.0229552,12,1262.65,0.0,0
1775252390.0229552,13,1263.66,0.0,0
1775252390.0229552,14,1265.11,0.0,0
1775252390.0229552,15,1266.10,0.0,0
1775252390.0229552,16,1266.10,0.0,0
1775252390.0824685,17,2791.96,15.0,0
1775252390.2147076,19,2766.84,14.0,0
1775252390.2137017,18,2768.85,50.0,0
1775252390.2147076,20,2768.88,0.0,0
1775252390.2147076,21,2769.88,0.0,0
1775252390.2147076,22,2770.38,0.0,0
1775252390.215712,23,2770.84,0.0,0
1775252390.215712,24,2773.20,0.0,0
1775252390.215712,25,2774.20,0.0,0
1775252390.215712,26,2775.20,0.0,0
1775252390.217037,27,2776.11,0.0,0
1775252390.217037,28,2776.11,0.0,0
1775252390.217037,29,2778.48,0.0,0
1775252390.217037,30,2779.48,0.0,0
1775252390.217037,31,2780.49,80.0,0
1775252390.217037,32,2782.11,50.0,0
1775252390.2180321,33,2782.12,0.0,0
1775252390.2180321,34,2783.12,0.0,0
1775252390.2180321,36,2785.33,0.0,0
1775252390.2180321,35,2786.33,0.0,0
1775252390.2180321,37,2787.84,0.0,0
1775252390.2180321,38,2788.84,0.0,0
1775252390.2180321,39,2789.85,0.0,0
1775252390.2180321,41,2791.21,0.0,0
1775252390.2180321,40,2792.53,0.0,0
1775252390.21954,42,2792.02,0.0,0
1775252390.21954,44,2793.56,0.0,0
1775252390.21954,45,2795.11,35.7,0
1775252390.21954,43,2795.68,0.0,0
1775252390.2205558,46,2795.68,0.0,0
1775252390.2210624,47,2797.57,0.0,0
1775252390.0201962,1,2999.44,0.0,0
1775252390.2221518,48,2807.57,46.2,0
1775252390.2268853,49,2804.00,0.0,0
1775252390.4417984,50,3003.83,8.8,0
1775252391.26545,3,3050.42,15.6,0
1775252391.2140625,2,3103.33,0.0,0
1775252391.2664578,6,3051.93,0.0,0
1775252391.2664578,4,3054.11,0.0,0
1775252391.2664578,5,3054.68,0.0,0
1775252391.2664578,7,3057.84,0.0,0
1775252391.2674615,8,3058.44,80.0,0
1775252391.290567,9,3108.39,54.5,0
1775252392.8681295,3,1534.46,100.0,0
1775252392.8681295,2,1538.92,100.0,0
1775252392.8681295,4,1541.28,0.0,0
1775252392.8681295,5,1544.97,0.0,0
1775252392.8696394,6,1545.85,0.0,0
1775252392.8696394,7,1547.89,0.0,0
1775252392.8696394,8,1552.23,87.5,0
1775252392.8706515,9,1553.61,0.0,0
1775252392.8706515,10,1556.36,0.0,0
1775252392.8706515,11,1559.21,0.0,0
1775252392.87116,12,1561.26,0.0,0
1775252392.87116,13,1566.83,100.0,0
1775252392.87116,14,1569.88,0.0,0
1775252392.87116,16,1572.59,0.0,0
1775252392.87116,15,1575.63,0.0,0
1775252391.2075076,1,3241.18,0.0,0
1775252392.8764374,17,1783.20,24.9,0
1775252393.0223827,2,1695.68,19.4,0
1775252393.0223827,4,1698.56,0.0,0
1775252393.0223827,3,1699.57,0.0,0
1775252392.8681295,1,1855.33,0.0,0
1775252393.0323625,5,1899.79,1.4,0
1775252393.440893,7,1600.09,3.6,0
1775252393.440893,6,1601.09,0.0,0
1775252393.0213318,1,2022.65,0.0,0
1775252393.4419026,8,1604.08,25.0,0
1775252394.3088427,2,2304.98,16.1,0
1775252394.3098526,3,2305.48,0.0,0
1775252394.3286464,4,2701.23,33.6,0
1775252394.3795578,6,2652.53,0.0,0
1775252394.380084,5,2653.47,0.0,0
1775252394.380084,7,2656.01,0.0,0
1775252394.3820958,9,2656.42,0.0,0
1775252394.3810956,8,2659.42,0.0,0
1775252394.3820958,10,2660.05,0.0,0
1775252394.3830957,11,2661.46,71.4,0
1775252394.3840947,12,2661.46,60.0,0
1775252394.3840947,13,2664.82,0.0,0
1775252394.385096,14,2664.83,0.0,0
1775252394.3856044,16,2668.60,0.0,0
1775252394.3856044,17,2669.97,0.0,0
1775252394.385096,15,2673.10,0.0,0
1775252394.3866146,18,2673.61,84.6,0
1775252394.387615,20,2673.61,0.0,0
1775252394.3866146,19,2677.13,0.0,0
1775252394.387615,21,2677.64,0.0,0
1775252394.3886156,22,2678.65,0.0,0
1775252394.3886156,23,2680.87,0.0,0
1775252394.3886156,24,2683.50,0.0,0
1775252394.3899393,25,2684.27,0.0,0
1775252394.3899393,26,2686.28,46.2,0
1775252394.3909383,28,2687.28,100.0,0
1775252394.3899393,27,2688.28,0.0,0
1775252394.3909383,29,2690.08,0.0,0
1775252394.3909383,30,2691.37,0.0,0
1775252394.3924477,31,2691.86,0.0,0
1775252394.3924477,32,2694.39,0.0,0
1775252394.3924477,33,2695.97,0.0,0
1775252394.653625,34,2500.05,46.2,0
1775252394.653625,36,2502.05,46.2,0
1775252394.653625,35,2503.05,0.0,0
1775252394.6546388,37,2504.04,0.0,0
1775252394.6546388,38,2505.04,0.0,0
1775252394.6546388,39,2507.21,0.0,0
1775252394.6556385,40,2507.23,0.0,0
1775252394.3088427,1,2855.09,0.0,0
1775252394.6616342,41,2560.91,31.2,0
1775252394.7250974,42,2503.45,0.0,0
1775252396.573486,5,1683.82,24.9,0
1775252396.5724754,4,1687.41,0.0,0
1775252396.5724754,3,1688.41,0.0,0
1775252396.5724754,2,1689.41,0.0,0
1775252396.573486,6,1690.91,38.5,0
1775252396.573486,7,1692.41,0.0,0
1775252396.573486,8,1694.42,0.0,0
1775252396.573486,9,1695.42,0.0,0
1775252396.573486,10,1697.49,0.0,0
1775252396.6103072,11,1662.17,0.0,0
1775252396.6113076,13,1664.28,0.0,0
1775252396.6113076,12,1665.28,0.0,0
1775252396.6163998,14,2079.89,26.0,0
1775252397.0246356,5,1672.66,0.0,0
1775252397.0246356,4,1674.44,0.0,0
1775252397.0246356,3,1675.45,0.0,0
1775252397.0246356,2,1676.89,30.8,0
1775252397.026075,6,1677.46,0.0,0
1775252397.026075,7,1678.47,0.0,0
1775252395.0373619,1,3668.50,0.0,0
1775252397.0897064,8,1723.34,14.5,0
1775252397.142093,9,1672.05,0.0,0
1775252397.1425996,10,1672.61,0.0,0
1775252397.1425996,11,1673.62,0.0,0
1775252397.1425996,12,1674.62,0.0,0
1775252397.1425996,13,1675.62,0.0,0
1775252397.1436052,14,1676.12,0.0,0
1775252396.5724754,1,2248.77,0.0,0
1775252397.0246356,1,1857.86,6.2,0
1775252397.2179527,15,1665.55,0.0,0
1775252397.2245545,16,1714.40,11.1,0
1775252397.8403828,17,1153.76,4.1,0
1775252397.842614,18,2983.40,14.9,0
1775252398.6856887,2,2247.51,9.1,0
1775252398.6856887,3,2248.51,0.0,0
1775252398.6856887,4,2250.02,23.1,0
1775252398.6856887,6,2251.03,0.0,0
1775252398.6867006,7,2251.01,0.0,0
1775252398.6856887,5,2253.03,0.0,0
1775252398.6867006,9,2253.01,0.0,0
1775252398.6867006,10,2255.07,0.0,0
1775252398.6867006,8,2256.08,0.0,0
1775252398.6867006,11,2256.64,0.0,0
1775252398.687854,12,2256.90,0.0,0
1775252398.687854,13,2258.35,0.0,0
1775252398.687854,14,2259.39,0.0,0
1775252398.687854,16,2260.99,0.0,0
1775252398.687854,15,2262.00,0.0,0
1775252398.6888661,17,2262.30,21.4,0
1775252398.6888661,18,2263.70,0.0,0
1775252398.6888661,19,2264.70,0.0,0
1775252398.6888661,20,2265.70,0.0,0
1775252398.6888661,21,2266.72,0.0,0
1775252398.6888661,22,2267.83,0.0,0
1775252398.6900845,23,2267.96,0.0,0
1775252398.6900845,25,2269.55,0.0,0
1775252398.6900845,26,2270.69,0.0,0
1775252398.691088,28,2270.68,0.0,0
1775252398.6900845,27,2272.68,0.0,0
1775252398.691088,29,2273.02,0.0,0
1775252398.691088,32,2273.02,0.0,0
1775252398.691088,30,2275.59,0.0,0
1775252398.6900845,24,2277.60,50.0,0
1775252398.691088,31,2278.01,0.0,0
1775252398.6920846,33,2277.51,0.0,0
1775252398.6920846,34,2279.02,0.0,0
1775252398.6920846,35,2279.02,0.0,0
1775252398.6920846,36,2280.59,0.0,0
1775252398.693234,37,2281.52,0.0,0
1775252398.808897,38,2277.35,6.2,0
1775252398.8099165,39,2278.33,0.0,0
1775252398.6843026,1,2407.06,100.0,0
1775252398.8783193,40,2214.06,20.0,0
1775252398.9358435,41,2316.37,11.2,0
1775252398.9931445,43,2260.07,0.0,0
1775252398.9911394,42,2263.07,0.0,0
1775252400.8280122,2,1397.53,10.8,0
1775252400.9301977,3,1296.34,0.0,0
1775252401.0776038,2,1257.81,19.1,0
1775252401.0776038,3,1258.88,0.0,0
1775252401.0786116,4,1260.39,0.0,0
1775252401.0786116,6,1260.39,0.0,0
1775252401.0786116,5,1261.92,0.0,0
1775252401.0786116,7,1263.21,25.0,0
1775252401.0786116,8,1264.70,50.0,0
1775252401.0786116,10,1266.45,0.0,0
1775252401.0786116,9,1267.85,0.0,0
1775252401.0796287,11,1267.34,0.0,0
1775252401.0796287,12,1268.73,0.0,0
1775252401.080134,13,1268.74,0.0,0
1775252401.080134,14,1270.22,0.0,0
1775252401.080134,15,1271.67,0.0,0
1775252401.080134,17,1272.70,0.0,0
1775252401.080134,16,1273.73,0.0,0
1775252401.0811403,18,1273.79,0.0,0
1775252400.8244889,1,1638.88,25.9,0
1775252401.089333,19,1375.04,0.0,0
1775252401.0770833,1,1443.55,4.7,0
1775252401.2475672,20,1273.65,0.0,0
1775252401.2491648,21,1583.59,1.9,0
1775252401.3569431,23,1498.45,0.0,0
1775252401.357954,25,1499.02,50.0,0
1775252401.3569431,22,1501.04,10.0,0
1775252401.3569431,24,1502.04,0.0,0
1775252401.357954,26,1502.03,0.0,0
1775252401.3589513,27,1502.54,0.0,0
1775252402.3289604,2,1962.72,11.6,0
1775252402.3300033,3,1962.67,0.0,0
1775252402.3300033,4,1964.68,50.0,0
1775252402.3300033,5,1966.00,0.0,0
1775252402.3300033,6,1967.02,0.0,0
1775252402.3300033,7,1969.63,0.0,0
1775252402.3315547,8,1969.08,0.0,0
1775252402.457803,9,1899.34,7.5,0
1775252402.4583204,12,1901.07,0.0,0
1775252402.4583204,10,1902.56,0.0,0
1775252402.4583204,11,1903.63,0.0,0
1775252402.4583204,13,1904.72,0.0,0
1775252402.4583204,14,1905.80,0.0,0
1775252402.4583204,15,1907.31,0.0,0
1775252402.4593372,16,1907.53,0.0,0
1775252402.4593372,17,1908.54,0.0,0
1775252402.4593372,18,1910.54,0.0,0
1775252402.4593372,20,1911.04,0.0,0
1775252402.4593372,19,1911.58,0.0,0
1775252402.4593372,21,1913.10,44.4,0
1775252402.4593372,22,1914.10,0.0,0
1775252402.4593372,25,1915.61,0.0,0
1775252402.4593372,24,1916.89,0.0,0
1775252402.4593372,23,1917.88,0.0,0
1775252402.4593372,27,1917.88,0.0,0
1775252402.4593372,26,1920.11,0.0,0
1775252402.4608471,28,1919.10,0.0,0
1775252402.2223275,1,2158.63,0.0,0
1775252402.5185459,29,1922.12,3.1,0
1775252402.8299243,30,1614.39,0.0,0
1775252402.853415,31,1798.45,17.1,0
1775252403.2198782,3,1434.27,45.5,0
1775252403.218843,2,1436.30,0.0,0
1775252403.2214212,4,1435.13,0.0,0
1775252404.3530416,2,765.24,24.3,0
1775252404.3530416,3,766.79,0.0,0
1775252403.218843,1,1902.15,0.0,0
1775252404.354055,4,767.94,100.0,0
1775252404.4331436,6,797.35,12.7,0
1775252404.4326231,5,799.87,38.5,0
1775252404.4331436,7,800.35,0.0,0
1775252404.4356585,9,799.34,0.0,0
1775252404.4356585,8,800.35,0.0,0
1775252404.2896118,1,1009.27,16.4,0
1775252404.4423027,10,857.67,0.0,0
1775252404.6482499,11,706.73,8.0,0
1775252404.6506276,12,762.60,4.7,0
1775252404.8605645,13,555.27,0.0,0
1775252405.2251718,2,1415.94,20.4,0
1775252405.28972,3,1405.24,5.8,0
1775252405.2907357,4,1406.28,0.0,0
1775252405.2913632,6,1406.74,0.0,0
1775252405.2913632,5,1407.74,0.0,0
1775252405.2913632,7,1409.03,0.0,0
1775252405.2913632,8,1410.27,23.1,0
1775252405.2913632,9,1412.50,0.0,0
1775252405.2923753,11,1412.49,0.0,0
1775252405.2923753,10,1413.49,0.0,0
1775252405.2923753,12,1414.49,0.0,0
1775252405.2937622,14,1414.10,0.0,0
1775252405.2923753,13,1417.06,0.0,0
1775252405.2937622,15,1417.17,0.0,0
1775252405.2937622,16,1418.66,0.0,0
1775252405.2937622,17,1419.71,0.0,0
1775252405.2937622,18,1420.72,0.0,0
1775252405.294787,19,1420.70,0.0,0
1775252405.294787,20,1421.95,36.4,0
1775252405.294787,22,1423.30,0.0,0
1775252405.294787,21,1424.77,0.0,0
1775252405.294787,23,1425.85,0.0,0
1775252405.296093,24,1425.11,0.0,0
1775252405.1167047,1,1605.54,0.0,0
1775252405.3529384,25,1478.08,21.1,0
1775252405.406725,26,1481.16,37.5,0
1775252405.4109712,27,1479.43,25.0,0
1775252405.414233,28,1581.48,12.5,0
1775252405.467707,29,1529.51,62.5,0
1775252405.4687216,30,1530.46,0.0,0
1775252406.6929765,2,723.68,50.9,0
1775252406.69348,4,726.44,76.5,0
1775252406.69348,3,729.22,0.0,0
1775252406.69348,5,731.75,0.0,0
1775252406.824793,6,758.53,27.3,0
1775252406.824793,7,760.70,0.0,0
1775252406.824793,8,763.14,0.0,0
1775252406.824793,9,764.64,0.0,0
1775252406.824793,10,769.31,52.9,0
1775252406.6389272,1,957.17,0.0,0
1775252406.885347,11,711.75,0.0,0
1775252406.9946434,12,765.23,50.6,0
1775252406.9972124,13,765.85,100.0,0
1775252407.2067602,2,612.98,68.0,0
1775252407.4139307,3,713.87,34.1,0
1775252407.5796762,5,606.75,60.0,0
1775252407.5791533,4,609.52,0.0,0
1775252407.5796762,6,611.84,0.0,0
1775252407.5807414,7,613.55,0.0,0
1775252407.2052062,1,991.58,0.0,0
1775252407.5807414,8,618.56,0.0,0
1775252407.5916884,9,667.45,51.6,0
1775252407.7028115,10,560.84,50.0,0
1775252407.7572727,11,618.12,14.7,0
1775252407.817166,12,559.23,0.0,0
1775252408.1806889,2,1169.20,18.3,0
1775252408.2520669,3,1204.34,14.3,0
1775252408.253077,4,1204.33,0.0,0
1775252408.253077,5,1205.33,0.0,0
1775252408.253077,6,1206.84,0.0,0
1775252408.253077,7,1207.84,0.0,0
1775252408.2540774,8,1207.84,0.0,0
1775252408.2540774,9,1208.87,0.0,0
1775252408.2540774,10,1210.08,0.0,0
1775252408.2540774,11,1211.58,0.0,0
1775252408.2550774,12,1211.58,20.0,0
1775252408.2550774,13,1213.58,0.0,0
1775252408.2550774,14,1214.58,0.0,0
1775252408.2550774,15,1216.22,0.0,0
1775252408.256077,16,1216.23,0.0,0
1775252408.256077,17,1217.73,0.0,0
1775252408.256077,18,1218.24,0.0,0
1775252408.256077,19,1219.76,0.0,0
1775252408.256077,20,1220.76,0.0,0
1775252408.1261997,1,1611.28,8.4,0
1775252408.261142,21,1477.34,0.0,0
1775252408.3676121,23,1373.38,0.0,0
1775252408.3681378,24,1375.37,0.0,0
1775252408.3670418,22,1377.47,0.0,0
1775252408.3681378,25,1377.37,0.0,0
1775252408.369766,26,1377.25,0.0,0
1775252408.3723571,27,1634.99,25.4,0
1775252408.4288304,28,1579.57,0.0,0
1775252408.4288304,29,1582.03,0.0,0
1775252408.4288304,30,1583.19,0.0,0
1775252408.4310923,31,1583.30,31.2,0
1775252409.4538984,2,1025.96,39.2,0
1775252409.4544024,3,1027.04,0.0,0
1775252409.7323453,4,803.02,28.1,0
1775252409.7323453,5,806.00,0.0,0
1775252409.7333546,6,805.94,0.0,0
1775252409.7333546,7,808.04,0.0,0
1775252409.7333546,8,813.34,100.0,0
1775252409.7333546,9,814.95,0.0,0
1775252409.3488867,1,1200.42,0.0,0
1775252409.739989,10,814.03,0.0,0
1775252410.0048196,2,756.51,13.0,0
1775252410.0010874,1,816.04,7.8,0
1775252410.1171124,3,701.03,0.0,0
1775252410.11871,4,700.94,0.0,0
1775252410.477949,5,400.45,7.8,0
1775252410.533461,6,399.50,0.0,0
1775252410.55032,7,438.98,1.5,0
1775252410.6064277,8,436.70,2.1,0
1775252410.7603095,9,336.95,0.0,0
1775252410.8138356,10,1253.01,9.2,0
1775252410.8714967,11,1252.31,6.7,0
1775252410.8714967,13,1253.82,25.0,0
1775252410.8714967,12,1255.82,0.0,0
1775252410.8714967,15,1256.82,0.0,0
1775252410.8730452,16,1257.80,0.0,0
1775252410.8714967,14,1260.35,0.0,0
1775252410.8730452,18,1260.80,0.0,0
1775252410.8730452,17,1260.80,0.0,0
1775252410.8746855,19,1260.67,0.0,0
1775252410.8746855,20,1261.67,0.0,0
1775252410.8746855,21,1263.26,0.0,0
1775252410.8746855,23,1264.27,20.0,0
1775252410.8757184,24,1264.71,0.0,0
1775252410.8746855,22,1266.79,0.0,0
1775252410.8757184,26,1266.76,0.0,0
1775252410.8757184,25,1267.90,0.0,0
1775252410.8757184,28,1268.90,0.0,0
1775252410.8757184,27,1270.33,0.0,0
1775252410.8757184,29,1271.37,0.0,0
1775252410.930943,31,1324.51,8.0,0
1775252410.930943,30,1328.98,0.0,0
1775252410.987156,32,1273.81,0.0,0
1775252411.0411181,3,1633.72,6.5,0
1775252411.0411181,2,1636.23,0.0,0
1775252411.0947325,4,1583.63,0.0,0
1775252411.0947325,6,1586.76,0.0,0
1775252411.0947325,5,1588.81,0.0,0
1775252411.095743,7,1589.30,0.0,0
1775252412.0641012,2,829.58,31.1,0
1775252411.0406044,1,1855.30,0.0,0
1775252412.1205964,3,993.06,45.4,0
1775252412.1212113,5,1001.06,100.0,0
1775252412.1205964,4,1007.61,0.0,0
1775252412.1222243,6,1009.25,100.0,0
1775252412.2498894,7,951.47,86.6,0
1775252412.2503984,8,955.96,0.0,0
1775252412.2503984,9,959.77,0.0,0
1775252412.0641012,1,1148.55,0.0,0
1775252412.2584562,10,1014.81,55.4,0
1775252412.5668328,11,762.92,75.0,0
1775252412.671291,12,1221.69,27.6,0
1775252412.8891835,13,1159.74,13.2,0
1775252412.8891835,14,1162.35,0.0,0
1775252412.8891835,15,1162.35,0.0,0
1775252412.890192,16,1162.81,0.0,0
1775252412.890192,17,1164.80,0.0,0
1775252412.890192,18,1165.80,0.0,0
1775252412.8912082,19,1165.78,0.0,0
1775252412.8912082,20,1166.92,0.0,0
1775252412.8912082,21,1168.93,0.0,0
1775252412.8912082,22,1169.92,27.3,0
1775252412.8912082,23,1170.93,0.0,0
1775252413.1025677,2,1020.75,9.3,0
1775252413.1071208,3,1017.70,0.0,0
1775252413.10912,4,1016.99,0.0,0
1775252413.1977472,5,1034.02,14.3,0
1775252413.101141,1,1186.58,14.1,0
1775252413.2686253,6,1021.11,0.0,0
1775252413.3277245,7,1015.77,20.0,0
1775252413.8918114,8,455.25,0.0,0
1775252414.1141207,3,1253.53,18.1,0
1775252414.1141207,4,1256.04,0.0,0
1775252414.1141207,2,1257.11,0.0,0
1775252414.1141207,5,1258.12,0.0,0
1775252414.115658,6,1257.59,22.2,0
1775252414.115658,7,1258.58,0.0,0
1775252414.116668,8,1258.08,0.0,0
1775252414.116668,9,1259.67,0.0,0
1775252414.116668,10,1260.68,0.0,0
1775252414.116668,11,1261.68,0.0,0
1775252414.1176686,13,1262.19,0.0,0
1775252414.116668,12,1264.20,0.0,0
1775252414.1196685,15,1262.19,0.0,0
1775252414.1176686,14,1265.19,0.0,0
1775252414.1196685,16,1265.22,0.0,0
1775252414.120174,17,1265.74,0.0,0
1775252414.120174,18,1267.22,0.0,0
1775252414.120174,19,1268.22,71.4,0
1775252414.0461395,1,1401.44,15.8,0
1775252414.2292604,20,1219.84,0.0,0
1775252414.2865436,21,1217.59,26.2,0
1775252414.3409784,22,1220.02,21.9,0
1775252414.3460581,23,1371.53,54.6,0
1775252415.2613926,2,512.67,39.6,0
1775252415.2613926,4,514.19,0.0,0
1775252415.2613926,3,515.67,0.0,0
1775252415.3651378,5,1026.86,65.3,0
1775252415.4405377,8,1007.04,25.0,0
1775252415.4400315,6,1010.08,85.7,0
1775252415.4405377,7,1012.03,22.2,0
1775252415.4405377,9,1013.16,0.0,0
1775252415.4415448,10,1014.22,0.0,0
1775252415.4415448,11,1015.58,0.0,0
1775252415.4415448,13,1017.63,0.0,0
1775252415.4415448,12,1019.32,0.0,0
1775252415.4415448,14,1020.48,0.0,0
1775252415.4415448,16,1022.11,0.0,0
1775252415.4415448,15,1023.19,0.0,0
1775252415.2608733,1,1205.37,66.7,0
1775252415.5011237,17,1021.44,21.8,0
1775252415.5585501,18,969.14,0.0,0
1775252415.7150707,19,919.82,17.0,0
1775252415.7720642,20,863.86,0.0,0
1775252416.4460635,2,298.79,16.1,0
1775252416.5191221,3,484.79,2.6,0
1775252416.3903282,1,872.48,9.2,0
1775252416.52456,4,740.11,0.0,0
1775252416.5250688,5,741.64,0.0,0
1775252416.5250688,6,742.64,0.0,0
1775252416.5250688,7,743.64,0.0,0
1775252416.6298747,9,694.57,3.9,0
1775252416.6298747,8,696.09,75.0,0
1775252416.6298747,10,697.09,0.0,0
1775252416.6308832,11,697.71,0.0,0
1775252416.6308832,12,698.74,0.0,0
1775252416.6328828,13,1005.93,6.5,0
1775252416.688294,14,1006.29,4.1,0
1775252416.688294,15,1008.29,0.0,0
1775252416.688294,17,1008.80,0.0,0
1775252416.6893404,18,1009.82,0.0,0
1775252416.688294,16,1011.87,0.0,0
1775252416.6893404,19,1011.82,44.4,0
1775252416.7422552,20,1117.39,23.0,0
1775252416.999907,23,1218.51,7.8,0
1775252416.999907,21,1220.62,0.0,0
1775252416.999907,22,1221.23,0.0,0
1775252417.2586672,3,1424.18,18.3,0
1775252417.2586672,2,1425.18,0.0,0
1775252417.2586672,4,1427.20,58.3,0
1775252417.2596803,5,1427.27,0.0,0
1775252417.2596803,6,1428.28,0.0,0
1775252417.2596803,7,1429.28,0.0,0
1775252417.2596803,8,1431.20,0.0,0
1775252417.3202326,9,1529.90,18.4,0
1775252417.3207505,10,1530.94,0.0,0
1775252417.3207505,12,1532.96,0.0,0
1775252417.3207505,13,1533.96,0.0,0
1775252417.3207505,11,1534.96,0.0,0
1775252417.3213358,14,1536.50,57.1,0
1775252417.3213358,15,1537.51,0.0,0
1775252417.3213358,16,1538.52,0.0,0
1775252417.0019164,1,1858.96,0.0,0
1775252417.6346354,18,1230.65,0.0,0
1775252417.6341243,17,1232.71,0.0,0
1775252417.6351717,19,1233.14,0.0,0
1775252417.6921494,20,1437.89,3.7,0
1775252417.8546197,21,1276.01,0.0,0
1775252417.855658,23,1277.08,0.0,0
1775252417.8546197,22,1279.13,0.0,0
1775252417.855658,24,1279.29,0.0,0
1775252418.678563,2,818.85,10.0,0
1775252418.8439968,5,963.13,8.1,0
1775252418.8439968,3,964.25,0.0,0
1775252418.8439968,6,965.63,0.0,0
1775252418.8439968,4,967.13,54.5,0
1775252418.8439968,7,968.27,0.0,0
1775252418.845281,8,967.49,0.0,0
1775252418.8472834,10,972.14,0.0,0
1775252418.8472834,9,973.78,0.0,0
1775252418.8472834,11,975.06,0.0,0
1775252418.8621166,12,960.23,0.0,0
1775252418.215773,1,1608.46,0.0,0
1775252418.8621166,13,962.12,0.0,0
1775252419.1275332,2,1160.72,15.5,0
1775252419.1861255,3,1207.28,6.2,0
1775252419.1866305,5,1209.34,0.0,0
1775252419.1866305,4,1209.34,0.0,0
1775252419.1866305,6,1210.85,0.0,0
1775252419.1866305,7,1212.43,0.0,0
1775252419.1866305,8,1213.44,0.0,0
1775252419.1876395,9,1213.43,0.0,0
1775252419.124434,1,1277.63,0.0,0
1775252419.4948854,10,1014.88,12.5,0
1775252419.495899,11,1014.94,0.0,0
1775252419.8031237,12,1371.20,19.0,0
1775252419.8041303,13,1372.35,0.0,0
1775252419.8142617,14,1469.39,25.7,0
1775252419.8152633,16,1470.91,0.0,0
1775252419.8142617,15,1473.04,0.0,0
1775252419.8152633,17,1474.58,0.0,0
1775252419.8152633,18,1475.66,0.0,0
1775252419.8157725,19,1477.32,0.0,0
1775252419.8157725,20,1478.83,0.0,0
1775252419.8157725,21,1479.86,25.0,0
1775252419.8157725,22,1481.63,0.0,0
1775252419.8157725,23,1483.23,0.0,0
1775252419.816778,24,1483.39,0.0,0
1775252419.816778,25,1485.39,0.0,0
1775252419.816778,26,1487.39,0.0,0
1775252419.8764668,27,1434.90,25.0,0
1775252419.8764668,28,1438.00,0.0,0
1775252420.3908064,2,1387.03,19.1,0
1775252420.5049434,5,1428.06,13.0,0
1775252420.50442,3,1429.58,0.0,0
1775252420.5049434,4,1430.05,18.2,0
1775252420.5049434,6,1432.18,0.0,0
1775252420.5054772,7,1431.65,0.0,0
1775252420.5054772,8,1433.11,0.0,0
1775252420.5065892,9,1433.42,0.0,0
1775252420.5076408,10,1434.36,0.0,0
1775252420.2867496,1,1710.84,5.9,0
1775252421.1727145,3,826.94,7.7,0
1775252421.1727145,2,827.95,0.0,0
1775252421.2810476,4,1027.91,13.0,0
1775252421.3064723,5,1058.08,10.8,0
1775252421.3064723,7,1059.08,0.0,0
1775252421.3064723,6,1060.71,0.0,0
1775252421.3064723,8,1061.71,0.0,0
1775252421.3076894,9,1062.00,0.0,0
1775252421.1716855,1,1199.01,0.0,0
1775252421.3661776,10,1059.39,19.0,0
1775252421.7758439,11,654.08,0.0,0
1775252421.9306822,12,962.27,3.8,0
1775252421.9940374,13,900.42,0.0,0
1775252421.9940374,14,901.71,0.0,0
1775252421.9940374,15,903.74,0.0,0
1775252421.9950466,16,902.73,0.0,0
1775252421.9950466,17,905.22,0.0,0
1775252421.9950466,18,906.21,0.0,0
1775252421.9950466,19,908.12,0.0,0
1775252421.9950466,20,909.22,33.3,0
1775252422.306943,5,1367.92,6.0,0
1775252422.306943,6,1368.92,0.0,0
1775252422.306943,7,1370.92,0.0,0
1775252422.30566,3,1372.21,0.0,0
1775252422.30566,2,1374.21,0.0,0
1775252422.30566,4,1374.72,0.0,0
1775252422.361375,8,1321.02,0.0,0
1775252422.3629582,9,1320.46,0.0,0
1775252422.4220648,11,1467.09,31.4,0
1775252422.4220648,10,1469.09,0.0,0
1775252422.4220648,12,1470.32,0.0,0
1775252422.423257,13,1470.17,0.0,0
1775252422.423257,14,1471.17,0.0,0
1775252422.423257,16,1472.30,0.0,0
1775252422.423257,15,1473.80,0.0,0
1775252422.4265926,17,1576.98,25.0,0
1775252422.30566,1,1700.33,0.0,0
1775252422.4275925,18,1578.98,0.0,0
1775252422.4275925,19,1580.48,0.0,0
1775252422.8872948,20,1123.19,0.0,0
1775252422.8878007,21,1123.86,0.0,0
1775252422.891953,22,1326.70,14.6,0
1775252423.3133893,2,906.76,0.0,0
1775252423.3139236,3,907.53,0.0,0
1775252423.3139236,4,908.66,0.0,0
1775252423.8870523,7,644.56,4.0,0
1775252423.8870523,6,646.57,0.0,0
1775252423.8865466,5,648.58,0.0,0
1775252423.3128586,1,1224.37,0.0,0
1775252424.001573,3,593.02,12.5,0
1775252424.0005686,2,595.57,0.0,0
1775252424.001573,4,599.26,0.0,0
1775252424.0005686,1,807.60,13.2,0
1775252424.2245789,7,586.99,46.7,0
1775252424.2245789,5,588.50,0.0,0
1775252424.2245789,6,589.50,0.0,0
1775252424.5895593,8,788.71,15.7,0
1775252424.5905733,9,789.26,0.0,0
1775252424.5905733,10,789.26,0.0,0
1775252424.5915728,12,1046.58,14.5,0
1775252424.5905733,11,1049.61,0.0,0
1775252424.5915728,13,1049.64,0.0,0
1775252424.5926516,14,1049.57,0.0,0
1775252424.5926516,15,1050.57,0.0,0
1775252424.5926516,17,1051.57,0.0,0
1775252424.5926516,16,1053.57,0.0,0
1775252424.5992362,19,1047.99,0.0,0
1775252424.597664,18,1053.21,0.0,0
1775252424.653138,22,999.89,0.0,0
1775252424.653138,20,999.89,50.0,0
1775252424.653138,21,1002.13,23.1,0
1775252424.653138,23,1002.69,0.0,0
1775252424.8101783,24,1002.69,15.2,0
1775252424.8101783,26,1003.77,0.0,0
1775252424.8101783,25,1005.27,0.0,0
1775252424.9678802,28,951.66,16.7,0
1775252424.9678802,27,953.83,0.0,0
1775252425.6358614,4,648.05,22.0,0
1775252425.6358614,3,651.31,0.0,0
1775252425.6358614,2,654.01,0.0,0
1775252425.648823,5,643.22,0.0,0
1775252425.648823,6,646.05,50.0,0
1775252425.648823,7,648.26,0.0,0
1775252425.648823,8,650.43,0.0,0
1775252425.6498356,9,762.62,60.0,0
1775252425.6358614,1,932.09,43.1,0
1775252425.9180381,10,704.87,34.8,0
1775252425.9180381,11,706.61,0.0,0
1775252425.9180381,12,708.92,0.0,0
1775252425.919544,13,710.17,0.0,0
1775252426.353212,2,685.34,16.5,0
1775252426.353212,3,686.35,0.0,0
1775252426.3543468,5,687.47,0.0,0
1775252426.3537607,4,689.54,0.0,0
1775252426.356122,6,688.18,0.0,0
1775252426.3566897,7,792.19,16.8,0
1775252426.3572457,8,792.64,0.0,0
1775252426.3578174,9,793.66,0.0,0
1775252426.3583772,11,846.60,3.5,0
1775252426.3578174,10,849.17,0.0,0
1775252426.2789087,1,932.10,0.0,0
1775252427.1478713,4,222.77,6.1,0
1775252427.1473558,3,225.42,0.0,0
1775252427.1473558,2,226.47,16.7,0
1775252427.2090056,5,577.76,4.0,0
1775252427.2090056,6,579.19,0.0,0
1775252427.2100055,8,579.49,0.0,0
1775252427.2090056,7,581.63,0.0,0
1775252427.14684,1,751.42,1.8,0
1775252427.2131014,9,686.18,0.0,0
1775252427.2131014,10,688.51,0.0,0
1775252427.2131014,11,689.80,0.0,0
1775252427.2131014,12,694.58,6.7,0
1775252427.2141683,13,695.03,0.0,0
1775252427.5781727,14,691.43,4.3,0
1775252427.5781727,16,693.19,0.0,0
1775252427.5781727,15,694.27,0.0,0
1775252427.5797122,17,694.74,0.0,0
1775252427.5807235,18,849.63,5.6,0
1775252427.5797122,19,852.66,0.0,0
1775252427.5807235,20,852.71,0.0,0
1775252427.894111,21,696.76,21.0,0
1775252427.894111,23,697.96,22.2,0
1775252427.894111,22,699.10,0.0,0
1775252427.8955686,24,955.53,9.5,0
1775252427.8955686,26,957.03,0.0,0
1775252427.8955686,25,959.03,0.0,0
1775252427.906051,28,1054.57,17.7,0
1775252427.905054,27,1057.28,0.0,0
1775252427.906051,30,1056.79,0.0,0
1775252427.906051,29,1058.21,0.0,0
1775252427.906051,31,1059.72,0.0,0
1775252427.9107733,32,1058.72,25.0,0
1775252427.9107733,33,1060.24,0.0,0
1775252428.427841,2,853.34,19.7,0
1775252428.4288526,4,853.37,0.0,0
1775252428.4288526,3,854.85,0.0,0
1775252428.5873,5,697.78,0.0,0
1775252428.5893073,6,697.05,0.0,0
1775252428.5893073,7,903.40,28.4,0
1775252428.8490875,8,697.35,5.6,0
1775252428.8490875,9,698.37,0.0,0
1775252428.8490875,10,700.96,0.0,0
1775252428.427841,1,1124.59,0.0,0
1775252428.9578967,11,648.40,2.1,0
1775252428.967154,12,743.35,7.5,0
1775252428.967154,13,746.81,0.0,0
1775252428.967154,14,748.31,0.0,0
1775252429.6042826,2,318.57,3.8,0
1775252429.6042826,3,321.09,0.0,0
1775252429.7094913,4,321.38,7.0,0
1775252429.7129204,5,319.96,0.0,0
1775252429.7129204,7,476.19,3.1,0
1775252429.7129204,6,478.52,0.0,0
1775252429.7176425,9,477.94,0.0,0
1775252429.7176425,8,477.94,0.0,0
1775252429.6042826,1,592.84,0.0,0
1775252430.028246,3,682.14,12.7,0
1775252430.028246,2,683.15,0.0,0
1775252430.0297675,4,939.91,3.7,0
1775252430.0297675,5,942.44,0.0,0
1775252430.186749,7,786.45,0.0,0
1775252430.1877577,11,786.96,0.0,0
1775252430.186749,6,789.93,0.0,0
1775252430.1877577,9,789.95,0.0,0
1775252430.186749,8,792.97,0.0,0
1775252430.1877577,10,791.96,0.0,0
1775252430.1877577,13,949.67,3.8,0
1775252430.1877577,12,950.68,28.6,0
1775252430.1877577,14,951.87,0.0,0
1775252430.1935084,15,947.39,0.0,0
1775252430.1935084,16,948.46,0.0,0
1775252430.1935084,17,1002.37,8.8,0
1775252430.1935084,18,1003.89,0.0,0
1775252430.028246,1,1171.79,0.0,0
1775252430.1981266,19,1056.44,6.2,0
1775252430.2007987,20,1056.97,0.0,0
1775252430.9675868,21,598.85,14.4,0
1775252430.968093,23,600.00,0.0,0
1775252430.968093,22,601.51,0.0,0
1775252431.1343603,2,590.21,21.7,0
1775252431.135367,4,591.66,0.0,0
1775252431.135367,3,592.81,0.0,0
1775252431.135367,5,594.32,0.0,0
1775252431.135367,6,595.38,0.0,0
1775252431.135367,7,596.80,72.7,0
1775252431.252314,8,584.12,13.7,0
1775252431.1343603,1,704.52,0.0,0
1775252431.7235465,10,320.38,19.6,0
1775252431.7235465,9,322.39,8.3,0
1775252431.7235465,11,325.49,0.0,0
1775252431.7245667,12,325.47,0.0,0
1775252432.0520394,2,464.59,4.7,0
1775252432.0520394,3,466.59,0.0,0
1775252432.0530443,4,467.71,0.0,0
1775252432.0530443,5,468.28,0.0,0
1775252432.0530443,8,679.43,20.1,0
1775252432.0530443,6,680.44,16.7,0
1775252432.0530443,7,682.96,0.0,0
1775252432.0540428,9,682.96,0.0,0
1775252432.0540428,10,684.18,0.0,0
1775252432.0540428,11,789.82,8.7,0
1775252432.0540428,12,793.25,0.0,0
1775252432.0540428,13,794.26,0.0,0
1775252432.0540428,14,795.26,0.0,0
1775252432.0540428,15,798.60,0.0,0
1775252432.0520394,1,801.60,0.0,0
1775252432.72816,16,637.80,4.8,0
1775252432.72816,19,639.85,0.0,0
1775252432.72816,17,797.88,6.7,0
1775252432.729701,21,798.44,0.0,0
1775252432.72816,18,801.00,20.0,0
1775252432.72816,20,803.10,0.0,0
1775252432.729701,22,802.55,0.0,0
1775252432.729701,23,805.16,0.0,0
1775252432.8414972,25,693.96,0.0,0
1775252432.8414972,26,694.97,0.0,0
1775252432.8414972,24,803.05,0.9,0
1775252432.8414972,27,805.05,0.0,0
1775252432.8414972,28,806.56,0.0,0
1775252432.842516,29,807.91,0.0,0
1775252432.842516,30,809.96,0.0,0
1775252433.6392345,2,629.00,15.5,0
1775252433.6392345,3,630.50,0.0,0
1775252433.640298,4,630.96,0.0,0
1775252433.640298,5,632.52,0.0,0
1775252433.6414337,7,632.94,0.0,0
1775252433.640298,6,635.26,0.0,0
1775252433.6414337,8,636.42,0.0,0
1775252433.6414337,9,637.47,0.0,0
1775252433.6414337,10,744.07,16.1,0
1775252433.6414337,11,745.56,0.0,0
1775252433.6424358,12,746.72,16.7,0
1775252433.6424358,13,746.72,0.0,0
1775252433.6424358,14,801.41,24.0,0
1775252433.6424358,15,802.41,0.0,0
1775252433.5227315,1,925.45,0.0,0
1775252434.3813863,3,425.54,11.4,0
1775252434.3824024,6,426.72,0.0,0
1775252434.3824024,4,427.73,0.0,0
1775252434.3824024,5,428.73,16.7,0
1775252434.3813863,2,586.49,1.9,0
1775252434.383433,7,586.94,0.0,0
1775252434.383433,8,589.07,0.0,0
1775252434.383433,9,642.98,4.1,0
1775252434.383433,10,645.08,0.0,0
1775252434.383433,11,646.59,23.1,0
1775252434.3813863,1,652.23,0.0,0
1775252434.9658625,13,279.65,2.9,0
1775252434.9658625,12,281.15,0.0,0
1775252434.9668767,14,537.47,4.8,0
1775252434.9668767,15,538.47,0.0,0
1775252435.024398,2,789.50,3.4,0
1775252435.032032,4,784.39,0.0,0
1775252435.032032,3,785.39,0.0,0
1775252435.032032,6,786.39,0.0,0
1775252435.032032,5,787.89,0.0,0
1775252435.032032,7,944.39,11.8,0
1775252435.032032,8,945.39,0.0,0
1775252435.0330317,9,947.78,0.0,0
1775252435.036147,10,946.83,81.2,0
1775252435.0371468,12,946.41,0.0,0
1775252435.0371468,11,948.95,0.0,0
1775252435.0371468,13,1004.14,14.3,0
1775252435.0371468,14,1005.16,0.0,0
1775252435.024398,1,1019.21,0.0,0
1775252435.038502,15,1008.59,47.1,0
1775252435.8133829,16,492.50,24.0,0
1775252435.8133829,17,494.11,0.0,0
1775252435.8133829,18,495.72,0.0,0
1775252435.8139007,20,702.61,18.8,0
1775252435.8139007,19,703.83,0.0,0
1775252435.8139007,21,861.67,24.2,0
1775252435.9738176,22,703.75,0.0,0
1775252435.9738176,23,706.26,0.0,0
1775252435.9743237,24,706.92,0.0,0
1775252436.0382626,3,653.25,100.0,0
1775252436.0382626,2,654.24,0.0,0
1775252436.0382626,4,656.32,0.0,0
1775252436.0382626,1,713.32,35.9,0
1775252436.5144598,5,953.07,16.5,0
1775252436.5149834,7,953.56,7.7,0
1775252436.5149834,6,955.07,0.0,0
1775252436.6734192,8,901.22,2.1,0
1775252436.684241,10,891.61,87.5,0
1775252436.6848428,11,892.56,0.0,0
1775252436.6853662,13,893.14,0.0,0
1775252436.6848428,9,895.18,0.0,0
1775252436.6848428,12,896.30,0.0,0
1775252436.6860223,15,897.13,0.0,0
1775252436.6853662,14,899.68,0.0,0
1775252436.6860223,16,900.03,0.0,0
1775252436.689262,18,897.79,0.0,0
1775252436.6860223,17,902.14,0.0,0
1775252436.689262,20,955.82,9.5,0
1775252436.689262,19,957.83,0.0,0
1775252436.7474017,21,901.82,0.0,0
1775252437.6405094,2,420.40,7.5,0
1775252437.6405094,3,421.99,33.3,0
1775252437.6405094,4,423.03,0.0,0
1775252437.6416163,6,628.85,33.6,0
1775252437.6416163,5,629.39,0.0,0
1775252437.6416163,7,631.02,0.0,0
1775252437.64286,9,631.20,0.0,0
1775252437.6416163,8,632.95,0.0,0
1775252437.6482153,10,683.79,0.0,0
1775252437.6482153,11,685.46,0.0,0
1775252437.650347,13,685.59,0.0,0
1775252437.650347,12,687.23,0.0,0
1775252437.6405094,1,701.38,53.8,0
1775252438.3273284,5,683.84,18.0,0
1775252438.3273284,3,684.88,0.0,0
1775252438.3268082,2,686.92,22.2,0
1775252438.3273284,4,688.58,0.0,0
1775252438.3283415,6,689.57,0.0,0
1775252438.3283415,7,690.08,0.0,0
1775252438.3283415,9,692.72,0.0,0
1775252438.3283415,8,693.82,0.0,0
1775252438.3283415,10,694.82,0.0,0
1775252438.3283415,11,696.33,0.0,0
1775252438.3298526,12,904.16,8.9,0
1775252438.3298526,13,906.37,0.0,0
1775252438.3298526,14,907.38,0.0,0
1775252438.3298526,15,911.37,0.0,0
1775252438.3402715,16,901.95,0.0,0
1775252438.3402715,17,902.95,0.0,0
1775252438.2675571,1,976.66,0.0,0
1775252439.2309823,5,529.52,23.7,0
1775252439.229865,3,531.65,0.0,0
1775252439.229865,4,533.17,100.0,0
1775252439.229865,2,534.62,8.3,0
1775252439.2309823,6,534.51,0.0,0
1775252439.2309823,7,536.11,0.0,0
1775252439.2309823,8,537.50,0.0,0
1775252439.2309823,9,539.57,0.0,0
1775252439.2309823,10,694.63,1.2,0
1775252439.232004,11,695.97,0.0,0
1775252439.232004,12,699.57,0.0,0
1775252439.232004,13,700.57,0.0,0
1775252439.229348,1,704.25,0.0,0
1775252439.9351046,15,53.70,3.4,0
1775252439.9351046,14,208.13,7.0,0
1775252439.9351046,16,212.18,0.0,0
1775252439.9366732,17,212.62,0.0,0
1775252440.1503663,2,210.24,13.8,0
1775252440.1516693,3,211.36,0.0,0
1775252440.1516693,4,268.36,3.4,0
1775252440.1516693,5,269.45,0.0,0
1775252440.1516693,6,428.20,3.1,0
1775252440.1529408,7,430.58,0.0,0
1775252440.1541178,8,431.39,0.0,0
1775252440.1503663,1,436.15,0.0,0
1775252440.4163296,13,839.17,10.0,0
1775252440.4151976,9,841.30,0.0,0
1775252440.4163296,12,842.17,0.0,0
1775252440.4151976,11,844.30,0.0,0
1775252440.4173536,15,843.14,0.0,0
1775252440.4163296,14,845.17,0.0,0
1775252440.4151976,10,846.30,0.0,0
1775252440.4173536,16,846.66,46.2,0
1775252440.4179752,17,847.54,0.0,0
1775252440.4179752,18,1156.58,4.2,0
1775252440.576769,20,999.80,62.5,0
1775252440.576769,21,1001.00,0.0,0
1775252440.576769,19,1002.94,0.0,0
1775252440.5778522,22,1004.39,0.0,0
1775252440.5778522,24,1006.69,0.0,0
1775252440.5778522,23,1008.20,0.0,0
1775252440.5778522,25,1009.20,0.0,0
1775252440.5778522,26,1010.21,0.0,0
1775252440.5788538,27,1010.39,0.0,0
1775252440.5885158,28,1156.41,3.8,0
1775252440.5885158,29,1157.42,0.0,0
1775252440.5914118,30,1159.59,12.5,0
1775252441.5719643,7,536.61,14.1,0
1775252441.5719643,5,539.11,0.0,0
1775252441.5708945,2,541.21,0.0,0
1775252441.5719643,6,541.10,0.0,0
1775252441.5708945,3,543.74,0.0,0
1775252441.5719643,4,543.99,0.0,0
1775252441.5807328,8,536.23,0.0,0
1775252441.5708945,1,599.67,24.6,0
1775252441.7522988,9,472.14,13.2,0
1775252442.3633332,2,366.38,8.0,0
1775252442.3643687,3,367.88,25.0,0
1775252442.3643687,4,369.47,0.0,0
1775252442.3643687,5,626.19,7.8,0
1775252442.3653784,6,627.17,0.0,0
1775252442.3653784,7,628.17,0.0,0
1775252442.3653784,8,629.36,0.0,0
1775252442.3653784,9,683.70,0.0,0
1775252442.366955,10,684.18,0.0,0
1775252442.3633332,1,688.80,0.0,0
1775252442.366955,11,687.18,0.0,0
1775252442.366955,12,688.36,0.0,0
1775252442.366955,13,1100.07,21.6,0
1775252442.3681135,15,1102.66,0.0,0
1775252442.3681135,14,1104.21,0.0,0
1775252442.3696299,16,1103.69,0.0,0
1775252442.3696299,18,1105.99,0.0,0
1775252442.3706555,19,1104.97,0.0,0
1775252442.3696299,17,1107.01,0.0,0
1775252442.3706555,20,1106.98,0.0,0
1775252442.3712444,21,1108.39,0.0,0
1775252442.988538,22,752.32,13.3,0
1775252442.988538,23,765.32,0.0,0
1775252442.9895477,24,766.38,0.0,0
1775252443.0470686,2,711.21,0.0,0
1775252443.0480747,3,815.11,4.4,0
1775252443.4637089,4,505.23,3.8,0
1775252443.4637089,5,506.87,0.0,0
1775252443.4642398,6,715.50,1.4,0
1775252443.0470686,1,1134.34,0.0,0
1775252443.481148,8,806.21,4.4,0
1775252443.480145,7,808.77,0.0,0
1775252443.481148,9,808.77,0.0,0
1775252443.481148,10,809.76,0.0,0
1775252443.4818285,11,864.87,3.2,0
1775252443.4818285,12,866.40,0.0,0
1775252443.6866894,13,665.75,0.0,0
1775252443.8616767,16,951.29,19.3,0
1775252443.8606038,15,953.37,0.0,0
1775252443.8606038,14,955.89,0.0,0
1775252443.8616767,17,955.39,0.0,0
1775252443.9669313,18,853.68,0.0,0
1775252444.1766136,3,645.58,0.0,0
1775252444.1766136,2,646.58,0.0,0
1775252444.1766136,4,648.65,0.0,0
1775252444.177633,5,648.63,63.6,0
1775252444.2849846,6,949.42,12.3,0
1775252444.2849846,8,950.99,0.0,0
1775252444.2849846,7,952.02,0.0,0
1775252444.3430889,9,895.91,0.0,0
1775252444.344105,12,896.90,0.0,0
1775252444.344105,10,897.90,0.0,0
1775252444.344105,11,1003.09,7.1,0
1775252444.1766136,1,1172.60,0.0,0
1775252444.3503428,14,1002.39,0.0,0
1775252444.3503428,13,1004.39,0.0,0
1775252445.3439398,3,277.59,2.6,0
1775252445.3439398,2,279.64,42.9,0
1775252445.344959,5,280.13,0.0,0
1775252445.3439398,4,282.52,0.0,0
1775252445.344959,6,746.81,8.7,0
1775252445.350729,7,743.79,0.0,0
1775252445.3567362,9,738.78,0.0,0
1775252445.3567362,8,740.39,0.0,0
1775252445.3567362,10,741.71,0.0,0
1775252445.3567362,11,742.22,0.0,0
1775252445.3567362,12,744.42,0.0,0
1775252445.35774,13,744.57,0.0,0
1775252445.35774,14,746.31,0.0,0
1775252445.3439398,1,761.28,0.0,0
1775252445.3587391,15,1009.00,29.9,0
1775252445.3597379,16,1009.05,0.0,0
1775252445.3597379,18,1010.69,0.0,0
1775252445.3597379,17,1012.30,0.0,0
1775252445.3617432,19,1065.80,14.3,0
1775252445.566577,20,1525.59,13.4,0
1775252445.6279204,21,1571.33,37.4,0
1775252446.088767,4,1112.09,33.3,0
1775252446.088767,5,1114.67,0.0,0
1775252446.0877652,3,1116.84,0.0,0
1775252446.0877652,2,1117.84,0.0,0
1775252446.088767,6,1119.01,0.0,0
1775252446.089768,8,1119.73,0.0,0
1775252446.088767,7,1122.73,0.0,0
1775252446.089768,9,1121.73,0.0,0
1775252446.089768,10,1124.42,0.0,0
1775252446.089768,12,1124.42,0.0,0
1775252446.089768,11,1125.93,0.0,0
1775252446.089768,13,1127.49,23.1,0
1775252446.0933459,14,1286.52,21.8,0
1775252446.0933459,15,1288.15,0.0,0
1775252446.3098745,16,1126.65,23.0,0
1775252446.0877652,1,1350.76,0.0,0
1775252446.3114994,17,1128.25,0.0,0
1775252446.314707,18,1232.73,30.4,0
1775252446.4245303,20,1228.14,6.3,0
1775252446.373118,19,1280.55,28.6,0
1775252446.4285386,21,1330.85,3.7,0
1775252447.0901532,2,671.30,0.0,0
1775252447.094364,3,1485.53,6.8,0
1775252447.1971877,4,1383.71,0.0,0
1775252447.2186017,5,1419.71,6.1,0
1775252447.3720498,6,1267.27,25.0,0
1775252447.3731346,7,1267.38,0.0,0
1775252447.3731346,8,1268.54,0.0,0
1775252447.3736885,9,1269.05,0.0,0
1775252447.3736885,10,1270.06,0.0,0
1775252447.37421,11,1270.53,0.0,0
1775252447.37421,12,1271.29,0.0,0
1775252447.37421,13,1272.30,0.0,0
1775252447.37421,14,1273.31,0.0,0
1775252447.37421,15,1273.31,0.0,0
1775252447.37421,16,1275.03,0.0,0
1775252447.3756309,17,1275.69,0.0,0
1775252447.3756309,18,1276.70,0.0,0
1775252447.3756309,19,1277.26,0.0,0
1775252447.0896473,1,1564.32,57.1,0
1775252447.4338958,20,1279.08,0.0,0
1775252447.5448306,21,1223.64,1.5,0
1775252447.5496943,22,1223.68,0.0,0
1775252447.7573695,23,1377.64,4.6,0
1775252448.6341493,4,1266.75,11.8,0
1775252448.6336274,6,1268.46,0.0,0
1775252448.6341493,3,1269.98,87.5,0
1775252448.6341493,5,1272.98,0.0,0
1775252448.6341493,2,1275.33,0.0,0
1775252448.6351795,7,1276.90,0.0,0
1775252448.7059267,8,1317.12,22.1,0
1775252448.7069707,10,1319.45,0.0,0
1775252448.7059267,9,1321.49,0.0,0
1775252448.7069707,12,1322.82,37.5,0
1775252448.7069707,13,1324.34,0.0,0
1775252448.7079604,14,1324.35,0.0,0
1775252448.7069707,11,1326.34,0.0,0
1775252448.7079604,16,1326.35,0.0,0
1775252448.7079604,15,1327.35,0.0,0
1775252448.7079604,18,1329.53,0.0,0
1775252448.7079604,17,1331.61,0.0,0
1775252448.7089462,19,1332.23,0.0,0
1775252448.7089462,20,1333.27,0.0,0
1775252448.7089462,21,1335.73,66.7,0
1775252448.7089462,22,1336.81,0.0,0
1775252448.5776424,1,1524.11,15.7,0
1775252448.765284,23,1338.58,0.0,0
1775252448.7722812,24,1387.60,22.2,0
1775252448.774392,25,1388.52,0.0,0
1775252449.897166,2,1056.45,3.3,0
1775252449.897166,3,1058.02,0.0,0
1775252449.898245,4,1057.95,0.0,0
1775252449.898245,5,1059.24,0.0,0
1775252450.0161564,3,1049.57,1.8,0
1775252450.0161564,2,1050.57,0.0,0
1775252450.0171764,4,1050.55,0.0,0
1775252450.0171764,5,1052.56,0.0,0
1775252450.0171764,7,1053.65,0.0,0
1775252450.0171764,6,1054.71,0.0,0
1775252450.0171764,8,1055.71,0.0,0
1775252450.0184386,9,1054.45,0.0,0
1775252450.0184386,11,1055.90,0.0,0
1775252450.0184386,10,1056.98,80.0,0
1775252449.1339881,1,1943.00,0.0,0
1775252450.0981288,12,1086.89,29.7,0
1775252450.0991347,13,1088.14,0.0,0
1775252450.1050532,14,1137.71,8.2,0
1775252450.0161564,1,1227.76,0.0,0
1775252450.1619136,15,1088.85,75.0,0
1775252450.3678713,16,1193.84,3.1,0
1775252450.951604,17,611.61,0.0,0
1775252451.0621104,4,1214.08,9.0,0
1775252451.0621104,5,1216.59,0.0,0
1775252451.061101,2,1217.60,30.0,0
1775252451.0621104,3,1217.59,0.0,0
1775252451.1797066,6,1205.69,19.2,0
1775252451.1807177,8,1206.70,0.0,0
1775252451.1797066,7,1209.22,36.4,0
1775252451.1807177,9,1209.39,0.0,0
1775252451.1807177,10,1210.48,0.0,0
1775252451.1807177,11,1211.49,0.0,0
1775252451.1807177,12,1212.49,0.0,0
1775252451.1818953,13,1212.32,0.0,0
1775252451.1818953,14,1214.32,0.0,0
1775252451.1818953,15,1215.32,0.0,0
1775252451.1818953,16,1215.32,0.0,0
1775252451.1828895,18,1215.92,0.0,0
1775252451.1818953,17,1217.92,0.0,0
1775252451.1828895,19,1217.93,0.0,0
1775252451.061101,1,1396.41,23.4,0
1775252451.2392442,20,1219.84,0.0,0
1775252451.2482336,21,1264.80,18.5,0
1775252451.3544161,22,1213.76,15.5,0
1775252451.560499,23,1113.04,36.8,0
1775252452.2741823,2,707.14,15.1,0
1775252452.2741823,3,708.19,25.0,0
1775252452.383018,4,805.63,5.6,0
1775252452.383018,5,807.62,0.0,0
1775252452.383018,6,808.62,0.0,0
1775252452.383018,7,810.12,0.0,0
1775252452.383018,8,811.83,0.0,0
1775252452.3843386,9,812.04,0.0,0
1775252452.4535854,11,800.49,3.2,0
1775252452.452495,10,802.58,0.0,0
1775252452.4535854,12,802.49,0.0,0
1775252452.2736685,1,983.46,0.0,0
1775252452.5115242,13,773.93,3.2,0
1775252452.5665936,14,878.72,6.7,0
1775252452.6710274,15,775.34,0.0,0
1775252452.979784,16,469.18,0.0,0
1775252453.249288,2,916.14,2.7,0
1775252453.250868,3,917.21,0.0,0
1775252453.250868,4,918.72,66.7,0
1775252453.250868,6,920.23,11.1,0
1775252453.250868,5,921.58,0.0,0
1775252453.2823565,7,946.38,8.2,0
1775252453.2833574,9,947.90,0.0,0
1775252453.2833574,11,948.90,50.0,0
1775252453.2823565,8,951.84,0.0,0
1775252453.2833574,10,951.86,0.0,0
1775252453.2833574,12,953.14,0.0,0
1775252453.2833574,13,954.55,0.0,0
1775252453.2833574,14,955.68,0.0,0
1775252453.1866317,1,1053.80,0.0,0
1775252453.3894744,15,906.30,6.2,0
1775252453.4432225,16,958.56,3.1,0
1775252453.4473794,17,1058.24,13.5,0
1775252453.4473794,18,1060.24,0.0,0
1775252453.703706,19,809.45,0.0,0
1775252453.704714,20,810.11,33.3,0
1775252454.2247994,3,652.28,13.5,0
1775252454.2247994,4,653.28,0.0,0
1775252454.2247994,2,654.78,0.0,0
1775252454.2258096,5,655.00,0.0,0
1775252454.2258096,6,656.28,0.0,0
1775252454.2258096,7,657.30,0.0,0
1775252454.2272198,8,657.88,0.0,0
1775252454.2917678,9,803.27,22.9,0
1775252454.2917678,10,804.31,0.0,0
1775252454.1638005,1,933.28,0.0,0
1775252454.3991299,11,699.19,0.0,0
1775252454.5041068,12,1007.43,19.9,0
1775252454.5096266,13,1001.91,0.0,0
1775252454.5096266,14,1004.02,66.7,0
1775252454.5106273,15,1004.24,0.0,0
1775252454.8707108,16,698.90,16.1,0
1775252454.8712795,17,699.85,0.0,0
1775252454.8718326,18,701.31,0.0,0
1775252454.8728545,19,700.29,0.0,0
1775252454.8746338,20,1007.98,8.7,0
1775252455.088965,2,848.45,6.1,0
1775252455.088965,4,850.97,0.0,0
1775252455.088965,5,851.97,0.0,0
1775252455.0903938,6,851.87,0.0,0
1775252455.088965,3,855.64,0.0,0
1775252455.0903938,7,856.75,0.0,0
1775252455.0936594,8,960.96,6.2,0
1775252455.0884013,1,1020.44,6.6,0
1775252455.3031332,9,806.70,0.0,0
1775252455.5070586,10,658.58,3.8,0
1775252455.5671027,11,805.27,17.1,0
1775252455.8790853,12,548.29,30.2,0
1775252455.8796055,13,548.78,0.0,0
1775252455.8796055,14,550.80,0.0,0
1775252455.8806171,15,551.32,0.0,0
1775252455.9348826,16,857.58,2.7,0
1775252456.0495331,2,848.72,2.7,0
1775252456.05054,4,848.72,0.0,0
1775252456.0495331,3,851.10,0.0,0
1775252456.05054,6,852.11,0.0,0
1775252456.05054,5,853.11,100.0,0
1775252456.05054,7,855.11,0.0,0
1775252456.0526197,8,854.03,0.0,0
1775252456.106825,9,906.46,10.7,0
1775252456.106825,10,908.55,0.0,0
1775252456.0495331,1,1071.44,1.9,0
1775252456.1640463,11,959.16,33.3,0
1775252456.3702202,12,807.60,9.3,0
1775252456.3707469,13,808.29,0.0,0
1775252456.424817,14,960.41,20.0,0
1775252456.7891393,16,752.97,30.4,0
1775252456.7886298,15,754.47,0.0,0
1775252456.7891393,17,754.97,71.4,0
1775252456.7901514,18,754.96,0.0,0
1775252456.8956032,20,805.83,19.8,0
1775252456.8956032,19,807.34,0.0,0
1775252456.8956032,21,808.34,0.0,0
1775252457.009767,3,698.86,0.0,0
1775252457.009258,2,700.36,0.0,0
1775252457.0107732,4,699.85,0.0,0
1775252457.1181655,5,850.53,25.9,0
1775252457.1758015,7,793.89,0.0,0
1775252457.1758015,6,795.00,0.0,0
1775252457.1768117,8,795.66,0.0,0
1775252457.009767,1,962.71,0.0,0
1775252457.3837123,9,1001.62,7.2,0
1775252457.3837123,10,1003.75,0.0,0
1775252457.5390995,11,848.90,0.0,0
1775252457.5401106,12,848.94,25.0,0
1775252457.6988244,13,745.84,15.5,0
1775252457.6998336,16,745.92,0.0,0
1775252457.6988244,15,748.44,0.0,0
1775252457.6988244,14,749.81,0.0,0
1775252457.706069,17,746.59,87.5,0
1775252457.9654148,18,797.69,8.4,0
1775252457.9676821,19,796.83,0.0,0
1775252458.1772509,3,643.23,41.7,0
1775252458.1772509,4,644.75,0.0,0
1775252458.1762364,2,648.20,0.0,0
1775252458.1772509,5,648.70,100.0,0
1775252458.38374,6,702.40,27.6,0
1775252458.1762364,1,1168.40,2.6,0
1775252458.4411213,8,904.79,0.0,0
1775252458.4411213,7,906.30,0.0,0
1775252458.4411213,9,906.30,0.0,0
1775252458.4423556,10,907.25,0.0,0
1775252458.4501514,11,1005.92,6.1,0
1775252458.4501514,13,1007.92,0.0,0
1775252458.4501514,12,1009.27,0.0,0
1775252458.4501514,14,1009.82,0.0,0
1775252458.4501514,15,1011.84,0.0,0
1775252458.5547903,16,1011.71,5.6,0
1775252458.5563104,17,1012.21,0.0,0
1775252458.7605631,18,862.44,11.1,0
1775252458.7605631,19,865.22,0.0,0
1775252458.8169403,20,1115.94,5.9,0
1775252458.8179612,22,1118.77,40.0,0
1775252458.8169403,21,1120.29,0.0,0
1775252459.0830975,3,855.47,0.0,0
1775252459.0830975,4,856.48,0.0,0
1775252459.0826223,2,857.95,0.0,0
1775252459.0836053,5,857.97,0.0,0
1775252459.3416288,6,910.56,30.8,0
1775252459.4517803,7,801.42,0.0,0
1775252459.452286,8,803.00,0.0,0
1775252459.0826223,1,1173.66,0.0,0
1775252459.5642593,10,798.55,19.6,0
1775252459.5642593,9,799.62,0.0,0
1775252459.6209342,11,847.36,19.3,0
1775252459.6209342,12,849.38,0.0,0
1775252459.9308605,14,594.39,16.7,0
1775252459.9308605,13,595.39,0.0,0
1775252459.9338894,15,899.81,3.1,0
1775252460.1461258,6,742.25,5.7,0
1775252460.1454782,4,745.06,0.0,0
1775252460.1461258,5,745.72,0.0,0
1775252460.1454782,2,747.79,0.0,0
1775252460.1454782,3,749.24,0.0,0
1775252460.147133,7,749.64,0.0,0
1775252460.2505977,8,754.61,15.9,0
1775252460.1449556,1,914.40,4.2,0
1775252460.360306,9,701.25,18.2,0
1775252460.467286,10,649.75,5.6,0
1775252460.5242417,11,646.80,15.2,0
1775252460.8317575,12,394.47,4.1,0
1775252460.886326,13,749.52,7.9,0
1775252460.9995515,14,793.87,1.2,0
1775252460.9995515,16,794.87,62.5,0
1775252461.00056,2,795.27,0.0,0
1775252460.9995515,15,797.78,0.0,0
1775252461.0015607,3,797.99,0.0,0
1775252461.0015607,4,800.05,0.0,0
1775252461.0015607,5,801.69,0.0,0
1775252461.0015607,6,802.82,0.0,0
1775252461.0571086,8,1006.37,5.8,0
1775252461.0571086,7,1008.51,0.0,0
1775252461.0571086,9,1013.63,0.0,0
1775252461.1138182,12,960.49,0.0,0
1775252461.1128113,11,962.83,50.0,0
1775252461.1128113,10,963.83,28.6,0
1775252461.00056,1,1077.16,0.0,0
1775252461.1138182,13,964.82,0.0,0
1775252461.169521,14,1017.25,2.7,0
1775252461.2246106,15,963.16,0.0,0
1775252461.633093,16,965.75,9.0,0
1775252461.790402,17,809.50,0.0,0
1775252461.790402,18,811.70,0.0,0
1775252462.059699,4,650.53,29.8,0
1775252462.0586598,2,652.57,0.0,0
1775252462.059699,3,653.04,0.0,0
1775252462.059699,6,654.61,0.0,0
1775252462.059699,5,655.70,0.0,0
1775252462.059699,7,663.01,41.2,0
1775252462.0723102,8,650.40,0.0,0
1775252462.181273,9,701.61,31.5,0
1775252462.0586598,1,825.23,0.0,0
1775252462.185251,10,700.15,0.0,0
1775252462.3412197,11,854.19,34.3,0
1775252462.5970001,12,600.06,0.0,0
1775252462.7044504,14,902.42,16.8,0
1775252462.7044504,13,903.42,22.2,0
1775252462.7044504,15,904.42,0.0,0
1775252462.7055144,16,904.80,0.0,0
1775252462.7175677,17,946.87,15.1,0
1775252462.7187457,18,948.04,0.0,0
1775252462.7187457,19,949.06,0.0,0
1775252462.7187457,22,950.06,0.0,0
1775252462.7187457,20,951.06,60.0,0
1775252462.719802,24,950.51,0.0,0
1775252462.719802,23,952.02,0.0,0
1775252462.7187457,21,954.08,0.0,0
1775252462.8777726,25,850.04,8.2,0
1775252462.8818188,26,901.52,6.3,0
1775252462.9880705,27,800.48,0.0,0
1775252463.6048613,2,492.51,10.4,0
1775252463.662219,3,845.24,3.6,0
1775252463.662219,5,846.56,0.0,0
1775252463.6632261,6,846.66,0.0,0
1775252463.662219,4,847.67,0.0,0
1775252463.1932912,1,1318.06,0.0,0
1775252463.724489,7,843.68,0.0,0
1775252463.724489,8,845.19,0.0,0
1775252463.724489,9,846.79,0.0,0
1775252463.724489,10,848.00,0.0,0
1775252463.7256255,11,848.77,0.0,0
1775252463.7256255,12,849.90,60.0,0
1775252463.7256255,13,851.28,28.6,0
1775252463.7256255,14,852.77,0.0,0
1775252463.7812686,15,852.39,0.0,0
1775252463.7858953,16,904.24,3.2,0
1775252463.8401139,17,852.81,0.0,0
1775252464.5051706,2,701.54,3.4,0
1775252464.563297,4,850.56,18.8,0
1775252464.563297,3,852.07,0.0,0
1775252464.5643365,5,852.03,0.0,0
1775252464.5643365,6,853.03,0.0,0
1775252464.5643365,8,854.04,0.0,0
1775252464.5643365,7,856.19,42.9,0
1775252464.5653605,9,856.20,0.0,0
1775252464.5653605,10,857.95,0.0,0
1775252464.0958388,1,1328.47,0.0,0
1775252464.6303434,12,849.55,16.7,0
1775252464.6303434,11,852.10,58.3,0
1775252464.6303434,13,852.74,0.0,0
1775252464.6313574,14,853.62,0.0,0
1775252464.6881151,15,850.77,23.1,0
1775252464.6911252,16,903.84,21.5,0
1775252464.745231,17,851.92,0.0,0
1775252465.4111109,2,850.46,13.0,0
1775252465.4111109,3,851.97,40.0,0
1775252465.475786,4,841.99,16.9,0
1775252465.475786,5,843.58,0.0,0
1775252465.477053,6,844.98,0.0,0
1775252465.477053,7,846.62,0.0,0
1775252465.477053,8,848.76,100.0,0
1775252465.477053,9,850.99,76.9,0
1775252465.477053,10,852.61,0.0,0
1775252465.477053,11,854.79,0.0,0
1775252465.477053,12,856.41,0.0,0
1775252465.4783926,13,857.22,0.0,0
1775252465.2047007,1,1132.53,0.0,0
1775252465.5364075,14,856.73,23.1,0
1775252465.592532,15,804.31,0.0,0
1775252465.5955434,16,909.12,4.4,0
1775252465.7003438,17,805.42,0.0,0
1775252466.3156242,2,500.90,4.1,0
1775252466.3892813,3,635.38,2.4,0
1775252466.3903456,7,635.93,0.0,0
1775252466.3903456,6,637.27,0.0,0
1775252466.3898246,4,639.79,50.0,0
1775252466.3898246,5,641.30,0.0,0
1775252466.2605386,1,928.15,6.0,0
1775252466.395296,8,793.39,0.0,0
1775252466.395296,9,795.67,0.0,0
1775252466.395296,10,796.76,0.0,0
1775252466.4998972,11,797.69,1.9,0
1775252466.5004072,12,798.71,0.0,0
1775252466.5004072,13,799.72,0.0,0
1775252466.5036645,14,902.86,10.6,0
1775252466.5036645,15,904.85,0.0,0
1775252466.5581315,16,904.38,6.1,0
1775252466.5591416,17,904.96,0.0,0
1775252466.814423,18,703.19,37.5,0
1775252467.022533,2,1005.63,14.0,0
1775252467.1841476,4,950.12,33.6,0
1775252467.185167,5,950.10,0.0,0
1775252467.1856768,6,951.11,0.0,0
1775252467.1841476,3,954.86,43.8,0
1775252467.1856768,8,955.59,0.0,0
1775252467.1856768,7,956.59,0.0,0
1775252467.1856768,9,958.68,0.0,0
1775252467.1866846,10,959.18,0.0,0
1775252467.1866846,12,960.34,0.0,0
1775252467.1866846,11,961.61,0.0,0
1775252467.2945457,13,912.73,30.3,0
1775252467.0211017,1,1187.43,0.0,0
1775252467.404518,14,859.26,29.2,0
1775252467.4598343,15,909.68,29.9,0
1775252467.5150816,16,858.34,45.5,0
1775252467.5156074,17,859.91,16.7,0
1775252468.1316586,3,704.38,11.6,0
1775252468.1316586,2,705.38,0.0,0
1775252468.2013433,4,743.13,3.6,0
1775252468.2013433,5,745.15,0.0,0
1775252468.2013433,6,747.67,0.0,0
1775252468.2023816,7,748.73,50.0,0
1775252468.2023816,9,749.73,0.0,0
1775252468.2023816,8,752.51,0.0,0
1775252468.0251758,1,930.72,0.0,0
1775252468.2037888,10,757.21,0.0,0
1775252468.261157,11,700.84,0.0,0
1775252468.3684525,12,752.63,1.9,0
1775252468.371195,13,750.90,50.0,0
1775252468.4779205,14,698.78,1.7,0
1775252468.8345194,15,497.17,4.3,0
1775252468.9408245,17,852.09,6.0,0
1775252468.9413352,16,853.58,50.0,0
1775252468.9423413,18,853.58,0.0,0
1775252468.9578934,20,994.24,5.6,0
1775252468.9578934,19,996.25,0.0,0
1775252468.9578934,22,998.27,0.0,0
1775252468.9578934,21,999.26,0.0,0
1775252468.9578934,24,1000.27,0.0,0
1775252468.9578934,23,1002.87,0.0,0
1775252468.9578934,25,1003.88,0.0,0
1775252468.9588904,26,1004.24,0.0,0
1775252468.9588904,27,1005.26,0.0,0
1775252469.063926,3,956.57,3.1,0
1775252469.063926,2,958.24,0.0,0
1775252469.063926,4,958.79,0.0,0
1775252469.1193464,5,1009.57,1.8,0
1775252469.063926,1,1119.36,0.0,0
1775252469.1756995,6,1009.43,75.0,0
1775252469.3305552,7,908.78,0.0,0
1775252469.7899082,8,757.23,21.0,0
1775252469.9499807,12,703.32,30.2,0
1775252469.948958,9,706.35,35.7,0
1775252469.948958,10,707.35,0.0,0
1775252469.948958,11,708.85,0.0,0
1775252469.9499807,13,709.42,0.0,0
1775252469.9499807,14,710.43,0.0,0
1775252470.0163178,2,699.21,14.6,0
1775252470.0163178,3,701.82,27.3,0
1775252470.1269212,4,695.46,20.4,0
1775252470.1811485,5,696.43,23.1,0
1775252470.0163178,1,862.48,0.0,0
1775252470.2371466,6,746.23,23.8,0
1775252470.5456126,7,593.11,4.3,0
1775252470.5456126,8,595.11,0.0,0
1775252470.6512434,10,697.98,2.8,0
1775252470.6512434,11,699.49,0.0,0
1775252470.6512434,9,700.50,0.0,0
1775252470.712402,12,694.44,3.2,0
1775252470.7129107,13,695.93,0.0,0
1775252470.7140174,14,695.83,0.0,0
1775252470.7140174,15,697.83,0.0,0
1775252470.8205466,16,596.55,0.0,0
1775252470.8763227,17,648.33,3.5,0
1775252470.9810028,18,544.66,0.0,0
1775252471.3451285,4,692.94,10.5,0
1775252471.3451285,2,693.94,0.0,0
1775252471.3451285,5,695.39,0.0,0
1775252471.3451285,3,696.44,0.0,0
1775252471.3461425,6,696.81,0.0,0
1775252471.3471391,7,697.02,0.0,0
1775252471.3471391,9,698.18,37.5,0
1775252471.3471391,8,699.18,0.0,0
1775252471.4042234,10,1001.37,4.8,0
1775252471.1367137,1,1271.39,0.0,0
1775252471.4133475,11,1098.11,5.2,0
1775252471.4133475,12,1100.63,12.5,0
1775252471.4133475,14,1102.13,0.0,0
1775252471.4133475,15,1104.39,0.0,0
1775252471.4133475,13,1105.39,0.0,0
1775252471.4133475,16,1107.89,0.0,0
1775252471.4153564,17,1106.96,0.0,0
1775252471.5196066,18,1059.07,19.0,0
1775252471.5196066,19,1060.08,0.0,0
1775252471.5231473,20,1110.73,2.0,0
1775252471.9325767,21,704.81,0.0,0
1775252472.401575,2,697.62,6.9,0
1775252472.4025958,5,698.35,0.0,0
1775252472.4025958,4,700.38,0.0,0
1775252472.401575,3,702.42,0.0,0
1775252472.4036162,7,701.40,0.0,0
1775252472.4036162,6,703.49,84.6,0
1775252472.4036162,8,704.91,0.0,0
1775252472.5103166,9,655.32,26.5,0
1775252472.036017,1,1131.63,0.0,0
1775252472.5751534,10,595.90,37.5,0
1775252472.631701,11,799.09,44.3,0
1775252472.6353803,12,797.45,0.0,0
1775252472.6363864,13,797.70,0.0,0
1775252472.9931915,14,443.98,35.3,0
1775252472.9931915,15,446.19,0.0,0
1775252473.1606755,2,793.01,18.5,0
1775252473.1612618,3,795.04,0.0,0
1775252473.1612618,4,796.15,0.0,0
1775252473.1612618,5,798.42,0.0,0
1775252473.1627765,6,798.26,0.0,0
1775252473.1627765,8,799.38,0.0,0
1775252473.1627765,7,800.89,0.0,0
1775252473.1627765,9,801.90,0.0,0
1775252473.1627765,10,802.90,0.0,0
1775252473.1627765,11,802.90,0.0,0
1775252473.1689997,12,957.97,4.0,0
1775252473.0962338,1,1031.31,0.0,0
1775252473.3262935,13,802.26,0.0,0
1775252473.4292367,14,806.88,4.5,0
1775252473.4350815,15,802.04,0.0,0
1775252473.949679,16,751.70,14.4,0
1775252473.9516945,17,750.89,0.0,0
1775252474.1198416,2,639.61,1.9,0
1775252474.1198416,3,640.96,0.0,0
1775252474.1204984,4,642.50,0.0,0
1775252474.1204984,5,644.08,28.6,0
1775252474.1204984,6,645.66,0.0,0
1775252474.1212118,7,646.13,0.0,0
1775252474.1212118,8,648.38,0.0,0
1775252474.1247308,9,853.80,10.5,0
1775252474.2315094,12,852.02,11.5,0
1775252474.2315094,10,853.53,0.0,0
1775252474.1193361,1,967.12,0.0,0
1775252474.2315094,11,856.95,0.0,0
1775252474.2325432,13,911.88,18.8,0
1775252474.2351077,14,911.32,0.0,0
1775252474.341686,15,909.67,8.4,0
1775252474.342304,16,1114.61,6.6,0
1775252474.6987627,17,760.18,0.0,0
1775252474.7559628,21,1061.99,18.1,0
1775252474.7559628,19,1063.50,0.0,0
1775252474.7559628,20,1065.01,0.0,0
1775252474.7554536,18,1066.58,0.0,0
1775252474.9753902,27,852.08,83.3,0
1775252474.9753902,24,854.32,0.0,0
1775252474.9742825,23,855.42,0.0,0
1775252474.9742825,22,858.01,0.0,0
1775252474.9753902,26,858.40,0.0,0
1775252474.9753902,25,859.91,0.0,0
1775252474.9753902,28,861.40,0.0,0
1775252475.142,2,855.80,37.4,0
1775252475.0815172,1,1021.59,44.6,0
1775252475.2488372,3,857.43,0.0,0
1775252475.4548986,4,807.13,48.4,0
1775252475.4559145,5,808.79,35.7,0
1775252475.8145237,6,707.34,22.4,0
1775252475.8155282,7,707.36,0.0,0
1775252475.8155282,8,709.87,0.0,0
1775252475.8234959,9,908.27,2.9,0
1775252475.8244967,10,908.65,9.1,0
1775252475.825006,11,909.87,0.0,0
1775252475.825006,12,910.48,0.0,0
1775252475.825006,13,912.95,0.0,0
1775252475.888964,16,905.66,2.0,0
1775252475.888964,14,907.66,11.1,0
1775252475.888964,15,909.30,0.0,0
1775252475.8904486,17,908.81,0.0,0
1775252475.995772,18,807.28,0.0,0
1775252476.2599943,2,598.79,3.2,0
1775252476.5207748,3,699.79,2.4,0
1775252476.1015658,1,1120.10,0.0,0
1775252476.7292235,4,493.46,0.0,0
1775252476.7900858,5,741.89,5.9,0
1775252476.7910924,7,741.88,0.0,0
1775252476.7900858,6,743.89,0.0,0
1775252476.792096,8,743.39,0.0,0
1775252476.7997692,9,893.52,2.5,0
1775252476.8007703,11,894.52,0.0,0
1775252476.8007703,10,895.52,0.0,0
1775252476.8007703,13,897.03,0.0,0
1775252476.8014054,14,897.90,0.0,0
1775252476.8007703,12,899.74,50.0,0
1775252476.8014054,15,956.25,0.0,0
1775252476.8545527,16,904.61,0.0,0
1775252476.855078,17,905.33,0.0,0
1775252476.8573837,18,908.03,31.2,0
1775252477.218528,2,906.83,10.4,0
1775252477.528955,3,804.19,14.8,0
1775252477.528955,4,805.19,0.0,0
1775252477.5299606,5,805.19,0.0,0
1775252477.5299606,6,806.33,0.0,0
1775252477.012782,1,1325.81,0.0,0
1775252477.5299606,7,808.63,0.0,0
1775252477.6895025,8,858.22,41.6,0
1775252477.690211,9,860.02,0.0,0
1775252477.690211,10,861.02,0.0,0
1775252477.690211,11,862.02,0.0,0
1775252477.753564,12,803.67,0.0,0
1775252477.75458,14,803.65,0.0,0
1775252477.75458,13,805.72,0.0,0
1775252477.75458,15,806.82,31.2,0
1775252477.763239,16,907.05,36.0,0
1775252477.817803,17,854.10,0.0,0
1775252478.330141,2,904.88,24.9,0
1775252478.543648,3,797.40,10.8,0
1775252478.5452108,4,796.97,60.0,0
1775252478.5452108,6,797.97,0.0,0
1775252478.5452108,5,799.33,0.0,0
1775252478.5452108,7,800.34,0.0,0
1775252478.5452108,8,801.85,0.0,0
1775252478.5452108,9,802.86,0.0,0
1775252478.5462112,10,803.36,0.0,0
1775252478.5462112,11,804.79,0.0,0
1775252478.124345,1,1226.66,0.0,0
1775252478.554234,12,853.08,22.4,0
1775252478.554234,13,855.11,0.0,0
1775252478.6656923,14,798.32,2.1,0
1775252478.6687706,15,850.22,0.0,0
1775252478.725366,16,796.65,0.0,0
1775252479.3384,2,593.76,16.8,0
1775252479.402826,3,838.91,4.1,0
1775252479.402826,4,840.95,0.0,0
1775252479.402826,6,842.18,0.0,0
1775252479.402826,5,843.18,0.0,0
1775252479.4038377,7,843.67,0.0,0
1775252479.4038377,8,843.67,12.5,0
1775252479.233488,1,1015.62,0.0,0
1775252479.4608388,9,895.20,7.5,0
1775252479.4608388,10,897.20,16.7,0
1775252479.4618566,14,897.24,0.0,0
1775252479.4608388,11,899.57,0.0,0
1775252479.4618566,13,899.74,0.0,0
1775252479.4608388,12,902.28,0.0,0
1775252479.5156007,15,902.32,15.7,0
1775252479.516612,16,903.82,16.7,0
1775252479.5194955,17,956.06,1.9,0
1775252479.5744605,18,904.12,0.0,0
1775252480.3508952,2,592.02,20.2,0
1775252480.3519142,4,592.00,0.0,0
1775252480.3508952,3,595.02,0.0,0
1775252480.3525667,6,593.35,0.0,0
1775252480.3519142,5,595.40,0.0,0
1775252480.3525667,8,596.34,0.0,0
1775252480.3525667,7,597.42,0.0,0
1775252480.3525667,9,598.89,45.5,0
1775252480.353945,10,705.48,20.0,0
1775252480.4157672,11,646.95,41.2,0
1775252480.2401273,1,824.35,0.0,0
1775252480.48009,12,744.13,34.1,0
1775252480.8869872,13,338.72,0.0,0
1775252480.8869872,14,341.19,0.0,0
1775252480.9399097,15,748.15,18.1,0
1775252481.0549536,3,634.10,0.0,0
1775252481.0549536,2,636.10,0.0,0
1775252481.0549536,4,637.10,0.0,0
1775252481.0549536,5,639.10,0.0,0
1775252481.0549536,6,640.10,0.0,0
1775252481.0560176,7,640.04,0.0,0
1775252481.0560176,8,641.54,0.0,0
1775252481.0560176,9,643.27,0.0,0
1775252481.0609844,10,747.08,0.0,0
1775252481.0539093,1,755.67,0.0,0
1775252481.2212114,11,645.47,9.4,0
1775252481.6842282,12,390.42,4.3,0
1775252481.6860554,13,389.60,71.4,0
1775252481.802315,15,379.99,2.8,0
1775252481.8017962,14,381.86,0.0,0
1775252481.802315,16,437.51,10.9,0
1775252481.8064692,17,434.91,0.0,0
1775252481.8614552,18,434.15,14.8,0
1775252481.864017,19,690.19,3.1,0
1775252481.9691017,20,587.78,0.0,0
1775252481.9696074,21,589.45,0.0,0
1775252481.9696074,22,590.48,0.0,0
1775252481.9696074,24,590.48,20.0,0
1775252481.9696074,23,591.54,0.0,0
1775252482.1796231,3,487.35,7.9,0
1775252482.1786134,2,489.36,0.0,0
1775252482.2368112,7,739.60,7.5,0
1775252482.2368112,5,741.60,0.0,0
1775252482.2368112,6,743.10,0.0,0
1775252482.2378178,4,742.10,0.0,0
1775252482.2935965,8,687.94,71.4,0
1775252482.1780953,1,805.91,0.0,0
1775252482.552198,9,539.83,9.5,0
1775252482.6644557,10,430.75,0.0,0
1775252482.9855156,11,321.15,2.8,0
1775252482.9855156,12,322.15,0.0,0
1775252482.9855156,13,323.15,0.0,0
1775252482.9855156,14,325.67,22.2,0
1775252483.0967982,2,327.86,6.7,0
1775252483.0385828,1,387.16,0.0,0
1775252483.302631,3,636.22,21.6,0
1775252483.312182,4,681.61,29.4,0
1775252483.3131857,5,682.59,0.0,0
1775252483.3148308,8,682.47,0.0,0
1775252483.313695,7,684.73,47.1,0
1775252483.313695,6,686.10,0.0,0
1775252483.3148308,9,686.09,0.0,0
1775252483.3153462,10,687.01,0.0,0
1775252483.3153462,11,689.04,0.0,0
1775252483.3153462,12,690.19,0.0,0
1775252483.3174405,13,794.13,20.4,0
1775252483.4198322,14,745.42,16.7,0
1775252483.4208815,15,746.38,0.0,0
1775252483.4226136,16,950.99,5.8,0
1775252483.4779475,17,950.80,6.5,0
1775252483.478455,19,951.30,0.0,0
1775252483.478455,18,952.95,0.0,0
1775252483.479462,20,953.72,0.0,0
1775252483.9375856,21,553.70,7.7,0
1775252483.9927866,22,501.50,0.0,0
1775252484.1637204,2,743.52,2.8,0
1775252484.370905,3,593.68,2.1,0
1775252484.3714175,4,594.18,0.0,0
1775252484.3714175,6,595.18,16.7,0
1775252484.3714175,5,596.78,0.0,0
1775252484.3714175,7,598.30,0.0,0
1775252484.3714175,8,599.81,0.0,0
1775252484.1080554,1,864.18,0.0,0
1775252484.42628,9,955.73,5.0,0
1775252484.4860935,10,1051.57,30.2,0
1775252484.486601,12,1053.40,0.0,0
1775252484.486601,14,1054.82,0.0,0
1775252484.486601,16,1057.19,0.0,0
1775252484.486601,15,1059.31,68.8,0
1775252484.486601,11,1060.82,0.0,0
1775252484.486601,13,1063.41,0.0,0
1775252484.4880855,17,1062.93,0.0,0
1775252484.4922862,18,1115.95,32.3,0
1775252484.4922862,19,1117.95,0.0,0
1775252484.4932964,20,1118.45,0.0,0
1775252484.5471284,21,1119.82,43.8,0
1775252484.9034944,22,920.75,49.1,0
1775252484.9595904,23,1071.14,26.9,0
1775252484.9595904,24,1072.14,0.0,0
1775252484.9595904,25,1073.24,0.0,0
1775252485.378977,2,709.91,5.8,0
1775252485.378977,3,711.02,0.0,0
1775252485.378977,4,712.50,83.3,0
1775252485.378977,5,713.99,0.0,0
1775252485.5361466,6,664.56,19.8,0
1775252485.3779676,1,927.56,25.9,0
1775252485.6049178,7,704.47,0.0,0
1775252485.6640604,8,702.32,53.1,0
1775252485.6640604,9,705.12,0.0,0
1775252485.8218868,10,605.32,95.7,0
1775252486.0281854,2,657.04,33.7,0
1775252486.085114,4,1110.70,6.7,0
1775252486.0846102,3,1113.72,0.0,0
1775252486.085114,5,1114.73,0.0,0
1775252486.0856795,6,1115.17,70.0,0
1775252486.0856795,7,1116.24,0.0,0
1775252486.195477,8,1060.71,1.9,0
1775252486.195477,9,1062.71,0.0,0
1775252486.195477,10,1063.99,0.0,0
1775252486.195477,11,1065.20,0.0,0
1775252486.1975615,12,1064.18,0.0,0
1775252486.1975615,13,1065.63,0.0,0
1775252486.1975615,14,1066.65,35.7,0
1775252486.1975615,15,1068.14,0.0,0
1775252486.1975615,16,1069.18,0.0,0
1775252486.0281854,1,1239.56,0.0,0
1775252486.3043191,17,1020.15,0.0,0
1775252486.3635683,18,964.72,12.5,0
1775252486.4241889,19,961.94,10.4,0
1775252487.2541454,2,592.96,19.3,0
1775252487.3189015,3,634.48,12.4,0
1775252487.3189015,4,636.90,0.0,0
1775252487.320066,6,637.14,0.0,0
1775252487.3189015,5,640.66,0.0,0
1775252487.320066,7,641.14,0.0,0
1775252487.3206682,8,642.15,0.0,0
1775252487.3212807,9,643.79,0.0,0
1775252487.3212807,10,644.86,0.0,0
1775252487.194799,1,826.46,36.9,0
1775252487.3266704,11,695.59,0.0,0
1775252487.3817978,12,643.98,0.0,0
1775252487.384001,13,747.40,12.5,0
1775252487.4383962,14,694.02,0.0,0
1775252487.8453808,15,1052.30,17.9,0
1775252487.9501874,16,949.01,0.0,0
1775252487.9512305,17,950.76,0.0,0
1775252487.9512305,18,953.16,60.0,0
1775252488.0177286,2,945.04,51.0,0
1775252488.0177286,3,946.05,0.0,0
1775252488.0182347,4,948.07,37.5,0
1775252488.0182347,5,950.09,0.0,0
1775252488.0182347,7,952.81,0.0,0
1775252488.0182347,6,955.48,0.0,0
1775252488.0182347,8,958.11,0.0,0
1775252488.0182347,9,960.10,0.0,0
1775252488.0182347,10,961.68,0.0,0
1775252488.0182347,11,964.28,60.0,0
1775252488.0182347,12,965.29,0.0,0
1775252488.0242653,13,1068.55,34.5,0
1775252488.0172236,1,1131.70,44.9,0
1775252488.1288555,14,1021.53,0.0,0
1775252488.1298506,15,1076.85,31.2,0
1775252488.33664,16,924.70,31.2,0
1775252488.8947892,17,623.30,46.2,0
1775252488.9572148,18,718.16,35.0,0
1775252488.9577222,19,718.65,0.0,0
1775252488.9587336,21,720.16,0.0,0
1775252488.9577222,20,722.68,0.0,0
1775252488.9587336,22,723.18,0.0,0
1775252489.088768,2,646.53,6.5,0
1775252489.088768,3,647.54,0.0,0
1775252489.088768,4,648.54,0.0,0
1775252489.1470299,5,693.67,8.4,0
1775252489.0882585,1,806.75,7.6,0
1775252489.203813,6,692.51,0.0,0
1775252489.2588172,7,640.01,0.0,0
1775252489.517083,8,487.60,3.6,0
1775252489.6738498,9,385.41,0.0,0
1775252489.733289,10,329.63,6.7,0
1775252489.8939514,11,378.25,2.4,0
1775252489.897824,13,375.40,0.0,0
1775252489.897824,12,376.40,0.0,0
1775252489.950369,14,431.46,2.7,0
1775252489.950369,15,536.04,1.9,0
1775252489.950369,16,537.05,0.0,0
1775252490.0572448,3,687.75,6.2,0
1775252490.0572448,2,688.76,0.0,0
1775252490.0572448,4,844.45,4.3,0
1775252490.061401,5,841.31,0.0,0
1775252490.061401,6,843.85,20.0,0
1775252490.061401,7,844.85,0.0,0
1775252490.061401,8,846.08,0.0,0
1775252490.2171502,9,692.33,0.0,0
1775252490.2171502,10,693.48,0.0,0
1775252490.0572448,1,854.39,0.0,0
1775252490.3770876,12,947.77,1.4,0
1775252490.3770876,11,949.44,20.0,0
1775252490.3770876,13,951.08,0.0,0
1775252490.378223,14,951.53,0.0,0
1775252490.378223,15,952.07,0.0,0
1775252490.378223,17,954.06,0.0,0
1775252490.378223,16,955.70,0.0,0
1775252490.3797581,18,1010.37,5.5,0
1775252490.4853919,19,907.14,0.0,0
1775252490.9084835,20,588.88,11.9,0
1775252490.9084835,21,591.64,0.0,0
1775252491.3868499,3,321.40,9.9,0
1775252491.385835,2,323.42,0.0,0
1775252491.3911338,4,321.77,0.0,0
1775252491.3911338,5,322.78,0.0,0
1775252491.385835,1,433.73,14.3,0
1775252491.501122,6,321.27,0.0,0
1775252491.7114015,7,266.99,21.7,0
1775252491.7114015,8,269.51,0.0,0
1775252491.7114015,9,271.61,33.3,0
1775252491.7662969,10,270.49,13.5,0
1775252492.0387857,2,111.24,21.4,0
1775252492.0398455,3,216.92,54.4,0
1775252492.0356214,1,274.62,31.0,0
1775252492.0410433,4,270.27,0.0,0
1775252492.0422873,5,325.12,9.6,0
1775252492.044511,6,327.65,100.0,0
1775252492.096427,7,332.86,1.6,0
1775252492.2556596,8,280.67,13.4,0
1775252492.3092122,9,228.35,0.0,0
1775252492.3633242,10,788.99,6.4,0
1775252492.3685062,11,783.80,0.0,0
1775252492.3695056,14,784.81,60.0,0
1775252492.3685062,12,786.82,0.0,0
1775252492.3685062,13,787.82,0.0,0
1775252492.3695056,15,787.40,0.0,0
1775252492.3700135,16,787.90,0.0,0
1775252492.3705213,17,789.40,0.0,0
1775252492.3705213,18,790.62,0.0,0
1775252492.3705213,19,791.62,0.0,0
1775252492.3711567,21,791.98,0.0,0
1775252492.3711567,20,791.98,0.0,0
1775252492.4252021,22,797.48,9.2,0
1775252492.53145,24,1050.89,2.7,0
1775252492.53145,23,1050.89,0.0,0
1775252492.5340934,25,1049.24,0.0,0
1775252493.1490448,3,540.32,6.1,0
1775252493.1480339,2,543.32,0.0,0
1775252493.1490448,4,543.33,0.0,0
1775252493.1490448,5,543.33,0.0,0
1775252493.1501143,6,802.75,8.4,0
1775252493.151273,7,803.59,0.0,0
1775252493.215375,8,794.61,6.1,0
1775252493.215375,10,796.62,0.0,0
1775252493.2163835,11,796.61,0.0,0
1775252493.215375,9,800.00,12.5,0
1775252493.1480339,1,868.44,0.0,0
1775252493.2205603,12,852.03,0.0,0
1775252493.376117,13,752.30,0.0,0
1775252493.5802956,14,705.00,2.5,0
1775252493.6866164,15,804.10,23.1,0
1775252493.6866164,16,806.39,0.0,0
1775252493.6876283,17,806.40,0.0,0
1775252493.9479556,18,701.09,21.1,0
1775252493.949633,19,701.78,0.0,0
1775252493.949633,21,703.35,0.0,0
1775252493.949633,20,704.35,75.0,0
1775252494.0068758,3,803.69,32.7,0
1775252494.0068758,2,805.91,0.0,0
1775252494.0068758,4,807.01,0.0,0
1775252494.0696406,5,849.17,20.8,0
1775252494.0701475,6,850.28,33.3,0
1775252494.0706582,7,851.36,0.0,0
1775252494.1264124,8,798.52,0.0,0
1775252494.0068758,1,919.14,0.0,0
1775252494.4897273,9,697.66,10.7,0
1775252494.6473424,10,595.37,1.9,0
1775252494.6485407,13,595.17,0.0,0
1775252494.6473424,11,597.37,0.0,0
1775252494.6473424,12,598.37,0.0,0
1775252494.8075109,14,493.15,10.6,0
1775252494.9161887,15,439.61,6.2,0
1775252494.9230223,16,792.35,5.9,0
1775252494.9781225,19,742.42,12.5,0
1775252494.9781225,17,744.10,0.0,0
1775252494.9781225,18,745.42,0.0,0
1775252494.9781225,20,746.93,0.0,0
1775252494.9781225,21,748.22,0.0,0
1775252494.9796388,22,747.90,0.0,0
1775252494.980275,23,748.30,0.0,0
1775252495.2407234,2,799.61,13.7,0
1775252495.2985578,6,897.84,3.8,0
1775252495.298021,5,899.39,0.0,0
1775252495.298021,4,900.96,0.0,0
1775252495.2974784,3,903.50,66.7,0
1775252495.1853461,1,1016.66,16.7,0
1775252495.3533258,7,954.97,4.9,0
1775252495.3533258,8,956.03,0.0,0
1775252495.354335,9,957.02,23.1,0
1775252495.7126045,10,702.63,21.0,0
1775252495.713334,11,703.99,0.0,0
1775252495.7185376,13,905.93,17.3,0
1775252495.7175198,12,908.33,0.0,0
1775252495.7802896,16,850.05,0.0,0
1775252495.7802896,14,852.07,0.0,0
1775252495.7802896,15,853.58,0.0,0
1775252495.7812955,17,854.09,0.0,0
1775252496.1935737,2,550.22,19.5,0
1775252496.1940987,3,551.70,0.0,0
1775252496.0375476,1,1122.84,16.6,0
1775252496.30615,5,855.88,0.0,0
1775252496.3051386,4,858.51,0.0,0
1775252496.30615,6,859.11,0.0,0
1775252496.4131298,9,753.21,0.0,0
1775252496.4131298,7,754.82,0.0,0
1775252496.4131298,10,756.42,0.0,0
1775252496.4131298,8,757.48,31.2,0
1775252496.62214,11,813.31,33.1,0
1775252496.6226444,12,815.02,0.0,0
1775252496.6288395,13,810.12,0.0,0
1775252496.7379751,15,759.48,35.3,0
1775252496.7379751,14,760.01,41.7,0
1775252496.7417974,16,864.24,28.0,0
1775252497.1531513,2,507.56,43.8,0
1775252497.154215,3,509.05,0.0,0
1775252497.1574576,4,914.63,9.8,0
1775252497.32537,5,751.77,25.0,0
1775252497.32537,6,754.22,0.0,0
1775252497.3263795,7,754.27,0.0,0
1775252497.3263795,8,755.32,0.0,0
1775252497.3263795,9,756.37,0.0,0
1775252497.3263795,10,757.42,0.0,0
1775252497.1526167,1,931.71,0.0,0
1775252497.3284569,11,757.40,0.0,0
1775252497.432798,12,761.96,12.5,0
1775252497.4949148,13,700.85,0.0,0
1775252497.6023226,14,701.96,18.8,0
1775252497.659103,15,645.82,0.0,0
1775252498.0742192,2,948.39,7.7,0
1775252498.1882486,3,888.78,6.9,0
1775252498.1887536,4,890.33,0.0,0
1775252498.1887536,8,891.85,0.0,0
1775252498.1887536,6,892.85,0.0,0
1775252498.1887536,5,893.92,0.0,0
1775252498.1887536,7,895.48,0.0,0
1775252498.1887536,9,897.89,0.0,0
1775252498.1907685,10,896.88,0.0,0
1775252498.1917603,11,896.89,0.0,0
1775252498.1917603,12,897.89,0.0,0
1775252498.1917603,13,898.89,0.0,0
1775252498.1917603,14,898.89,0.0,0
1775252498.069825,1,1021.82,33.3,0
1775252498.193762,15,1003.73,11.8,0
1775252498.2990124,16,901.48,0.0,0
1775252498.301025,17,900.96,22.2,0
1775252498.3020236,18,1056.54,9.7,0
1775252498.3575506,19,1001.02,0.0,0
1775252498.3590674,20,1000.53,0.0,0
1775252499.0746877,2,749.08,18.6,0
1775252499.1939652,3,736.42,27.4,0
1775252499.1939652,4,738.44,0.0,0
1775252499.194989,5,738.48,0.0,0
1775252499.194989,6,740.02,100.0,0
1775252499.194989,7,741.55,26.7,0
1775252499.194989,8,742.57,0.0,0
1775252499.194989,9,744.09,0.0,0
1775252499.194989,10,745.62,0.0,0
1775252499.1990018,11,798.77,27.4,0
1775252499.0204835,1,979.33,0.0,0
1775252499.3554296,12,699.65,32.7,0
1775252499.3564267,13,805.48,40.4,0
1775252499.4119804,14,805.23,47.0,0
1775252499.4119804,15,807.88,0.0,0
1775252499.8195932,16,607.73,33.5,0
1775252499.927613,19,910.19,13.9,0
1775252499.9265203,18,912.70,0.0,0
1775252499.9265203,17,914.78,0.0,0
1775252499.927613,20,914.69,20.0,0
1775252499.994188,22,852.13,0.0,0
1775252499.9931648,21,855.17,0.0,0
1775252499.9947057,23,854.13,0.0,0
1775252499.9947057,24,855.14,0.0,0
1775252499.9952252,25,855.62,0.0,0
1775252499.9952252,26,856.62,0.0,0
1775252499.9952252,27,857.62,0.0,0
1775252499.9952252,28,858.62,0.0,0
1775252500.160526,2,752.80,22.7,0
1775252500.2156584,3,854.99,21.7,0
1775252500.053035,1,1018.12,0.0,0
1775252500.425073,4,647.41,0.0,0
1775252500.8351538,5,803.36,9.9,0
1775252500.844314,6,795.22,14.3,0
1775252500.844314,8,796.24,0.0,0
1775252500.844314,7,797.23,0.0,0
1775252500.9057956,10,843.62,6.3,0
1775252500.9068203,12,844.70,0.0,0
1775252500.9057956,9,847.72,0.0,0
1775252500.9057956,11,849.72,0.0,0
1775252500.9068203,13,849.69,0.0,0
1775252500.9068203,14,851.49,0.0,0
1775252500.9068203,15,853.75,0.0,0
1775252500.9108193,16,904.87,0.0,0
1775252500.9108193,17,906.88,0.0,0
1775252501.067125,2,805.82,5.7,0
1775252501.0681245,3,1061.56,28.8,0
1775252501.2763853,4,907.60,16.7,0
1775252501.277002,5,908.03,50.0,0
1775252501.27755,6,908.89,0.0,0
1775252501.0661185,1,1121.68,0.0,0
1775252501.2786558,7,910.56,0.0,0
1775252501.6361141,8,812.93,26.2,0
1775252501.745134,10,912.89,52.0,0
1775252501.745134,11,914.47,0.0,0
1775252501.745134,9,916.48,0.0,0
1775252501.7461476,12,916.97,0.0,0
1775252501.7471473,13,916.98,0.0,0
1775252501.811751,15,910.11,30.8,0
1775252501.8127599,16,912.85,0.0,0
1775252501.811751,14,915.25,0.0,0
1775252501.8127599,17,916.26,0.0,0
1775252501.8706682,18,862.49,26.7,0
1775252502.1816978,2,964.18,28.4,0
1775252502.443926,3,807.66,7.1,0
1775252502.4444504,4,808.34,0.0,0
1775252502.4444504,5,809.56,0.0,0
1775252502.4444504,6,810.84,0.0,0
1775252502.4454596,7,810.88,0.0,0
1775252502.4464614,8,810.89,0.0,0
1775252502.1281755,1,1129.17,0.0,0
1775252502.6543925,9,810.32,29.7,0
1775252502.6543925,10,812.48,50.0,0
1775252502.7164009,11,805.77,1.9,0
1775252502.7164009,12,807.77,0.0,0
1775252502.7174199,13,807.32,0.0,0
1775252502.7184978,14,808.25,0.0,0
1775252502.7305257,15,851.01,15.6,0
1775252502.787524,16,796.22,0.0,0
1775252503.249974,2,492.62,17.3,0
1775252503.4612265,3,334.37,9.4,0
1775252503.1446497,1,652.45,0.0,0
1775252503.518373,4,538.19,8.2,0
1775252503.5790048,7,736.54,4.8,0
1775252503.5784972,5,739.05,0.0,0
1775252503.5790048,8,739.55,0.0,0
1775252503.5790048,6,740.55,0.0,0
1775252503.5790048,9,742.12,0.0,0
1775252503.5825424,10,845.72,7.3,0
1775252503.5825424,12,847.81,0.0,0
1775252503.5825424,11,849.84,0.0,0
1775252503.5825424,13,850.84,0.0,0
1775252503.5825424,14,851.84,0.0,0
1775252503.6356177,15,853.72,3.2,0
1775252503.6366305,16,854.71,0.0,0
1775252503.7402437,17,856.97,0.0,0
1775252503.7945702,18,906.60,11.9,0
1775252503.7945702,19,907.81,0.0,0
1775252504.0524757,2,704.73,9.8,0
1775252504.0555263,3,703.68,0.0,0
1775252504.3119175,4,959.27,7.9,0
1775252504.4242089,6,901.74,21.3,0
1775252504.4242089,7,904.31,0.0,0
1775252504.425222,9,904.39,0.0,0
1775252504.4242089,8,906.54,0.0,0
1775252504.425222,10,906.96,0.0,0
1775252504.425222,11,908.30,0.0,0
1775252504.423649,5,911.38,0.0,0
1775252504.4262266,12,910.31,0.0,0
1775252504.0524757,1,1285.05,0.0,0
1775252504.4262266,13,913.30,0.0,0
1775252504.4862888,14,909.43,31.2,0
1775252504.595457,15,855.86,37.5,0
1775252504.700158,16,807.30,57.1,0
1775252504.755598,17,754.87,0.0,0
1775252505.3228722,2,853.30,16.0,0
1775252505.3228722,4,854.31,0.0,0
1775252505.3228722,3,855.31,0.0,0
1775252505.391122,5,841.44,7.3,0
1775252505.391122,6,843.95,0.0,0
1775252505.3921266,8,844.56,0.0,0
1775252505.3921266,7,845.97,0.0,0
1775252505.3921266,9,847.95,0.0,0
1775252505.3931332,10,848.20,0.0,0
1775252505.3931332,11,849.21,0.0,0
1775252505.3931332,12,851.21,0.0,0
1775252505.3931332,13,852.72,0.0,0
1775252505.268111,1,977.75,0.0,0
1775252505.4484398,14,855.62,6.2,0
1775252505.5044842,15,854.80,28.8,0
1775252505.5084667,16,855.14,0.0,0
1775252505.665291,17,805.05,19.6,0
1775252506.2305596,2,647.76,5.7,0
1775252506.2989893,3,789.41,10.5,0
1775252506.2989893,5,790.42,0.0,0
1775252506.2989893,4,792.44,0.0,0
1775252506.2989893,6,793.44,28.6,0
1775252506.3000047,7,793.42,0.0,0
1775252506.3010054,9,792.42,0.0,0
1775252506.3010054,8,793.60,0.0,0
1775252506.1745086,1,921.12,0.0,0
1775252506.357102,11,846.08,9.6,0
1775252506.356582,10,848.84,0.0,0
1775252506.357102,12,849.32,0.0,0
1775252506.3576198,13,849.80,0.0,0
1775252506.3603644,14,901.30,0.0,0
1775252506.3619819,15,902.26,11.1,0
1775252506.415834,16,955.02,1.0,0
1775252506.416373,17,957.93,15.4,0
1775252506.4688349,18,906.56,100.0,0
1775252506.8773065,19,1062.71,18.8,0
1775252507.0841515,2,857.86,0.0,0
1775252507.0851614,3,857.85,0.0,0
1775252507.199111,5,850.12,17.5,0
1775252507.199111,6,851.22,0.0,0
1775252507.198598,4,852.81,0.0,0
1775252507.199111,8,853.50,0.0,0
1775252507.199111,7,854.55,0.0,0
1775252507.199111,9,856.01,0.0,0
1775252507.2006192,11,855.51,0.0,0
1775252507.2006192,10,857.01,0.0,0
1775252507.0841515,1,1029.01,23.4,0
1775252507.2596307,12,856.06,0.0,0
1775252507.3687012,13,801.02,33.3,0
1775252507.3724713,14,905.10,17.8,0
1775252507.5291417,15,804.50,78.8,0
1775252507.5296488,16,805.62,0.0,0
1775252507.936912,17,656.01,22.3,0
1775252508.045627,2,702.89,1.3,0
1775252508.045627,3,703.40,0.0,0
1775252508.045627,4,706.50,0.0,0
1775252508.045627,5,707.54,0.0,0
1775252508.047143,6,707.32,0.0,0
1775252508.110445,9,700.96,9.4,0
1775252508.110445,8,702.47,0.0,0
1775252508.1099203,7,704.58,0.0,0
1775252508.045627,1,772.53,0.0,0
1775252508.2756455,10,600.15,9.4,0
1775252508.5909057,11,542.94,3.5,0
1775252508.746061,12,646.19,2.6,0
1775252508.8073978,14,585.85,0.0,0
1775252508.8073978,13,588.01,0.0,0
1775252508.8073978,15,589.81,0.0,0
1775252508.8155122,16,738.63,8.9,0
1775252508.8155122,18,739.64,0.0,0
1775252508.8155122,17,741.03,0.0,0
1775252508.8155122,20,743.38,0.0,0
1775252508.8155122,19,745.00,46.2,0
1775252508.8155122,21,748.93,0.0,0
1775252508.871016,22,694.43,0.0,0
1775252508.871016,23,695.54,0.0,0
1775252508.928223,24,745.23,14.4,0
1775252508.928223,25,747.24,0.0,0
1775252509.388463,2,596.01,8.4,0
1775252509.3895733,3,596.41,0.0,0
1775252509.3895733,4,597.92,0.0,0
1775252509.3895733,5,598.92,0.0,0
1775252509.5503714,7,746.04,13.0,0
1775252509.5503714,6,747.05,0.0,0
1775252509.5518138,8,749.99,0.0,0
1775252509.561482,9,742.35,0.0,0
1775252509.562995,12,741.84,0.0,0
1775252509.561482,10,744.73,0.0,0
1775252509.561482,11,746.12,0.0,0
1775252509.388463,1,919.72,0.0,0
1775252509.6696994,13,694.58,12.7,0
1775252509.8791769,14,538.83,8.0,0
1775252510.2943404,2,534.59,17.9,0
1775252510.3003685,3,529.56,0.0,0
1775252510.3003685,6,530.66,0.0,0
1775252510.3003685,4,531.66,0.0,0
1775252510.3003685,5,535.04,0.0,0
1775252510.3003685,7,536.05,0.0,0
1775252510.3003685,9,640.33,33.6,0
1775252510.3003685,8,641.85,0.0,0
1775252510.3604887,10,585.02,0.0,0
1775252510.2938347,1,653.19,0.0,0
1775252510.4157178,11,585.61,21.3,0
1775252510.7233868,13,433.93,47.2,0
1775252510.7233868,12,435.43,0.0,0
1775252510.8269174,14,332.92,0.0,0
1775252510.9992437,15,228.80,23.1,0
1775252511.161832,2,223.60,1.2,0
1775252511.161832,3,226.11,57.1,0
1775252511.164371,4,785.86,2.6,0
1775252511.1563187,1,848.40,6.2,0
1775252511.1686718,5,837.04,0.0,0
1775252511.1686718,8,838.65,0.0,0
1775252511.1686718,6,839.65,0.0,0
1775252511.1696846,9,840.00,0.0,0
1775252511.1696846,10,841.14,0.0,0
1775252511.1686718,7,843.21,0.0,0
1775252511.1696846,11,843.20,0.0,0
1775252511.1706963,12,843.53,28.6,0
1775252511.1712956,13,843.93,0.0,0
1775252511.1712956,14,844.44,0.0,0
1775252511.2244217,15,795.94,0.0,0
1775252511.2270405,16,900.29,1.8,0
1775252511.3313177,17,797.19,0.0,0
1775252511.3839111,18,800.32,0.0,0
1775252512.0027084,2,694.34,5.1,0
1775252512.0027084,3,694.85,0.0,0
1775252512.0172336,4,681.83,0.0,0
1775252512.0172336,7,683.84,100.0,0
1775252512.0172336,5,684.84,16.7,0
1775252512.0172336,6,686.84,0.0,0
1775252512.0172336,8,687.84,0.0,0
1775252512.0182683,9,687.81,0.0,0
1775252512.0182683,10,689.78,0.0,0
1775252512.0182683,11,690.79,0.0,0
1775252512.123606,12,746.95,2.5,0
1775252512.0017014,1,869.49,0.0,0
1775252512.125918,13,850.53,4.5,0
1775252512.1802135,14,850.96,5.3,0
1775252512.1832266,15,848.99,0.0,0
1775252512.1852233,16,848.48,0.0,0
1775252512.6950479,17,1054.89,15.6,0
1775252512.8131244,20,938.84,0.0,0
1775252512.8131244,19,939.85,0.0,0
1775252512.8131244,21,940.85,0.0,0
1775252512.7100632,18,1045.00,0.0,0
1775252512.8141673,23,941.90,0.0,0
1775252512.8131244,22,944.00,0.0,0
1775252512.8141673,24,945.39,0.0,0
1775252512.8141673,26,946.39,0.0,0
1775252512.8141673,25,1003.07,0.0,0
1775252512.8141673,27,1004.07,0.0,0
1775252512.8156776,28,1004.63,0.0,0
1775252512.8156776,29,1006.15,0.0,0
1775252512.8177822,30,1005.05,0.0,0
1775252512.8721976,31,1007.67,16.4,0
1775252512.9789054,32,905.28,0.0,0
1775252513.033708,3,1161.46,3.4,0
1775252513.033708,4,1162.45,0.0,0
1775252513.0322163,2,1166.07,0.0,0
1775252513.035802,5,1163.49,0.0,0
1775252513.4928012,6,765.20,6.2,0
1775252513.4948416,7,764.16,0.0,0
1775252513.0322163,1,1438.24,12.0,0
1775252513.7615592,8,865.86,3.1,0
1775252513.8135355,9,816.51,0.0,0
1775252513.8145967,10,816.57,0.0,0
1775252513.8241978,11,808.98,0.0,0
1775252513.8763225,12,890.71,14.5,0
1775252513.8821201,13,886.31,0.0,0
1775252513.8821201,14,887.82,0.0,0
1775252513.8821201,15,891.37,0.0,0
1775252513.8851771,16,889.82,0.0,0
1775252514.2013724,2,1344.16,5.5,0
1775252514.2536144,3,1293.45,0.0,0
1775252514.2536144,4,1295.45,0.0,0
1775252514.2536144,5,1296.50,0.0,0
1775252514.2536144,6,1298.50,0.0,0
1775252514.2546594,7,1299.45,0.0,0
1775252514.2546594,8,1301.46,0.0,0
1775252514.2610805,9,1454.62,1.9,0
1775252514.0907185,1,1626.42,12.5,0
1775252514.4645317,10,1253.93,0.0,0
1775252514.4655435,12,1255.06,0.0,0
1775252514.4645317,11,1256.67,0.0,0
1775252514.4655435,13,1257.67,0.0,0
1775252514.4683664,14,1255.85,0.0,0
1775252514.4683664,15,1257.82,0.0,0
1775252514.4720926,16,1564.40,24.8,0
1775252514.6243374,17,1413.15,0.0,0
1775252514.6253486,18,1413.68,0.0,0
1775252514.6342852,19,1512.42,29.2,0
1775252514.7358217,20,1412.82,0.0,0
1775252514.7368412,21,1412.31,0.0,0
1775252514.763813,22,1386.35,0.0,0
1775252514.763813,23,1387.35,0.0,0
1775252514.7654245,24,1387.74,70.0,0
1775252514.771071,25,1439.29,20.0,0
1775252514.771071,26,1440.29,0.0,0
1775252514.7764485,27,1542.37,28.3,0
1775252515.1364772,2,1593.30,24.0,0
1775252515.5425174,3,1188.89,0.0,0
1775252515.5571194,4,1384.41,2.2,0
1775252515.7106235,6,1232.92,0.0,0
1775252515.7106235,5,1234.82,0.0,0
1775252515.711615,8,1235.59,0.0,0
1775252515.7106235,7,1237.81,0.0,0
1775252515.711615,9,1238.40,0.0,0
1775252515.711615,10,1239.41,44.4,0
1775252515.133221,1,1819.17,0.0,0
1775252515.727285,11,1333.09,9.5,0
1775252516.0323145,2,1030.06,0.0,0
1775252516.0333204,3,1030.06,0.0,0
1775252516.0333204,4,1030.56,0.0,0
1775252516.0412536,5,1131.27,7.1,0
1775252516.1435874,6,1030.95,0.0,0
1775252516.1552613,7,1076.48,0.0,0
1775252516.0323145,1,1201.45,13.3,0
1775252516.2138755,8,1076.27,8.2,0
1775252516.3210254,9,1025.41,6.2,0
1775252516.7330732,10,1394.19,5.4,0
1775252517.0563781,2,1687.07,18.7,0
1775252517.0563781,6,1688.07,0.0,0
1775252516.953542,11,1792.23,0.0,0
1775252517.0563781,4,1690.90,75.0,0
1775252517.0563781,5,1692.92,18.2,0
1775252517.0563781,3,1693.60,0.0,0
1775252517.0573964,9,1693.58,0.0,0
1775252517.0573964,7,1695.58,0.0,0
1775252517.0573964,8,1696.58,0.0,0
1775252517.0573964,10,1697.58,0.0,0
1775252517.0573964,11,1698.58,0.0,0
1775252517.0573964,12,1700.91,0.0,0
1775252517.058382,13,1701.24,0.0,0
1775252517.058382,14,1702.67,0.0,0
1775252517.058382,15,1703.78,0.0,0
1775252517.0659494,16,1807.03,22.0,0
1775252517.168068,18,1707.50,0.0,0
1775252517.168068,17,1708.72,0.0,0
1775252517.168068,19,1710.00,0.0,0
1775252517.1695862,21,1709.69,0.0,0
1775252517.168068,20,1712.73,0.0,0
1775252517.1695862,22,1712.21,0.0,0
1775252517.1695862,23,1713.21,0.0,0
1775252517.1706753,24,1713.13,0.0,0
1775252517.1706753,25,1714.63,0.0,0
1775252517.1706753,26,1715.64,0.0,0
1775252517.1706753,27,1716.64,0.0,0
1775252517.176106,28,1717.61,29.4,0
1775252517.0563781,1,1838.84,0.0,0
1775252517.2352738,29,1972.72,14.2,0
1775252517.2879028,30,1921.09,0.0,0
1775252517.292145,31,1917.94,0.0,0
1775252517.3434305,32,1867.66,0.0,0
1775252517.3434305,33,1868.66,0.0,0
1775252517.3634813,34,2004.86,2.5,0
1775252518.124861,2,1960.40,8.2,0
1775252518.1282623,3,1959.62,0.0,0
1775252518.738987,4,1349.92,0.0,0
1775252518.763176,5,1488.14,21.5,0
1775252518.8658006,6,1387.52,0.0,0
1775252518.8658006,7,1389.64,0.0,0
1775252518.8679843,9,1388.51,0.0,0
1775252518.8658006,8,1392.70,0.0,0
1775252518.8679843,11,1391.52,0.0,0
1775252518.8679843,10,1392.51,0.0,0
1775252518.8679843,12,1393.52,0.0,0
1775252518.8694918,14,1393.52,0.0,0
1775252518.8694918,13,1394.10,20.0,0
1775252518.8694918,15,1395.11,0.0,0
1775252518.8694918,16,1396.11,0.0,0
1775252518.8705,17,1396.50,0.0,0
1775252518.8705,18,1397.50,0.0,0
1775252518.8710063,19,1456.38,16.7,0
1775252518.8893123,20,1439.07,0.0,0
1775252518.124861,1,2205.02,0.0,0
1775252518.8972285,21,1437.60,0.0,0
1775252519.2135975,2,1384.86,3.8,0
1775252519.365333,3,1234.74,0.0,0
1775252519.3710668,4,1996.15,10.7,0
1775252519.1546118,1,2215.13,0.0,0
1775252520.0829294,2,1288.33,0.0,0
1775252520.090488,3,2353.01,13.3,0
1775252520.2453787,4,2200.11,0.0,0
1775252520.2453787,5,2201.62,0.0,0
1775252520.2453787,6,2202.73,0.0,0
1775252520.246951,8,2203.20,0.0,0
1775252520.246951,9,2204.23,27.3,0
1775252520.2463794,7,2206.19,0.0,0
1775252520.2474973,10,2206.30,0.0,0
1775252520.2474973,11,2207.56,0.0,0
1775252520.2474973,12,2208.65,0.0,0
1775252520.2480693,13,2209.44,0.0,0
1775252520.2480693,14,2209.98,0.0,0
1775252520.2480693,16,2211.38,0.0,0
1775252520.2480693,15,2212.70,0.0,0
1775252520.2480693,17,2213.76,0.0,0
1775252520.320344,19,2202.83,6.3,0
1775252520.269509,18,2256.30,0.0,0
1775252520.3213701,21,2205.91,0.0,0
1775252520.320344,20,2208.29,0.0,0
1775252520.3213701,23,2208.77,18.8,0
1775252520.3213701,25,2208.77,0.0,0
1775252520.3213701,22,2210.77,0.0,0
1775252520.3213701,27,2211.77,0.0,0
1775252520.3213701,26,2212.77,0.0,0
1775252520.322999,29,2212.14,0.0,0
1775252520.322999,31,2213.33,0.0,0
1775252520.3213701,24,2215.97,0.0,0
1775252520.322999,30,2215.41,0.0,0
1775252520.3213701,28,2218.05,0.0,0
1775252520.322999,32,2217.53,0.0,0
1775252520.322999,33,2218.54,0.0,0
1775252520.322999,35,2219.54,0.0,0
1775252520.322999,34,2221.05,0.0,0
1775252520.322999,36,2222.05,62.5,0
1775252520.322999,37,2223.05,0.0,0
1775252520.0829294,1,2464.12,0.0,0
1775252520.3308928,38,2276.64,16.1,0
1775252520.335432,39,2328.80,0.0,0
1775252520.4435518,40,2277.92,3.1,0
1775252520.6025262,41,2581.73,3.2,0
1775252522.4388754,2,1413.83,11.1,0
1775252522.4388754,3,1415.83,0.0,0
1775252522.4388754,4,1416.83,0.0,0
1775252522.4388754,5,1417.83,100.0,0
1775252522.4398718,6,1417.84,27.3,0
1775252522.4404526,7,1419.30,0.0,0
1775252522.4404526,8,1419.88,0.0,0
1775252522.4404526,10,1421.36,0.0,0
1775252522.4404526,9,1422.35,0.0,0
1775252522.4628315,11,1667.14,25.0,0
1775252522.5148153,12,1616.16,0.0,0
1775252522.5153205,13,1617.65,0.0,0
1775252522.5153205,15,1618.65,0.0,0
1775252522.5153205,14,1619.65,0.0,0
1775252522.5153205,16,1620.89,0.0,0
1775252522.5153205,17,1621.89,0.0,0
1775252522.5188406,18,1619.37,50.0,0
1775252522.5188406,19,1620.37,0.0,0
1775252522.5188406,21,1622.37,0.0,0
1775252522.5188406,20,1623.37,0.0,0
1775252522.519858,23,1656.29,18.8,0
1775252522.5188406,22,1658.31,0.0,0
1775252521.372268,1,2863.78,36.9,0
1775252522.5481322,24,1690.52,0.0,0
1775252522.5989141,25,1642.08,0.0,0
1775252522.5999992,26,1644.30,0.0,0
1775252522.437862,1,1809.19,0.0,0
1775252522.6089034,27,1703.85,58.5,0
1775252522.66636,28,1855.28,14.2,0
1775252522.7235684,29,2057.27,9.7,0
1775252523.182244,2,1599.59,0.0,0
1775252523.182244,3,1601.22,0.0,0
1775252523.182244,4,1602.76,0.0,0
1775252523.1852527,5,3338.13,7.8,0
1775252523.8461432,6,2679.41,0.0,0
1775252523.8471534,9,2679.56,0.0,0
1775252523.8471534,8,2680.75,0.0,0
1775252523.8461432,7,2683.25,38.5,0
1775252523.8653865,10,2775.65,33.3,0
1775252524.1195943,2,2523.96,0.0,0
1775252524.1206033,3,2524.04,0.0,0
1775252524.1206033,4,2525.04,0.0,0
1775252524.1211107,5,2526.04,0.0,0
1775252524.1211107,6,2528.00,0.0,0
1775252524.1211107,7,2529.25,0.0,0
1775252524.1211107,8,2530.29,0.0,0
1775252524.1211107,9,2531.31,0.0,0
1775252524.1211107,10,2532.70,0.0,0
1775252524.1223867,11,2532.51,36.4,0
1775252524.1223867,12,2533.84,0.0,0
1775252524.1223867,13,2534.95,0.0,0
1775252524.1223867,14,2536.65,0.0,0
1775252524.1223867,15,2537.74,0.0,0
1775252524.1223867,16,2538.84,0.0,0
1775252524.1223867,17,2540.16,0.0,0
1775252524.1223867,18,2540.67,0.0,0
1775252524.1238081,20,2540.25,0.0,0
1775252524.1238081,19,2541.76,0.0,0
1775252524.1238081,21,2542.77,0.0,0
1775252524.124313,22,2543.27,0.0,0
1775252524.124313,23,2545.26,0.0,0
1775252524.124313,24,2546.33,41.7,0
1775252524.124313,25,2546.90,0.0,0
1775252524.124313,26,2548.91,0.0,0
1775252524.124313,27,2549.91,0.0,0
1775252524.124313,28,2551.06,0.0,0
1775252524.1258967,30,2550.67,0.0,0
1775252524.1258967,29,2552.67,0.0,0
1775252524.1258967,31,2553.69,0.0,0
1775252524.1258967,32,2554.79,0.0,0
1775252524.1258967,33,2555.92,0.0,0
1775252523.1807294,1,3502.08,0.0,0
1775252524.1781645,34,2617.79,22.0,0
1775252524.2311015,35,2566.36,0.0,0
1775252524.249167,36,2607.27,25.0,0
1775252524.1195943,1,2738.84,37.5,0
1775252524.3142684,37,2602.09,50.9,0
1775252524.5226436,38,2600.91,22.1,0
1775252524.7865841,39,3051.25,4.8,0
1775252526.5167305,4,1323.46,0.0,0
1775252526.5167305,3,1324.46,0.0,0
1775252526.5167305,2,1325.97,30.0,0
1775252526.5311701,5,2079.63,11.3,0
1775252526.6338606,6,1979.45,0.0,0
1775252526.6338606,7,1981.55,0.0,0
1775252526.6348772,9,1981.54,0.0,0
1775252526.6354444,10,1982.53,0.0,0
1775252526.6338606,8,1985.64,0.0,0
1775252526.6354444,11,1985.70,0.0,0
1775252526.6354444,12,1985.70,0.0,0
1775252526.6354444,13,1987.21,25.0,0
1775252526.6354444,14,1989.20,0.0,0
1775252526.6369007,15,1989.29,0.0,0
1775252526.6369007,16,1989.29,0.0,0
1775252526.6369007,17,1990.80,0.0,0
1775252526.6369007,18,1991.80,0.0,0
1775252526.6845672,19,2013.50,12.3,0
1775252526.7855818,20,1913.99,0.0,0
1775252526.7867935,23,1912.78,0.0,0
1775252526.7855818,22,1914.99,25.0,0
1775252526.7855818,21,1915.99,0.0,0
1775252526.7867935,24,1915.79,0.0,0
1775252526.7878962,26,1916.03,0.0,0
1775252526.7884424,27,1917.49,0.0,0
1775252526.7878962,25,1918.04,0.0,0
1775252526.7884424,28,1918.84,0.0,0
1775252526.7884424,29,1919.86,0.0,0
1775252526.7884424,30,1921.23,0.0,0
1775252526.7884424,31,1922.23,0.0,0
1775252526.7884424,32,1923.30,0.0,0
1775252526.5157027,1,2198.08,0.0,0
1775252526.8001134,33,1969.89,10.2,0
1775252526.8607063,34,1970.51,11.6,0
1775252526.9183702,35,1917.37,0.0,0
1775252527.8437004,2,3388.62,11.9,0
1775252528.681517,2,2660.47,1.0,0
1775252527.1250563,1,4219.61,8.3,0
1775252528.6825244,3,2664.02,0.0,0
1775252528.6825244,4,2665.02,0.0,0
1775252528.6837437,5,2665.55,0.0,0
1775252528.6837437,7,2666.56,0.0,0
1775252528.6837437,8,2668.56,0.0,0
1775252528.6837437,9,2669.56,0.0,0
1775252528.6837437,6,2670.56,0.0,0
1775252528.6847422,10,2670.56,0.0,0
1775252528.6847422,11,2671.56,0.0,0
1775252528.6852605,12,2673.04,33.3,0
1775252528.6852605,14,2674.62,0.0,0
1775252528.6852605,13,2674.62,0.0,0
1775252528.68633,16,2675.12,0.0,0
1775252528.6852605,15,2677.83,0.0,0
1775252528.68633,17,2678.26,0.0,0
1775252528.68633,18,2679.26,0.0,0
1775252528.68633,19,2679.77,0.0,0
1775252528.68633,20,2680.77,0.0,0
1775252528.687328,21,2680.77,0.0,0
1775252528.687328,22,2682.28,0.0,0
1775252528.687328,23,2683.79,0.0,0
1775252528.687328,24,2684.99,0.0,0
1775252528.687328,25,2686.10,16.7,0
1775252528.6883872,26,2686.04,0.0,0
1775252528.6883872,27,2687.56,0.0,0
1775252528.6883872,28,2687.56,0.0,0
1775252528.6894214,30,2687.70,0.0,0
1775252528.6883872,29,2689.73,0.0,0
1775252528.6894214,32,2690.20,0.0,0
1775252528.6894214,31,2691.21,0.0,0
1775252528.6894214,33,2692.21,0.0,0
1775252528.6894214,34,2694.21,0.0,0
1775252528.6904194,36,2694.72,0.0,0
1775252528.6904194,37,2695.73,0.0,0
1775252528.6904194,35,2696.73,0.0,0
1775252528.6904194,38,2697.73,80.0,0
1775252528.6904194,39,2699.73,0.0,0
1775252528.6904194,40,2701.30,0.0,0
1775252528.6904194,41,2702.31,0.0,0
1775252528.6944442,42,2699.29,0.0,0
1775252528.6944442,43,2699.29,0.0,0
1775252528.6944442,44,2701.29,0.0,0
1775252528.6944442,45,2701.29,0.0,0
1775252528.6944442,46,2702.80,0.0,0
1775252528.7137804,47,2800.01,4.2,0
1775252528.765936,48,2749.36,0.0,0
1775252528.6307108,1,2888.71,0.0,0
1775252528.828746,49,2692.19,0.0,0
1775252528.8332236,50,2900.78,9.0,0
1775252528.8332236,51,2902.40,0.0,0
1775252528.8377707,52,2898.92,0.0,0
1775252528.8936079,53,3051.60,26.3,0
1775252531.2299113,2,2189.98,11.8,0
1775252531.235327,3,2186.19,0.0,0
1775252531.3378556,5,2083.66,0.0,0
1775252531.3378556,4,2085.18,0.0,0
1775252531.5020044,7,2035.19,9.2,0
1775252531.5020044,8,2037.23,0.0,0
1775252531.3982508,6,2142.30,0.0,0
1775252531.5033214,10,2038.64,0.0,0
1775252531.5020044,9,2041.31,0.0,0
1775252531.5033214,12,2041.01,0.0,0
1775252531.5033214,11,2042.46,20.0,0
1775252531.5033214,13,2043.96,0.0,0
1775252531.5033214,14,2045.57,0.0,0
1775252531.5033214,15,2046.63,0.0,0
1775252531.5033214,16,2047.94,0.0,0
1775252531.5033214,17,2049.38,0.0,0
1775252531.504772,19,2049.81,0.0,0
1775252531.504772,18,2051.28,0.0,0
1775252531.504772,20,2052.38,0.0,0
1775252531.504772,21,2054.60,0.0,0
1775252531.504772,22,2055.60,33.3,0
1775252531.504772,23,2056.81,0.0,0
1775252531.504772,24,2058.32,0.0,0
1775252531.5058484,25,2058.67,0.0,0
1775252531.5058484,26,2059.72,0.0,0
1775252531.5058484,27,2061.30,0.0,0
1775252531.5058484,28,2062.31,0.0,0
1775252531.5058484,29,2062.31,0.0,0
1775252531.5058484,31,2064.02,0.0,0
1775252531.5058484,30,2065.14,0.0,0
1775252531.5070095,32,2065.37,0.0,0
1775252531.5070095,33,2066.38,0.0,0
1775252531.5070095,34,2067.38,0.0,0
1775252531.5168648,35,2127.04,10.0,0
1775252531.2299113,1,2415.00,0.0,0
1775252531.5219376,36,2178.12,2.0,0
1775252531.7301404,37,2133.72,9.1,0
1775252531.9411542,38,1980.02,1.9,0
1775252531.943213,40,1978.97,0.0,0
1775252531.942163,39,1981.52,0.0,0
1775252531.9472947,41,1984.61,0.0,0
1775252533.5755663,2,3112.24,8.8,0
1775252533.6272519,3,3061.55,0.0,0
1775252533.6282587,4,3062.54,0.0,0
1775252533.6282587,5,3063.54,0.0,0
1775252533.6282587,7,3065.55,0.0,0
1775252533.6282587,6,3066.57,0.0,0
1775252533.6282587,10,3067.75,0.0,0
1775252533.6282587,8,3068.78,0.0,0
1775252533.6282587,9,3070.35,0.0,0
1775252533.6297789,11,3069.34,0.0,0
1775252533.6297789,12,3070.34,0.0,0
1775252533.6297789,13,3071.34,50.0,0
1775252533.6297789,14,3072.34,0.0,0
1775252533.6297789,15,3074.34,0.0,0
1775252533.6297789,16,3075.34,0.0,0
1775252533.6297789,17,3076.35,0.0,0
1775252533.631305,19,3074.82,0.0,0
1775252533.6297789,18,3077.85,0.0,0
1775252533.631305,20,3077.33,0.0,0
1775252533.631305,21,3079.33,0.0,0
1775252533.6323187,23,3079.32,0.0,0
1775252533.631305,22,3080.33,0.0,0
1775252533.6323187,24,3081.42,0.0,0
1775252533.6323187,25,3082.44,0.0,0
1775252533.6323187,26,3082.94,0.0,0
1775252533.6323187,28,3083.95,75.0,0
1775252533.6323187,27,3084.95,0.0,0
1775252533.6333985,31,3084.87,0.0,0
1775252533.6323187,29,3087.45,0.0,0
1775252533.6333985,32,3086.95,0.0,0
1775252533.6333985,33,3088.46,0.0,0
1775252533.6333985,30,3089.46,0.0,0
1775252533.634396,36,3088.46,0.0,0
1775252533.6333985,35,3091.97,0.0,0
1775252533.6333985,34,3092.98,0.0,0
1775252533.634396,37,3093.02,0.0,0
1775252533.634396,38,3094.14,0.0,0
1775252533.634906,39,3094.71,0.0,0
1775252533.634906,42,3095.71,0.0,0
1775252533.634906,41,3096.71,0.0,0
1775252533.634906,40,3097.71,25.0,0
1775252533.635538,44,3098.08,0.0,0
1775252533.635538,43,3099.58,0.0,0
1775252533.635538,45,3100.59,0.0,0
1775252533.635538,47,3101.59,0.0,0
1775252533.635538,46,3102.59,0.0,0
1775252533.635538,48,3103.59,0.0,0
1775252533.6367803,50,3104.34,0.0,0
1775252533.635538,49,3106.09,0.0,0
1775252533.6367803,52,3105.85,0.0,0
1775252533.6367803,51,3106.86,0.0,0
1775252533.6367803,53,3108.73,0.0,0
1775252533.6459105,54,3163.66,6.2,0
1775252533.4244976,1,3387.11,18.2,0
1775252533.7025766,55,3165.08,3.9,0
1775252533.8653755,56,3517.75,19.5,0
1775252533.9241977,57,3868.96,20.8,0
1775252533.9257293,58,3869.04,100.0,0
1775252533.9257293,60,3870.12,42.9,0
1775252533.9257293,59,3871.18,0.0,0
1775252533.9271798,61,3870.38,0.0,0
1775252533.9271798,62,3871.48,0.0,0
1775252533.9271798,65,3872.52,0.0,0
1775252533.9283154,66,3873.00,0.0,0
1775252533.9271798,64,3875.31,0.0,0
1775252533.9271798,63,3876.41,0.0,0
1775252533.9339073,67,4034.19,26.5,0
1775252536.5752947,5,1394.31,16.7,0
1775252536.5768437,6,1394.34,0.0,0
1775252536.5752947,4,1396.95,0.0,0
1775252536.5752947,2,1397.95,0.0,0
1775252536.5752947,3,1398.96,0.0,0
1775252536.5768437,7,1397.98,0.0,0
1775252536.5775278,8,1398.60,0.0,0
1775252536.5800903,9,2529.72,3.5,0
1775252536.682272,10,2428.70,0.0,0
1775252536.6842875,11,2427.83,0.0,0
1775252536.7975035,13,2371.39,0.0,0
1775252536.7455127,12,2425.46,33.3,0
1775252536.7975035,14,2374.98,0.0,0
1775252536.7975035,15,2376.99,0.0,0
1775252536.7990203,16,2375.98,0.0,0
1775252536.7990203,17,2376.98,0.0,0
1775252536.7990203,19,2378.99,0.0,0
1775252536.7990203,18,2379.99,0.0,0
1775252536.7990203,20,2380.68,0.0,0
1775252536.7990203,21,2380.68,0.0,0
1775252536.7990203,22,2382.72,0.0,0
1775252536.7990203,23,2383.73,0.0,0
1775252536.7990203,24,2384.74,0.0,0
1775252536.7990203,25,2384.74,0.0,0
1775252536.8004947,26,2384.76,14.3,0
1775252536.8004947,27,2385.77,0.0,0
1775252536.8004947,29,2386.81,0.0,0
1775252536.8004947,28,2388.17,0.0,0
1775252536.8004947,30,2389.18,0.0,0
1775252536.8004947,31,2390.19,0.0,0
1775252536.8004947,32,2391.18,0.0,0
1775252536.5752947,1,2617.69,0.0,0
1775252536.8116055,33,2449.03,10.3,0
1775252536.8696542,34,2395.86,43.8,0
1775252537.9584825,3,4208.74,13.4,0
1775252537.9564703,2,4211.30,0.0,0
1775252537.3851943,1,4894.59,7.1,0
1775252539.093239,2,3187.80,0.0,0
1775252539.093239,3,3189.03,0.0,0
1775252539.093239,4,3191.02,0.0,0
1775252539.0942473,5,3191.02,0.0,0
1775252539.0942473,7,3191.63,0.0,0
1775252539.0942473,8,3194.10,0.0,0
1775252539.095249,10,3194.14,0.0,0
1775252539.095249,9,3195.18,0.0,0
1775252539.0942473,6,3197.25,0.0,0
1775252539.095249,11,3197.97,0.0,0
1775252539.095249,12,3199.10,0.0,0
1775252539.0962474,15,3199.53,58.3,0
1775252539.095249,13,3200.53,0.0,0
1775252539.095249,14,3202.21,0.0,0
1775252539.0962474,16,3202.80,0.0,0
1775252539.0962474,17,3202.80,0.0,0
1775252539.0962474,18,3204.18,0.0,0
1775252539.0962474,19,3205.18,0.0,0
1775252539.0962474,20,3206.18,0.0,0
1775252539.0972476,21,3206.50,0.0,0
1775252539.0972476,22,3207.53,0.0,0
1775252539.0972476,23,3208.96,0.0,0
1775252539.0977552,25,3210.45,0.0,0
1775252539.0977552,24,3211.14,0.0,0
1775252539.0977552,27,3213.50,26.7,0
1775252539.0977552,28,3213.50,0.0,0
1775252539.0977552,26,3215.02,0.0,0
1775252539.0977552,29,3216.14,0.0,0
1775252539.0977552,30,3217.65,0.0,0
1775252539.0977552,31,3218.83,0.0,0
1775252539.0977552,32,3220.00,0.0,0
1775252539.0992765,33,3219.49,0.0,0
1775252539.0992765,34,3220.49,0.0,0
1775252539.101284,36,3218.99,0.0,0
1775252539.101284,35,3220.00,0.0,0
1775252539.101284,37,3221.10,0.0,0
1775252539.1027899,39,3221.17,0.0,0
1775252539.101284,38,3224.28,0.0,0
1775252539.1027899,40,3223.88,38.5,0
1775252539.1038008,42,3224.01,0.0,0
1775252539.1038008,43,3225.92,0.0,0
1775252539.1027899,41,3228.26,0.0,0
1775252539.1038008,44,3228.48,0.0,0
1775252539.1038008,45,3229.51,0.0,0
1775252539.1048093,46,3229.59,0.0,0
1775252539.1048093,48,3230.66,0.0,0
1775252539.1048093,47,3231.86,0.0,0
1775252539.1048093,49,3235.51,0.0,0
1775252539.1048093,51,3237.74,72.2,0
1775252539.1048093,50,3238.74,0.0,0
1775252539.105809,52,3239.95,0.0,0
1775252539.105809,53,3243.27,0.0,0
1775252539.105809,54,3244.27,0.0,0
1775252539.1068075,55,3245.28,0.0,0
1775252539.164181,56,3818.23,26.2,0
1775252539.164181,57,3819.24,0.0,0
1775252539.2457004,60,3795.91,11.8,0
1775252539.2457004,59,3796.90,0.0,0
1775252539.193936,58,3849.92,0.0,0
1775252539.2457004,63,3799.15,81.8,0
1775252539.2457004,61,3800.48,0.0,0
1775252539.2457004,62,3800.48,0.0,0
1775252539.2472706,64,3799.99,0.0,0
1775252539.2484715,65,3800.37,0.0,0
1775252539.2484715,67,3801.38,0.0,0
1775252539.2484715,66,3802.72,0.0,0
1775252539.2489767,68,3803.40,0.0,0
1775252539.093239,1,3959.65,0.0,0
1775252539.261629,69,3851.38,22.7,0
1775252539.2665179,70,3904.46,25.4,0
1775252539.3728423,71,3907.76,24.5,0
1775252542.2730014,2,2378.48,24.9,0
1775252542.2730014,3,2379.48,0.0,0
1775252542.96322,4,1742.06,7.8,0
1775252542.96322,5,1743.12,0.0,0
1775252542.96322,8,1744.15,0.0,0
1775252542.96322,6,1745.14,0.0,0
1775252542.96322,7,1746.13,0.0,0
1775252542.9642274,9,1746.13,0.0,0
1775252542.9642274,10,1746.13,0.0,0
1775252542.9642274,11,1747.64,0.0,0
1775252542.9652283,12,1746.64,0.0,0
1775252542.9652283,13,1746.64,0.0,0
1775252542.965736,14,1747.65,0.0,0
1775252542.965736,15,1748.66,0.0,0
1775252542.965736,16,1749.66,0.0,0
1775252542.965736,17,1750.17,0.0,0
1775252542.965736,18,1751.17,20.0,0
1775252542.9697459,20,1748.16,0.0,0
1775252542.9697459,19,1748.16,0.0,0
1775252542.9697459,22,1749.68,0.0,0
1775252542.9697459,21,1750.69,0.0,0
1775252542.970856,23,1750.08,0.0,0
1775252542.970856,24,1751.09,0.0,0
1775252542.970856,25,1751.09,0.0,0
1775252542.970856,26,1752.46,0.0,0
1775252542.970856,27,1753.53,0.0,0
1775252542.970856,28,1753.53,0.0,0
1775252542.970856,29,1754.99,0.0,0
1775252542.9743035,30,1751.54,0.0,0
1775252542.1713388,1,2610.84,21.5,0
1775252543.0543292,2,1832.31,6.2,0
1775252543.1675043,3,1773.52,14.5,0
1775252543.0378404,1,1904.18,0.0,0
1775252543.278089,4,1666.38,0.0,0
1775252544.7042701,2,397.06,7.4,0
1775252544.6494713,1,453.79,0.0,0
1775252544.7806637,3,375.57,32.8,0
1775252544.8851252,4,323.88,13.5,0
1775252544.9389343,5,324.10,20.0,0
1775252544.9431531,6,373.85,2.0,0
1775252544.9444711,7,426.20,18.4,0
1775252545.100092,2,273.11,18.8,0
1775252545.1550794,3,375.32,19.5,0
1775252545.0476823,1,483.72,0.0,0
1775252545.2084992,4,324.39,0.0,0
1775252545.2614975,5,377.88,8.3,0
1775252545.3159816,6,376.15,2.3,0
1775252545.3691528,7,377.49,3.4,0
1775252545.3721879,8,428.08,13.6,0
1775252545.5272038,9,326.08,0.0,0
1775252545.5288813,10,428.54,4.7,0
1775252545.5850294,11,374.38,0.0,0
1775252545.6373558,12,323.72,0.0,0
1775252545.6911213,13,375.54,2.8,0
1775252545.7450583,14,426.14,4.4,0
1775252545.799259,15,425.73,2.0,0
1775252545.8522632,16,374.77,0.0,0
1775252545.9564044,17,273.63,0.0,0
1775252545.959413,18,376.83,3.6,0
1775252546.0651426,2,324.35,34.4,0
1775252546.1696117,3,272.58,18.4,0
1775252546.0125973,1,534.44,3.6,0
1775252546.2228298,4,378.72,6.2,0
1775252546.2280345,5,373.51,0.0,0
1775252546.282437,6,372.69,5.0,0
1775252546.3347247,7,374.71,3.7,0
1775252546.3878677,8,375.68,5.4,0
1775252546.4411125,9,325.59,0.0,0
1775252546.5450277,10,328.23,6.6,0
1775252546.5994182,11,274.83,0.0,0
1775252546.6541088,12,325.59,0.0,0
1775252546.7075965,13,273.20,0.0,0
1775252546.7620301,14,324.84,4.5,0
1775252546.7667003,15,321.17,0.0,0
1775252546.870036,16,323.95,2.7,0
1775252546.8722456,17,374.97,7.4,0
1775252546.9766307,18,325.35,1.7,0
1775252546.9771514,19,327.32,0.0,0
1775252547.085146,2,376.66,6.9,0
1775252547.083599,1,431.88,17.2,0
1775252547.139988,3,376.54,0.0,0
1775252547.1928818,4,325.78,0.0,0
1775252547.2465873,5,427.58,5.0,0
1775252547.3009546,6,373.21,0.0,0
1775252547.3031993,7,372.60,0.0,0
1775252547.3562782,8,476.85,4.3,0
1775252547.4601529,9,374.98,0.0,0
1775252547.5134726,10,322.70,0.0,0
1775252547.5175803,11,423.83,0.0,0
1775252547.671574,12,270.81,0.0,0
1775252547.673164,13,372.48,1.0,0
1775252547.7286267,14,319.10,0.0,0
1775252547.8316183,15,319.62,2.0,0
1775252547.8341258,16,319.16,0.0,0
1775252547.9389932,17,316.91,8.9,0
1775252547.9403856,18,316.92,0.0,0
1775252548.0451317,1,263.99,8.3,0
1775262232.1554992,2,341.91,7.0,0
1775262232.1579125,3,347.48,0.0,0
1775262232.1589155,4,349.52,0.0,0
1775262232.1607294,5,354.00,44.4,0
1775262232.1458268,1,371.58,0.0,0
1775262232.1642582,6,355.41,0.0,0
1775262232.1703022,7,460.09,4.5,0
1775262232.1733658,8,564.60,1.9,0
1775262232.1748698,9,621.40,9.7,0
1775262232.1783733,10,619.39,0.0,0
1775262232.1811388,11,676.67,14.9,0
1775262232.341424,12,575.66,7.0,0
1775262232.5104346,13,517.00,12.5,0
1775262232.5224025,14,562.78,14.3,0
1775262232.5766995,15,511.02,0.0,0
1775262232.6329434,16,512.05,14.3,0
1775262232.7401633,17,616.43,14.9,0
1775262232.800948,18,667.28,17.6,0
1775262232.8527663,19,620.62,0.0,0
1775262232.853782,20,628.71,100.0,0
1775262232.854787,21,633.28,0.0,0
1775262232.8557825,22,693.35,57.9,0
1775262232.861543,23,691.85,0.0,0
1775262232.9205601,24,642.35,50.0,0
1775262233.0899231,2,688.81,32.3,0
1775262233.1475055,3,741.31,1.8,0
1775262233.029432,1,861.88,0.0,0
1775262233.353525,4,539.40,0.0,0
1775262233.358589,5,751.42,6.2,0
1775262233.4635117,6,648.61,0.0,0
1775262233.543107,7,579.04,0.0,0
1775262233.543107,8,580.05,16.7,0
1775262233.5441093,9,581.78,0.0,0
1775262233.5451117,10,581.85,0.0,0
1775262233.5563958,11,844.66,18.3,0
1775262233.5583959,12,845.53,100.0,0
1775262233.5665078,13,839.70,100.0,0
1775262233.6179988,14,899.36,27.3,0
1775262233.6179988,15,901.88,0.0,0
1775262233.7777412,16,750.26,0.0,0
1775262233.7823935,17,747.60,25.0,0
1775262234.107991,4,891.88,16.6,0
1775262234.1070054,2,893.89,0.0,0
1775262234.1070054,3,896.89,0.0,0
1775262234.1147876,5,890.11,0.0,0
1775262234.1173413,6,889.56,0.0,0
1775262234.1198597,7,890.04,0.0,0
1775262234.1296895,8,1041.04,28.7,0
1775262234.2844584,10,890.32,0.0,0
1775262234.2839046,9,892.89,0.0,0
1775262234.2882023,11,946.97,54.1,0
1775262234.391644,12,846.05,0.0,0
1775262234.105983,1,1134.06,0.0,0
1775262234.4110737,13,985.89,29.6,0
1775262234.5222611,14,1032.66,8.6,0
1775262234.52424,15,1034.95,0.0,0
1775262234.5222611,16,1037.44,44.4,0
1775262234.524767,17,1091.82,6.4,0
1775262234.5322993,18,1087.28,0.0,0
1775262234.8390954,19,782.17,0.0,0
1775262234.8422837,20,785.01,25.0,0
1775262235.1798227,2,506.74,8.9,0
1775262235.167087,1,734.17,2.3,0
1775262235.393886,3,508.37,0.0,0
1775262235.5529299,4,351.33,66.7,0
1775262235.5618103,5,502.27,5.6,0
1775262235.6149375,7,507.27,0.0,0
1775262235.613874,6,509.33,25.0,0
1775262235.6235807,8,502.16,50.0,0
1775262235.6245828,9,663.43,10.6,0
1775262235.6808743,11,618.77,26.7,0
1775262235.6808743,10,621.23,0.0,0
1775262235.6837053,12,622.39,0.0,0
1775262235.8421755,13,731.00,14.8,0
1775262235.8983798,14,676.30,0.0,0
1775262236.0599372,2,673.33,20.0,0
1775262236.0599372,3,675.57,0.0,0
1775262236.0609155,4,677.60,0.0,0
1775262236.0656018,5,881.58,46.8,0
1775262236.117631,6,832.51,0.0,0
1775262236.1186507,7,832.81,11.1,0
1775262236.0589056,1,948.35,5.5,0
1775262236.2816722,8,728.11,0.0,0
1775262236.2827003,10,729.10,0.0,0
1775262236.2816722,9,731.65,16.7,0
1775262236.2965639,11,775.82,7.4,0
1775262236.4121852,12,716.97,3.7,0
1775262236.4159882,13,769.40,6.3,0
1775262236.570634,14,721.64,2.8,0
1775262236.7310197,15,669.73,5.6,0
1775262236.7406707,16,662.08,0.0,0
1775262236.953945,18,504.58,6.7,0
1775262236.9461722,17,518.81,0.0,0
1775262237.068914,2,452.61,12.1,0
1775262237.0748942,3,611.33,6.8,0
1775262237.015523,1,729.69,1.8,0
1775262237.1829498,4,564.34,0.0,0
1775262237.1829498,5,566.12,50.0,0
1775262237.2898738,6,514.68,11.9,0
1775262237.397259,7,412.96,0.0,0
1775262237.4552338,8,516.04,11.8,0
1775262237.5187888,10,454.32,0.0,0
1775262237.5177038,9,456.95,0.0,0
1775262237.6840556,11,402.34,9.8,0
1775262237.7416348,12,346.77,0.0,0
1775262237.80235,13,449.78,8.4,0
1775262237.8068066,14,446.32,0.0,0
1775262237.8068066,15,449.74,0.0,0
1775262237.9646015,16,507.35,14.9,0
1775262237.9684813,17,506.89,0.0,0
1775262238.0798237,2,453.82,58.6,0
1775262238.0803425,3,457.37,0.0,0
1775262238.084123,4,611.25,44.7,0
1775262238.2429657,5,508.38,19.2,0
1775262238.2440076,6,511.00,0.0,0
1775262238.0788038,1,677.20,0.0,0
1775262238.248581,7,666.16,10.6,0
1775262238.3610065,9,558.76,100.0,0
1775262238.3610065,8,560.97,0.0,0
1775262238.363541,10,562.03,0.0,0
1775262238.469679,11,617.50,9.1,0
1775262238.5306275,12,558.57,0.0,0
1775262238.692356,13,504.50,10.4,0
1775262238.6978755,14,554.69,0.0,0
1775262238.7493367,15,505.25,0.0,0
1775262238.9111476,16,474.25,21.5,0
1775262238.9121845,17,578.52,19.2,0
1775262238.917252,18,574.59,0.0,0
1775262239.0287519,2,520.38,17.5,0
1775262239.085167,3,573.13,9.7,0
1775262239.193845,4,519.22,8.9,0
1775262239.0287519,1,686.69,0.0,0
1775262239.249371,5,625.34,11.8,0
1775262239.3751616,6,558.24,7.1,0
1775262239.3778803,8,558.04,85.7,0
1775262239.3768792,7,560.06,0.0,0
1775262239.4876897,9,508.04,10.3,0
1775262239.5459664,10,610.25,36.2,0
1775262239.6532817,11,561.11,55.6,0
1775262239.6542985,12,563.24,85.7,0
1775262239.6552987,13,564.86,0.0,0
1775262239.7106469,14,567.04,64.7,0
1775262239.8708334,15,513.49,26.8,0
1775262239.9282868,16,562.97,30.8,0
1775262239.9282868,17,565.14,0.0,0
1775262239.991711,18,560.51,23.3,0
1775262239.9927297,19,561.49,0.0,0
1775262240.1520119,2,409.40,66.7,0
1775262240.2118652,3,563.32,5.9,0
1775262240.275688,4,500.53,0.0,0
1775262240.1514523,1,627.52,100.0,0
1775262240.280206,5,556.45,11.5,0
1775262240.4887404,6,510.61,13.2,0
1775262240.5474694,8,609.38,11.0,0
1775262240.5474694,7,612.58,0.0,0
1775262240.5474694,9,613.58,0.0,0
1775262240.5563672,11,661.58,11.3,0
1775262240.5563672,10,664.09,100.0,0
1775262240.5573661,12,665.39,0.0,0
1775262240.7174518,13,562.28,17.2,0
1775262240.772191,14,614.04,10.5,0
1775262240.832828,15,661.56,12.2,0
1775262240.832828,16,663.57,0.0,0
1775262240.9932775,17,509.12,44.4,0
1775262240.9943478,18,510.46,0.0,0
1775262241.2143593,2,503.72,11.0,0
1775262241.274934,3,501.34,18.5,0
1775262241.1537898,1,628.73,100.0,0
1775262241.276169,4,507.35,0.0,0
1775262241.3830106,5,462.52,39.7,0
1775262241.4907205,6,515.02,34.8,0
1775262241.498934,8,563.54,12.5,0
1775262241.497925,7,566.78,0.0,0
1775262241.498934,9,568.59,0.0,0
1775262241.5584238,10,565.06,4.9,0
1775262241.7155042,11,465.88,4.0,0
1775262241.7205932,12,720.42,6.6,0
1775262241.7727342,13,674.96,0.0,0
1775262241.8385267,14,610.83,0.0,0
1775262241.8395407,16,612.09,50.0,0
1775262241.8395407,15,614.33,0.0,0
1775262241.841541,17,614.86,0.0,0
1775262242.0582747,3,668.96,4.8,0
1775262242.0032399,2,728.27,100.0,0
1775262242.0593123,4,674.26,100.0,0
1775262242.119695,5,722.19,10.5,0
1775262242.1207886,6,723.09,0.0,0
1775262242.0026066,1,897.99,6.9,0
1775262242.1781344,7,725.60,0.0,0
1775262242.4379852,8,522.75,14.3,0
1775262242.444679,9,675.46,10.7,0
1775262242.6155336,12,561.21,6.2,0
1775262242.6155336,11,563.39,0.0,0
1775262242.6144633,10,567.35,0.0,0
1775262242.7235796,13,516.71,6.2,0
1775262242.8384073,14,514.85,17.5,0
1775262242.8975024,15,513.26,15.6,0
1775262242.8975024,16,518.30,0.0,0
1775262242.956688,17,516.37,50.7,0
1775262243.1166213,2,463.66,55.0,0
1775262243.173741,3,667.51,21.0,0
1775262243.1742795,4,669.63,12.5,0
1775262243.2350495,6,717.17,17.0,0
1775262243.234241,5,720.01,0.0,0
1775262243.2356358,7,720.47,0.0,0
1775262243.1160438,1,842.55,0.0,0
1775262243.2377024,8,722.89,0.0,0
1775262243.3438258,9,675.93,10.4,0
1775262243.3448436,10,677.16,0.0,0
1775262243.3552535,11,724.85,25.0,0
1775262243.470274,12,667.31,10.3,0
1775262243.5777655,13,718.37,20.9,0
1775262243.8382103,15,517.64,26.8,0
1775262243.8382103,14,521.31,87.5,0
1775262243.8392384,16,525.00,0.0,0
1775262243.9478092,17,526.40,54.1,0
1775262244.0150018,3,515.51,26.3,0
1775262244.0150018,2,517.52,0.0,0
1775262244.0750847,4,566.52,16.4,0
1775262244.0144477,1,684.00,7.7,0
1775262244.1344693,5,566.54,100.0,0
1775262244.2927303,6,464.00,13.1,0
1775262244.3501225,7,516.05,10.4,0
1775262244.4695964,8,458.36,9.4,0
1775262244.4707267,9,459.65,0.0,0
1775262244.5279846,10,661.23,31.5,0
1775262244.6360703,11,711.96,16.5,0
1775262244.6376238,14,712.97,0.0,0
1775262244.6365843,12,716.00,0.0,0
1775262244.6365843,13,718.36,0.0,0
1775262244.638606,15,718.34,33.3,0
1775262244.693781,16,720.75,2.0,0
1775262244.693781,17,723.49,0.0,0
1775262244.695404,18,722.90,0.0,0
1775262244.7547245,19,720.17,17.1,0
1775262244.7583802,20,825.28,4.8,0
1775262244.9245977,21,718.62,2.7,0
1775262244.924902,22,720.54,0.0,0
1775262245.1872015,2,514.84,9.4,0
1775262245.3442202,3,516.29,4.3,0
1775262245.4097934,4,558.27,9.4,0
1775262245.4108362,5,558.77,0.0,0
1775262245.186696,1,785.16,0.0,0
1775262245.4716136,6,611.16,4.4,0
1775262245.472214,7,613.10,0.0,0
1775262245.5791192,9,563.76,10.7,0
1775262245.5780785,8,567.21,0.0,0
1775262245.6378813,10,617.21,6.2,0
1775262245.6974347,11,615.71,11.3,0
1775262245.6991014,12,616.82,0.0,0
1775262245.8573794,13,516.13,10.0,0
1775262245.9645936,14,566.71,21.6,0
1775262246.0761101,2,663.51,28.5,0
1775262246.0771265,3,665.49,0.0,0
1775262246.0771265,4,667.49,0.0,0
1775262246.1386194,7,766.99,49.4,0
1775262246.1386194,6,768.99,0.0,0
1775262246.1380553,5,771.20,0.0,0
1775262246.1386194,8,772.63,0.0,0
1775262246.249914,9,717.79,9.4,0
1775262246.0761101,1,894.48,0.0,0
1775262246.2519326,10,720.30,0.0,0
1775262246.308153,11,721.08,5.7,0
1775262246.3700116,12,714.32,3.4,0
1775262246.5282726,13,560.53,0.0,0
1775262246.7376034,14,613.49,1.5,0
1775262246.7471235,15,606.37,0.0,0
1775262246.900652,16,455.10,0.0,0
1775262246.9031725,18,454.58,50.0,0
1775262246.9016628,17,457.40,0.0,0
1775262246.9635892,19,568.62,7.1,0
1775262246.9641418,21,570.35,0.0,0
1775262246.9641418,20,573.25,0.0,0
1775262247.081764,2,621.35,9.4,0
1775262247.0866072,3,618.20,0.0,0
1775262247.0260336,1,785.79,9.9,0
1775262247.346084,4,675.04,10.1,0
1775262247.3490033,5,673.60,0.0,0
1775262247.516882,6,564.87,9.2,0
1775262247.5178843,7,565.92,0.0,0
1775262247.5199347,8,566.39,0.0,0
1775262247.5219529,9,566.41,0.0,0
1775262247.527949,10,669.17,6.4,0
1775262247.64352,11,562.15,20.0,0
1775262247.6456487,12,562.18,0.0,0
1775262247.7008274,13,623.07,12.2,0
1775262247.8081844,14,518.24,100.0,0
1775262248.0761173,2,614.42,28.5,0
1775262248.0761173,3,616.62,0.0,0
1775262248.0771294,4,617.66,0.0,0
1775262248.192069,6,559.14,11.9,0
1775262248.192069,7,562.26,0.0,0
1775262248.192069,5,564.22,0.0,0
1775262248.0178168,1,740.11,0.0,0
1775262248.2026763,8,614.22,6.5,0
1775262248.209843,9,663.64,12.5,0
1775262248.3204389,10,609.62,3.4,0
1775262248.482528,11,505.67,0.0,0
1775262248.6880126,12,407.51,5.3,0
1775262248.7480412,14,557.21,16.0,0
1775262248.7474236,13,558.83,0.0,0
1775262248.8115315,16,556.61,21.2,0
1775262248.8115315,17,560.08,0.0,0
1775262248.8115315,15,561.82,50.0,0
1775262248.8136995,18,562.20,0.0,0
1775262248.8698163,19,571.38,25.0,0
1775262248.928077,20,571.93,32.7,0
1775262248.984352,21,521.68,0.0,0
1775262249.3012319,2,518.46,26.7,0
1775262249.3599956,3,620.26,26.5,0
1775262249.361063,4,623.38,83.3,0
1775262249.3620548,5,626.98,0.0,0
1775262249.36306,6,630.99,0.0,0
1775262249.0924807,1,903.75,100.0,0
1775262249.4323277,7,676.24,33.8,0
1775262249.4337757,8,709.91,11.8,0
1775262249.4337757,9,712.92,0.0,0
1775262249.4962955,10,657.16,100.0,0
1775262249.503152,11,812.21,51.4,0
1775262249.558429,12,759.97,0.0,0
1775262249.5594382,13,761.73,0.0,0
1775262249.817109,14,766.19,22.9,0
1775262249.9762218,15,608.75,0.0,0
1775262250.0871644,2,555.40,6.7,0
1775262250.0891669,3,556.40,0.0,0
1775262250.090167,4,557.42,0.0,0
1775262250.1482072,5,607.78,2.9,0
1775262250.0861683,1,729.61,7.8,0
1775262250.3102143,6,507.59,0.0,0
1775262250.313792,7,560.86,6.5,0
1775262250.4250362,8,506.01,2.0,0
1775262250.581291,9,509.08,5.4,0
1775262250.6385381,11,611.12,14.0,0
1775262250.6385381,10,613.51,0.0,0
1775262250.639568,12,613.74,0.0,0
1775262250.7504337,13,616.48,14.8,0
1775262250.7509918,14,618.77,0.0,0
1775262250.7527087,15,620.20,75.0,0
1775262250.8094873,16,620.57,15.0,0
1775262250.81172,17,621.32,0.0,0
1775262250.8716788,18,619.09,18.8,0
1775262250.9285007,19,567.96,0.0,0
1775262251.2453728,2,518.28,11.0,0
1775262251.2462034,3,519.98,0.0,0
1775262251.3589745,5,566.82,24.3,0
1775262251.357578,4,572.83,0.0,0
1775262251.3640509,6,570.37,100.0,0
1775262251.0876777,1,1065.83,30.3,0
1775262251.4260635,7,729.48,11.1,0
1775262251.4260635,8,731.48,0.0,0
1775262251.4874756,10,728.02,18.2,0
1775262251.4862773,9,731.00,16.7,0
1775262251.4927979,11,782.35,3.8,0
1775262251.602255,12,731.06,6.2,0
1775262251.7601151,13,679.57,9.9,0
1775262251.9209676,14,676.58,15.5,0
1775262251.9221134,15,679.17,0.0,0
1775262252.1497219,2,558.23,5.0,0
1775262252.1507955,3,560.15,0.0,0
1775262252.1507955,4,562.57,0.0,0
1775262252.211887,5,610.39,2.7,0
1775262252.2129092,6,611.89,0.0,0
1775262252.0394459,1,843.44,10.8,0
1775262252.2714,7,614.19,0.0,0
1775262252.3279843,8,615.03,7.6,0
1775262252.437674,9,611.27,12.5,0
1775262252.5950303,10,612.08,11.7,0
1775262252.5960371,11,613.16,0.0,0
1775262252.705458,14,662.93,14.2,0
1775262252.7043445,13,665.58,0.0,0
1775262252.7043445,12,667.64,21.4,0
1775262252.8175938,15,612.26,14.0,0
1775262252.8175938,16,614.78,0.0,0
1775262252.8191135,17,614.98,0.0,0
1775262252.8777483,18,614.28,29.8,0
1775262252.9390488,19,610.06,40.7,0
1775262252.9451907,20,611.52,0.0,0
1775262253.3648627,2,405.74,29.7,0
1775262253.365377,3,407.89,0.0,0
1775262253.365377,4,409.10,0.0,0
1775262253.4257078,5,560.95,6.1,0
1775262253.4862316,6,557.62,4.7,0
1775262253.2051737,1,840.68,50.0,0
1775262253.4875534,7,561.33,0.0,0
1775262253.4887068,8,562.19,0.0,0
1775262253.5464945,9,613.77,5.2,0
1775262253.552126,10,717.92,11.7,0
1775262253.5531332,11,719.09,0.0,0
1775262253.7125947,12,619.78,21.9,0
1775262253.7131593,13,622.31,0.0,0
1775262253.767807,14,728.56,36.6,0
1775262253.9803786,16,522.24,25.0,0
1775262253.981424,17,523.58,0.0,0
1775262253.9803786,15,526.27,0.0,0
1775262254.1548138,3,668.12,14.8,0
1775262254.1548138,2,670.86,85.7,0
1775262254.157835,4,671.17,12.5,0
1775262254.2655106,5,671.46,21.6,0
1775262254.2665255,6,673.46,0.0,0
1775262254.0392835,1,902.37,0.0,0
1775262254.3268704,7,672.56,31.0,0
1775262254.3286166,8,672.84,0.0,0
1775262254.3378336,9,771.64,26.3,0
1775262254.4986389,10,719.11,51.7,0
1775262254.500359,11,720.41,0.0,0
1775262254.6620805,12,615.74,38.2,0
1775262254.6630945,13,617.73,61.5,0
1775262254.8196423,14,568.62,45.2,0
1775262254.9329665,15,613.28,6.7,0
1775262254.9335325,16,616.28,0.0,0
1775262254.995392,17,559.57,0.0,0
1775262254.995392,18,562.78,0.0,0
1775262254.996407,19,564.76,80.0,0
1775262255.2140954,2,509.14,3.1,0
1775262255.2748013,3,553.95,0.0,0
1775262255.2748013,4,556.58,0.0,0
1775262255.1054583,1,833.35,4.5,0
1775262255.3850095,5,554.85,0.0,0
1775262255.386273,6,613.80,9.3,0
1775262255.5429862,7,458.09,0.0,0
1775262255.5519428,8,506.06,4.0,0
1775262255.614794,9,500.10,1.8,0
1775262255.7199173,10,451.28,12.3,0
1775262255.8265426,11,401.70,16.0,0
1775262255.9352849,12,501.84,12.9,0
1775262255.9941022,13,447.81,0.0,0
1775262255.9951005,15,448.89,0.0,0
1775262255.9961038,16,449.64,0.0,0
1775262255.9941022,14,454.38,0.0,0
1775262256.112848,2,603.26,25.9,0
1775262256.0031214,1,715.00,16.7,0
1775262256.1681378,3,552.52,0.0,0
1775262256.1681378,4,554.73,0.0,0
1775262256.2236087,5,555.58,19.0,0
1775262256.4351087,6,400.49,46.2,0
1775262256.4398918,7,450.43,43.3,0
1775262256.4500277,8,547.92,42.3,0
1775262256.45142,9,602.90,1.8,0
1775262256.6592107,10,396.14,0.0,0
1775262256.714588,11,397.51,3.1,0
1775262256.7757998,12,496.38,1.9,0
1775262256.8320677,13,446.05,0.0,0
1775262256.8330789,14,447.03,33.3,0
1775262256.8330789,15,448.55,0.0,0
1775262256.8892984,16,505.98,0.9,0
1775262256.9954185,17,404.87,0.0,0
1775262257.1084116,2,659.41,2.9,0
1775262257.109449,3,661.14,0.0,0
1775262257.109449,4,662.82,0.0,0
1775262257.2673323,5,506.18,0.0,0
1775262257.050825,1,724.20,0.0,0
1775262257.274835,6,559.42,10.9,0
1775262257.274835,7,563.61,0.0,0
1775262257.3374584,8,558.29,7.0,0
1775262257.3918984,9,559.73,15.4,0
1775262257.3975146,10,559.34,0.0,0
1775262257.6573284,11,510.22,18.3,0
1775262257.763761,12,405.83,83.3,0
1775262257.8289914,14,498.40,17.8,0
1775262257.8279808,13,500.71,0.0,0
1775262257.8913157,16,496.25,8.9,0
1775262257.8913157,15,498.25,33.3,0
1775262257.8924568,17,499.11,0.0,0
1775262257.9485848,18,501.77,26.0,0
1775262257.953261,19,502.34,62.5,0
1775262258.1645174,2,658.67,28.3,0
1775262258.324178,3,501.87,100.0,0
1775262258.324703,4,503.40,40.0,0
1775262258.0600784,1,768.98,0.0,0
1775262258.3829656,5,502.36,9.8,0
1775262258.3829656,6,505.57,100.0,0
1775262258.3850386,7,505.72,30.0,0
1775262258.4438987,8,452.53,0.0,0
1775262258.4525843,9,605.98,5.7,0
1775262258.4597185,10,599.98,100.0,0
1775262258.6657295,11,400.24,4.8,0
1775262258.8214617,12,558.50,4.9,0
1775262258.8823109,13,499.47,0.0,0
1775262258.8823109,14,503.18,0.0,0
1775262258.8928063,15,550.54,3.1,0
1775262258.8928063,16,553.53,0.0,0
1775262258.8940165,17,553.85,0.0,0
1775262258.9998088,18,505.43,21.1,0
1775262259.0555046,2,557.42,13.4,0
1775262259.0003412,1,770.17,12.4,0
1775262259.0629296,3,709.40,0.0,0
1775262259.2200284,4,607.61,11.3,0
1775262259.2207587,5,609.41,0.0,0
1775262259.2214212,6,610.85,0.0,0
1775262259.3784175,7,511.08,20.0,0
1775262259.4379702,8,509.33,6.0,0
1775262259.4413424,9,614.33,20.2,0
1775262259.5011244,10,560.55,53.3,0
1775262259.6103919,11,452.79,0.0,0
1775262259.7679837,12,608.87,37.3,0
1775262259.8244019,13,555.34,0.0,0
1775262259.885483,14,554.40,25.0,0
1775262259.8864985,15,557.04,0.0,0
1775262259.8864985,16,559.02,0.0,0
1775262259.8864985,17,561.02,0.0,0
1775262259.943873,18,509.18,50.0,0
1775262260.0586762,3,606.97,18.0,0
1775262260.0576751,2,609.33,0.0,0
1775262260.0526347,1,670.40,12.5,0
1775262260.1687741,4,557.39,0.0,0
1775262260.375852,5,456.96,2.9,0
1775262260.4333165,7,557.14,8.8,0
1775262260.4333165,6,559.31,0.0,0
1775262260.450052,9,601.03,13.0,0
1775262260.4490411,8,604.07,0.0,0
1775262260.450052,10,606.02,0.0,0
1775262260.5565233,11,557.41,12.5,0
1775262260.6619558,12,508.55,17.7,0
1775262260.7210176,13,507.89,14.0,0
1775262260.8297536,14,458.55,22.7,0
1775262260.9874377,15,305.88,0.0,0
1775262261.1079729,2,549.18,18.1,0
1775262261.1079729,4,552.43,0.0,0
1775262261.109294,5,552.88,0.0,0
1775262261.1079729,3,555.26,0.0,0
1775262261.166979,6,559.21,37.5,0
1775262261.166979,7,568.21,42.9,0
1775262261.047134,1,689.61,0.0,0
1775262261.2243342,8,567.91,39.0,0
1775262261.2849889,9,565.26,54.8,0
1775262261.2913194,10,612.96,27.5,0
1775262261.500434,11,459.72,0.0,0
1775262261.5027137,12,665.62,2.4,0
1775262261.7189212,14,454.42,33.3,0
1775262261.7179067,13,458.64,0.0,0
1775262261.7199244,15,460.16,0.0,0
1775262261.7204387,16,461.68,0.0,0
1775262261.7902305,17,502.38,6.2,0
1775262261.8470707,18,447.89,25.0,0
1775262261.9027586,19,505.38,5.1,0
1775262261.9581246,20,506.22,1.8,0
1775262262.1716304,2,450.73,5.4,0
1775262262.2851117,3,444.93,7.5,0
1775262262.2863064,4,446.62,100.0,0
1775262262.2863064,5,449.14,0.0,0
1775262262.1662908,1,728.26,12.3,0
1775262262.2903686,6,606.18,0.0,0
1775262262.2959416,7,660.37,9.0,0
1775262262.3487973,8,609.50,0.0,0
1775262262.3493133,9,611.10,0.0,0
1775262262.4045036,10,615.46,14.0,0
1775262262.4614732,11,613.42,5.5,0
1775262262.6188776,12,512.70,9.2,0
1775262262.7280407,13,511.59,7.3,0
1775262262.889457,14,461.53,14.7,0
1775262262.890666,15,465.33,0.0,0
1775262262.9513612,16,512.56,39.8,0
1775262262.9513612,17,515.77,100.0,0
1775262263.0143735,2,508.82,42.4,0
1775262263.0158954,3,510.81,0.0,0
1775262263.0733814,4,566.18,11.0,0
1775262263.013359,1,689.64,44.8,0
1775262263.129046,5,575.98,0.0,0
1775262263.2357085,6,577.42,27.7,0
1775262263.3436172,7,526.36,12.2,0
1775262263.344632,8,527.81,100.0,0
1775262263.4595191,9,571.53,14.8,0
1775262263.4605322,10,679.73,5.8,0
1775262263.4605322,11,682.43,0.0,0
1775262263.521173,12,624.21,0.0,0
1775262263.6303258,13,571.79,28.1,0
1775262263.63137,14,572.84,0.0,0
1775262263.6343484,15,787.50,36.6,0
1775262263.7008517,17,784.00,64.5,0
1775262263.6998243,16,789.02,0.0,0
1775262263.8094392,18,683.59,0.0,0
1775262263.810112,19,686.50,0.0,0
1775262263.8664496,20,637.98,90.9,0
1775262264.1359859,3,631.77,13.0,0
1775262264.1349669,2,633.79,0.0,0
1775262264.1978416,4,680.00,11.5,0
1775262264.1978416,5,683.11,0.0,0
1775262264.0274863,1,854.50,0.0,0
1775262264.2071998,6,680.28,0.0,0
1775262264.4150555,7,475.09,62.5,0
1775262264.4275827,8,626.60,26.5,0
1775262264.499723,9,556.45,0.0,0
1775262264.5003295,10,558.79,0.0,0
1775262264.6085346,12,766.21,29.8,0
1775262264.6095495,11,768.21,0.0,0
1775262264.7652335,13,613.64,0.0,0
1775262264.874177,14,666.17,11.7,0
1775262264.874177,15,670.44,85.7,0
1775262264.8753579,16,671.91,0.0,0
1775262264.8840647,17,672.61,0.0,0
1775262264.8840647,18,675.61,50.0,0
1775262264.8840647,19,678.78,24.0,0
1775262265.05118,2,779.10,9.9,0
1775262265.2133415,3,675.32,21.0,0
1775262265.0451317,1,846.27,0.0,0
1775262265.2133415,4,679.98,0.0,0
1775262265.2153826,5,679.70,0.0,0
1775262265.3716807,6,684.49,11.1,0
1775262265.533996,8,629.42,7.1,0
1775262265.533996,7,631.45,0.0,0
1775262265.5365222,9,631.64,0.0,0
1775262265.5500462,10,781.64,14.9,0
1775262265.5510464,11,782.65,0.0,0
1775262265.616552,12,774.36,27.1,0
1775262265.616552,13,777.39,0.0,0
1775262265.617712,14,778.40,0.0,0
1775262265.827137,15,629.15,21.4,0
1775262265.885194,16,677.69,38.8,0
1775262266.0521402,2,567.91,10.7,0
1775262266.0521402,3,570.20,83.3,0
1775262266.1598797,4,727.10,21.3,0
1775262266.3243163,7,620.32,38.5,0
1775262266.3243163,6,623.34,0.0,0
1775262266.0511286,1,899.06,0.0,0
1775262266.3263667,8,628.40,100.0,0
1775262266.3243163,5,633.45,0.0,0
1775262266.3862197,9,681.80,51.3,0
1775262266.3971174,10,777.31,5.8,0
1775262266.4492884,11,726.61,0.0,0
1775262266.5605347,12,673.22,28.6,0
1775262266.5618925,13,675.46,0.0,0
1775262266.6175475,14,776.22,10.5,0
1775262266.8797567,15,519.55,0.0,0
1775262266.8807683,16,520.55,0.0,0
1775262266.8827722,17,519.86,0.0,0
1775262266.9401152,18,677.01,8.4,0
1775262267.0619996,2,556.12,0.0,0
1775262267.0630517,3,558.26,0.0,0
1775262267.064218,4,718.56,13.0,0
1775262267.1718948,5,616.36,0.0,0
1775262267.0619996,1,727.29,0.0,0
1775262267.2317288,6,559.73,0.0,0
1775262267.3917718,7,704.48,15.2,0
1775262267.3957806,8,744.99,42.9,0
1775262267.5573132,9,699.48,21.2,0
1775262267.5583293,11,701.19,0.0,0
1775262267.5583293,10,703.27,0.0,0
1775262267.5583293,12,920.67,15.1,0
1775262267.6146133,13,867.79,52.9,0
1775262267.7760434,14,765.61,34.0,0
1775262267.7785761,17,765.09,0.0,0
1775262267.7770665,15,767.58,33.3,0
1775262267.7770665,16,771.11,50.0,0
1775262267.7839444,18,822.89,14.8,0
1775262267.8943112,19,821.13,45.5,0
1775262267.8978746,20,823.12,50.0,0
1775262268.0922523,2,629.85,0.0,0
1775262268.2537088,3,834.79,15.4,0
1775262268.4679577,4,621.53,0.0,0
1775262268.469133,5,622.35,75.0,0
1775262268.091251,1,1002.75,0.0,0
1775262268.4716215,6,624.39,0.0,0
1775262268.5396302,7,570.18,25.0,0
1775262268.5396302,8,572.28,0.0,0
1775262268.6044946,9,672.96,5.1,0
1775262268.7118976,10,572.68,25.0,0
1775262268.7179568,11,568.72,0.0,0
1775262268.9785025,12,673.62,8.9,0
1775262269.098359,3,662.35,14.4,0
1775262269.098359,4,665.56,80.0,0
1775262269.0970225,2,668.41,0.0,0
1775262269.1008935,5,668.83,0.0,0
1775262269.1008935,6,672.01,0.0,0
1775262269.1015837,7,674.48,0.0,0
1775262269.1657221,9,720.63,11.1,0
1775262269.1641839,8,724.39,57.1,0
1775262269.083887,1,862.08,7.6,0
1775262269.2739024,10,673.58,0.0,0
1775262269.281577,11,775.73,14.4,0
1775262269.3397548,12,773.43,7.1,0
1775262269.3407736,13,775.17,0.0,0
1775262269.650101,14,521.84,16.7,0
1775262269.7563295,15,624.21,28.8,0
1775262269.8810897,16,556.10,51.6,0
1775262269.8810897,17,559.10,0.0,0
1775262269.882129,18,560.77,0.0,0
1775262269.882129,19,562.77,0.0,0
1775262269.941867,20,509.20,71.4,0
1775262270.1096022,2,553.65,12.2,0
1775262270.168063,4,552.94,13.1,0
1775262270.168063,3,554.07,0.0,0
1775262270.0535073,1,671.71,0.0,0
1775262270.3769042,5,505.00,16.6,0
1775262270.4336648,6,554.37,14.6,0
1775262270.43417,7,556.13,0.0,0
1775262270.43417,8,558.32,0.0,0
1775262270.4474125,9,654.57,8.0,0
1775262270.4474125,10,656.08,0.0,0
1775262270.5038807,12,708.38,9.6,0
1775262270.5038807,11,710.88,0.0,0
1775262270.5058982,13,817.38,12.4,0
1775262270.6606612,14,664.13,0.0,0
1775262270.715568,15,665.44,10.8,0
1775262270.7178698,16,665.16,0.0,0
1775262270.7262325,17,716.43,10.7,0
1775262270.9861147,18,614.27,7.7,0
1775262271.098436,3,558.79,26.3,0
1775262271.097648,2,562.20,0.0,0
1775262271.098436,4,563.88,0.0,0
1775262271.209251,5,559.69,18.4,0
1775262271.097648,1,728.38,11.5,0
1775262271.3197143,6,509.01,0.0,0
1775262271.3778799,7,609.10,35.1,0
1775262271.436849,9,607.58,44.3,0
1775262271.4358318,8,611.61,50.0,0
1775262271.4378474,10,611.17,0.0,0
1775262271.597415,11,610.41,26.6,0
1775262271.6532512,12,662.31,0.9,0
1775262271.6550157,13,663.10,0.0,0
1775262271.6560388,14,662.08,0.0,0
1775262271.765258,15,662.39,24.4,0
1775262271.766843,16,663.32,0.0,0
1775262271.8216767,17,716.67,6.9,0
1775262271.8228166,18,717.53,0.0,0
1775262271.9834344,19,561.62,12.5,0
1775262271.9834344,20,564.15,0.0,0
1775262272.2037823,2,661.45,23.8,0
1775262272.2058058,5,661.69,0.0,0
1775262272.2048092,3,665.61,0.0,0
1775262272.2048092,4,667.90,33.3,0
1775262272.3119214,6,617.97,17.7,0
1775262272.040739,1,892.24,0.0,0
1775262272.424139,7,615.13,26.0,0
1775262272.5341837,8,560.86,7.8,0
1775262272.5341837,9,561.86,0.0,0
1775262272.5414774,10,664.12,8.9,0
1775262272.7540312,12,509.38,10.3,0
1775262272.752864,11,511.58,0.0,0
1775262272.7590232,13,721.17,11.7,0
1775262272.9260108,14,560.93,75.0,0
1775262272.9260108,15,564.00,0.0,0
1775262272.9260108,16,568.16,0.0,0
1775262272.9275565,17,570.44,42.9,0
1775262273.0920265,2,721.95,39.0,0
1775262273.201188,3,671.19,16.7,0
1775262273.201188,4,673.19,12.5,0
1775262273.2025452,5,673.11,0.0,0
1775262273.2035496,6,674.20,0.0,0
1775262273.0372732,1,841.51,0.0,0
1775262273.259285,7,677.04,7.9,0
1775262273.4732556,8,571.24,5.0,0
1775262273.4836757,9,721.35,4.2,0
1775262273.4836757,10,725.03,0.0,0
1775262273.5511458,11,717.08,7.6,0
1775262273.5511458,12,719.70,0.0,0
1775262273.5541608,13,718.27,0.0,0
1775262273.8129644,14,568.72,24.0,0
1775262273.8680096,15,825.29,20.3,0
1775262273.86902,16,826.28,0.0,0
1775262273.9317515,17,771.15,80.0,0
1775262273.9317515,18,773.79,0.0,0
1775262273.9317515,19,775.79,0.0,0
1775262273.9327729,20,776.77,0.0,0
1775262273.9327729,21,778.77,0.0,0
1775262273.9327729,22,781.30,0.0,0
1775262274.2028599,2,676.93,11.9,0
1775262274.264504,3,773.14,8.1,0
1775262274.0410407,1,998.60,0.0,0
1775262274.377223,4,718.75,6.9,0
1775262274.377223,5,720.26,0.0,0
1775262274.3784401,6,722.68,0.0,0
1775262274.6898935,7,517.96,8.0,0
1775262274.6978123,8,718.85,36.0,0
1775262274.6993248,9,719.33,100.0,0
1775262274.7675235,10,710.89,32.8,0
1775262274.7682962,12,713.50,0.0,0
1775262274.7682962,11,716.41,83.3,0
1775262274.7698116,13,717.78,0.0,0
1775262274.8767529,14,617.20,0.0,0
1775262275.091953,2,619.18,4.5,0
1775262275.0929687,3,620.67,0.0,0
1775262275.2041388,4,616.78,1.8,0
1775262275.034944,1,788.10,0.0,0
1775262275.4126046,5,671.03,9.5,0
1775262275.4131184,6,673.29,0.0,0
1775262275.4728425,8,826.91,14.5,0
1775262275.4722958,7,831.48,0.0,0
1775262275.473403,9,832.66,0.0,0
1775262275.4739497,10,836.58,46.7,0
1775262275.4739497,11,840.11,0.0,0
1775262275.4898846,12,884.58,43.3,0
1775262275.4904804,13,885.12,0.0,0
1775262275.4904804,14,887.38,0.0,0
1775262275.491628,15,888.22,0.0,0
1775262275.6014442,16,836.77,49.3,0
1775262275.7087078,17,789.18,48.6,0
1775262275.8172047,18,737.68,27.1,0
1775262276.0816464,2,579.69,23.7,0
1775262276.291803,3,630.44,32.7,0
1775262276.2948189,4,629.96,0.0,0
1775262276.3676262,7,564.37,0.0,0
1775262276.3666058,5,568.41,100.0,0
1775262276.3666058,6,570.44,30.0,0
1775262276.3686817,8,570.37,0.0,0
1775262276.0791664,1,861.91,0.0,0
1775262276.4356818,9,669.21,45.7,0
1775262276.494693,10,612.20,100.0,0
1775262276.5013063,11,661.69,47.5,0
1775262276.5568933,12,610.32,0.0,0
1775262276.9194026,13,774.44,3.8,0
1775262276.9268055,14,768.28,0.0,0
1775262276.9268055,15,771.36,0.0,0
1775262276.9277866,16,772.92,16.7,0
1775262276.9277866,17,774.91,0.0,0
1775262276.928789,18,776.96,0.0,0
1775262277.044922,2,669.97,0.0,0
1775262277.04593,3,671.99,16.7,0
1775262277.04593,4,673.68,0.0,0
1775262277.04593,5,676.53,0.0,0
1775262277.1028771,6,835.02,7.1,0
1775262277.044922,1,893.98,0.0,0
1775262277.1592524,7,783.01,0.0,0
1775262277.1655996,8,884.77,7.1,0
1775262277.4749124,9,682.44,13.4,0
1775262277.4765084,10,682.83,0.0,0
1775262277.688735,11,733.83,12.2,0
1775262277.6897562,12,734.06,0.0,0
1775262277.707936,14,781.32,12.8,0
1775262277.7094233,16,780.85,0.0,0
1775262277.707936,15,784.73,0.0,0
1775262277.707936,13,786.79,0.0,0
1775262277.7119849,17,784.76,66.7,0
1775262277.8766239,18,677.84,15.5,0
1775262277.93437,19,627.79,85.7,0
1775262278.0471237,3,730.45,38.0,0
1775262278.0461183,2,735.99,100.0,0
1775262278.153828,5,631.79,0.0,0
1775262278.154849,4,634.78,0.0,0
1775262278.0461183,1,1214.31,9.8,0
1775262278.416874,6,846.60,0.0,0
1775262278.4799738,8,785.78,75.0,0
1775262278.4184215,7,848.69,0.0,0
1775262278.4799738,9,789.66,0.0,0
1775262278.481995,10,790.58,0.0,0
1775262278.5510347,11,781.98,3.6,0
1775262278.5520537,12,784.21,0.0,0
1775262278.5520537,13,785.64,0.0,0
1775262278.5591595,14,834.92,3.4,0
1775262278.771515,15,680.54,10.2,0
1775262278.7755756,16,680.59,0.0,0
1775262279.2558086,2,515.25,6.6,0
1775262279.3272936,4,501.60,15.2,0
1775262279.3272936,5,505.14,0.0,0
1775262279.3260455,3,507.70,0.0,0
1775262279.0998104,1,736.46,0.0,0
1775262279.3272936,6,511.71,0.0,0
1775262279.3902974,7,508.75,17.2,0
1775262279.446469,8,561.00,12.5,0
1775262279.4530632,9,614.12,14.3,0
1775262279.4540536,10,615.64,0.0,0
1775262279.509737,11,617.17,23.2,0
1775262279.7678564,12,466.19,21.4,0
1775262279.824836,14,618.85,35.2,0
1775262279.824836,13,620.85,0.0,0
1775262279.891628,15,663.28,31.0,0
1775262279.8943553,16,662.62,0.0,0
1775262279.8943553,17,664.74,0.0,0
1775262279.8943553,18,666.43,14.3,0
1775262280.0034463,2,616.06,10.5,0
1775262280.005453,3,616.11,0.0,0
1775262280.0630763,4,664.95,20.6,0
1775262280.0034463,1,730.39,37.5,0
1775262280.1229186,5,613.13,0.0,0
1775262280.2320354,6,666.02,10.0,0
1775262280.4414062,7,458.18,0.0,0
1775262280.4424124,8,667.28,3.6,0
1775262280.5513432,9,615.24,8.3,0
1775262280.6136715,10,553.91,0.0,0
1775262280.6146832,11,554.88,33.3,0
1775262280.6146832,12,557.64,0.0,0
1775262280.6156845,13,718.11,5.0,0
1775262280.725394,14,615.05,0.0,0
1775262280.7302134,15,611.74,71.4,0
1775262280.7307775,16,613.18,0.0,0
1775262280.8388743,17,717.76,13.8,0
1775262280.894325,18,664.78,0.0,0
1775262281.106891,3,561.38,16.1,0
1775262281.1058683,2,566.63,100.0,0
1775262281.1621668,4,723.47,25.2,0
1775262281.1634648,5,724.19,100.0,0
1775262281.106891,1,840.58,21.9,0
1775262281.3265247,6,624.59,50.0,0
1775262281.3265247,7,627.58,0.0,0
1775262281.3275385,8,628.57,0.0,0
1775262281.3354678,9,730.74,45.6,0
1775262281.4473984,10,676.11,59.7,0
1775262281.4502578,11,676.44,0.0,0
1775262281.555637,12,626.77,56.2,0
1775262281.6632876,13,625.75,25.7,0
1775262281.881486,14,567.01,11.5,0
1775262281.881997,15,569.02,75.0,0
1775262281.941007,16,618.89,9.8,0
1775262281.941007,17,622.09,0.0,0
1775262281.9429693,18,622.66,0.0,0
1775262282.0619566,2,559.96,15.7,0
1775262282.0619566,3,562.53,46.2,0
1775262282.1207378,4,612.97,24.1,0
1775262282.060942,1,728.88,33.3,0
1775262282.18012,5,612.71,0.0,0
1775262282.2868154,6,563.93,27.7,0
1775262282.4449472,7,614.04,25.1,0
1775262282.4537303,8,712.98,15.2,0
1775262282.555879,9,614.97,42.9,0
1775262282.555879,10,618.52,0.0,0
1775262282.556902,11,620.03,0.0,0
1775262282.6178505,12,669.95,24.2,0
1775262282.6178505,13,671.37,0.0,0
1775262282.7285402,14,619.13,6.5,0
1775262282.730056,15,619.20,0.0,0
1775262282.7858489,16,671.30,21.6,0
1775262282.8454356,17,617.71,0.0,0
1775262282.8471932,18,618.25,0.0,0
1775262283.1630676,2,565.04,30.5,0
1775262283.2830179,5,605.24,40.9,0
1775262283.282004,3,608.26,14.3,0
1775262283.282004,4,611.57,0.0,0
1775262283.2830179,6,612.23,0.0,0
1775262283.0560994,1,947.99,13.3,0
1775262283.3435712,7,662.49,0.0,0
1775262283.3446841,8,663.42,0.0,0
1775262283.4535604,9,612.03,3.3,0
1775262283.454697,10,614.02,0.0,0
1775262283.4591486,11,716.66,6.2,0
1775262283.5180452,12,714.35,7.0,0
1775262283.5196016,13,714.03,11.1,0
1775262283.726096,14,616.89,28.2,0
1775262283.8842635,15,617.67,32.6,0
1775262283.8842635,16,621.13,0.0,0
1775262283.9990869,17,664.21,7.1,0
1775262284.0006893,2,664.79,0.0,0
1775262284.0006893,3,666.81,0.0,0
1775262284.061539,6,714.35,14.5,0
1775262284.061539,5,716.70,0.0,0
1775262284.060519,4,719.24,25.0,0
1775262284.172239,7,665.38,15.7,0
1775262284.0006893,1,837.91,0.0,0
1775262284.2300408,8,665.69,14.0,0
1775262284.3399317,9,663.80,23.7,0
1775262284.4989977,10,614.13,7.1,0
1775262284.4996078,11,616.09,0.0,0
1775262284.6592722,12,563.80,8.0,0
1775262284.660319,13,565.29,0.0,0
1775262284.7713652,15,617.25,28.5,0
1775262284.7713652,14,619.25,0.0,0
1775262284.8332222,16,667.34,48.7,0
1775262284.8332222,17,669.49,0.0,0
1775262284.834275,18,671.44,0.0,0
1775262284.892653,19,617.85,0.0,0
1775262284.892653,20,618.86,0.0,0
1775262285.107809,2,771.38,13.7,0
1775262285.108824,3,771.98,0.0,0
1775262285.2184944,4,722.72,11.8,0
1775262285.2184944,5,745.87,62.5,0
1775262285.2195132,6,754.12,12.5,0
1775262285.2207005,7,762.82,88.9,0
1775262285.0001879,1,986.29,0.0,0
1775262285.3813083,8,716.57,19.3,0
1775262285.3866122,9,819.86,7.5,0
1775262285.3942225,10,814.52,0.0,0
1775262285.5077126,11,810.10,4.5,0
1775262285.5077126,12,812.24,0.0,0
1775262285.6159146,13,761.83,9.4,0
1775262285.617932,14,763.02,0.0,0
1775262285.8751862,15,614.72,9.7,0
1775262285.9337451,16,716.20,19.4,0
1775262285.9363062,17,716.37,0.0,0
1775262286.0922563,2,668.99,21.8,0
1775262286.0916595,3,672.11,37.5,0
1775262286.092833,4,673.46,0.0,0
1775262286.204558,6,672.42,19.6,0
1775262286.203584,5,675.91,0.0,0
1775262286.092833,1,895.16,19.3,0
1775262286.3142982,7,676.71,0.0,0
1775262286.3746345,9,725.86,51.7,0
1775262286.373616,8,727.88,0.0,0
1775262286.4857697,11,673.91,62.5,0
1775262286.4845736,10,677.63,0.0,0
1775262286.6462424,12,624.59,24.1,0
1775262286.756949,13,723.45,12.0,0
1775262286.7579696,14,724.48,60.0,0
1775262286.8706172,15,770.23,9.1,0
1775262286.8706172,16,772.22,0.0,0
1775262286.8712776,17,773.94,0.0,0
1775262286.8712776,18,776.50,0.0,0
1775262286.9823859,19,723.11,16.7,0
1775262286.9833956,20,724.19,0.0,0
1775262286.9833956,21,726.79,0.0,0
1775262287.0984719,2,620.00,62.5,0
1775262287.1571407,3,726.51,6.3,0
1775262287.0963008,1,789.46,0.0,0
1775262287.2681367,4,619.69,3.8,0
1775262287.477887,6,777.26,9.0,0
1775262287.4768755,5,781.24,0.0,0
1775262287.6363242,7,624.07,0.0,0
1775262287.6363242,8,627.26,50.0,0
1775262287.7008822,10,775.84,10.8,0
1775262287.7008822,9,779.68,0.0,0
1775262287.7019389,11,780.94,66.7,0
1775262287.711746,12,829.81,13.8,0
1775262287.7132905,13,830.27,0.0,0
1775262287.7132905,14,832.35,33.3,0
1775262287.7159488,15,832.22,0.0,0
1775262287.8742986,16,730.45,6.8,0
1775262287.8800855,17,736.01,29.4,0
1775262288.2503483,2,424.24,35.7,0
1775262288.4693863,3,722.90,21.3,0
1775262288.4693863,4,725.59,0.0,0
1775262288.470495,5,726.78,0.0,0
1775262288.093242,1,1105.71,0.0,0
1775262288.4713783,6,728.60,0.0,0
1775262288.536546,7,665.66,55.6,0
1775262288.536546,8,667.50,0.0,0
1775262288.536546,9,669.63,0.0,0
1775262288.537568,10,670.97,0.0,0
1775262288.6017315,11,717.79,2.6,0
1775262288.609744,12,765.18,4.2,0
1775262288.6117578,13,766.19,0.0,0
1775262288.6683707,14,769.28,19.0,0
1775262288.672075,15,769.70,0.0,0
1775262289.1892269,2,776.32,9.4,0
1775262289.311943,3,655.71,66.7,0
1775262289.313468,5,657.66,0.0,0
1775262289.3128552,4,661.39,0.0,0
1775262289.313468,6,663.11,0.0,0
1775262289.313468,7,666.63,0.0,0
1775262289.3144958,8,667.63,62.5,0
1775262289.3144958,9,669.75,0.0,0
1775262289.3155074,10,671.87,0.0,0
1775262289.1351156,1,855.38,0.0,0
1775262289.3717394,11,784.71,9.9,0
1775262289.4330096,12,726.62,0.0,0
1775262289.4396682,13,727.56,0.0,0
1775262289.4438746,14,887.52,19.2,0
1775262289.9570525,15,382.89,0.0,0
1775262289.9623406,16,688.76,36.5,0
1775262290.094881,3,666.22,6.2,0
1775262290.094881,2,668.41,0.0,0
1775262290.0965955,5,668.79,50.0,0
1775262290.0958846,4,672.22,0.0,0
1775262290.0982704,6,672.48,0.0,0
1775262290.0982704,7,675.69,0.0,0
1775262290.0993118,8,785.73,3.7,0
1775262290.1542523,9,731.81,0.0,0
1775262290.0938606,1,850.25,4.7,0
1775262290.1654968,10,780.61,0.0,0
1775262290.2705994,11,732.69,7.1,0
1775262290.3282526,12,731.65,0.0,0
1775262290.3429515,13,873.40,9.1,0
1775262290.7557948,14,771.90,6.1,0
1775262290.7564075,15,774.42,28.6,0
1775262290.7576168,16,777.64,0.0,0
1775262290.8786166,17,670.50,31.6,0
1775262290.8786166,18,672.76,0.0,0
1775262290.8802025,19,674.18,0.0,0
1775262290.8802025,20,676.63,0.0,0
1775262290.8814518,21,677.67,0.0,0
1775262290.8814518,22,681.43,28.6,0
1775262290.9407156,23,740.75,13.2,0
1775262290.9991398,24,684.59,0.0,0
1775262291.213763,2,531.21,21.4,0
1775262291.5402691,4,777.35,22.2,0
1775262291.5412695,5,779.34,0.0,0
1775262291.056863,1,1265.59,0.0,0
1775262291.5249124,3,800.09,0.0,0
1775262291.5422666,6,790.55,6.7,0
1775262291.6661386,7,725.87,18.5,0
1775262291.667148,9,727.87,0.0,0
1775262291.6661386,8,731.42,0.0,0
1775262291.6681528,10,731.73,0.0,0
1775262291.6681528,11,734.79,0.0,0
1775262291.6681528,12,736.80,88.9,0
1775262291.6766293,13,787.25,29.2,0
1775262291.738928,14,784.55,17.2,0
1775262291.7429771,15,837.03,8.1,0
1775262292.003135,2,632.19,8.9,0
1775262292.3155591,3,630.72,7.4,0
1775262292.38559,4,774.28,6.2,0
1775262292.386608,6,776.33,0.0,0
1775262292.3876073,7,778.39,0.0,0
1775262292.386608,5,781.51,0.0,0
1775262292.0011132,1,1171.07,75.0,0
1775262292.3886073,8,786.10,0.0,0
1775262292.4577475,9,781.26,14.1,0
1775262292.4589205,10,784.86,0.0,0
1775262292.4594882,11,788.80,66.7,0
1775262292.4594882,12,793.35,0.0,0
1775262292.5198524,13,791.75,12.1,0
1775262292.5773253,14,793.96,16.3,0
1775262292.582114,15,845.42,12.9,0
1775262292.9433737,16,591.45,10.6,0
1775262293.154139,2,693.83,34.0,0
1775262293.155605,3,695.92,0.0,0
1775262293.22829,5,733.53,65.5,0
1775262293.22829,4,736.15,0.0,0
1775262293.22829,6,737.80,0.0,0
1775262293.2308302,7,737.51,30.8,0
1775262293.2324607,8,738.22,0.0,0
1775262293.2334838,9,738.88,0.0,0
1775262293.152098,1,878.88,6.9,0
1775262293.307493,10,726.20,0.0,0
1775262293.3684509,11,722.40,4.2,0
1775262293.4233801,12,724.33,13.8,0
1775262293.5326262,13,671.02,4.8,0
1775262293.84245,14,628.52,23.6,0
1775262293.956803,15,778.05,22.0,0
1775262293.956803,16,780.63,0.0,0
1775262293.957812,17,782.46,0.0,0
1775262293.9588208,18,783.84,0.0,0
1775262293.9588208,19,785.78,0.0,0
1775262294.0257058,3,727.33,18.8,0
1775262294.0257058,4,729.33,0.0,0
1775262294.0257058,5,732.50,0.0,0
1775262294.0257058,2,734.80,0.0,0
1775262294.0271473,6,735.94,0.0,0
1775262294.0878491,7,840.04,25.0,0
1775262294.0928607,8,837.54,0.0,0
1775262294.024423,1,908.01,0.0,0
1775262294.199958,9,945.79,12.2,0
1775262294.462258,11,685.64,0.0,0
1775262294.461629,10,687.82,0.0,0
1775262294.731233,12,795.43,25.5,0
1775262294.745643,13,841.90,50.8,0
1775262294.7475913,14,842.95,0.0,0
1775262294.7475913,15,844.95,60.0,0
1775262294.7475913,16,848.31,0.0,0
1775262294.7475913,17,852.67,0.0,0
1775262294.7495909,18,853.84,0.0,0
1775262294.750715,19,855.42,0.0,0
1775262294.9174693,20,749.02,51.5,0
1775262294.9258842,21,745.56,76.5,0
1775262295.1427228,2,589.40,50.8,0
1775262295.0880394,1,1366.26,11.9,0
1775262295.5227897,3,932.53,0.0,0
1775262295.5817094,6,878.33,0.0,0
1775262295.5233624,4,938.68,0.0,0
1775262295.5823748,7,880.66,0.0,0
1775262295.580692,5,883.88,0.0,0
1775262295.6588006,8,815.62,66.7,0
1775262295.6588006,9,818.43,0.0,0
1775262295.6604164,10,819.27,0.0,0
1775262295.6604164,11,821.66,50.0,0
1775262295.6614308,13,822.86,50.0,0
1775262295.6614308,12,825.41,0.0,0
1775262295.6614308,14,828.34,0.0,0
1775262295.6614308,15,830.34,0.0,0
1775262295.6700938,16,937.08,23.0,0
1775262295.7263203,17,882.98,20.0,0
1775262295.7298577,18,940.39,23.1,0
1775262296.467965,3,774.30,12.5,0
1775262296.4507308,2,794.53,0.0,0
1775262296.467965,4,779.29,0.0,0
1775262296.467965,5,781.28,100.0,0
1775262296.4695048,7,782.51,0.0,0
1775262296.4695048,6,785.51,0.0,0
1775262296.4705288,8,787.43,0.0,0
1775262296.5977397,9,721.69,43.8,0
1775262296.039739,1,1281.70,0.0,0
1775262296.5977397,10,725.71,0.0,0
1775262296.5977397,11,728.25,50.0,0
1775262296.6048267,12,778.90,58.1,0
1775262296.662172,13,780.17,4.6,0
1775262296.6667383,14,832.17,20.0,0
1775262297.0284555,2,526.83,12.5,0
1775262297.2382474,3,782.89,5.3,0
1775262297.2594976,4,921.29,23.0,0
1775262297.3113525,5,870.99,0.0,0
1775262297.3113525,6,874.23,100.0,0
1775262297.3123662,7,875.67,0.0,0
1775262297.3123662,9,877.64,0.0,0
1775262297.3123662,8,880.18,0.0,0
1775262297.3138814,11,880.65,0.0,0
1775262297.3138814,10,883.65,0.0,0
1775262297.0274415,1,1172.25,0.0,0
1775262297.3797226,12,830.52,17.6,0
1775262297.3797226,13,831.71,0.0,0
1775262297.3807309,14,832.71,0.0,0
1775262297.4403424,15,888.93,15.7,0
1775262297.4952753,16,835.54,0.0,0
1775262297.5532856,17,1093.22,15.7,0
1775262298.1761432,2,685.47,32.7,0
1775262298.1771686,4,687.49,0.0,0
1775262298.1761432,3,691.05,0.0,0
1775262298.1771686,5,693.56,0.0,0
1775262298.1781554,6,694.71,100.0,0
1775262298.2037108,8,779.41,50.0,0
1775262298.20271,7,782.93,0.0,0
1775262298.2047112,9,783.94,0.0,0
1775262298.20571,10,784.94,0.0,0
1775262298.0169752,1,980.72,80.0,0
1775262298.3228889,11,677.35,0.0,0
1775262298.3250494,12,787.80,19.8,0
1775262298.3836584,13,731.91,0.0,0
1775262298.6414366,15,1097.51,13.3,0
1775262298.643496,16,1097.42,0.0,0
1775262298.6409261,14,1101.17,0.0,0
1775262298.8537302,17,890.66,0.0,0
1775262298.8547397,18,891.66,0.0,0
1775262298.857096,19,892.29,33.3,0
1775262298.976944,20,886.64,17.6,0
1775262298.9779515,22,889.17,0.0,0
1775262298.976944,21,892.73,0.0,0
1775262298.9779515,23,894.29,0.0,0
1775262298.9789543,24,896.58,83.3,0
1775262298.9789543,25,898.61,0.0,0
1775262298.994179,26,941.83,32.5,0
1775262298.994179,27,944.33,0.0,0
1775262298.995178,28,1002.04,14.3,0
1775262299.1106296,2,995.08,30.2,0
1775262299.1054733,1,1056.70,23.7,0
1775262299.423147,3,741.13,0.0,0
1775262299.7330148,4,845.24,23.6,0
1775262299.852809,5,838.25,50.4,0
1775262299.8544497,7,842.61,0.0,0
1775262299.852809,6,847.30,0.0,0
1775262299.855467,8,847.64,62.5,0
1775262299.855467,9,850.64,0.0,0
1775262299.8564694,11,853.22,0.0,0
1775262299.8564694,10,856.77,0.0,0
1775262299.8590536,12,857.23,88.9,0
1775262299.931607,14,848.91,61.2,0
1775262299.931607,13,851.44,0.0,0
1775262299.9940672,15,796.25,0.0,0
1775262300.1591382,2,897.49,14.9,0
1775262300.5738466,4,541.70,16.4,0
1775262300.5738466,3,544.80,0.0,0
1775262300.5756586,5,545.66,0.0,0
1775262300.101597,1,1021.74,42.9,0
1775262300.685141,6,954.58,15.8,0
1775262300.769088,7,878.41,0.0,0
1775262300.7696328,8,880.84,0.0,0
1775262300.7696328,9,884.92,87.5,0
1775262300.7711613,11,886.02,0.0,0
1775262300.7711613,10,888.42,0.0,0
1775262300.7724383,12,890.65,0.0,0
1775262300.772959,13,893.05,0.0,0
1775262300.772959,14,895.06,0.0,0
1775262300.772959,15,899.28,75.0,0
1775262300.775502,16,899.26,0.0,0
1775262300.7872586,17,1005.93,35.3,0
1775262300.8485365,18,946.31,20.0,0
1775262301.1104789,2,744.32,13.0,0
1775262301.6350772,3,842.55,29.1,0
1775262301.6424248,7,837.37,0.0,0
1775262301.0542307,1,1427.60,0.0,0
1775262301.6350772,5,847.82,40.0,0
1775262301.6350772,4,850.35,0.0,0
1775262301.6362538,6,851.47,0.0,0
1775262301.779239,9,769.77,16.9,0
1775262301.779239,8,772.16,0.0,0
1775262301.7802587,10,773.34,0.0,0
1775262301.7807772,11,775.09,0.0,0
1775262301.7830377,13,775.29,0.0,0
1775262301.7807772,12,779.28,0.0,0
1775262301.7886202,14,779.04,18.8,0
1775262301.8492723,15,834.88,3.8,0
1775262301.8528023,16,833.63,20.0,0
1775262302.473525,2,781.07,7.4,0
1775262302.5416715,5,928.22,18.8,0
1775262302.5416715,6,931.51,0.0,0
1775262302.5416715,4,933.70,0.0,0
1775262302.5406525,3,936.57,0.0,0
1775262302.5426655,7,938.11,0.0,0
1775262302.543346,8,940.42,100.0,0
1775262302.543346,9,944.50,0.0,0
1775262302.5445237,10,946.68,0.0,0
1775262302.5445237,11,949.85,0.0,0
1775262302.5455377,12,953.85,40.0,0
1775262302.5636072,13,998.41,14.9,0
1775262302.5636072,14,1000.95,0.0,0
1775262302.1612415,1,1405.82,0.0,0
1775262302.5636072,15,1004.45,0.0,0
1775262302.675946,16,948.35,17.2,0
1775262302.6798131,17,1004.25,10.4,0
1775262302.7399807,18,948.63,25.0,0
1775262303.4622638,2,743.33,28.4,0
1775262303.5543518,5,761.26,7.0,0
1775262303.5533328,4,765.38,0.0,0
1775262303.5533328,3,768.70,0.0,0
1775262303.5553513,6,768.96,0.0,0
1775262303.5553513,7,772.59,60.0,0
1775262303.5553513,8,774.74,0.0,0
1775262303.5564442,9,777.39,0.0,0
1775262303.557453,10,779.67,0.0,0
1775262303.557453,11,783.52,0.0,0
1775262303.2513356,1,1154.01,35.2,0
1775262303.621464,12,786.58,0.0,0
1775262303.6807969,13,785.93,71.0,0
1775262303.6855931,14,841.49,16.0,0
1775262303.742944,15,788.52,38.5,0
1775262304.3098614,2,894.61,7.2,0
1775262304.394155,3,921.67,21.3,0
1775262304.395324,5,922.52,0.0,0
1775262304.3947403,4,925.16,0.0,0
1775262304.3959105,6,926.53,0.0,0
1775262304.3959105,7,928.35,0.0,0
1775262304.3965092,8,930.77,50.0,0
1775262304.397524,9,932.35,0.0,0
1775262304.397524,10,934.81,0.0,0
1775262304.3980355,11,936.82,0.0,0
1775262304.3986306,12,937.78,0.0,0
1775262304.3991716,13,939.43,0.0,0
1775262304.3999488,14,942.23,85.7,0
1775262304.2039952,1,1199.67,16.7,0
1775262304.4621992,15,944.01,0.0,0
1775262304.5236797,16,888.76,0.0,0
1775262304.5282166,17,1098.45,29.3,0
1775262304.5853112,18,1042.37,0.0,0
1775262304.5863602,19,1043.84,0.0,0
1775262304.5856476,20,1152.53,51.9,0
1775262305.3097565,2,693.73,17.1,0
1775262305.3107555,3,694.98,0.0,0
1775262305.3956935,4,776.11,6.4,0
1775262305.397239,5,777.99,0.0,0
1775262305.397773,7,779.47,0.0,0
1775262305.397773,6,781.47,0.0,0
1775262305.399307,8,784.00,0.0,0
1775262305.399307,9,795.29,27.3,0
1775262305.2023394,1,993.29,0.0,0
1775262305.4084308,10,788.72,0.0,0
1775262305.5682218,11,899.53,34.4,0
1775262305.6229568,12,847.31,0.0,0
1775262305.7351708,13,742.74,0.0,0
1775262305.7351708,14,746.41,40.0,0
1775262305.7361872,15,750.22,75.0,0
1775262306.1605492,2,951.16,17.1,0
1775262306.1615586,3,954.48,0.0,0
1775262306.1640892,4,954.48,0.0,0
1775262306.1852589,5,1044.31,14.0,0
1775262306.1862764,6,1048.82,46.2,0
1775262306.1862764,8,1054.93,0.0,0
1775262306.1862764,7,1057.93,0.0,0
1775262306.1872778,9,1058.93,57.1,0
1775262306.1882834,10,1065.15,28.6,0
1775262306.189284,11,1067.16,0.0,0
1775262306.1905994,12,1068.84,0.0,0
1775262306.0001593,1,1261.28,0.0,0
1775262306.3012064,13,973.94,36.8,0
1775262306.3032258,14,975.93,66.7,0
1775262306.4657352,15,925.11,44.3,0
1775262306.4728944,16,919.65,0.0,0
1775262306.6425102,17,1222.78,7.6,0
1775262306.6438441,18,1225.03,0.0,0
1775262306.6438441,20,1228.10,0.0,0
1775262306.6438441,19,1230.63,83.3,0
1775262306.6458476,21,1231.03,0.0,0
1775262307.2230055,2,869.37,8.3,0
1775262307.2245398,4,871.16,0.0,0
1775262307.2230055,3,874.29,0.0,0
1775262307.225558,5,874.89,0.0,0
1775262307.26631,6,840.20,0.0,0
1775262307.26631,7,842.23,50.0,0
1775262307.2683203,8,843.85,0.0,0
1775262307.1075122,1,1005.69,0.0,0
1775262307.3832982,9,946.46,8.0,0
1775262307.3888485,10,943.54,0.0,0
1775262307.6511056,12,789.73,6.1,0
1775262307.6500876,11,792.77,0.0,0
1775262307.8584373,13,899.29,17.2,0
1775262307.8590858,14,901.65,0.0,0
1775262308.0857694,3,835.36,27.8,0
1775262308.0832415,2,841.01,0.0,0
1775262308.0857694,4,842.04,0.0,0
1775262308.0872781,5,843.04,0.0,0
1775262308.0872781,6,846.05,0.0,0
1775262308.0882962,7,847.53,100.0,0
1775262308.1014593,8,945.93,47.1,0
1775262308.1014593,9,947.97,0.0,0
1775262308.1029701,10,949.47,0.0,0
1775262308.0832415,1,1025.55,43.8,0
1775262308.2199152,11,891.49,0.0,0
1775262308.326175,12,842.28,0.0,0
1775262308.4376218,13,890.50,6.7,0
1775262308.7522368,15,786.10,3.7,0
1775262308.7522368,14,788.10,0.0,0
1775262308.7532513,16,789.42,0.0,0
1775262308.9154236,17,839.17,5.5,0
1775262308.9164321,18,840.17,0.0,0
1775262308.9174368,19,841.55,0.0,0
1775262308.9174368,20,843.55,0.0,0
1775262309.0403752,2,782.54,7.8,0
1775262309.041384,4,784.07,0.0,0
1775262309.041384,3,785.26,50.0,0
1775262309.042388,5,786.73,0.0,0
1775262309.105662,6,884.91,24.2,0
1775262309.0403752,1,1060.11,17.7,0
1775262309.1644251,7,938.83,0.0,0
1775262309.16576,8,939.08,0.0,0
1775262309.3233027,9,888.35,16.1,0
1775262309.3243241,10,890.92,0.0,0
1775262309.5351918,12,788.67,19.8,0
1775262309.5334527,11,793.24,100.0,0
1775262309.7475808,13,895.26,20.7,0
1775262309.7498257,14,896.07,0.0,0
1775262309.8127897,15,948.43,34.5,0
1775262309.8139179,16,952.85,36.8,0
1775262309.8160028,17,954.91,0.0,0
1775262309.8160028,18,958.44,0.0,0
1775262309.8170288,19,960.42,0.0,0
1775262309.8181293,20,961.99,100.0,0
1775262309.985137,21,803.03,0.0,0
1775262309.985137,22,806.04,0.0,0
1775262310.2096543,2,750.24,44.0,0
1775262310.3196156,3,641.27,0.0,0
1775262310.0975826,1,865.33,0.0,0
1775262310.639744,4,845.45,7.4,0
1775262310.751214,5,735.02,0.0,0
1775262310.7532194,7,735.55,0.0,0
1775262310.7552183,8,735.82,0.0,0
1775262310.752214,6,741.03,0.0,0
1775262310.7552183,9,739.54,0.0,0
1775262310.7562249,10,741.07,28.6,0
1775262310.7826366,11,982.36,5.2,0
1775262310.7826366,12,984.93,0.0,0
1775262310.7836425,13,986.50,0.0,0
1775262310.793177,14,1034.02,10.4,0
1775262310.7946122,15,1035.11,0.0,0
1775262310.7946122,16,1037.36,0.0,0
1775262310.7951698,17,1038.88,0.0,0
1775262310.797174,18,1038.39,0.0,0
1775262310.9534433,19,944.59,7.6,0
1775262310.956773,20,1047.81,20.0,0
1775262311.320999,2,741.81,36.2,0
1775262311.320999,3,744.53,0.0,0
1775262311.4802785,4,1001.33,25.9,0
1775262311.7544563,7,785.29,49.2,0
1775262311.753921,5,788.96,0.0,0
1775262311.7544563,6,791.46,75.0,0
1775262311.7554708,8,791.95,0.0,0
1775262311.7575903,10,793.45,0.0,0
1775262311.7564712,9,796.92,0.0,0
1775262311.320999,1,1234.40,0.0,0
1775262311.7605805,11,797.45,0.0,0
1775262311.8230364,12,796.85,46.3,0
1775262311.893984,13,731.75,83.3,0
1775262312.058628,2,833.72,2.3,0
1775262312.4752927,3,576.94,4.6,0
1775262312.4752927,4,578.24,0.0,0
1775262312.4773118,5,579.42,0.0,0
1775262312.002057,1,1055.98,0.0,0
1775262312.5351331,7,987.50,13.0,0
1775262312.5361416,8,988.50,0.0,0
1775262312.5351331,6,990.91,0.0,0
1775262312.6112387,11,974.67,10.5,0
1775262312.6112387,10,977.70,0.0,0
1775262312.610733,9,981.21,57.1,0
1775262312.6122465,13,981.70,0.0,0
1775262312.6122465,12,983.70,0.0,0
1775262312.6137583,14,983.72,0.0,0
1775262312.6137583,15,987.81,0.0,0
1775262312.615273,16,988.29,0.0,0
1775262312.623106,17,1040.56,12.3,0
1775262312.6822803,18,1039.64,9.7,0
1775262312.8888826,19,838.08,0.0,0
1775262313.5168602,3,731.50,24.3,0
1775262313.5168602,2,736.24,0.0,0
1775262313.5179615,4,739.64,0.0,0
1775262313.5179615,6,744.16,0.0,0
1775262313.5179615,5,746.69,100.0,0
1775262313.5799108,8,799.06,51.2,0
1775262313.5809498,10,800.89,0.0,0
1775262313.5799108,7,803.80,0.0,0
1775262313.5809498,9,805.03,0.0,0
1775262313.0480132,1,1340.79,66.7,0
1775262313.6561193,11,795.09,44.8,0
1775262313.6591423,12,797.06,0.0,0
1775262313.7188568,13,797.47,56.9,0
1775262313.7244856,14,899.47,3.6,0
1775262313.9837713,15,644.76,0.0,0
1775262313.9853199,16,646.77,0.0,0
1775262314.3710175,2,886.67,19.8,0
1775262314.3715413,3,888.45,0.0,0
1775262314.3732421,5,887.86,0.0,0
1775262314.3732421,4,891.15,100.0,0
1775262314.3738077,6,893.40,0.0,0
1775262314.3738077,7,895.74,0.0,0
1775262314.3743458,8,897.00,0.0,0
1775262314.375483,9,897.98,0.0,0
1775262314.4420896,10,943.27,20.2,0
1775262314.4426877,11,945.28,80.0,0
1775262314.444659,12,946.00,100.0,0
1775262314.4452503,13,947.61,0.0,0
1775262314.2430143,1,1155.96,0.0,0
1775262314.5134528,14,887.04,0.0,0
1775262314.6212192,15,994.31,21.7,0
1775262314.6265476,16,991.02,0.0,0
1775262315.0422804,2,632.70,17.2,0
1775262315.0468762,3,629.52,0.0,0
1775262315.2531462,4,836.28,27.8,0
1775262315.378106,6,717.84,23.1,0
1775262315.3770921,5,720.37,0.0,0
1775262315.3791184,8,721.06,0.0,0
1775262315.378106,7,723.09,0.0,0
1775262315.3791184,9,724.04,0.0,0
1775262315.3801172,10,725.81,20.0,0
1775262315.0422804,1,1066.26,12.5,0
1775262315.3818955,11,729.20,0.0,0
1775262315.3949015,12,831.07,5.5,0
1775262315.5083973,13,719.57,0.0,0
1775262315.6132996,14,888.71,12.0,0
1775262315.6708257,15,834.08,0.0,0
1775262315.671338,16,838.13,0.0,0
1775262316.0857642,2,534.72,12.2,0
1775262316.086671,3,536.50,83.3,0
1775262316.0915008,4,996.78,9.9,0
1775262316.0925076,5,998.84,0.0,0
1775262316.2154176,6,934.98,21.4,0
1775262316.2148902,7,937.54,0.0,0
1775262316.2154176,8,939.01,100.0,0
1775262316.2164316,9,940.98,0.0,0
1775262316.2164316,10,944.08,0.0,0
1775262316.2174373,11,944.31,0.0,0
1775262316.2184465,12,945.87,0.0,0
1775262316.0857642,1,1081.46,0.0,0
1775262316.2184465,13,951.28,50.0,0
1775262316.2244327,14,1007.34,7.8,0
1775262316.385306,15,903.45,7.3,0
1775262316.489347,16,963.29,14.0,0
1775262316.6144724,17,899.00,36.8,0
1775262316.6160076,18,903.63,0.0,0
1775262316.6170502,19,905.66,0.0,0
1775262317.083658,2,598.67,43.8,0
1775262317.1441612,4,851.81,4.0,0
1775262317.1441612,3,853.33,50.0,0
1775262317.146177,5,853.97,0.0,0
1775262317.2229497,7,837.70,1.6,0
1775262317.2229497,6,840.90,0.0,0
1775262317.2229497,8,842.46,0.0,0
1775262317.2229497,9,845.48,0.0,0
1775262317.2261212,10,845.07,0.0,0
1775262317.083658,1,989.54,0.0,0
1775262317.286316,11,848.70,9.0,0
1775262317.4486516,12,743.85,4.7,0
1775262317.5054004,13,950.96,11.4,0
1775262317.6782935,16,937.22,11.8,0
1775262317.6772754,14,940.26,0.0,0
1775262317.6782935,17,941.78,0.0,0
1775262317.6782935,15,944.08,0.0,0
1775262317.6782935,18,945.94,37.5,0
1775262317.990958,19,799.43,12.4,0
1775262317.990958,20,802.43,0.0,0
1775262317.991977,21,804.00,66.7,0
1775262318.0538003,2,952.13,21.0,0
1775262318.0538003,3,954.44,0.0,0
1775262318.0547912,4,954.77,0.0,0
1775262318.1281002,6,993.16,13.3,0
1775262318.1281002,5,994.73,100.0,0
1775262318.1290915,7,996.37,0.0,0
1775262318.1306262,8,999.31,0.0,0
1775262318.052756,1,1137.88,41.8,0
1775262318.1898978,9,1003.74,0.0,0
1775262318.450609,10,800.15,53.6,0
1775262318.6118183,11,1053.34,21.1,0
1775262318.7806358,12,893.27,35.7,0
1775262318.7826116,14,893.50,0.0,0
1775262318.7819536,13,895.93,0.0,0
1775262318.7826116,15,897.72,0.0,0
1775262318.7836127,16,899.09,0.0,0
1775262318.7851217,17,899.86,87.5,0
1775262318.7851217,18,902.88,0.0,0
1775262318.7862616,19,904.33,0.0,0
1775262319.1173642,2,694.56,16.2,0
1775262319.1866205,3,836.14,3.9,0
1775262319.187635,4,994.87,3.1,0
1775262319.0016477,1,1181.86,0.0,0
1775262319.2466958,5,938.32,21.4,0
1775262319.2482338,6,939.80,0.0,0
1775262319.6617563,9,587.24,10.9,0
1775262319.66023,7,591.10,0.0,0
1775262319.66023,8,594.17,0.0,0
1775262319.6690922,10,1002.03,13.4,0
1775262319.7444103,12,986.38,8.8,0
1775262319.7444103,13,988.70,50.0,0
1775262319.7444103,11,990.52,0.0,0
1775262319.7464294,14,990.16,0.0,0
1775262319.747957,15,990.68,0.0,0
1775262319.7483125,16,993.17,0.0,0
1775262319.7488256,17,995.01,0.0,0
1775262319.7503986,18,996.96,0.0,0
1775262319.8094618,19,1000.75,18.3,0
1775262320.0208042,2,849.44,13.3,0
1775262320.1782534,3,953.27,35.2,0
1775262320.2410684,6,1046.74,5.1,0
1775262320.2405555,4,1051.37,0.0,0
1775262320.0173802,1,1276.69,0.0,0
1775262320.2410684,5,1053.99,50.0,0
1775262320.2443373,7,1053.19,0.0,0
1775262320.665405,9,791.94,5.7,0
1775262320.666948,10,793.40,0.0,0
1775262320.665405,8,795.97,0.0,0
1775262320.7246988,12,906.95,31.2,0
1775262320.723665,11,910.67,0.0,0
1775262320.727358,13,908.00,0.0,0
1775262320.7996352,14,841.52,6.2,0
1775262320.7996352,15,844.53,0.0,0
1775262320.8007412,16,845.87,0.0,0
1775262321.453054,2,561.14,7.4,0
1775262321.453054,3,564.67,0.0,0
1775262321.453054,4,567.78,0.0,0
1775262321.1298368,1,1003.08,11.2,0
1775262321.6270947,5,508.10,0.0,0
1775262321.6281178,6,509.17,0.0,0
1775262321.6291084,7,510.18,50.0,0
1775262321.6381433,8,513.40,0.0,0
1775262321.6381433,9,516.43,71.4,0
1775262321.6517825,10,621.14,12.4,0
1775262321.8059216,11,727.44,12.8,0
1775262322.1249611,2,825.15,22.0,0
1775262322.125994,3,826.10,14.3,0
1775262322.125994,4,827.61,0.0,0
1775262322.1280212,6,827.61,0.0,0
1775262322.1280212,5,829.62,0.0,0
1775262322.141291,7,877.90,17.5,0
1775262322.1432688,8,878.10,0.0,0
1775262322.1432688,9,881.15,0.0,0
1775262322.1442897,10,882.26,0.0,0
1775262322.1452906,12,884.33,33.3,0
1775262322.1442897,11,887.54,0.0,0
1775262322.1464317,13,886.45,0.0,0
1775262322.0115159,1,1024.20,0.0,0
1775262322.1578043,14,936.16,10.4,0
1775262322.2162025,15,935.56,5.4,0
1775262322.2713792,16,937.81,5.3,0
1775262322.5303392,17,735.35,6.2,0
1775262322.945602,18,631.70,7.2,0
1775262323.011616,2,780.05,11.7,0
1775262323.011616,3,786.15,21.4,0
1775262323.011616,4,788.72,0.0,0
1775262323.013754,5,789.30,0.0,0
1775262323.013754,6,793.30,0.0,0
1775262323.0149646,7,794.09,0.0,0
1775262323.0896223,10,830.98,11.5,0
1775262323.089065,8,834.08,0.0,0
1775262323.0896223,9,836.10,0.0,0
1775262323.0896223,11,838.91,0.0,0
1775262323.010578,1,975.25,10.8,0
1775262323.14907,12,840.23,0.0,0
1775262323.205303,13,793.87,47.1,0
1775262323.2635076,14,948.32,15.5,0
1775262323.5730376,15,640.29,0.0,0
1775262323.5730376,16,642.81,100.0,0
1775262323.5745797,17,645.29,100.0,0
1775262323.784961,19,1008.20,29.7,0
1775262323.7844265,18,1011.74,25.0,0
1775262323.78568,20,1011.48,0.0,0
1775262323.9134796,21,885.43,0.0,0
1775262323.9134796,22,887.59,0.0,0
1775262323.9134796,23,891.07,0.0,0
1775262323.9145095,24,891.18,0.0,0
1775262323.9154835,25,893.21,0.0,0
1775262323.9170275,26,894.65,25.0,0
1775262323.981773,27,890.79,20.0,0
1775262323.982288,28,892.27,37.5,0
1775262323.9962807,29,883.73,0.0,0
1775262324.2098157,2,882.73,13.7,0
1775262324.680392,3,519.97,1.9,0
1775262324.6814232,4,520.92,33.3,0
1775262324.2051864,1,998.16,0.0,0
1775262324.7891529,5,828.89,8.5,0
1775262324.7891529,6,831.13,0.0,0
1775262324.8637416,9,816.31,13.8,0
1775262324.8637416,7,819.14,0.0,0
1775262324.8637416,8,821.66,100.0,0
1775262324.8652692,10,822.27,50.0,0
1775262324.8652692,11,825.27,0.0,0
1775262324.866281,12,828.44,0.0,0
1775262324.866281,13,831.50,0.0,0
1775262324.868342,14,833.44,100.0,0
1775262324.8763297,15,886.70,13.9,0
1775262324.9353912,16,834.46,0.0,0
1775262325.19779,2,785.40,37.3,0
1775262325.612258,3,631.73,15.5,0
1775262325.6139433,4,632.03,0.0,0
1775262325.0898461,1,1157.67,100.0,0
1775262325.672867,6,890.89,9.0,0
1775262325.672867,7,892.49,0.0,0
1775262325.672867,5,895.73,0.0,0
1775262325.6744177,8,896.74,0.0,0
1775262325.6744177,9,898.97,0.0,0
1775262325.7562382,10,919.70,14.7,0
1775262325.7567492,11,921.23,0.0,0
1775262325.7577834,13,922.71,0.0,0
1775262325.7567492,12,927.48,0.0,0
1775262325.7587926,14,928.80,24.0,0
1775262325.75977,15,930.84,0.0,0
1775262325.766915,16,932.22,0.0,0
1775262325.8246455,17,988.15,15.2,0
1775262325.9801753,18,835.66,0.0,0
1775262326.558832,3,778.95,10.1,0
1775262326.5578132,2,783.03,0.0,0
1775262326.558832,4,784.77,60.0,0
1775262326.558832,5,787.07,0.0,0
1775262326.625989,7,887.26,9.3,0
1775262326.625989,6,889.80,16.7,0
1775262326.6270106,8,891.38,0.0,0
1775262326.6270106,9,894.18,0.0,0
1775262326.628008,10,896.72,0.0,0
1775262326.240993,1,1285.75,0.0,0
1775262326.692613,11,892.53,44.1,0
1775262326.692613,12,895.95,0.0,0
1775262326.6956158,13,895.95,100.0,0
1775262326.8054082,14,845.16,39.3,0
1775262326.8097942,15,845.77,100.0,0
1775262327.3312297,2,893.07,11.7,0
1775262327.5034444,3,879.53,2.4,0
1775262327.504458,5,880.53,0.0,0
1775262327.504458,4,883.25,0.0,0
1775262327.504458,6,885.55,50.0,0
1775262327.5064526,7,886.48,0.0,0
1775262327.5064526,8,889.31,0.0,0
1775262327.5064526,9,890.83,0.0,0
1775262327.5077372,10,893.44,0.0,0
1775262327.5077372,11,895.64,0.0,0
1775262327.0213175,1,1383.28,33.3,0
1775262327.581133,13,884.39,18.0,0
1775262327.5801244,12,887.85,62.5,0
1775262327.581133,14,890.16,0.0,0
1775262327.6470175,15,880.56,7.0,0
1775262327.653567,16,881.43,25.0,0
1775262327.7090127,17,987.17,10.5,0
1775262328.3789244,3,830.43,16.9,0
1775262328.3789244,2,832.43,0.0,0
1775262328.4583342,4,761.66,66.7,0
1775262328.4593356,5,763.87,0.0,0
1775262328.4593356,6,766.37,0.0,0
1775262328.4593356,7,769.37,0.0,0
1775262328.4603007,8,769.92,0.0,0
1775262328.4603007,9,772.60,80.0,0
1775262328.4614282,10,774.09,0.0,0
1775262328.4614282,12,777.11,0.0,0
1775262328.4614282,11,779.10,0.0,0
1775262328.221238,1,1021.83,0.0,0
1775262328.5235038,13,835.71,55.8,0
1775262328.5317981,14,829.58,0.0,0
1775262328.5869517,15,888.01,26.5,0
1775262328.6936064,16,837.44,14.5,0
1775262329.2153957,2,830.24,10.3,0
1775262329.347502,3,858.11,10.6,0
1775262329.347502,6,861.10,0.0,0
1775262329.347502,5,862.29,0.0,0
1775262329.347502,4,864.34,0.0,0
1775262329.349072,7,866.54,100.0,0
1775262329.349072,8,869.55,100.0,0
1775262329.349072,9,871.58,0.0,0
1775262329.3506138,10,874.15,0.0,0
1775262329.3506138,11,875.18,0.0,0
1775262329.3516362,12,878.60,0.0,0
1775262329.3516362,13,941.69,19.7,0
1775262329.2063396,1,1088.00,42.9,0
1775262329.356221,14,940.18,0.0,0
1775262329.4172761,15,934.36,14.3,0
1775262329.472407,16,941.18,9.4,0
1775262329.528983,17,889.21,0.0,0
1775262330.2005253,2,876.35,27.9,0
1775262330.2836702,4,850.31,46.2,0
1775262330.2836702,3,852.46,0.0,0
1775262330.2852356,6,852.90,50.0,0
1775262330.2852356,5,854.92,0.0,0
1775262330.28637,7,855.78,0.0,0
1775262330.28637,8,857.78,0.0,0
1775262330.287369,11,858.78,0.0,0
1775262330.287369,9,860.97,0.0,0
1775262330.287369,10,863.67,0.0,0
1775262330.0426202,1,1110.53,0.0,0
1775262330.2883794,12,865.77,0.0,0
1775262330.3492682,13,863.70,1.8,0
1775262330.410069,14,858.06,3.2,0
1775262330.414598,15,911.81,6.2,0
1775262330.4714444,16,908.93,4.3,0
1775262331.0748549,2,360.91,17.5,0
1775262331.130538,3,719.35,5.2,0
1775262331.130538,4,777.42,9.1,0
1775262331.2064784,6,703.54,0.0,0
1775262331.2064784,5,705.54,0.0,0
1775262331.208522,8,705.68,0.0,0
1775262331.208522,7,707.92,0.0,0
1775262331.2096398,10,708.83,0.0,0
1775262331.208522,11,712.69,14.3,0
1775262331.208522,9,715.06,0.0,0
1775262331.073339,1,865.95,10.8,0
1775262331.9038372,13,460.06,11.6,0
1775262331.8471155,12,519.80,0.0,0
1775262331.9048362,14,465.24,0.0,0
1775262331.9270155,16,506.88,12.3,0
1775262331.9270155,15,509.41,85.7,0
1775262331.9280174,17,509.41,0.0,0
1775262331.9290204,18,510.97,0.0,0
1775262331.9305267,20,512.01,0.0,0
1775262331.9305267,19,521.44,25.0,0
1775262332.424705,2,457.50,32.2,0
1775262332.4455574,3,543.65,11.7,0
1775262332.4455574,4,546.29,0.0,0
1775262332.4465594,5,548.75,0.0,0
1775262332.4465594,6,549.75,0.0,0
1775262332.4475565,7,552.44,16.7,0
1775262332.4475565,8,555.11,0.0,0
1775262332.4475565,9,557.17,0.0,0
1775262332.424705,1,588.40,0.0,0
1775262332.4559643,10,559.70,20.0,0
1775262332.4666142,11,671.62,5.8,0
1775262332.5208187,12,619.50,0.0,0
1775262332.8798428,13,625.51,7.0,0
1775262332.9869637,14,519.44,0.0,0
1775262333.0081327,3,760.14,14.2,0
1775262333.006726,2,764.84,0.0,0
1775262333.0081327,4,766.03,0.0,0
1775262333.0081327,5,767.58,0.0,0
1775262333.0081327,6,769.59,0.0,0
1775262333.018323,7,871.51,21.7,0
1775262333.018323,8,873.52,0.0,0
1775262333.0198686,9,873.97,0.0,0
1775262333.0205214,11,875.47,0.0,0
1775262333.0198686,10,877.66,0.0,0
1775262333.006726,1,947.98,14.3,0
1775262333.1277754,12,829.67,0.0,0
1775262333.1346648,13,883.74,15.4,0
1775262333.2453892,14,777.58,0.0,0
1775262333.5019627,15,1192.32,23.8,0
1775262333.764773,17,930.49,0.0,0
1775262333.764773,16,933.02,0.0,0
1775262333.8823314,18,875.43,5.0,0
1775262333.883358,20,877.54,0.0,0
1775262333.8823314,19,881.12,0.0,0
1775262333.883358,21,882.75,20.0,0
1775262333.883358,22,884.78,0.0,0
1775262333.8848805,23,886.20,0.0,0
1775262333.8855255,24,889.10,0.0,0
1775262333.8855255,25,890.65,0.0,0
1775262333.8855255,26,893.23,100.0,0
1775262333.8855255,27,898.57,0.0,0
1775262333.950811,28,849.23,44.4,0
1775262334.0199144,2,948.09,9.0,0
1775262334.0154727,1,1010.41,8.6,0
1775262334.1786613,3,848.48,0.0,0
1775262334.69024,4,600.87,10.4,0
1775262334.752756,8,850.42,24.6,0
1775262334.751726,5,853.45,0.0,0
1775262334.752756,9,854.99,37.5,0
1775262334.751726,7,856.98,0.0,0
1775262334.751726,6,859.57,0.0,0
1775262334.7876468,11,883.56,19.3,0
1775262334.7866488,10,887.74,0.0,0
1775262334.7896466,13,886.76,0.0,0
1775262334.7896466,12,888.76,0.0,0
1775262334.7916467,14,889.46,0.0,0
1775262334.7936463,15,889.99,0.0,0
1775262334.8573976,16,884.60,28.8,0
1775262334.9659235,17,782.15,50.0,0
1775262335.2856722,3,678.42,8.3,0
1775262335.284903,2,687.40,29.4,0
1775262335.2856722,4,694.15,0.0,0
1775262335.2876892,5,694.16,100.0,0
1775262335.6001782,8,801.99,22.6,0
1775262335.0216439,1,1381.67,0.0,0
1775262335.6001782,7,804.80,50.0,0
1775262335.5991652,6,807.98,0.0,0
1775262335.6649501,9,744.86,0.0,0
1775262335.6649501,10,746.52,0.0,0
1775262335.6654599,11,748.24,0.0,0
1775262335.6674821,12,748.48,0.0,0
1775262335.736623,13,897.71,17.7,0
1775262335.736623,14,900.27,0.0,0
1775262335.737679,15,901.15,100.0,0
1775262335.7450283,16,895.95,0.0,0
1775262335.9545388,17,903.06,21.2,0
1775262335.9595525,18,899.64,0.0,0
1775262336.394561,2,573.47,14.5,0
1775262336.3957343,3,574.46,0.0,0
1775262336.3957343,4,991.08,15.6,0
1775262336.3992033,5,990.26,80.0,0
1775262336.6246731,8,826.86,25.0,0
1775262336.6246731,6,830.10,0.0,0
1775262336.6246731,7,834.53,0.0,0
1775262336.625691,9,837.11,0.0,0
1775262336.625691,10,841.00,85.7,0
1775262336.6271174,11,845.42,0.0,0
1775262336.393938,1,1081.17,0.0,0
1775262336.6276307,12,850.17,0.0,0
1775262336.632192,13,959.98,20.5,0
1775262336.744006,14,905.25,8.8,0
1775262336.7481937,15,905.22,0.0,0
1775262336.854185,16,906.32,33.6,0
1775262336.9629695,17,853.93,55.6,0
1775262336.9644997,18,855.40,0.0,0
1775262337.3816047,2,647.38,39.3,0
1775262337.4433117,3,846.91,3.6,0
1775262337.444331,4,848.73,0.0,0
1775262337.444331,5,849.99,33.3,0
1775262337.4463325,6,851.00,0.0,0
1775262337.5821197,7,825.33,9.9,0
1775262337.5821197,8,827.38,0.0,0
1775262337.586581,10,825.45,0.0,0
1775262337.583152,9,831.44,0.0,0
1775262337.587156,11,828.41,0.0,0
1775262337.380581,1,1044.08,18.8,0
1775262337.6475654,12,779.18,0.0,0
1775262337.7575066,13,935.90,8.2,0
1775262337.8133717,14,882.03,0.0,0
1775262338.025362,2,776.62,8.0,0
1775262338.025362,3,779.93,0.0,0
1775262338.026301,4,782.97,0.0,0
1775262338.2869384,5,835.00,11.7,0
1775262338.2869384,6,837.55,21.4,0
1775262338.4008396,7,882.86,12.4,0
1775262338.401412,8,884.91,0.0,0
1775262338.401412,9,886.50,0.0,0
1775262338.401412,10,887.62,0.0,0
1775262338.025362,1,1266.68,0.0,0
1775262338.4035833,11,890.91,60.0,0
1775262338.4176962,12,992.89,22.4,0
1775262338.4187121,13,998.17,0.0,0
1775262338.4187121,14,1022.05,50.0,0
1775262338.4211352,15,1092.82,54.9,0
1775262338.5327168,16,982.75,0.0,0
1775262338.6914039,17,835.16,0.0,0
1775262339.1178734,3,621.62,40.9,0
1775262339.1167526,2,625.76,0.0,0
1775262339.2789562,4,674.25,3.3,0
1775262339.2804875,5,675.32,0.0,0
1775262339.3984163,6,564.55,0.0,0
1775262339.3984163,7,566.09,0.0,0
1775262339.401433,8,565.60,22.2,0
1775262339.1167526,1,854.02,0.0,0
1775262339.519994,9,572.15,11.9,0
1775262339.6334383,10,462.75,0.0,0
1775262339.9573815,13,515.05,7.1,0
1775262339.9506445,12,526.82,0.0,0
1775262339.9496343,11,530.34,0.0,0
1775262339.9745286,16,565.33,13.3,0
1775262339.9735305,14,568.70,0.0,0
1775262339.9735305,15,570.70,0.0,0
1775262339.9750443,18,570.36,50.0,0
1775262339.9750443,17,579.92,0.0,0
1775262340.5341325,2,397.23,15.6,0
1775262340.5341325,3,399.52,0.0,0
1775262340.5356433,4,608.94,15.2,0
1775262340.2521374,1,895.59,0.0,0
1775262340.5489955,5,600.27,0.0,0
1775262340.5489955,6,602.87,0.0,0
1775262340.5501468,7,606.15,100.0,0
1775262340.5511491,8,670.74,37.7,0
1775262340.5571713,10,667.87,0.0,0
1775262340.5571713,9,671.32,0.0,0
1775262340.5581667,11,672.86,0.0,0
1775262340.5617476,12,676.92,100.0,0
1775262340.5648606,13,836.89,35.7,0
1775262340.569302,14,834.45,0.0,0
1775262340.6734467,15,787.09,3.4,0
1775262340.9365354,16,837.75,9.9,0
1775262341.2127562,2,672.48,3.6,0
1775262341.2127562,3,674.72,0.0,0
1775262341.2137733,4,675.71,16.7,0
1775262341.2152905,6,676.17,0.0,0
1775262341.2137733,5,678.80,0.0,0
1775262341.2163072,7,678.97,0.0,0
1775262341.2178247,8,739.04,13.4,0
1775262341.2178247,9,742.07,0.0,0
1775262341.233408,10,936.19,1.9,0
1775262341.2356484,11,944.04,20.0,0
1775262341.241395,12,940.40,0.0,0
1775262341.1592996,1,1026.01,0.0,0
1775262341.3497093,13,836.65,50.0,0
1775262341.7705646,15,731.31,8.1,0
1775262341.7712593,16,733.06,0.0,0
1775262341.7699118,14,1097.73,7.7,0
1775262341.8798878,17,990.87,0.0,0
1775262341.8822358,19,990.17,100.0,0
1775262341.8812194,18,994.72,0.0,0
1775262341.949887,21,940.47,11.8,0
1775262341.9493473,20,944.15,0.0,0
1775262341.9503827,22,945.40,0.0,0
1775262341.9513698,23,947.60,0.0,0
1775262341.9513698,24,950.47,0.0,0
1775262341.952367,25,950.59,0.0,0
1775262341.952367,26,953.70,50.0,0
1775262342.2918966,3,933.09,31.6,0
1775262342.2908828,2,937.15,0.0,0
1775262342.2918966,4,937.87,0.0,0
1775262342.4986227,5,736.91,25.0,0
1775262342.4991748,6,739.44,0.0,0
1775262342.1722915,1,1068.15,0.0,0
1775262342.8804517,9,676.85,4.7,0
1775262342.8824728,11,889.26,7.4,0
1775262342.878935,8,895.88,0.0,0
1775262342.878935,7,900.35,33.3,0
1775262342.8814673,10,901.49,0.0,0
1775262342.9080708,12,877.41,0.0,0
1775262342.9090729,13,892.64,19.0,0
1775262342.9090729,14,895.84,0.0,0
1775262342.9100726,15,897.84,0.0,0
1775262342.91107,16,900.85,66.7,0
1775262343.2936883,2,940.04,10.8,0
1775262343.2949042,3,941.50,0.0,0
1775262343.2949042,4,945.35,0.0,0
1775262343.2958875,5,949.36,0.0,0
1775262343.2958875,6,951.88,66.7,0
1775262343.2958875,7,956.42,0.0,0
1775262343.232032,1,1131.17,14.0,0
1775262343.5537117,8,815.60,0.0,0
1775262343.7633483,10,920.95,25.7,0
1775262343.7633483,9,924.05,28.6,0
1775262343.7894986,11,953.98,55.8,0
1775262343.7904968,13,955.98,0.0,0
1775262343.7904968,12,959.00,50.0,0
1775262343.7914975,14,960.01,0.0,0
1775262343.793499,15,961.31,0.0,0
1775262343.7945054,16,963.30,0.0,0
1775262343.7954977,17,1019.97,56.9,0
1775262343.8153648,18,1006.13,0.0,0
1775262344.6781795,2,560.93,20.4,0
1775262344.6792161,4,720.09,13.1,0
1775262344.6781795,3,723.68,0.0,0
1775262344.682239,6,722.54,62.5,0
1775262344.682239,5,724.88,0.0,0
1775262344.7399337,7,669.17,0.0,0
1775262344.7399337,8,671.23,0.0,0
1775262344.7399337,9,673.15,0.0,0
1775262344.7414637,10,793.79,24.2,0
1775262344.3566093,1,1181.87,0.0,0
1775262344.8114188,12,729.91,0.0,0
1775262344.8109133,11,801.08,13.2,0
1775262344.8114188,13,803.06,0.0,0
1775262344.8184874,14,908.66,7.9,0
1775262344.8251152,16,956.55,15.6,0
1775262344.8251152,15,958.56,0.0,0
1775262344.8787928,17,915.23,60.0,0
1775262345.522246,2,756.07,28.9,0
1775262345.5231044,3,757.53,40.0,0
1775262345.5250645,5,757.79,0.0,0
1775262345.5240164,4,761.72,0.0,0
1775262345.5260842,6,761.90,0.0,0
1775262345.5271058,7,763.15,0.0,0
1775262345.5288503,8,764.32,0.0,0
1775262345.5293624,9,927.71,33.1,0
1775262345.5304441,10,928.68,0.0,0
1775262345.6088614,11,857.77,25.0,0
1775262345.6099415,12,859.22,0.0,0
1775262345.5215225,1,950.79,0.0,0
1775262345.7892365,13,747.71,25.0,0
1775262346.274813,2,627.39,31.6,0
1775262346.448947,3,764.85,8.7,0
1775262346.4499652,5,766.47,40.0,0
1775262346.4499652,6,768.98,10.0,0
1775262346.4499652,4,771.47,0.0,0
1775262346.4509668,7,772.00,0.0,0
1775262346.4519598,9,773.75,0.0,0
1775262346.4530828,11,833.48,3.1,0
1775262346.4530828,12,835.48,0.0,0
1775262346.4519598,8,839.33,0.0,0
1775262346.4519598,10,841.68,0.0,0
1775262346.1711543,1,1124.20,42.9,0
1775262346.4635608,13,834.06,0.0,0
1775262346.4646041,14,941.28,6.2,0
1775262346.5255015,15,887.49,0.0,0
1775262346.5260215,16,888.10,0.0,0
1775262347.2122529,2,621.16,11.1,0
1775262347.2799754,3,559.29,0.0,0
1775262347.2810163,6,562.25,100.0,0
1775262347.2810163,4,566.43,0.0,0
1775262347.2810163,5,570.48,0.0,0
1775262347.281998,7,785.20,10.1,0
1775262347.2829957,9,786.73,0.0,0
1775262347.281998,8,790.27,0.0,0
1775262347.4027689,11,730.94,14.1,0
1775262347.401746,10,736.25,0.0,0
1775262347.4027689,12,738.22,85.7,0
1775262347.4027689,13,740.91,0.0,0
1775262347.2105513,1,945.26,81.8,0
1775262347.6771479,14,845.53,35.1,0
1775262348.059649,2,721.51,4.3,0
1775262348.0606637,4,723.13,0.0,0
1775262348.0606637,3,724.67,0.0,0
1775262348.061665,5,725.16,0.0,0
1775262348.061665,6,727.49,0.0,0
1775262348.061665,7,729.92,0.0,0
1775262348.0631855,8,890.80,7.1,0
1775262348.12697,9,829.66,0.0,0
1775262348.1279802,10,829.68,0.0,0
1775262348.1279802,11,831.96,0.0,0
1775262348.129081,12,832.23,0.0,0
1775262348.1304824,13,892.57,0.0,0
1775262348.1475675,14,877.00,0.0,0
1775262348.1482792,15,878.67,0.0,0
1775262348.059649,1,973.17,25.0,0
1775262348.9472013,16,574.93,7.8,0
1775262348.9483387,18,576.32,0.0,0
1775262348.9483387,17,578.34,0.0,0
1775262348.9483387,19,580.34,100.0,0
1775262348.9493308,20,581.87,20.0,0
1775262348.9498463,21,694.70,11.3,0
1775262349.0169613,2,630.59,0.0,0
1775262349.0176384,3,631.43,0.0,0
1775262349.01866,4,632.43,0.0,0
1775262349.01866,5,797.01,13.8,0
1775262349.0196588,6,798.66,0.0,0
1775262349.0196588,7,808.05,35.7,0
1775262349.0369823,8,796.74,0.0,0
1775262349.0159428,1,820.32,0.0,0
1775262349.6371179,10,982.75,22.6,0
1775262349.6361036,9,986.43,0.0,0
1775262349.6401181,15,984.10,18.8,0
1775262349.638117,11,987.72,0.0,0
1775262349.638117,12,995.98,0.0,0
1775262349.6391246,13,997.20,0.0,0
1775262349.6391246,14,999.96,62.5,0
1775262349.6401181,16,1000.99,0.0,0
1775262349.8078923,18,835.23,0.0,0
1775262349.8078923,17,837.32,0.0,0
1775262349.8091998,19,838.02,0.0,0
1775262349.8091998,20,840.18,0.0,0
1775262349.8112128,21,839.90,0.0,0
1775262349.8112128,22,843.07,66.7,0
1775262349.8122013,23,843.75,0.0,0
1775262349.839469,24,983.84,18.8,0
1775262349.8404655,25,985.05,25.0,0
1775262349.8492699,26,981.64,25.0,0
1775262350.6298466,2,664.16,16.8,0
1775262350.6298466,3,667.35,25.0,0
1775262350.6298466,4,728.57,17.2,0
1775262350.6308656,5,731.51,0.0,0
1775262350.6308656,6,733.04,0.0,0
1775262350.6608531,9,707.58,0.0,0
1775262350.6608531,10,711.15,100.0,0
1775262350.6598182,8,715.02,50.0,0
1775262350.658421,7,719.43,0.0,0
1775262350.6618567,11,782.00,53.2,0
1775262350.6293294,1,818.05,0.0,0
1775262350.828171,12,734.94,48.0,0
1775262350.9355886,13,634.03,0.0,0
1775262351.3511455,2,940.60,31.9,0
1775262351.4323182,3,861.50,0.0,0
1775262351.4333355,4,862.48,42.9,0
1775262351.4353366,6,863.14,0.0,0
1775262351.434336,5,866.23,0.0,0
1775262351.4358528,8,868.08,0.0,0
1775262351.4368756,9,869.06,0.0,0
1775262351.4358528,7,871.97,0.0,0
1775262351.4368756,10,875.21,85.7,0
1775262351.437873,11,876.22,0.0,0
1775262351.437873,12,877.76,0.0,0
1775262351.4391646,13,994.46,11.7,0
1775262351.4391646,14,1001.51,71.4,0
1775262351.440285,15,1003.40,0.0,0
1775262351.3511455,1,1098.07,0.0,0
1775262351.502753,16,950.00,44.4,0
1775262351.567098,17,947.61,30.3,0
1775262352.4223263,3,612.92,24.6,0
1775262352.423328,4,614.84,0.0,0
1775262352.4264917,11,614.14,0.0,0
1775262352.425372,9,617.63,0.0,0
1775262352.425372,8,621.18,83.3,0
1775262352.4248407,7,624.24,0.0,0
1775262352.4264917,10,624.79,0.0,0
1775262352.423328,5,630.08,0.0,0
1775262352.421311,2,692.83,19.7,0
1775262352.424326,6,695.11,0.0,0
1775262352.421311,1,705.50,75.0,0
1775262353.1119058,13,796.72,21.4,0
1775262353.1113935,10,800.23,0.0,0
1775262353.1113935,11,801.74,0.0,0
1775262353.1108804,9,803.76,0.0,0
1775262353.1098835,8,807.34,0.0,0
1775262353.1098835,7,810.25,66.7,0
1775262353.108883,6,813.49,0.0,0
1775262353.1119058,12,812.48,0.0,0
1775262353.108883,5,818.98,0.0,0
1775262353.1078649,3,822.00,0.0,0
1775262353.1078649,2,823.53,0.0,0
1775262353.1228008,14,975.41,5.9,0
1775262353.108883,4,991.84,0.0,0
1775262353.1243172,16,978.95,0.0,0
1775262353.1228008,15,982.09,0.0,0
1775262353.1288128,17,980.20,33.3,0
1775262353.1298122,18,981.91,0.0,0
1775262353.1078649,1,1005.43,0.0,0
1775262354.0893447,3,455.56,24.7,0
1775262354.0883172,2,461.23,0.0,0
1775262354.0893447,4,463.07,0.0,0
1775262354.089861,5,465.40,0.0,0
1775262354.089861,6,469.40,0.0,0
1775262354.090879,7,471.81,40.0,0
1775262354.090879,8,587.94,25.0,0
1775262354.0921037,9,589.28,0.0,0
1775262354.0921037,10,645.78,14.1,0
1775262354.0932264,11,646.72,0.0,0
1775262354.0883172,1,660.94,58.3,0
1775262354.6695125,12,802.77,17.9,0
1775262354.6695125,13,805.25,0.0,0
1775262354.6706257,14,806.44,0.0,0
1775262354.6706257,15,808.51,0.0,0
1775262354.6711373,16,809.51,0.0,0
1775262354.6711373,17,812.54,18.2,0
1775262354.6711373,18,815.10,0.0,0
1775262354.6723924,20,815.81,0.0,0
1775262354.6723924,19,818.15,0.0,0
1775262354.6734912,21,819.08,0.0,0
1775262354.6734912,22,821.07,0.0,0
1775262354.6744928,23,822.16,0.0,0
1775262354.6744928,24,824.73,12.5,0
1775262354.6744928,25,834.60,0.0,0
1775262354.735826,28,985.79,13.7,0
1775262354.735826,27,988.86,0.0,0
1775262354.735826,26,991.64,0.0,0
1775262354.7522733,29,980.76,14.3,0
1775262355.5023522,2,756.56,5.7,0
1775262355.5023522,3,758.56,0.0,0
1775262355.5033293,4,760.55,15.4,0
1775262355.5033293,5,764.41,0.0,0
1775262355.5044262,6,768.11,0.0,0
1775262355.5044262,7,780.17,31.6,0
1775262355.5059438,8,782.49,0.0,0
1775262355.5059438,9,784.54,0.0,0
1775262355.5059438,10,787.35,0.0,0
1775262355.5059438,11,788.78,100.0,0
1775262355.5023522,1,1008.91,14.5,0
1775262355.736259,12,781.63,18.8,0
1775262355.736259,13,785.59,0.0,0
1775262355.736259,14,790.01,0.0,0
1775262355.9952354,15,947.89,37.4,0
1775262356.2771099,5,1029.28,27.2,0
1775262356.2750697,2,1034.44,0.0,0
1775262356.2785194,7,1033.07,16.7,0
1775262356.2761092,4,1038.19,0.0,0
1775262356.2754512,3,1041.58,0.0,0
1775262356.2771099,6,1042.33,0.0,0
1775262356.2790356,8,1044.13,0.0,0
1775262356.2790356,9,1056.24,17.6,0
1775262356.2800546,10,1059.17,0.0,0
1775262356.2816026,11,1061.09,30.0,0
1775262356.3490884,12,996.55,0.0,0
1775262356.3490884,13,998.21,0.0,0
1775262356.3511114,14,997.79,0.0,0
1775262356.2528715,1,1098.75,0.0,0
1775262356.5826967,16,888.21,13.3,0
1775262356.5826967,15,891.15,0.0,0
1775262357.325696,2,616.94,3.8,0
1775262357.3266983,3,618.52,0.0,0
1775262357.3266983,4,621.82,0.0,0
1775262357.3281043,5,622.23,0.0,0
1775262357.3281043,6,625.46,50.0,0
1775262357.3291044,7,627.87,0.0,0
1775262357.3301039,8,628.89,0.0,0
1775262357.3301039,9,796.59,9.6,0
1775262357.331606,10,797.08,0.0,0
1775262357.331606,11,801.57,0.0,0
1775262357.3546143,12,780.59,0.0,0
1775262357.303316,1,834.71,100.0,0
1775262357.8338118,13,1036.81,21.2,0
1775262358.1177232,4,755.56,43.8,0
1775262358.1170673,3,758.82,0.0,0
1775262358.1160493,2,762.27,0.0,0
1775262358.1177232,5,763.13,0.0,0
1775262358.1187596,6,765.01,0.0,0
1775262358.1202717,7,765.01,0.0,0
1775262358.1202717,8,768.24,52.9,0
1775262358.1202717,9,770.52,0.0,0
1775262358.1212916,10,772.19,0.0,0
1775262358.1212916,12,838.24,28.6,0
1775262358.1212916,11,841.50,0.0,0
1775262358.1231177,13,842.23,0.0,0
1775262358.1231177,14,844.71,25.0,0
1775262358.1160493,1,856.50,0.0,0
1775262358.947525,15,707.55,4.0,0
1775262358.947525,18,711.00,0.0,0
1775262358.947525,17,714.09,0.0,0
1775262358.947525,16,717.80,0.0,0
1775262358.9491925,19,719.36,0.0,0
1775262358.9491925,20,721.56,20.0,0
1775262358.9504755,21,722.35,0.0,0
1775262358.9504755,22,723.86,0.0,0
1775262358.9514732,23,726.01,0.0,0
1775262358.9514732,24,727.06,0.0,0
1775262358.9514732,25,729.98,0.0,0
1775262358.9528818,26,730.90,0.0,0
1775262358.9528818,27,796.34,16.2,0
1775262358.9542587,28,800.29,0.0,0
1775262359.7383406,2,643.11,18.6,0
1775262359.739362,3,645.60,0.0,0
1775262359.739362,4,647.61,0.0,0
1775262359.7413614,6,648.61,80.0,0
1775262359.7413614,5,650.62,0.0,0
1775262359.7413614,7,653.38,0.0,0
1775262359.7425785,8,655.70,0.0,0
1775262359.7425785,9,657.20,0.0,0
1775262359.7435753,10,659.22,0.0,0
1775262359.7445724,12,822.77,16.2,0
1775262359.7435753,11,826.18,0.0,0
1775262359.7445724,13,827.36,0.0,0
1775262359.745573,14,830.12,100.0,0
1775262359.745573,15,832.17,12.5,0
1775262359.7383406,1,849.75,0.0,0
1775262360.559682,3,613.14,14.8,0
1775262360.559682,2,614.67,0.0,0
1775262360.5606773,5,616.92,0.0,0
1775262360.5606773,4,617.96,0.0,0
1775262360.5616755,6,619.16,0.0,0
1775262360.5616755,7,622.43,0.0,0
1775262360.5616755,8,624.95,14.3,0
1775262360.5616755,9,626.95,0.0,0
1775262360.5631862,10,627.47,0.0,0
1775262360.5631862,11,629.56,0.0,0
1775262360.5631862,12,741.84,8.6,0
1775262360.5641985,13,798.65,6.3,0
1775262360.5641985,14,800.44,0.0,0
1775262360.5586596,1,809.05,0.0,0
1775262361.3008294,8,746.61,19.4,0
1775262361.2990503,4,751.06,0.0,0
1775262361.2974095,2,755.70,0.0,0
1775262361.2974095,5,757.70,0.0,0
1775262361.2974095,3,760.28,0.0,0
1775262361.3008294,9,758.88,90.0,0
1775262361.2998154,7,761.89,0.0,0
1775262361.3018486,11,762.38,0.0,0
1775262361.2990503,6,828.40,45.2,0
1775262361.3008294,10,830.47,0.0,0
1775262361.3598251,14,773.48,0.0,0
1775262361.3608387,13,775.08,0.0,0
1775262361.3598251,12,778.11,33.3,0
1775262361.3608387,15,832.30,1.8,0
1775262361.2974095,1,898.43,0.0,0
1775262362.123896,14,750.61,9.4,0
1775262362.123381,11,754.68,0.0,0
1775262362.123381,12,756.68,0.0,0
1775262362.1217833,7,760.45,0.0,0
1775262362.1223648,10,761.27,0.0,0
1775262362.123896,13,764.32,0.0,0
1775262362.120487,5,769.75,50.0,0
1775262362.1199179,2,772.92,0.0,0
1775262362.1223648,9,772.67,0.0,0
1775262362.1217833,6,774.93,0.0,0
1775262362.1223648,8,776.59,0.0,0
1775262362.120487,4,795.03,19.0,0
1775262362.1199179,3,798.67,0.0,0
1775262362.119378,1,860.45,19.0,0
1775262362.9021552,15,759.00,13.8,0
1775262362.9028652,16,764.32,27.3,0
1775262362.9031792,17,772.65,100.0,0
1775262362.9041715,18,775.18,0.0,0
1775262362.9056284,19,778.24,0.0,0
1775262362.9056284,20,783.30,26.7,0
1775262362.906813,21,787.84,0.0,0
1775262362.9078054,22,790.36,0.0,0
1775262362.9078054,23,794.88,42.9,0
1775262362.908823,24,804.37,0.0,0
1775262362.9098144,25,811.20,100.0,0
1775262362.9098144,26,821.53,75.0,0
1775262362.9108055,27,940.05,47.9,0
1775262362.9108055,28,944.05,0.0,0
1775262362.912251,29,945.61,100.0,0
1775262363.8414645,2,487.41,7.4,0
1775262363.8424773,3,489.93,0.0,0
1775262363.8434844,4,491.89,0.0,0
1775262363.8434844,5,494.48,0.0,0
1775262363.8444867,8,495.77,0.0,0
1775262363.8434844,6,711.19,31.9,0
1775262363.8444867,7,712.86,0.0,0
1775262363.845478,10,714.11,0.0,0
1775262363.8444867,9,717.36,20.0,0
1775262363.845478,12,775.19,5.6,0
1775262363.845478,11,778.02,55.6,0
1775262363.845478,13,780.80,0.0,0
1775262363.845478,14,782.98,0.0,0
1775262363.8414645,1,790.04,0.0,0
1775262364.550779,7,707.94,14.3,0
1775262364.5513103,8,709.41,0.0,0
1775262364.5502222,6,713.75,62.5,0
1775262364.5490522,3,716.47,0.0,0
1775262364.5502222,5,718.03,0.0,0
1775262364.549649,4,721.13,0.0,0
1775262364.5490522,2,724.25,0.0,0
1775262364.615875,10,658.97,0.0,0
1775262364.616387,11,660.80,0.0,0
1775262364.6173823,12,778.86,41.0,0
1775262364.616387,9,783.11,0.0,0
1775262364.6173823,13,785.13,0.0,0
1775262364.6173823,14,841.99,58.5,0
1775262364.6184738,15,844.94,0.0,0
1775262364.548519,1,919.61,64.7,0
1775262365.3886483,10,758.35,13.1,0
1775262365.3835423,2,765.58,0.0,0
1775262365.3891866,12,761.75,0.0,0
1775262365.3860815,6,766.92,0.0,0
1775262365.3835423,3,771.46,50.0,0
1775262365.3850596,4,773.26,0.0,0
1775262365.3902018,13,770.91,0.0,0
1775262365.3881326,9,776.27,0.0,0
1775262365.3860815,5,780.88,0.0,0
1775262365.3891866,11,780.61,66.7,0
1775262365.3871107,8,785.40,50.0,0
1775262365.3922439,14,842.07,15.4,0
1775262365.3865964,7,854.30,0.0,0
1775262365.3825269,1,862.60,0.0,0
1775262366.231168,14,747.61,10.8,0
1775262366.22892,8,752.41,66.7,0
1775262366.229921,11,753.45,66.7,0
1775262366.231168,15,757.97,0.0,0
1775262366.22892,7,763.55,0.0,0
1775262366.2279272,5,766.65,0.0,0
1775262366.2267694,3,769.73,0.0,0
1775262366.229921,12,769.13,100.0,0
1775262366.2267694,2,774.74,0.0,0
1775262366.231168,13,773.31,0.0,0
1775262366.2279272,4,777.73,0.0,0
1775262366.22892,6,779.15,0.0,0
1775262366.229921,9,780.49,0.0,0
1775262366.229921,10,796.56,35.3,0
1775262366.2262497,1,864.00,20.5,0
1775262367.013212,2,698.56,31.2,0
1775262367.0142307,4,700.55,0.0,0
1775262367.013212,3,703.76,33.3,0
1775262367.0157466,6,703.86,0.0,0
1775262367.0167477,8,705.16,0.0,0
1775262367.0177674,9,705.16,0.0,0
1775262367.0197628,11,706.69,0.0,0
1775262367.0142307,5,772.41,10.9,0
1775262367.02076,13,767.92,0.0,0
1775262367.0167477,7,775.50,0.0,0
1775262367.0177674,10,776.48,44.4,0
1775262367.0197628,12,777.49,0.0,0
1775262367.0218835,14,832.42,6.2,0
1775262367.0116982,1,848.61,25.0,0
1775262367.7790236,15,546.75,7.8,0
1775262367.780545,18,549.62,7.1,0
1775262367.7800336,16,553.15,0.0,0
1775262367.780545,17,554.64,0.0,0
1775262367.780545,19,768.00,20.5,0
1775262367.780545,20,769.58,0.0,0
1775262367.7815537,21,771.38,0.0,0
1775262367.7815537,22,773.36,0.0,0
1775262367.782944,23,774.37,0.0,0
1775262367.8502948,24,826.20,28.8,0
1775262367.8502948,25,828.21,0.0,0
1775262367.8513014,26,830.85,0.0,0
1775262367.8523068,27,831.84,60.0,0
1775262367.8523068,29,837.98,11.1,0
1775262367.8523068,28,840.98,0.0,0
1775262368.544082,3,731.86,20.7,0
1775262368.544082,2,734.07,0.0,0
1775262368.663441,6,617.60,50.0,0
1775262368.661918,4,621.13,0.0,0
1775262368.66446,7,620.58,0.0,0
1775262368.663441,5,623.94,0.0,0
1775262368.665979,10,623.71,0.0,0
1775262368.665979,9,626.51,0.0,0
1775262368.6679952,12,626.00,0.0,0
1775262368.6695096,13,626.51,33.3,0
1775262368.6669977,11,630.55,0.0,0
1775262368.6725295,14,793.61,3.0,0
1775262368.543463,1,924.81,33.3,0
1775262368.665465,8,857.26,0.0,0
1775262368.7054405,15,832.37,9.1,0
1775262369.409045,12,798.87,11.3,0
1775262369.409045,13,801.45,0.0,0
1775262369.4063973,5,805.35,0.0,0
1775262369.408024,10,806.34,0.0,0
1775262369.4069452,8,808.43,10.0,0
1775262369.404432,4,813.61,66.7,0
1775262369.4101744,14,810.95,0.0,0
1775262369.4069452,7,815.79,0.0,0
1775262369.404432,3,820.48,0.0,0
1775262369.4063973,6,821.99,0.0,0
1775262369.404432,2,825.46,0.0,0
1775262369.408024,9,837.20,27.8,0
1775262369.408024,11,839.22,100.0,0
1775262369.4032931,1,900.41,12.5,0
1775262370.2391605,14,793.60,16.7,0
1775262370.2376297,13,798.21,0.0,0
1775262370.2364874,9,800.95,0.0,0
1775262370.2364874,10,802.39,0.0,0
1775262370.2364874,11,805.89,0.0,0
1775262370.2376297,12,807.02,50.0,0
1775262370.2396748,15,806.27,0.0,0
1775262370.235435,8,814.49,0.0,0
1775262370.2333765,4,819.49,0.0,0
1775262370.2333765,3,821.06,0.0,0
1775262370.2333765,5,825.41,0.0,0
1775262370.235435,6,825.56,66.7,0
1775262370.232071,2,891.78,2.9,0
1775262370.235435,7,892.28,0.0,0
1775262370.232071,1,898.01,0.0,0
1775262371.1157084,2,712.56,9.4,0
1775262371.1177275,6,713.52,0.0,0
1775262371.1181304,7,716.00,0.0,0
1775262371.120768,14,717.59,0.0,0
1775262371.1192408,9,721.57,26.7,0
1775262371.119754,12,724.77,0.0,0
1775262371.1187274,8,728.79,0.0,0
1775262371.119754,13,732.62,0.0,0
1775262371.1192408,10,736.86,0.0,0
1775262371.116725,3,742.38,100.0,0
1775262371.1177275,5,744.41,0.0,0
1775262371.116725,4,753.31,0.0,0
1775262371.119754,11,819.33,33.3,0
1775262371.1157084,1,829.03,0.0,0
1775262371.9244685,15,807.88,16.1,0
1775262371.9244685,16,809.19,50.0,0
1775262371.925629,17,810.83,0.0,0
1775262371.925629,18,813.20,0.0,0
1775262371.9266322,19,815.90,0.0,0
1775262371.9266322,20,816.91,0.0,0
1775262371.9276307,21,819.46,0.0,0
1775262371.9286344,22,820.29,50.0,0
1775262371.9294276,23,821.52,0.0,0
1775262371.9299634,24,822.98,0.0,0
1775262371.9309802,25,825.20,0.0,0
1775262371.9309802,26,826.60,0.0,0
1775262371.934236,27,825.90,0.0,0
1775262371.934236,28,844.16,16.3,0
1775262371.934236,29,847.68,0.0,0
1775262372.7646654,2,700.08,8.4,0
1775262372.7646654,3,703.56,100.0,0
1775262372.7671373,4,703.67,0.0,0
1775262372.7671373,5,707.13,0.0,0
1775262372.769152,7,708.29,0.0,0
1775262372.7681506,6,711.72,0.0,0
1775262372.769152,8,712.75,100.0,0
1775262372.769152,9,714.96,0.0,0
1775262372.7712855,10,716.42,0.0,0
1775262372.7712855,11,719.10,0.0,0
1775262372.7723036,12,720.61,0.0,0
1775262372.7743206,14,733.25,35.3,0
1775262372.7733114,13,736.78,0.0,0
1775262372.7636516,1,802.31,10.7,0
1775262373.5025675,15,790.29,23.2,0
1775262373.5015476,13,794.20,9.1,0
1775262373.4995055,10,798.35,0.0,0
1775262373.5010355,12,799.07,0.0,0
1775262373.4964106,3,805.69,0.0,0
1775262373.4979234,5,806.45,0.0,0
1775262373.500522,11,805.88,0.0,0
1775262373.4995055,9,809.31,100.0,0
1775262373.5015476,14,810.84,40.0,0
1775262373.4989674,7,815.03,0.0,0
1775262373.4989674,6,817.58,0.0,0
1775262373.4974082,4,884.78,47.6,0
1775262373.4964106,2,910.10,100.0,0
1775262373.4995055,8,909.37,0.0,0
1775262373.4964106,1,919.00,0.0,0
1775262374.3726597,3,673.28,19.5,0
1775262374.3716557,2,677.49,0.0,0
1775262374.3736556,5,677.55,0.0,0
1775262374.3736556,4,680.55,0.0,0
1775262374.3736556,6,685.00,0.0,0
1775262374.3746624,7,686.40,21.4,0
1775262374.3751206,8,688.01,0.0,0
1775262374.3756335,9,692.25,0.0,0
1775262374.3756335,10,815.29,11.4,0
1775262374.3776505,12,817.48,0.0,0
1775262374.37665,11,821.93,0.0,0
1775262374.3776505,13,824.65,33.3,0
1775262374.4128819,14,798.36,0.0,0
1775262374.3706427,1,844.22,0.0,0
1775262375.1827464,12,708.19,19.5,0
1775262375.1769466,4,717.00,0.0,0
1775262375.1789486,7,717.28,0.0,0
1775262375.1759315,2,723.32,0.0,0
1775262375.1769466,3,726.03,0.0,0
1775262375.1789486,6,726.02,80.0,0
1775262375.183258,13,724.71,0.0,0
1775262375.1822329,11,728.77,0.0,0
1775262375.181209,10,731.78,0.0,0
1775262375.1800995,8,737.15,0.0,0
1775262375.1783679,5,739.98,100.0,0
1775262375.1800995,9,902.83,27.1,0
1775262375.2072434,14,879.04,0.0,0
1775262375.2072434,15,882.09,0.0,0
1775262375.1754212,1,915.92,36.4,0
1775262376.0754101,3,646.66,12.1,0
1775262376.0754101,2,650.47,0.0,0
1775262376.0764058,5,651.46,0.0,0
1775262376.0764058,4,654.21,0.0,0
1775262376.0764058,6,657.22,57.1,0
1775262376.0774102,7,659.75,0.0,0
1775262376.0774102,8,663.39,0.0,0
1775262376.078401,9,664.39,0.0,0
1775262376.078401,10,666.64,0.0,0
1775262376.078401,11,731.85,18.5,0
1775262376.078401,12,733.85,50.0,0
1775262376.079915,13,735.39,0.0,0
1775262376.079915,14,791.38,10.3,0
1775262376.074385,1,803.56,20.0,0
1775262376.7992563,15,700.45,12.1,0
1775262376.7992563,16,703.25,0.0,0
1775262376.7992563,17,706.26,0.0,0
1775262376.8002737,18,707.25,0.0,0
1775262376.801593,20,709.65,0.0,0
1775262376.8002737,19,714.40,100.0,0
1775262376.8027105,21,714.28,0.0,0
1775262376.8032234,22,717.44,0.0,0
1775262376.8032234,23,720.18,0.0,0
1775262376.8045275,24,721.95,0.0,0
1775262376.8045275,25,784.37,45.5,0
1775262376.805717,26,785.18,0.0,0
1775262376.805717,27,890.65,44.7,0
1775262376.8692577,28,834.04,26.1,0
1775262376.869767,29,836.54,0.0,0
1775262377.581345,4,643.60,13.9,0
1775262377.58033,2,646.63,0.0,0
1775262377.581345,3,647.61,0.0,0
1775262377.581345,5,649.12,0.0,0
1775262377.5823457,6,650.32,23.1,0
1775262377.5823457,7,653.59,0.0,0
1775262377.583345,8,816.82,19.2,0
1775262377.583345,9,822.99,100.0,0
1775262377.583345,10,826.38,0.0,0
1775262377.5843475,11,827.37,0.0,0
1775262377.5843475,12,889.86,37.7,0
1775262377.585374,14,892.38,0.0,0
1775262377.585374,13,896.01,0.0,0
1775262377.58033,1,906.11,52.9,0
1775262378.3925557,3,783.87,15.5,0
1775262378.3912115,2,790.97,0.0,0
1775262378.3958657,9,792.17,30.8,0
1775262378.3938346,6,796.88,0.0,0
1775262378.3969233,10,799.79,0.0,0
1775262378.3958657,8,803.90,0.0,0
1775262378.3938346,5,811.95,33.3,0
1775262378.3925557,4,817.23,0.0,0
1775262378.4667923,11,747.50,0.0,0
1775262378.3953533,7,823.48,33.3,0
1775262378.468047,13,755.31,0.0,0
1775262378.4690676,14,758.57,0.0,0
1775262378.4673321,12,875.40,42.4,0
1775262378.4696023,15,877.64,0.0,0
1775262378.3912115,1,958.56,0.0,0
1775262379.3335414,2,542.00,7.9,0
1775262379.3335414,4,544.03,0.0,0
1775262379.3335414,3,546.54,0.0,0
1775262379.3335414,6,547.95,0.0,0
1775262379.335055,5,548.43,0.0,0
1775262379.3360732,8,558.34,0.0,0
1775262379.335055,7,561.36,0.0,0
1775262379.3360732,9,561.34,0.0,0
1775262379.3374221,10,726.08,9.9,0
1775262379.33794,11,727.60,0.0,0
1775262379.33794,12,783.45,1.8,0
1775262379.33794,13,786.57,16.7,0
1775262379.3389611,14,788.10,0.0,0
1775262379.3325315,1,804.10,0.0,0
1775262380.053132,2,707.62,17.2,0
1775262380.0541472,3,708.60,50.0,0
1775262380.0551653,4,710.28,0.0,0
1775262380.0561922,5,734.25,55.6,0
1775262380.0561922,6,737.79,0.0,0
1775262380.0572138,7,738.77,71.4,0
1775262380.0572138,8,742.81,0.0,0
1775262380.0584655,9,745.57,0.0,0
1775262380.0584655,10,749.36,0.0,0
1775262380.0596235,11,751.20,100.0,0
1775262380.0606291,12,914.76,38.8,0
1775262380.0606291,13,917.77,0.0,0
1775262380.1190789,14,864.66,92.9,0
1775262380.053132,1,933.14,0.0,0
1775262380.1201124,15,869.74,0.0,0
1775262380.9672472,16,599.58,15.0,0
1775262380.9672472,17,602.58,0.0,0
1775262380.9682884,18,603.86,0.0,0
1775262380.9682884,19,606.38,0.0,0
1775262380.9697993,20,607.91,50.0,0
1775262380.970334,21,610.19,0.0,0
1775262380.970334,22,612.21,0.0,0
1775262380.9713488,24,612.20,0.0,0
1775262380.9713488,23,614.73,0.0,0
1775262380.9718604,25,617.84,0.0,0
1775262380.9718604,26,732.68,12.7,0
1775262380.9718604,27,787.35,1.9,0
1775262380.9810474,28,781.16,0.0,0
1775262380.9810474,29,792.13,7.7,0
1775262381.694052,2,699.38,13.1,0
1775262381.694052,3,701.37,0.0,0
1775262381.695055,4,702.32,0.0,0
1775262381.6960578,5,702.94,0.0,0
1775262381.6970506,7,704.20,0.0,0
1775262381.6960578,6,708.86,75.0,0
1775262381.6970506,8,710.14,0.0,0
1775262381.6970506,9,713.14,0.0,0
1775262381.6986916,10,712.96,0.0,0
1775262381.6992028,11,715.16,0.0,0
1775262381.6995082,12,832.54,28.2,0
1775262381.7002182,13,834.82,0.0,0
1775262381.7002182,14,890.30,19.3,0
1775262381.7002182,15,893.29,85.7,0
1775262381.6930335,1,910.98,0.0,0
1775262382.5203462,5,654.57,29.0,0
1775262382.519757,4,658.75,0.0,0
1775262382.519757,3,660.26,0.0,0
1775262382.519235,2,662.19,0.0,0
1775262382.5203462,6,664.32,0.0,0
1775262382.521495,7,665.42,100.0,0
1775262382.5225105,8,665.79,0.0,0
1775262382.5225105,9,668.05,0.0,0
1775262382.5235128,10,670.05,0.0,0
1775262382.5245986,11,839.21,10.1,0
1775262382.5245986,12,843.74,0.0,0
1775262382.5256143,13,847.94,71.4,0
1775262382.5256143,14,850.74,0.0,0
1775262382.5179422,1,860.83,0.0,0
1775262383.3556933,13,708.14,14.4,0
1775262383.3526359,8,714.03,0.0,0
1775262383.3546774,11,714.99,0.0,0
1775262383.3546774,12,717.43,0.0,0
1775262383.353653,9,720.98,0.0,0
1775262383.354166,10,722.49,33.3,0
1775262383.356727,14,721.79,0.0,0
1775262383.3490217,2,732.16,0.0,0
1775262383.3490217,3,735.16,0.0,0
1775262383.3516235,5,735.00,0.0,0
1775262383.3516235,6,737.04,0.0,0
1775262383.3506627,4,856.59,15.4,0
1775262383.3526359,7,857.61,0.0,0
1775262383.371937,15,844.25,33.3,0
1775262383.3490217,1,871.72,66.7,0
1775262384.1940565,3,721.49,28.6,0
1775262384.1940565,2,723.99,0.0,0
1775262384.1971724,5,725.04,40.0,0
1775262384.195056,4,729.67,0.0,0
1775262384.1976905,6,729.31,0.0,0
1775262384.199611,7,730.24,0.0,0
1775262384.199611,8,732.96,0.0,0
1775262384.2012508,9,733.84,0.0,0
1775262384.2012508,10,736.37,30.0,0
1775262384.2022471,12,737.45,0.0,0
1775262384.2022471,11,803.08,19.1,0
1775262384.2032495,13,805.55,0.0,0
1775262384.2042456,14,806.98,0.0,0
1775262384.1930387,1,822.28,54.5,0
1775262384.994186,16,702.90,10.4,0
1775262384.9931707,15,707.47,0.0,0
1775262384.994186,17,708.45,100.0,0
1775262384.995186,18,710.45,0.0,0
1775262384.996199,19,713.02,0.0,0
1775262384.9971921,20,714.46,0.0,0
1775262384.9971921,21,715.97,0.0,0
1775262384.9971921,22,719.52,50.0,0
1775262384.9985673,23,719.15,50.0,0
1775262384.9990842,25,722.02,0.0,0
1775262384.9990842,24,725.46,0.0,0
1775262385.0010965,2,792.32,24.6,0
1775262385.0010965,3,794.82,30.0,0
1775262385.0010965,4,850.01,6.5,0
1775262385.0003633,1,859.74,100.0,0
1775262385.7780147,6,809.47,18.8,0
1775262385.7780147,5,812.46,0.0,0
1775262385.7790494,7,814.41,70.0,0
1775262385.7800624,8,817.90,0.0,0
1775262385.7810793,9,820.84,0.0,0
1775262385.7810793,10,824.27,0.0,0
1775262385.7810793,11,825.99,37.5,0
1775262385.782079,12,827.81,0.0,0
1775262385.7842445,13,829.04,0.0,0
1775262385.7857823,14,829.61,0.0,0
1775262385.7871895,15,839.84,61.5,0
1775262385.7878008,16,842.25,0.0,0
1775262385.7883146,17,842.88,0.0,0
1775262385.7898479,18,843.88,0.0,0
1775262386.6187196,2,594.19,19.2,0
1775262386.6187196,3,597.87,100.0,0
1775262386.6187196,4,600.94,25.0,0
1775262386.619723,5,603.70,0.0,0
1775262386.619723,6,607.27,0.0,0
1775262386.619723,7,611.11,0.0,0
1775262386.6210449,9,612.95,75.0,0
1775262386.619723,8,617.80,0.0,0
1775262386.6210449,10,782.49,40.1,0
1775262386.6225245,12,783.08,30.0,0
1775262386.6225245,11,786.12,0.0,0
1775262386.6234996,13,840.09,12.5,0
1775262386.6234996,15,843.67,80.0,0
1775262386.6234996,14,846.51,0.0,0
1775262386.617697,1,857.51,0.0,0
1775262387.3962986,2,604.02,26.3,0
1775262387.4009802,11,602.34,0.0,0
1775262387.39996,10,605.36,0.0,0
1775262387.39996,9,607.36,0.0,0
1775262387.39996,8,610.36,0.0,0
1775262387.39996,7,612.87,0.0,0
1775262387.3994277,6,616.07,100.0,0
1775262387.397308,3,620.72,0.0,0
1775262387.3979156,4,832.06,25.1,0
1775262387.3979156,5,835.14,100.0,0
1775262387.4723718,12,765.00,0.0,0
1775262387.472946,13,766.80,0.0,0
1775262387.4735088,14,769.31,0.0,0
1775262387.3962986,1,848.84,0.0,0
1775262388.2268836,11,592.95,7.4,0
1775262388.2268836,12,594.31,0.0,0
1775262388.2268836,10,596.42,0.0,0
1775262388.225874,9,600.11,75.0,0
1775262388.2245455,4,603.10,50.0,0
1775262388.225874,6,604.20,0.0,0
1775262388.225874,7,606.45,0.0,0
1775262388.225874,8,607.98,0.0,0
1775262388.224238,3,778.03,15.6,0
1775262388.2245455,5,779.72,0.0,0
1775262388.2232032,2,783.52,0.0,0
1775262388.236379,14,826.79,30.1,0
1775262388.23505,13,831.14,0.0,0
1775262388.236379,15,832.34,0.0,0
1775262388.2232032,1,857.52,100.0,0
1775262388.9906204,16,713.57,26.8,0
1775262388.9906204,17,716.10,0.0,0
1775262388.9906204,18,718.09,0.0,0
1775262388.992638,19,719.08,0.0,0
1775262388.992638,20,721.61,0.0,0
1775262388.9936395,21,724.13,90.0,0
1775262388.9936395,22,727.15,0.0,0
1775262388.9956384,24,727.80,0.0,0
1775262388.9946377,23,731.93,0.0,0
1775262388.9956384,25,734.44,0.0,0
1775262388.9956384,26,797.14,48.4,0
1775262388.9978004,27,797.98,75.0,0
1775262389.060639,2,738.66,0.0,0
1775262389.060639,1,797.56,17.2,0
1775262389.783711,3,695.98,2.4,0
1775262389.783711,4,698.12,75.0,0
1775262389.783711,5,700.24,0.0,0
1775262389.7852314,6,700.82,0.0,0
1775262389.7858448,7,702.35,0.0,0
1775262389.7878654,10,703.19,0.0,0
1775262389.7868602,8,706.19,0.0,0
1775262389.7878654,9,707.72,0.0,0
1775262389.7878654,11,710.26,83.3,0
1775262389.7878654,12,877.33,2.3,0
1775262389.7892644,14,879.13,0.0,0
1775262389.7892644,13,881.28,50.0,0
1775262389.7902656,16,884.18,0.0,0
1775262389.7892644,15,887.28,0.0,0
1775262389.7902656,17,889.68,0.0,0
1775262390.6591156,12,702.60,15.4,0
1775262390.6601343,13,705.10,0.0,0
1775262390.6547573,3,713.01,0.0,0
1775262390.6580324,8,714.99,100.0,0
1775262390.6547573,4,720.80,0.0,0
1775262390.6559768,5,725.12,0.0,0
1775262390.6574879,7,725.61,0.0,0
1775262390.653553,2,734.80,77.8,0
1775262390.6580324,9,733.34,0.0,0
1775262390.6580324,10,736.34,0.0,0
1775262390.6591156,11,739.30,0.0,0
1775262390.6601343,14,752.68,38.9,0
1775262390.6559768,6,759.99,0.0,0
1775262390.653553,1,823.13,52.2,0
1775262391.4029417,2,748.89,12.9,0
1775262391.40385,4,750.53,100.0,0
1775262391.40385,3,752.98,0.0,0
1775262391.404873,5,754.27,0.0,0
1775262391.4058692,6,755.81,0.0,0
1775262391.4068658,8,756.33,0.0,0
1775262391.4068658,9,758.87,0.0,0
1775262391.4058692,7,761.98,0.0,0
1775262391.4078696,10,763.28,25.0,0
1775262391.4078696,11,765.10,0.0,0
1775262391.4078696,12,829.72,11.3,0
1775262391.4078696,13,833.04,0.0,0
1775262391.4092977,14,832.62,0.0,0
1775262391.4092977,15,889.92,8.3,0
1775262391.4019454,1,906.51,0.0,0
1775262392.2279153,3,704.30,24.5,0
1775262392.2290845,5,706.20,87.5,0
1775262392.2279153,2,709.84,0.0,0
1775262392.2279153,4,712.80,0.0,0
1775262392.2301047,6,712.64,0.0,0
1775262392.2306223,7,714.12,0.0,0
1775262392.2306223,8,716.64,0.0,0
1775262392.2316432,9,717.31,0.0,0
1775262392.2316432,10,831.46,39.2,0
1775262392.2332444,11,832.52,0.0,0
1775262392.2961113,12,774.33,0.0,0
1775262392.2961113,13,777.30,0.0,0
1775262392.2971902,14,782.67,64.7,0
1775262392.2269013,1,855.60,0.0,0
1775262393.0532727,2,661.23,43.3,0
1775262393.0542881,3,663.04,83.3,0
1775262393.0542881,4,666.42,0.0,0
1775262393.0542881,5,668.68,0.0,0
1775262393.05555,6,678.55,100.0,0
1775262393.05555,7,694.01,71.4,0
1775262393.0569358,8,704.91,0.0,0
1775262393.0569358,9,710.99,100.0,0
1775262393.0579364,10,715.12,0.0,0
1775262393.0579364,11,722.98,100.0,0
1775262393.0585759,13,839.46,26.7,0
1775262393.059594,14,841.03,0.0,0
1775262393.0585759,12,896.32,17.5,0
1775262393.059594,15,897.87,0.0,0
1775262393.0532727,1,910.58,0.0,0
1775262393.8889248,16,594.09,23.8,0
1775262393.8899658,17,597.16,0.0,0
1775262393.8899658,18,600.75,0.0,0
1775262393.8899658,19,603.51,0.0,0
1775262393.8921077,21,604.97,0.0,0
1775262393.8921077,20,607.95,90.0,0
1775262393.893118,22,822.28,33.2,0
1775262393.893118,24,824.41,25.0,0
1775262393.893118,23,827.16,0.0,0
1775262393.893118,25,828.85,0.0,0
1775262393.8945057,26,833.69,0.0,0
1775262393.8945057,28,838.03,41.7,0
1775262393.8945057,27,840.46,0.0,0
1775262393.8955078,29,842.42,0.0,0
1775262394.7123046,8,704.95,20.7,0
1775262394.7123046,7,705.98,0.0,0
1775262394.7110999,5,710.32,50.0,0
1775262394.7110999,4,713.34,0.0,0
1775262394.7110999,3,715.57,0.0,0
1775262394.7110999,6,717.05,0.0,0
1775262394.7100794,2,720.77,0.0,0
1775262394.7245724,9,708.27,0.0,0
1775262394.7256687,10,709.69,80.0,0
1775262394.7256687,12,773.27,1.5,0
1775262394.7256687,11,778.04,25.0,0
1775262394.7266698,14,780.70,0.0,0
1775262394.7271836,15,784.21,0.0,0
1775262394.7256687,13,841.28,6.6,0
1775262394.7100794,1,862.42,0.0,0
1775262395.4952302,10,659.65,17.5,0
1775262395.495744,11,661.84,0.0,0
1775262395.4962583,12,663.50,0.0,0
1775262395.4923441,5,669.66,0.0,0
1775262395.4931967,7,671.35,0.0,0
1775262395.4942117,9,672.52,0.0,0
1775262395.491319,3,677.43,0.0,0
1775262395.491319,2,680.88,40.0,0
1775262395.4923441,4,682.31,0.0,0
1775262395.4942117,8,794.64,7.2,0
1775262395.4931967,6,798.06,0.0,0
1775262395.5644057,13,782.09,9.7,0
1775262395.5654275,14,785.85,0.0,0
1775262395.4902754,1,876.36,26.3,0
1775262396.2786956,3,819.06,34.0,0
1775262396.2802389,4,819.70,0.0,0
1775262396.2823684,6,819.61,0.0,0
1775262396.2802389,5,825.24,0.0,0
1775262396.2841206,10,824.50,100.0,0
1775262396.2786956,2,832.49,0.0,0
1775262396.28303,9,829.85,0.0,0
1775262396.28303,8,832.76,0.0,0
1775262396.2841206,11,833.70,0.0,0
1775262396.2841206,12,836.19,0.0,0
1775262396.2851224,13,837.53,72.7,0
1775262396.28303,7,851.97,0.0,0
1775262396.2851224,14,852.71,0.0,0
1775262396.2851224,15,855.74,50.0,0
1775262396.2786956,1,923.79,41.7,0
1775262397.1265206,5,701.84,17.5,0
1775262397.1265206,4,705.37,0.0,0
1775262397.125521,2,708.37,0.0,0
1775262397.1265206,3,708.88,0.0,0
1775262397.1275222,6,710.89,0.0,0
1775262397.1275222,7,713.53,0.0,0
1775262397.1275222,8,714.53,33.3,0
1775262397.128519,10,716.53,0.0,0
1775262397.128519,9,719.54,0.0,0
1775262397.128519,11,721.06,0.0,0
1775262397.128519,12,723.73,0.0,0
1775262397.1300545,13,788.20,10.4,0
1775262397.132068,14,841.52,18.3,0
1775262397.125521,1,858.72,53.8,0
1775262397.9062119,16,801.39,22.4,0
1775262397.9073358,17,802.26,0.0,0
1775262397.9073358,18,804.56,0.0,0
1775262397.9062119,15,807.20,0.0,0
1775262397.9073358,19,808.32,0.0,0
1775262397.9098752,20,807.90,43.8,0
1775262397.9098752,21,811.15,0.0,0
1775262397.9109085,22,811.15,0.0,0
1775262397.9109085,23,813.79,0.0,0
1775262397.9119017,24,815.03,0.0,0
1775262397.9119017,25,817.97,0.0,0
1775262397.9129047,26,819.03,80.0,0
1775262397.9129047,27,882.99,10.9,0
1775262397.9129047,28,885.19,0.0,0
1775262397.9143772,29,887.21,0.0,0
1775262398.7863002,2,590.37,4.8,0
1775262398.7863002,4,593.35,0.0,0
1775262398.7863002,3,595.00,0.0,0
1775262398.7873664,5,595.57,0.0,0
1775262398.7883637,6,597.20,0.0,0
1775262398.7883637,7,599.45,0.0,0
1775262398.7883637,8,601.86,66.7,0
1775262398.7893658,9,602.92,0.0,0
1775262398.7903063,10,717.01,8.7,0
1775262398.7908201,12,720.98,0.0,0
1775262398.7908201,11,723.97,50.0,0
1775262398.7918336,13,780.79,5.6,0
1775262398.7921762,14,782.56,0.0,0
1775262398.785286,1,792.47,42.9,0
1775262399.5022395,11,759.33,19.1,0
1775262399.4992523,6,766.37,100.0,0
1775262399.4982505,2,769.39,0.0,0
1775262399.4992523,4,772.14,0.0,0
1775262399.5022395,10,772.69,0.0,0
1775262399.4982505,3,848.01,52.9,0
1775262399.5002017,7,854.84,0.0,0
1775262399.5012188,8,858.85,100.0,0
1775262399.5012188,9,862.37,0.0,0
1775262399.568342,12,799.42,0.0,0
1775262399.568342,13,866.01,32.0,0
1775262399.4992523,5,937.28,33.3,0
1775262399.568342,14,870.19,0.0,0
1775262399.5698526,15,924.03,16.3,0
1775262399.497235,1,1004.81,50.0,0
1775262400.4233243,3,702.10,3.4,0
1775262400.4222932,2,706.17,0.0,0
1775262400.4243393,5,705.66,0.0,0
1775262400.4243393,4,709.79,0.0,0
1775262400.425353,6,715.96,30.8,0
1775262400.425353,7,718.96,0.0,0
1775262400.425353,8,722.47,0.0,0
1775262400.4265819,9,725.10,0.0,0
1775262400.4265819,10,729.09,30.8,0
1775262400.4265819,11,796.71,13.9,0
1775262400.4277995,13,798.84,0.0,0
1775262400.4277995,12,800.10,0.0,0
1775262400.430334,14,853.26,16.4,0
1775262400.4222932,1,871.99,0.0,0
1775262401.209869,2,757.51,13.9,0
1775262401.2108886,3,760.26,0.0,0
1775262401.211886,5,762.46,0.0,0
1775262401.211886,4,766.49,0.0,0
1775262401.2128866,6,768.58,35.7,0
1775262401.2143786,7,771.62,100.0,0
1775262401.2143786,8,775.20,0.0,0
1775262401.2153795,9,777.20,0.0,0
1775262401.2158897,10,779.69,0.0,0
1775262401.216405,11,782.49,54.5,0
1775262401.216405,12,784.74,0.0,0
1775262401.2174258,13,848.84,49.2,0
1775262401.2174258,14,852.94,0.0,0
1775262401.2188904,15,906.52,28.2,0
1775262401.208821,1,924.42,0.0,0
1775262402.0570388,3,646.16,8.5,0
1775262402.0560303,2,649.97,0.0,0
1775262402.0570388,4,651.17,0.0,0
1775262402.058042,5,652.33,0.0,0
1775262402.058042,6,654.31,0.0,0
1775262402.059555,8,654.85,0.0,0
1775262402.059555,7,656.89,62.5,0
1775262402.0605695,9,658.41,0.0,0
1775262402.0605695,10,773.24,8.8,0
1775262402.0615711,11,773.77,0.0,0
1775262402.0615711,12,777.96,0.0,0
1775262402.0615711,13,833.74,8.9,0
1775262402.0615711,14,836.97,0.0,0
1775262402.0560303,1,845.91,0.0,0
1775262402.8273857,15,802.87,10.6,0
1775262402.8263612,16,806.50,0.0,0
1775262402.8302195,25,806.23,0.0,0
1775262402.8296852,22,812.34,85.7,0
1775262402.8302195,23,814.35,0.0,0
1775262402.8273857,18,821.76,0.0,0
1775262402.828389,19,823.75,0.0,0
1775262402.8296852,21,893.37,37.4,0
1775262402.8302195,24,899.25,0.0,0
1775262402.8273857,17,904.63,100.0,0
1775262402.828389,20,909.22,0.0,0
1775262402.8922925,26,848.43,0.0,0
1775262402.8933148,27,850.74,0.0,0
1775262402.894312,29,854.27,100.0,0
1775262402.8933148,28,866.49,0.0,0
1775262403.7116296,3,573.99,9.1,0
1775262403.71061,2,577.04,0.0,0
1775262403.7134345,4,576.25,0.0,0
1775262403.7134345,5,578.68,0.0,0
1775262403.7141557,6,580.01,0.0,0
1775262403.7141557,8,583.13,75.0,0
1775262403.7156703,9,583.31,0.0,0
1775262403.7141557,7,802.56,20.1,0
1775262403.7141557,10,807.07,0.0,0
1775262403.7156703,11,810.03,0.0,0
1775262403.7527099,12,785.11,100.0,0
1775262403.7557092,13,786.93,0.0,0
1775262403.7567081,14,792.82,62.5,0
1775262403.71061,1,845.32,0.0,0
1775262404.5048642,2,744.88,21.5,0
1775262404.5060413,3,747.74,0.0,0
1775262404.5060413,4,751.74,0.0,0
1775262404.507231,5,755.55,50.0,0
1775262404.5083158,6,760.03,6.2,0
1775262404.5088477,7,761.95,0.0,0
1775262404.509551,8,763.28,0.0,0
1775262404.509551,9,767.88,0.0,0
1775262404.5101635,10,885.63,23.0,0
1775262404.5312471,11,868.08,0.0,0
1775262404.5325131,12,870.59,100.0,0
1775262404.5325131,13,875.10,100.0,0
1775262404.5336862,14,880.48,0.0,0
1775262404.5348842,15,886.54,100.0,0
1775262404.5048642,1,918.59,0.0,0
1775262405.3884544,9,671.61,20.6,0
1775262405.38394,3,678.27,16.7,0
1775262405.3896933,11,675.07,0.0,0
1775262405.387415,8,678.99,0.0,0
1775262405.38394,2,683.96,0.0,0
1775262405.38394,4,688.24,0.0,0
1775262405.3907695,13,682.60,0.0,0
1775262405.3907695,12,685.25,30.0,0
1775262405.3854752,6,862.66,3.4,0
1775262405.3896933,10,861.47,0.0,0
1775262405.387415,7,866.75,0.0,0
1775262405.38394,5,873.22,0.0,0
1775262405.3896933,14,880.14,27.8,0
1775262405.4279919,15,844.55,0.0,0
1775262405.3829107,1,892.14,0.0,0
1775262405.4350345,16,1007.96,5.6,0
1775262405.438856,17,1008.45,0.0,0
1775262405.4418747,18,1064.91,24.6,0
1775262405.8515022,19,1325.76,26.9,0
1775262406.2337086,2,1003.71,49.3,0
1775262406.2352207,4,1005.35,0.0,0
1775262406.2337086,3,1009.85,0.0,0
1775262406.2362406,5,1010.32,0.0,0
1775262406.2372394,7,1010.86,60.0,0
1775262406.2362406,6,1014.73,0.0,0
1775262406.2382371,8,1015.73,0.0,0
1775262406.239242,9,1016.72,0.0,0
1775262406.2412362,11,1017.97,0.0,0
1775262406.2402394,12,1021.38,0.0,0
1775262406.2412362,13,1023.03,53.3,0
1775262406.2402394,10,1026.54,0.0,0
1775262406.2432523,14,1025.13,0.0,0
1775262406.2633524,15,1224.53,25.4,0
1775262406.26437,17,1280.60,5.5,0
1775262406.26082,16,1287.43,0.0,0
1775262406.2773173,18,1273.51,0.0,0
1775262406.0780118,1,1474.86,0.0,0
1775262406.388746,19,1230.80,6.2,0
1775262406.4501445,20,1280.91,4.1,0
1775262406.5101743,22,1282.98,3.4,0
1775262406.502478,21,1292.70,40.0,0
1775262407.2323315,4,1340.18,9.5,0
1775262407.1797733,2,1560.23,16.2,0
1775262407.2313235,3,1511.96,0.0,0
1775262407.2726552,5,1472.65,0.0,0
1775262407.4771872,6,1270.17,66.7,0
1775262407.4781973,8,1272.39,20.0,0
1775262407.4781973,7,1274.39,0.0,0
1775262407.479221,9,1277.64,0.0,0
1775262407.479221,10,1279.64,0.0,0
1775262407.4801955,11,1281.11,0.0,0
1775262407.4801955,12,1282.85,100.0,0
1775262407.4801955,13,1286.30,100.0,0
1775262407.4801955,14,1288.32,0.0,0
1775262407.4813893,15,1289.38,0.0,0
1775262407.4813893,16,1292.20,0.0,0
1775262407.4824164,17,1293.70,0.0,0
1775262407.175251,1,1670.60,14.8,0
1775262407.4824164,18,1366.55,0.0,0
1775262407.4908812,19,1360.10,0.0,0
1775262407.55569,20,1405.92,31.1,0
1775262407.6222005,21,1605.05,44.2,0
1775262407.7269437,22,1502.85,0.0,0
1775262407.7338634,23,1759.50,10.5,0
1775262407.787164,24,1707.21,0.0,0
1775262407.7881634,25,1709.33,100.0,0
1775262407.789325,26,1710.58,33.3,0
1775262407.790478,27,1712.44,0.0,0
1775262407.7974083,28,1822.32,2.5,0
1775262408.5653372,2,1056.07,0.0,0
1775262408.5663571,4,1056.42,40.0,0
1775262408.565758,3,1060.55,0.0,0
1775262408.5663571,5,1060.96,0.0,0
1775262408.5770388,6,1728.62,10.1,0
1775262408.731186,7,1577.92,0.0,0
1775262408.8303022,9,1540.83,29.2,0
1775262408.778312,8,1596.12,50.0,0
1775262408.8303022,10,1545.78,0.0,0
1775262408.8318357,11,1546.26,0.0,0
1775262408.8328505,12,1547.13,0.0,0
1775262408.8328505,13,1550.15,0.0,0
1775262408.834054,14,1550.95,0.0,0
1775262408.834054,15,1552.47,0.0,0
1775262408.8350492,16,1555.18,47.1,0
1775262408.563793,1,1829.43,0.0,0
1775262408.8350492,17,1560.18,0.0,0
1775262408.8350492,18,1562.32,0.0,0
1775262408.8350492,19,1564.02,0.0,0
1775262408.853365,20,1673.23,29.3,0
1775262408.9576132,21,1577.85,35.3,0
1775262408.9641442,22,1573.57,0.0,0
1775262409.4889116,2,2137.94,19.9,0
1775262409.505088,3,2124.02,0.0,0
1775262409.6083403,4,2022.28,0.0,0
1775262409.6093488,5,2023.66,0.0,0
1775262409.6103415,6,2025.07,0.0,0
1775262409.6103415,7,2027.55,0.0,0
1775262409.6113412,8,2027.79,50.0,0
1775262409.6123385,9,2028.93,0.0,0
1775262409.6296356,10,2145.67,8.2,0
1775262410.2950656,4,1482.90,0.0,0
1775262409.2321038,1,2548.10,25.0,0
1775262410.293762,2,1487.52,0.0,0
1775262410.2950656,3,1490.25,0.0,0
1775262410.2960637,5,1491.48,0.0,0
1775262410.2975924,7,1493.32,0.0,0
1775262410.2975924,6,1496.65,0.0,0
1775262410.2991874,8,1497.15,14.3,0
1775262410.300213,10,1502.19,0.0,0
1775262410.300213,9,1505.57,0.0,0
1775262410.300213,11,1508.58,0.0,0
1775262410.3016622,12,1510.55,85.7,0
1775262410.3026574,13,1528.95,41.2,0
1775262410.3116283,14,1522.13,0.0,0
