Timestamp,User Count,Type,Name,Requests/s,Failures/s,50%,66%,75%,80%,90%,95%,98%,99%,99.9%,99.99%,100%,Total Request Count,Total Failure Count,Total Median Response Time,Total Average Response Time,Total Min Response Time,Total Max Response Time,Total Average Content Size
1774982203,0,,Aggregated,0.000000,0.000000,N/A,N/A,N/A,N/A,N/A,N/A,N/A,N/A,N/A,N/A,N/A,0,0,0,0.0,0,0,0
1774982204,50,,Aggregated,0.000000,0.000000,N/A,N/A,N/A,N/A,N/A,N/A,N/A,N/A,N/A,N/A,N/A,0,0,0,0.0,0,0,0
1774982205,100,,Aggregated,0.000000,0.000000,N/A,N/A,N/A,N/A,N/A,N/A,N/A,N/A,N/A,N/A,N/A,0,0,0,0.0,0,0,0
1774982206,150,,Aggregated,0.000000,0.000000,N/A,N/A,N/A,N/A,N/A,N/A,N/A,N/A,N/A,N/A,N/A,0,0,0,0.0,0,0,0
1774982207,200,,Aggregated,0.000000,0.000000,3600,3700,3800,3800,3800,3800,3800,3800,3800,3800,3800,20,0,3600.0,3635.3208550077397,3441.5505999932066,3829.6315000625327,39.0
1774982208,200,,Aggregated,0.000000,0.000000,3800,4100,4300,4500,4600,4700,4800,4800,4800,4800,4800,34,0,3800.0,3962.364479420049,3441.5505999932066,4755.890500033274,39.0
1774982209,200,,Aggregated,0.000000,0.000000,3800,4300,4500,4600,4800,5600,5800,5800,5800,5800,5800,37,0,3800.0,4087.335964872477,3441.5505999932066,5835.015199962072,39.0
1774982210,200,,Aggregated,4.400000,0.000000,3600,3900,4500,4600,5800,6200,6500,6700,6700,6700,6700,65,0,3600.0,3677.474032311987,2137.7180000999942,6687.346899998374,39.0
1774982211,200,,Aggregated,5.666667,0.000000,3600,3900,4500,4700,6200,7000,7500,7600,7600,7600,7600,82,0,3600.0,3760.1125304908037,2137.7180000999942,7612.545200041495,39.0
1774982212,200,,Aggregated,5.285714,0.000000,3600,3900,4600,4800,6700,7500,8100,8700,8700,8700,8700,87,0,3600.0,3883.814631037992,2137.7180000999942,8672.784500056878,39.0
1774982213,200,,Aggregated,5.285714,0.000000,3600,3900,4600,4800,6700,7500,8100,8700,8700,8700,8700,87,0,3600.0,3883.814631037992,2137.7180000999942,8672.784500056878,39.0
1774982214,200,,Aggregated,5.285714,0.000000,3600,3900,4600,4800,6700,7500,8100,8700,8700,8700,8700,87,0,3600.0,3883.814631037992,2137.7180000999942,8672.784500056878,39.0
1774982215,200,,Aggregated,5.285714,0.000000,3600,3900,4600,4800,6700,7500,8100,8700,8700,8700,8700,87,0,3600.0,3883.814631037992,2137.7180000999942,8672.784500056878,39.0
1774982216,200,,Aggregated,5.285714,0.000000,3600,3900,4600,4800,6700,7500,8100,8700,8700,8700,8700,87,0,3600.0,3883.814631037992,2137.7180000999942,8672.784500056878,39.0
1774982218,200,,Aggregated,5.285714,0.000000,3600,3900,4600,4800,6700,7500,8100,8700,8700,8700,8700,87,0,3600.0,3883.814631037992,2137.7180000999942,8672.784500056878,39.0
1774982219,200,,Aggregated,5.285714,0.000000,3600,3900,4600,4800,6700,7500,8100,8700,8700,8700,8700,87,0,3600.0,3883.814631037992,2137.7180000999942,8672.784500056878,39.0
1774982220,200,,Aggregated,5.285714,0.000000,3600,3900,4600,4800,6700,7500,8100,8700,8700,8700,8700,87,0,3600.0,3883.814631037992,2137.7180000999942,8672.784500056878,39.0
1774982221,200,,Aggregated,6.500000,0.000000,3600,4100,4600,5100,7000,7600,8700,15000,15000,15000,15000,88,0,3600.0,4015.557911367399,2137.7180000999942,15477.223300025798,39.0
1774982222,200,,Aggregated,6.500000,0.000000,3600,4100,4600,5100,7000,7600,8700,15000,15000,15000,15000,88,0,3600.0,4015.557911367399,2137.7180000999942,15477.223300025798,39.0
1774982223,200,,Aggregated,6.500000,0.000000,3600,4100,4600,5100,7000,7600,8700,15000,15000,15000,15000,88,0,3600.0,4015.557911367399,2137.7180000999942,15477.223300025798,39.0
1774982224,200,,Aggregated,6.500000,0.000000,3600,4100,4600,5100,7000,7600,8700,15000,15000,15000,15000,88,0,3600.0,4015.557911367399,2137.7180000999942,15477.223300025798,39.0
1774982225,200,,Aggregated,6.500000,0.000000,3600,4100,4600,5100,7000,7600,8700,15000,15000,15000,15000,88,0,3600.0,4015.557911367399,2137.7180000999942,15477.223300025798,39.0
1774982226,200,,Aggregated,6.500000,0.000000,3600,4100,4600,5100,7000,7600,8700,15000,15000,15000,15000,88,0,3600.0,4015.557911367399,2137.7180000999942,15477.223300025798,39.0
1774982227,200,,Aggregated,0.100000,0.000000,3600,4300,4700,5800,7400,8100,16000,22000,22000,22000,22000,90,0,3600.0,4348.033407780652,2137.7180000999942,21615.65499997232,39.0
1774982228,200,,Aggregated,0.100000,0.000000,3600,4300,4700,5800,7400,8700,22000,23000,23000,23000,23000,91,0,3600.0,4555.217306596575,2137.7180000999942,23201.76820002962,39.0
1774982229,200,,Aggregated,0.100000,0.000000,3900,6200,8100,18000,18000,18000,23000,23000,23000,23000,23000,114,0,3900.0,7380.646399124281,2137.7180000999942,23498.027399997227,39.0
1774982230,200,,Aggregated,0.300000,0.000000,4100,6500,15000,18000,18000,23000,23000,24000,25000,25000,25000,117,0,4100.0,7765.456672651399,2137.7180000999942,24761.493199970573,39.0
1774982231,200,,Aggregated,0.300000,0.000000,4100,6500,15000,18000,18000,23000,23000,24000,25000,25000,25000,117,0,4100.0,7765.456672651399,2137.7180000999942,24761.493199970573,39.0
1774982232,200,,Aggregated,0.300000,0.000000,4100,6500,15000,18000,18000,23000,23000,24000,25000,25000,25000,117,0,4100.0,7765.456672651399,2137.7180000999942,24761.493199970573,39.0
1774982233,200,,Aggregated,0.300000,0.000000,4100,6500,15000,18000,18000,23000,23000,24000,25000,25000,25000,117,0,4100.0,7765.456672651399,2137.7180000999942,24761.493199970573,39.0
1774982234,200,,Aggregated,0.300000,0.000000,4100,6500,15000,18000,18000,23000,23000,24000,25000,25000,25000,117,0,4100.0,7765.456672651399,2137.7180000999942,24761.493199970573,39.0
1774982235,200,,Aggregated,0.300000,0.000000,4100,6500,15000,18000,18000,23000,23000,24000,25000,25000,25000,117,0,4100.0,7765.456672651399,2137.7180000999942,24761.493199970573,39.0
1774982236,200,,Aggregated,0.300000,0.000000,4100,6500,15000,18000,18000,23000,23000,24000,25000,25000,25000,117,0,4100.0,7765.456672651399,2137.7180000999942,24761.493199970573,39.0
1774982237,200,,Aggregated,0.300000,0.000000,4100,6500,15000,18000,18000,23000,23000,24000,25000,25000,25000,117,0,4100.0,7765.456672651399,2137.7180000999942,24761.493199970573,39.0
1774982238,200,,Aggregated,0.300000,0.000000,4100,6500,15000,18000,18000,23000,23000,24000,25000,25000,25000,117,0,4100.0,7765.456672651399,2137.7180000999942,24761.493199970573,39.0
1774982239,200,,Aggregated,0.300000,0.000000,4100,6500,15000,18000,18000,23000,23000,24000,25000,25000,25000,117,0,4100.0,7765.456672651399,2137.7180000999942,24761.493199970573,39.0
1774982240,200,,Aggregated,0.300000,0.000000,4100,6500,15000,18000,18000,23000,23000,24000,25000,25000,25000,117,0,4100.0,7765.456672651399,2137.7180000999942,24761.493199970573,39.0
1774982241,200,,Aggregated,0.300000,0.000000,4100,6500,15000,18000,18000,23000,23000,24000,25000,25000,25000,117,0,4100.0,7765.456672651399,2137.7180000999942,24761.493199970573,39.0
1774982242,200,,Aggregated,0.300000,0.000000,4100,6500,15000,18000,18000,23000,23000,24000,25000,25000,25000,117,0,4100.0,7765.456672651399,2137.7180000999942,24761.493199970573,39.0
1774982243,200,,Aggregated,0.300000,0.000000,4100,6500,15000,18000,18000,23000,23000,24000,25000,25000,25000,117,0,4100.0,7765.456672651399,2137.7180000999942,24761.493199970573,39.0
1774982244,200,,Aggregated,0.300000,0.000000,4100,6500,15000,18000,18000,23000,23000,24000,25000,25000,25000,117,0,4100.0,7765.456672651399,2137.7180000999942,24761.493199970573,39.0
1774982245,200,,Aggregated,0.300000,0.000000,4100,6500,15000,18000,18000,23000,23000,24000,25000,25000,25000,117,0,4100.0,7765.456672651399,2137.7180000999942,24761.493199970573,39.0
1774982246,200,,Aggregated,0.300000,0.000000,4100,6500,15000,18000,18000,23000,23000,24000,25000,25000,25000,117,0,4100.0,7765.456672651399,2137.7180000999942,24761.493199970573,39.0
1774982247,200,,Aggregated,0.300000,0.000000,4100,6500,15000,18000,18000,23000,23000,24000,25000,25000,25000,117,0,4100.0,7765.456672651399,2137.7180000999942,24761.493199970573,39.0
1774982248,200,,Aggregated,0.300000,0.000000,4100,6500,15000,18000,18000,23000,23000,24000,25000,25000,25000,117,0,4100.0,7765.456672651399,2137.7180000999942,24761.493199970573,39.0
1774982249,200,,Aggregated,0.300000,0.000000,4100,6500,15000,18000,18000,23000,23000,24000,25000,25000,25000,117,0,4100.0,7765.456672651399,2137.7180000999942,24761.493199970573,39.0
1774982250,200,,Aggregated,0.300000,0.000000,4100,6500,15000,18000,18000,23000,23000,24000,25000,25000,25000,117,0,4100.0,7765.456672651399,2137.7180000999942,24761.493199970573,39.0
1774982251,200,,Aggregated,0.300000,0.000000,4100,6500,15000,18000,18000,23000,23000,24000,25000,25000,25000,117,0,4100.0,7765.456672651399,2137.7180000999942,24761.493199970573,39.0
1774982252,200,,Aggregated,0.300000,0.000000,4100,6500,15000,18000,18000,23000,23000,24000,25000,25000,25000,117,0,4100.0,7765.456672651399,2137.7180000999942,24761.493199970573,39.0
1774982253,200,,Aggregated,0.000000,0.000000,4300,6700,18000,18000,18000,23000,25000,41000,48000,48000,48000,119,0,4300.0,8379.447878153502,2137.7180000999942,47509.271100047044,39.0
1774982254,200,,Aggregated,0.000000,0.000000,4300,6700,18000,18000,18000,23000,25000,41000,48000,48000,48000,119,0,4300.0,8379.447878153502,2137.7180000999942,47509.271100047044,39.0
1774982255,200,,Aggregated,0.000000,0.000000,4300,6700,18000,18000,18000,23000,25000,41000,48000,48000,48000,119,0,4300.0,8379.447878153502,2137.7180000999942,47509.271100047044,39.0
1774982256,200,,Aggregated,0.000000,0.000000,4300,6700,18000,18000,18000,23000,25000,41000,48000,48000,48000,119,0,4300.0,8379.447878153502,2137.7180000999942,47509.271100047044,39.0
1774982257,200,,Aggregated,0.200000,0.000000,4300,7000,18000,18000,18000,23000,41000,46000,48000,48000,48000,120,0,4300.0,8689.768999168882,2137.7180000999942,47509.271100047044,39.0
1774982258,300,,Aggregated,0.200000,0.000000,4300,7000,18000,18000,18000,23000,41000,46000,48000,48000,48000,120,0,4300.0,8689.768999168882,2137.7180000999942,47509.271100047044,39.0
1774982259,300,,Aggregated,0.200000,0.000000,4300,7000,18000,18000,18000,23000,41000,46000,48000,48000,48000,120,0,4300.0,8689.768999168882,2137.7180000999942,47509.271100047044,39.0
1774982260,300,,Aggregated,0.300000,0.000000,5800,18000,18000,25000,49000,49000,50000,55000,55000,55000,55000,145,0,5800.0,15684.076649656294,2137.7180000999942,55449.51189996209,39.0
1774982261,300,,Aggregated,0.300000,0.000000,6100,18000,23000,48000,49000,49000,55000,55000,56000,56000,56000,149,0,6100.0,16604.679308725434,2137.7180000999942,55639.666299917735,39.0
1774982262,300,,Aggregated,0.300000,0.000000,4600,18000,18000,46000,49000,50000,57000,57000,57000,57000,57000,178,24,4600.0,16025.56856685407,2137.7180000999942,56853.124400018714,33.741573033707866
1774982263,300,,Aggregated,0.300000,0.000000,4600,18000,18000,46000,49000,50000,57000,57000,57000,57000,57000,178,24,4600.0,16025.56856685407,2137.7180000999942,56853.124400018714,33.741573033707866
1774982264,300,,Aggregated,0.300000,0.000000,4600,18000,18000,46000,49000,50000,57000,57000,57000,57000,57000,178,24,4600.0,16025.56856685407,2137.7180000999942,56853.124400018714,33.741573033707866
1774982265,300,,Aggregated,0.300000,0.000000,4600,18000,18000,46000,49000,50000,57000,57000,57000,57000,57000,178,24,4600.0,16025.56856685407,2137.7180000999942,56853.124400018714,33.741573033707866
1774982266,290,,Aggregated,5.900000,2.400000,4200,8100,18000,23000,49000,50000,56000,57000,57000,57000,57000,201,47,4200.0,14660.075446268756,2137.7180000999942,56853.124400018714,29.880597014925375
1774982267,270,,Aggregated,5.900000,2.400000,4200,8100,18000,23000,49000,50000,56000,57000,57000,57000,57000,201,47,4200.0,14660.075446268756,2137.7180000999942,56853.124400018714,29.880597014925375
1774982268,260,,Aggregated,5.900000,2.400000,4200,8100,18000,23000,49000,50000,56000,57000,57000,57000,57000,201,47,4200.0,14660.075446268756,2137.7180000999942,56853.124400018714,29.880597014925375
1774982269,250,,Aggregated,5.900000,2.400000,4200,8100,18000,23000,49000,50000,56000,57000,57000,57000,57000,201,47,4200.0,14660.075446268756,2137.7180000999942,56853.124400018714,29.880597014925375
1774982270,240,,Aggregated,8.100000,4.700000,4200,7500,18000,23000,49000,50000,56000,57000,57000,57000,57000,211,57,4200.0,14158.608887202252,2137.7180000999942,56853.124400018714,28.46445497630332
1774982271,230,,Aggregated,8.100000,4.700000,4200,6700,18000,18000,49000,49000,56000,57000,57000,57000,57000,221,67,4200.0,13702.778286876355,2137.7180000999942,56853.124400018714,27.176470588235293
1774982272,220,,Aggregated,8.100000,4.700000,4200,6700,18000,18000,49000,49000,56000,57000,57000,57000,57000,221,67,4200.0,13702.778286876355,2137.7180000999942,56853.124400018714,27.176470588235293
1774982273,210,,Aggregated,8.100000,4.700000,4200,6700,18000,18000,49000,49000,56000,57000,57000,57000,57000,221,67,4200.0,13702.778286876355,2137.7180000999942,56853.124400018714,27.176470588235293
1774982274,200,,Aggregated,4.300000,4.300000,4200,6700,18000,18000,49000,49000,56000,57000,57000,57000,57000,223,69,4200.0,13616.525971298857,2137.7180000999942,56853.124400018714,26.932735426008968
1774982275,180,,Aggregated,4.300000,4.300000,4200,6000,18000,18000,49000,49000,56000,57000,57000,57000,57000,237,83,4200.0,13053.333969197809,2137.7180000999942,56853.124400018714,25.341772151898734
1774982276,180,,Aggregated,4.300000,4.300000,4200,6000,18000,18000,49000,49000,56000,57000,57000,57000,57000,237,83,4200.0,13053.333969197809,2137.7180000999942,56853.124400018714,25.341772151898734
1774982277,160,,Aggregated,4.300000,4.300000,4200,6000,18000,18000,49000,49000,56000,57000,57000,57000,57000,237,83,4200.0,13053.333969197809,2137.7180000999942,56853.124400018714,25.341772151898734
1774982278,150,,Aggregated,5.200000,5.200000,4200,6000,18000,18000,49000,49000,56000,57000,57000,57000,57000,238,84,4100.0,13015.690505881736,2137.7180000999942,56853.124400018714,25.235294117647058
1774982279,140,,Aggregated,3.600000,3.600000,4100,4800,18000,18000,48000,49000,56000,57000,57000,57000,57000,249,95,4100.0,12621.544020079324,2137.7180000999942,56853.124400018714,24.120481927710845
1774982280,130,,Aggregated,3.600000,3.600000,4100,4800,18000,18000,48000,49000,56000,57000,57000,57000,57000,249,95,4100.0,12621.544020079324,2137.7180000999942,56853.124400018714,24.120481927710845
1774982281,120,,Aggregated,3.600000,3.600000,4100,4800,18000,18000,48000,49000,56000,57000,57000,57000,57000,249,95,4100.0,12621.544020079324,2137.7180000999942,56853.124400018714,24.120481927710845
1774982282,110,,Aggregated,3.600000,3.600000,4100,4800,18000,18000,48000,49000,56000,57000,57000,57000,57000,249,95,4100.0,12621.544020079324,2137.7180000999942,56853.124400018714,24.120481927710845
1774982283,100,,Aggregated,2.800000,2.800000,4100,4700,18000,18000,48000,49000,55000,57000,57000,57000,57000,253,99,4100.0,12486.532437153117,2137.7180000999942,56853.124400018714,23.73913043478261
1774982284,90,,Aggregated,2.800000,2.800000,4100,4600,18000,18000,48000,49000,55000,57000,57000,57000,57000,256,102,4100.0,12388.310779686435,2137.7180000999942,56853.124400018714,23.4609375
1774982285,80,,Aggregated,2.800000,2.800000,4100,4600,18000,18000,48000,49000,55000,57000,57000,57000,57000,256,102,4100.0,12388.310779686435,2137.7180000999942,56853.124400018714,23.4609375
1774982286,70,,Aggregated,2.800000,2.800000,4100,4600,18000,18000,48000,49000,55000,57000,57000,57000,57000,256,102,4100.0,12388.310779686435,2137.7180000999942,56853.124400018714,23.4609375
1774982287,60,,Aggregated,2.500000,2.500000,4100,4600,18000,18000,48000,49000,55000,57000,57000,57000,57000,257,103,4100.0,12356.046961477308,2137.7180000999942,56853.124400018714,23.36964980544747
1774982288,50,,Aggregated,2.500000,2.500000,4100,4600,18000,18000,48000,49000,55000,57000,57000,57000,57000,259,105,4100.0,12292.345345558771,2137.7180000999942,56853.124400018714,23.18918918918919
1774982289,40,,Aggregated,2.500000,2.500000,4100,4600,18000,18000,48000,49000,55000,57000,57000,57000,57000,259,105,4100.0,12292.345345558771,2137.7180000999942,56853.124400018714,23.18918918918919
1774982290,30,,Aggregated,2.500000,2.500000,4100,4600,18000,18000,48000,49000,55000,57000,57000,57000,57000,259,105,4100.0,12292.345345558771,2137.7180000999942,56853.124400018714,23.18918918918919
1774982291,30,,Aggregated,1.800000,1.800000,4100,4600,18000,18000,48000,49000,55000,57000,57000,57000,57000,260,106,4100.0,12260.673040383532,2137.7180000999942,56853.124400018714,23.1
1774982292,30,,Aggregated,1.000000,1.000000,4100,4600,16000,18000,48000,49000,55000,57000,57000,57000,57000,261,107,4100.0,12229.246537929928,2137.7180000999942,56853.124400018714,23.011494252873565
1774982293,30,,Aggregated,1.000000,1.000000,4100,4600,16000,18000,48000,49000,55000,57000,57000,57000,57000,261,107,4100.0,12229.246537929928,2137.7180000999942,56853.124400018714,23.011494252873565
1774982294,30,,Aggregated,1.000000,1.000000,4100,4600,16000,18000,48000,49000,55000,57000,57000,57000,57000,261,107,4100.0,12229.246537929928,2137.7180000999942,56853.124400018714,23.011494252873565
1774982295,30,,Aggregated,1.000000,1.000000,4100,4600,16000,18000,48000,49000,55000,57000,57000,57000,57000,261,107,4100.0,12229.246537929928,2137.7180000999942,56853.124400018714,23.011494252873565
1774982296,30,,Aggregated,0.500000,0.500000,4100,4600,16000,18000,48000,49000,55000,57000,57000,57000,57000,263,109,4100.0,12167.354795816638,2137.7180000999942,56853.124400018714,22.836501901140686
1774982297,30,,Aggregated,0.500000,0.500000,4100,4600,16000,18000,48000,49000,55000,57000,57000,57000,57000,263,109,4100.0,12167.354795816638,2137.7180000999942,56853.124400018714,22.836501901140686
1774982298,30,,Aggregated,0.500000,0.500000,4100,4600,16000,18000,48000,49000,55000,57000,57000,57000,57000,263,109,4100.0,12167.354795816638,2137.7180000999942,56853.124400018714,22.836501901140686
1774982300,30,,Aggregated,0.500000,0.500000,4100,4600,16000,18000,48000,49000,55000,57000,57000,57000,57000,263,109,4100.0,12167.354795816638,2137.7180000999942,56853.124400018714,22.836501901140686
1774982301,30,,Aggregated,0.400000,0.400000,4100,4500,15000,18000,48000,49000,55000,57000,57000,57000,57000,265,111,4100.0,12106.52455886703,2137.7180000999942,56853.124400018714,22.664150943396226
1774982302,30,,Aggregated,0.400000,0.400000,4100,4500,15000,18000,48000,49000,55000,57000,57000,57000,57000,265,111,4100.0,12106.52455886703,2137.7180000999942,56853.124400018714,22.664150943396226
1774982303,30,,Aggregated,0.400000,0.400000,4100,4500,15000,18000,48000,49000,55000,57000,57000,57000,57000,265,111,4100.0,12106.52455886703,2137.7180000999942,56853.124400018714,22.664150943396226
1774982304,30,,Aggregated,0.400000,0.400000,4100,4500,15000,18000,48000,49000,55000,57000,57000,57000,57000,265,111,4100.0,12106.52455886703,2137.7180000999942,56853.124400018714,22.664150943396226
1774982305,30,,Aggregated,0.500000,0.500000,4100,4500,15000,18000,48000,49000,55000,57000,57000,57000,57000,266,112,4100.0,12076.363404134823,2137.7180000999942,56853.124400018714,22.57894736842105
1774982306,30,,Aggregated,0.400000,0.400000,4100,4500,16000,18000,48000,49000,56000,57000,78000,78000,78000,268,113,4100.0,12291.270131715695,2137.7180000999942,77673.75039996114,22.55597014925373
1774982307,30,,Aggregated,0.400000,0.400000,4100,4500,16000,18000,48000,49000,56000,57000,78000,78000,78000,268,113,4100.0,12291.270131715695,2137.7180000999942,77673.75039996114,22.55597014925373
1774982308,30,,Aggregated,0.500000,0.500000,4100,4600,16000,18000,48000,49000,57000,57000,79000,79000,79000,269,113,4100.0,12539.677355389567,2137.7180000999942,79112.81329998747,22.617100371747213
1774982309,30,,Aggregated,0.500000,0.400000,4100,4600,16000,18000,48000,49000,57000,57000,79000,79000,79000,270,114,4100.0,12508.353301851268,2137.7180000999942,79112.81329998747,22.533333333333335
1774982310,30,,Aggregated,0.500000,0.400000,4100,4600,18000,18000,49000,50000,57000,79000,105000,105000,105000,273,115,4100.0,13060.637235896911,2137.7180000999942,104669.00930006523,22.571428571428573
1774982311,30,,Aggregated,0.500000,0.400000,4100,4600,18000,18000,49000,50000,57000,79000,105000,105000,105000,273,115,4100.0,13060.637235896911,2137.7180000999942,104669.00930006523,22.571428571428573
1774982312,30,,Aggregated,0.500000,0.400000,4100,4600,18000,18000,49000,50000,57000,79000,105000,105000,105000,273,115,4100.0,13060.637235896911,2137.7180000999942,104669.00930006523,22.571428571428573
1774982313,30,,Aggregated,0.800000,0.400000,4100,4700,18000,18000,49000,51000,57000,80000,108000,108000,108000,276,115,4100.0,13684.127089492404,2137.7180000999942,107907.44270000141,22.75
1774982314,30,,Aggregated,0.800000,0.400000,4100,4700,18000,18000,49000,51000,78000,105000,109000,109000,109000,282,116,4100.0,13869.655810283739,2137.7180000999942,109223.60579995438,22.95744680851064
1774982315,30,,Aggregated,1.000000,0.400000,4100,4600,18000,18000,49000,52000,79000,108000,109000,109000,109000,289,117,4100.0,13948.45233737027,1235.8463000273332,109350.38019996136,23.21107266435986
1774982316,30,,Aggregated,1.500000,0.500000,4100,4600,18000,18000,49000,55000,105000,109000,110000,110000,110000,298,117,4100.0,14291.472365100315,1071.4169999118894,109708.06370000355,23.687919463087248
1774982317,30,,Aggregated,2.100000,0.500000,4100,4500,18000,18000,49000,55000,80000,109000,110000,110000,110000,304,117,4100.0,14034.418672696216,1071.4169999118894,109708.06370000355,23.99013157894737
1774982318,30,,Aggregated,2.900000,0.400000,4100,4500,18000,18000,49000,56000,108000,110000,112000,112000,112000,312,117,4100.0,14416.153015703923,1071.4169999118894,112029.61980004329,24.375
1774982319,30,,Aggregated,3.500000,0.400000,4100,4300,16000,18000,49000,57000,109000,112000,113000,113000,113000,321,117,4100.0,14746.854598753262,1071.4169999118894,113359.37389999162,24.785046728971963
1774982320,30,,Aggregated,4.200000,0.400000,4100,4200,8700,18000,49000,57000,109000,112000,113000,113000,113000,330,117,4100.0,14382.970995151183,1071.4169999118894,113359.37389999162,25.172727272727272
1774982321,30,,Aggregated,4.800000,0.400000,4100,4200,8100,18000,49000,57000,110000,112000,114000,114000,114000,339,117,4100.0,14375.161565191547,1071.4169999118894,114284.57759995945,25.539823008849556
1774982322,30,,Aggregated,4.800000,0.400000,4100,4200,7600,18000,49000,57000,110000,112000,114000,114000,114000,346,117,4100.0,14115.875027745402,1071.4169999118894,114284.57759995945,25.8121387283237
1774982323,30,,Aggregated,5.900000,0.200000,4100,4200,7400,18000,49000,57000,110000,113000,116000,116000,116000,357,117,4100.0,14047.869353781125,1071.4169999118894,115995.00450002961,26.218487394957982
1774982324,30,,Aggregated,7.300000,0.200000,4100,4200,7100,18000,49000,57000,110000,113000,116000,116000,116000,365,117,4100.0,13774.482487670899,1071.4169999118894,115995.00450002961,26.4986301369863
1774982325,30,,Aggregated,8.000000,0.200000,4100,4200,7000,18000,49000,57000,110000,113000,118000,118000,118000,374,117,4100.0,13790.08854866273,1071.4169999118894,118244.5828000782,26.799465240641712
1774982326,30,,Aggregated,8.300000,0.100000,4100,4200,6200,18000,49000,57000,110000,113000,118000,118000,118000,389,117,4100.0,13490.76762544961,1071.4169999118894,118244.5828000782,27.26992287917738
1774982327,30,,Aggregated,8.500000,0.000000,4100,4200,6200,18000,49000,57000,110000,113000,118000,118000,118000,401,117,4100.0,13478.051250871908,1071.4169999118894,118244.5828000782,27.620947630922693
1774982328,30,,Aggregated,8.600000,0.000000,4100,4200,6000,18000,49000,57000,110000,113000,118000,118000,118000,411,117,4100.0,13191.746424086825,1071.4169999118894,118244.5828000782,27.8978102189781
1774982329,30,,Aggregated,8.700000,0.000000,4100,4200,5800,18000,49000,57000,110000,113000,118000,118000,118000,413,117,4100.0,13135.903029781248,1071.4169999118894,118244.5828000782,27.951573849878933
1774982330,30,,Aggregated,9.200000,0.000000,4100,4100,5600,18000,49000,57000,110000,113000,118000,118000,118000,427,117,4100.0,12929.033765573146,1071.4169999118894,118244.5828000782,28.313817330210775
1774982331,30,,Aggregated,9.500000,0.000000,4100,4100,5100,18000,49000,57000,110000,113000,118000,118000,118000,435,117,4100.0,12888.993538620121,1071.4169999118894,118244.5828000782,28.510344827586206
1774982332,30,,Aggregated,9.500000,0.000000,4100,4100,4700,18000,49000,68000,110000,113000,118000,118000,118000,450,117,4100.0,12845.06115244417,1071.4169999118894,118244.5828000782,28.86
1774982333,30,,Aggregated,9.700000,0.000000,4100,4100,4600,15000,49000,68000,109000,113000,118000,118000,118000,459,117,4100.0,12632.021368191321,1071.4169999118894,118244.5828000782,29.058823529411764
1774982334,30,,Aggregated,10.400000,0.000000,4100,4100,4500,7800,49000,57000,109000,113000,118000,118000,118000,475,117,4100.0,12273.259835999557,1071.4169999118894,118244.5828000782,29.393684210526317
1774982335,30,,Aggregated,10.400000,0.000000,4100,4100,4500,7800,49000,70000,109000,113000,118000,118000,118000,487,117,4100.0,12486.438058932012,1071.4169999118894,118244.5828000782,29.630390143737166
1774982336,30,,Aggregated,9.700000,0.000000,3800,4100,4300,7600,49000,68000,109000,112000,118000,118000,118000,505,117,3800.0,12183.922474851628,1071.4169999118894,118244.5828000782,29.964356435643566
1774982337,30,,Aggregated,10.400000,0.000000,3600,4100,4200,7200,49000,68000,109000,112000,118000,118000,118000,517,117,3600.0,11937.2099005805,1071.4169999118894,118244.5828000782,30.174081237911025
1774982338,30,,Aggregated,10.500000,0.000000,2800,4100,4200,6200,48000,57000,109000,112000,118000,118000,118000,545,117,2800.0,11395.877784587135,1071.4169999118894,118244.5828000782,30.627522935779815
1774982339,30,,Aggregated,12.600000,0.000000,2400,4100,4200,5800,48000,57000,108000,112000,118000,118000,118000,564,117,2400.0,11061.712239006145,1071.4169999118894,118244.5828000782,30.909574468085108
1774982340,30,,Aggregated,13.200000,0.000000,2400,4100,4200,5100,48000,57000,108000,112000,118000,118000,118000,576,117,2400.0,10860.068314061411,994.984699995257,118244.5828000782,31.078125
1774982341,30,,Aggregated,13.300000,0.000000,2200,4100,4200,4700,48000,57000,108000,112000,118000,118000,118000,595,117,2200.0,10560.313722183693,994.984699995257,118244.5828000782,31.33109243697479
1774982342,130,,Aggregated,14.000000,0.000000,2200,4100,4200,4600,48000,56000,105000,112000,118000,118000,118000,606,117,2200.0,10394.053589107727,994.984699995257,118244.5828000782,31.47029702970297
1774982344,142,,Aggregated,14.200000,0.000000,2100,4100,4100,4200,46000,55000,105000,112000,118000,118000,118000,636,117,2100.0,9968.635399998297,994.984699995257,118244.5828000782,31.82547169811321
1774982345,183,,Aggregated,14.500000,0.000000,2000,4100,4100,4200,25000,55000,80000,112000,118000,118000,118000,655,117,2000.0,9719.613468548361,994.984699995257,118244.5828000782,32.033587786259545
1774982346,149,,Aggregated,14.700000,0.000000,2000,4100,4100,4200,24000,52000,80000,112000,118000,118000,118000,665,117,2000.0,9594.909389021534,994.984699995257,118244.5828000782,32.13834586466165
1774982347,175,,Aggregated,17.600000,0.000000,1900,4100,4100,4200,23000,51000,80000,112000,118000,118000,118000,685,117,1900.0,9368.687721020475,994.984699995257,118244.5828000782,32.33868613138686
1774982348,227,,Aggregated,17.800000,0.000000,1900,4100,4100,4200,23000,51000,79000,110000,118000,118000,118000,702,117,1900.0,9214.096047149698,994.984699995257,118244.5828000782,32.5
1774982349,127,,Aggregated,17.800000,0.000000,1900,4100,4100,4200,23000,51000,79000,110000,118000,118000,118000,702,117,1900.0,9214.096047149698,994.984699995257,118244.5828000782,32.5
1774982350,189,,Aggregated,16.900000,0.000000,2000,4100,4100,4200,22000,50000,79000,110000,118000,118000,118000,723,117,2000.0,9032.348634577247,994.984699995257,118244.5828000782,32.68879668049792
1774982351,156,,Aggregated,16.500000,0.000000,2100,4100,4100,4200,22000,50000,79000,110000,118000,118000,118000,738,117,2000.0,8908.926307451678,994.984699995257,118244.5828000782,32.81707317073171
1774982352,111,,Aggregated,16.500000,0.000000,2100,4100,4100,4200,22000,50000,79000,110000,118000,118000,118000,738,117,2000.0,8908.926307451678,994.984699995257,118244.5828000782,32.81707317073171
1774982353,211,,Aggregated,15.800000,0.000000,2100,4100,4100,4200,18000,50000,78000,110000,118000,118000,118000,752,117,2100.0,8794.676174600256,994.984699995257,118244.5828000782,32.932180851063826
1774982354,193,,Aggregated,16.200000,0.000000,2100,3900,4100,4200,18000,50000,78000,110000,118000,118000,118000,761,117,2100.0,8744.055919052878,994.984699995257,118244.5828000782,33.00394218134034
1774982355,215,,Aggregated,14.600000,0.000000,2100,3900,4100,4200,18000,50000,78000,110000,118000,118000,118000,778,117,2100.0,8639.731311181693,994.984699995257,118244.5828000782,33.134961439588686
1774982356,235,,Aggregated,12.500000,0.000000,2100,3800,4100,4200,18000,49000,78000,110000,118000,118000,118000,788,117,2100.0,8569.54293058261,994.984699995257,118244.5828000782,33.20939086294416
1774982357,135,,Aggregated,10.700000,0.000000,2100,3900,4100,4200,18000,49000,78000,110000,118000,118000,118000,797,125,2100.0,8517.630044164498,994.984699995257,118244.5828000782,32.883312421580925
1774982358,131,,Aggregated,11.400000,0.000000,2100,3900,4100,4200,18000,49000,78000,110000,118000,118000,118000,822,130,2100.0,8396.85390255351,994.984699995257,118244.5828000782,32.832116788321166
1774982359,90,,Aggregated,11.400000,0.000000,2100,3900,4100,4200,18000,49000,78000,110000,118000,118000,118000,831,130,2100.0,8327.675859084091,994.984699995257,118244.5828000782,32.898916967509024
1774982360,190,,Aggregated,12.000000,1.300000,2200,3800,4100,4200,18000,49000,78000,110000,118000,118000,118000,852,132,2100.0,8181.670874646622,994.984699995257,118244.5828000782,32.95774647887324
1774982361,223,,Aggregated,12.900000,1.300000,2200,3600,4100,4200,18000,49000,78000,110000,118000,118000,118000,864,132,2200.0,8120.662207174501,994.984699995257,118244.5828000782,33.041666666666664
1774982362,147,,Aggregated,10.800000,1.300000,2200,3600,4100,4200,18000,49000,78000,110000,118000,118000,118000,865,132,2200.0,8133.803471096797,994.984699995257,118244.5828000782,33.0485549132948
1774982363,247,,Aggregated,10.800000,1.300000,2200,3600,4100,4200,18000,49000,78000,110000,118000,118000,118000,884,132,2200.0,8010.105405541714,994.984699995257,118244.5828000782,33.1764705882353
1774982364,147,,Aggregated,12.600000,1.500000,2200,3600,4100,4200,18000,49000,77000,109000,118000,118000,118000,904,135,2200.0,7991.193620574329,994.984699995257,118244.5828000782,33.17588495575221
1774982365,151,,Aggregated,13.200000,1.500000,2300,3600,4100,4200,18000,49000,77000,109000,118000,118000,118000,930,143,2300.0,7851.8821118266815,994.984699995257,118244.5828000782,33.00322580645161
1774982366,116,,Aggregated,13.200000,1.500000,2300,3600,4100,4200,18000,49000,77000,109000,118000,118000,118000,930,143,2300.0,7851.8821118266815,994.984699995257,118244.5828000782,33.00322580645161
1774982367,212,,Aggregated,14.300000,1.900000,2300,3600,4100,4200,18000,49000,74000,109000,118000,118000,118000,958,153,2300.0,7795.813536533448,994.984699995257,118244.5828000782,32.7713987473904
1774982368,235,,Aggregated,15.100000,2.600000,2400,3600,4100,4200,18000,49000,74000,109000,118000,118000,118000,978,155,2300.0,7691.6418911031915,994.984699995257,118244.5828000782,32.81901840490798
1774982369,206,,Aggregated,16.000000,2.600000,2400,3600,4100,4200,18000,49000,74000,109000,118000,118000,118000,986,163,2400.0,7662.917131134904,994.984699995257,118244.5828000782,32.55273833671399
1774982370,179,,Aggregated,16.000000,2.600000,2400,3600,4100,4200,18000,49000,74000,109000,116000,118000,118000,1004,163,2400.0,7574.761143425109,994.984699995257,118244.5828000782,32.668326693227094
1774982371,79,,Aggregated,14.700000,2.500000,2400,3600,4100,4200,18000,49000,74000,109000,116000,118000,118000,1027,170,2400.0,7519.5392265811815,994.984699995257,118244.5828000782,32.54430379746835
1774982372,93,,Aggregated,17.300000,3.300000,2400,3600,4100,4200,18000,49000,74000,109000,116000,118000,118000,1038,171,2400.0,7468.709920326527,994.984699995257,118244.5828000782,32.57514450867052
1774982373,207,,Aggregated,15.100000,3.100000,2400,3600,4100,4200,18000,48000,74000,109000,116000,118000,118000,1042,175,2400.0,7455.644898271436,994.984699995257,118244.5828000782,32.450095969289826
1774982374,209,,Aggregated,16.300000,3.800000,2400,3600,4100,4200,18000,48000,74000,109000,116000,118000,118000,1058,176,2400.0,7428.155836010165,994.984699995257,118244.5828000782,32.51228733459357
1774982375,109,,Aggregated,15.400000,3.900000,2400,3600,4100,4200,18000,48000,74000,109000,116000,118000,118000,1072,180,2400.0,7365.46225382357,994.984699995257,118244.5828000782,32.451492537313435
1774982377,158,,Aggregated,14.400000,4.400000,2400,3600,4100,4200,18000,48000,74000,109000,116000,118000,118000,1092,185,2400.0,7277.637851189339,994.984699995257,118244.5828000782,32.392857142857146
1774982378,153,,Aggregated,15.300000,4.000000,2400,3000,4100,4100,16000,48000,72000,108000,116000,118000,118000,1102,185,2400.0,7230.681067512213,994.984699995257,118244.5828000782,32.452813067150636
1774982379,210,,Aggregated,14.200000,3.700000,2400,2900,4100,4100,16000,48000,72000,108000,116000,118000,118000,1118,185,2400.0,7181.236420213582,994.984699995257,118244.5828000782,32.54651162790697
1774982380,111,,Aggregated,14.400000,4.200000,2400,2900,4100,4100,15000,48000,72000,108000,116000,118000,118000,1128,185,2400.0,7135.762912942244,994.984699995257,118244.5828000782,32.60372340425532
1774982381,211,,Aggregated,14.400000,3.200000,2400,3600,4100,4200,15000,48000,72000,108000,116000,118000,118000,1146,202,2400.0,7111.8958041871965,994.984699995257,118244.5828000782,32.12565445026178
1774982382,151,,Aggregated,14.000000,3.000000,2400,2900,4100,4200,15000,48000,70000,108000,116000,118000,118000,1162,202,2400.0,7042.750112649467,994.984699995257,118244.5828000782,32.22030981067125
1774982383,151,,Aggregated,12.400000,2.200000,2400,3600,4100,4200,13000,48000,70000,108000,116000,118000,118000,1186,215,2400.0,6965.168311128618,994.984699995257,118244.5828000782,31.930016863406408
1774982384,135,,Aggregated,14.200000,3.900000,2400,2900,4100,4200,13000,48000,70000,105000,116000,118000,118000,1204,215,2400.0,6944.49725157664,994.984699995257,118244.5828000782,32.035714285714285
1774982385,226,,Aggregated,13.500000,3.200000,2400,3600,4100,4200,12000,48000,70000,105000,116000,118000,118000,1229,228,2400.0,6893.932074042415,994.984699995257,118244.5828000782,31.764849471114726
1774982386,173,,Aggregated,16.100000,3.900000,2400,3000,4100,4200,12000,48000,70000,105000,116000,118000,118000,1249,228,2400.0,6870.1949597264065,994.984699995257,118244.5828000782,31.88070456365092
1774982387,118,,Aggregated,17.100000,5.200000,2400,2900,4100,4200,12000,48000,68000,105000,116000,118000,118000,1251,228,2400.0,6863.164219822699,994.984699995257,118244.5828000782,31.892086330935253
1774982388,218,,Aggregated,17.100000,5.200000,2400,2900,4100,4200,12000,46000,68000,105000,116000,118000,118000,1261,228,2400.0,6826.216535129541,994.984699995257,118244.5828000782,31.948453608247423
1774982389,239,,Aggregated,15.700000,4.300000,2400,2900,4100,4200,11000,41000,68000,105000,116000,118000,118000,1290,237,2400.0,6739.801937285562,994.984699995257,118244.5828000782,31.834883720930232
1774982390,235,,Aggregated,15.900000,4.300000,2400,2900,4100,4200,8700,37000,57000,80000,116000,118000,118000,1304,238,2400.0,6721.770759278045,994.984699995257,118244.5828000782,31.881901840490798
1774982391,235,,Aggregated,14.500000,4.500000,2400,2900,4100,4200,11000,37000,57000,80000,116000,118000,118000,1306,238,2400.0,6763.700149539496,994.984699995257,118244.5828000782,31.89280245022971
1774982392,189,,Aggregated,16.300000,5.300000,2400,3400,4100,4200,11000,34000,57000,80000,116000,118000,118000,1347,256,2400.0,6729.449088788668,994.984699995257,118244.5828000782,31.587973273942094
1774982393,189,,Aggregated,15.800000,3.600000,2400,3400,4100,4200,8100,34000,57000,80000,116000,118000,118000,1368,264,2400.0,6676.61573574436,994.984699995257,118244.5828000782,31.473684210526315
1774982395,189,,Aggregated,16.200000,4.100000,2400,3400,4100,4200,7900,34000,57000,80000,116000,118000,118000,1372,265,2400.0,6666.312528788823,994.984699995257,118244.5828000782,31.467201166180757
1774982396,126,,Aggregated,16.200000,4.100000,2500,2900,4100,4200,7600,34000,57000,80000,116000,118000,118000,1394,265,2500.0,6604.9979219500065,994.984699995257,118244.5828000782,31.586083213773314
1774982397,226,,Aggregated,16.500000,5.000000,2500,2900,4100,4200,7800,34000,57000,79000,116000,118000,118000,1409,265,2500.0,6612.145421432622,994.984699995257,118244.5828000782,31.66501064584812
1774982398,136,,Aggregated,16.500000,3.700000,2500,2900,4100,4200,7600,34000,57000,79000,116000,118000,118000,1416,269,2500.0,6597.134924645907,994.984699995257,118244.5828000782,31.591101694915253
1774982399,133,,Aggregated,16.000000,3.700000,2500,2900,4100,4200,7200,34000,57000,79000,116000,118000,118000,1450,281,2500.0,6519.771601378529,994.984699995257,118244.5828000782,31.44206896551724
1774982400,133,,Aggregated,16.000000,3.700000,2500,3000,4100,4200,7000,34000,57000,79000,116000,118000,118000,1478,293,2500.0,6482.290730310627,994.984699995257,118244.5828000782,31.268606224627874
1774982401,180,,Aggregated,17.700000,4.100000,2500,3600,4100,4200,6700,34000,57000,79000,116000,118000,118000,1493,307,2500.0,6479.192685330884,994.984699995257,118244.5828000782,30.980576021433357
1774982402,116,,Aggregated,18.700000,5.500000,2500,3600,4100,4200,6700,33000,56000,78000,116000,118000,118000,1504,318,2500.0,6462.540209773189,994.984699995257,118244.5828000782,30.75398936170213
1774982403,130,,Aggregated,18.700000,5.500000,2600,4100,4100,4200,6500,33000,56000,78000,116000,118000,118000,1532,320,2600.0,6446.19560430722,994.984699995257,118244.5828000782,30.85378590078329
1774982404,161,,Aggregated,19.300000,7.700000,2600,4100,4100,4200,6200,33000,56000,78000,116000,118000,118000,1549,337,2600.0,6420.714316784123,994.984699995257,118244.5828000782,30.515171078114914
1774982405,162,,Aggregated,18.400000,6.400000,2600,4100,4100,4200,6200,33000,56000,78000,116000,118000,118000,1550,338,2600.0,6419.206990063594,994.984699995257,118244.5828000782,30.495483870967742
1774982406,162,,Aggregated,17.600000,6.800000,2600,4100,4100,4200,6200,33000,55000,78000,116000,118000,118000,1570,358,2600.0,6390.312916241216,994.984699995257,118244.5828000782,30.107006369426752
1774982407,179,,Aggregated,17.800000,7.200000,2600,4100,4200,4200,7500,33000,55000,78000,116000,118000,118000,1593,364,2600.0,6415.050909101385,994.984699995257,118244.5828000782,30.088512241054612
1774982408,179,,Aggregated,16.400000,8.100000,2600,4100,4200,4200,7500,33000,55000,78000,116000,118000,118000,1611,378,2600.0,6463.122812910321,994.984699995257,118244.5828000782,29.849162011173185
1774982409,157,,Aggregated,16.400000,8.100000,2600,4100,4200,4200,7500,33000,55000,78000,116000,118000,118000,1611,378,2600.0,6463.122812910321,994.984699995257,118244.5828000782,29.849162011173185
1774982411,157,,Aggregated,17.900000,9.500000,2600,4100,4200,4200,7500,33000,55000,78000,116000,118000,118000,1617,384,2600.0,6454.241013975552,994.984699995257,118244.5828000782,29.738404452690165
1774982412,202,,Aggregated,13.400000,8.600000,2600,4100,4200,4200,7500,33000,55000,78000,116000,118000,118000,1623,390,2600.0,6445.534224336752,994.984699995257,118244.5828000782,29.628465804066543
1774982413,202,,Aggregated,13.900000,9.100000,2600,4100,4200,4200,7500,33000,55000,78000,116000,118000,118000,1626,393,2600.0,6441.278082778888,994.984699995257,118244.5828000782,29.57380073800738
1774982414,206,,Aggregated,12.100000,7.400000,2600,4100,4200,4200,7500,33000,55000,78000,116000,118000,118000,1627,394,2600.0,6439.848967976892,994.984699995257,118244.5828000782,29.555623847572217
1774982415,222,,Aggregated,9.200000,7.100000,2600,4100,4200,4200,7400,33000,55000,78000,116000,118000,118000,1631,398,2600.0,6434.1620247690225,994.984699995257,118244.5828000782,29.48313917841815
1774982416,233,,Aggregated,9.200000,7.100000,2600,4100,4200,4200,7400,33000,55000,78000,116000,118000,118000,1635,402,2600.0,6428.407867582983,994.984699995257,118244.5828000782,29.411009174311925
1774982417,233,,Aggregated,8.100000,6.000000,2600,4100,4200,4200,7400,33000,55000,78000,116000,118000,118000,1639,406,2600.0,6422.886069431393,994.984699995257,118244.5828000782,29.339231238560096
1774982418,191,,Aggregated,7.700000,5.600000,2700,4100,4200,4200,12000,33000,52000,78000,116000,118000,118000,1710,448,2700.0,6577.749125495397,994.984699995257,118244.5828000782,28.782456140350877
1774982419,185,,Aggregated,6.400000,4.400000,2700,4100,4200,4200,8100,33000,52000,78000,116000,118000,118000,1753,490,2700.0,6547.38791186355,994.984699995257,118244.5828000782,28.09868796349116
1774982420,127,,Aggregated,4.600000,4.300000,2700,4100,4200,4200,8100,33000,52000,78000,116000,118000,118000,1758,495,2700.0,6540.4275264486305,994.984699995257,118244.5828000782,28.01877133105802
1774982421,127,,Aggregated,12.700000,9.800000,2700,4100,4200,4200,8100,33000,52000,78000,116000,118000,118000,1760,497,2700.0,6537.639134032224,994.984699995257,118244.5828000782,27.98693181818182
1774982422,227,,Aggregated,14.300000,11.300000,2700,4100,4200,4200,7900,33000,52000,78000,116000,118000,118000,1762,499,2700.0,6534.85147525354,994.984699995257,118244.5828000782,27.95516458569807
1774982423,149,,Aggregated,14.100000,11.100000,2700,4100,4200,4200,7900,33000,52000,78000,116000,118000,118000,1766,503,2700.0,6529.290388163574,994.984699995257,118244.5828000782,27.89184597961495
1774982424,142,,Aggregated,13.800000,10.800000,2800,4100,4200,4200,7800,31000,52000,78000,116000,118000,118000,1782,519,2800.0,6507.67378075028,994.984699995257,118244.5828000782,27.641414141414142
1774982426,142,,Aggregated,14.000000,11.000000,2800,4100,4200,4200,7600,29000,51000,77000,116000,118000,118000,1801,538,2800.0,6484.334546972261,994.984699995257,118244.5828000782,27.349805663520268
1774982427,74,,Aggregated,14.000000,11.000000,2800,4100,4200,4200,7600,29000,51000,77000,116000,118000,118000,1801,538,2800.0,6484.334546972261,994.984699995257,118244.5828000782,27.349805663520268
1774982428,74,,Aggregated,14.000000,11.000000,2800,4100,4200,4200,7600,29000,51000,77000,116000,118000,118000,1801,538,2800.0,6484.334546972261,994.984699995257,118244.5828000782,27.349805663520268
1774982429,235,,Aggregated,14.000000,11.000000,2800,4100,4200,4200,7600,29000,51000,77000,116000,118000,118000,1801,538,2800.0,6484.334546972261,994.984699995257,118244.5828000782,27.349805663520268
1774982430,235,,Aggregated,16.200000,13.200000,2800,4100,4200,4200,7600,29000,51000,77000,116000,118000,118000,1802,539,2800.0,6482.993535625489,994.984699995257,118244.5828000782,27.334628190899
1774982431,200,,Aggregated,6.300000,6.200000,2800,4100,4200,4200,7600,29000,51000,77000,116000,118000,118000,1820,557,2800.0,6459.628306866611,994.984699995257,118244.5828000782,27.064285714285713
1774982432,200,,Aggregated,4.700000,4.700000,2900,4100,4200,4200,7500,26000,51000,77000,116000,118000,118000,1896,633,2900.0,6369.951376844838,994.984699995257,118244.5828000782,25.979430379746834
1774982433,200,,Aggregated,4.500000,4.500000,2900,4100,4200,4200,7400,23000,51000,74000,116000,118000,118000,1947,684,2900.0,6310.982435849018,994.984699995257,118244.5828000782,25.298921417565484
1774982434,200,,Aggregated,6.000000,6.000000,2900,4100,4200,4200,7400,23000,51000,74000,116000,118000,118000,1948,685,2900.0,6309.831646456907,994.984699995257,118244.5828000782,25.28593429158111
1774982435,200,,Aggregated,13.400000,13.400000,3400,4100,4200,4200,7400,23000,51000,74000,116000,118000,118000,1962,699,3400.0,6293.7948023434565,994.984699995257,118244.5828000782,25.105504587155963
1774982436,200,,Aggregated,18.100000,18.100000,3600,4100,4200,4200,7200,23000,51000,74000,116000,118000,118000,1983,720,3600.0,6270.748040896521,994.984699995257,118244.5828000782,24.83963691376702
1774982437,200,,Aggregated,16.600000,16.600000,4100,4100,4200,4200,7400,26000,50000,74000,114000,118000,118000,2091,815,4100.0,6320.350546722636,994.984699995257,118244.5828000782,23.79913916786227
1774982439,200,,Aggregated,18.100000,18.100000,4100,4100,4200,4200,7400,30000,50000,74000,114000,118000,118000,2111,831,4100.0,6348.295318852227,994.984699995257,118244.5828000782,23.64756039791568
1774982440,200,,Aggregated,30.000000,28.600000,4100,4100,4200,4200,7400,30000,50000,74000,114000,118000,118000,2125,844,4100.0,6346.362862775042,994.984699995257,118244.5828000782,23.510117647058824
1774982441,200,,Aggregated,31.000000,29.300000,4100,4100,4200,4200,7400,29000,50000,74000,114000,118000,118000,2146,865,4100.0,6325.330672179256,994.984699995257,118244.5828000782,23.280055917986953
1774982442,200,,Aggregated,31.600000,29.800000,4100,4100,4200,4200,6200,26000,49000,72000,114000,118000,118000,2235,954,4100.0,6236.4775088128645,994.984699995257,118244.5828000782,22.35302013422819
1774982443,200,,Aggregated,32.700000,30.900000,4100,4100,4200,4200,6200,26000,49000,72000,114000,118000,118000,2258,977,4100.0,6215.149279759558,994.984699995257,118244.5828000782,22.12533215234721
1774982444,200,,Aggregated,38.900000,37.100000,4100,4100,4200,4200,6100,25000,49000,72000,114000,118000,118000,2265,984,4100.0,6208.681498630022,994.984699995257,118244.5828000782,22.056953642384105
1774982445,200,,Aggregated,36.100000,34.300000,4100,4100,4200,4200,5800,24000,49000,72000,114000,118000,118000,2285,1004,4100.0,6190.489613390326,994.984699995257,118244.5828000782,21.86389496717724
1774982446,200,,Aggregated,31.100000,29.300000,4100,4100,4200,4200,4700,23000,49000,70000,114000,118000,118000,2374,1093,4100.0,6112.016497471632,994.984699995257,118244.5828000782,21.044229149115417
1774982447,200,,Aggregated,32.800000,31.000000,4100,4100,4200,4200,4600,22000,49000,70000,114000,118000,118000,2403,1122,4100.0,6087.640000789521,994.984699995257,118244.5828000782,20.790262172284645
1774982448,200,,Aggregated,37.100000,35.300000,4100,4100,4200,4200,4600,22000,49000,70000,114000,118000,118000,2411,1130,4100.0,6080.96732986209,994.984699995257,118244.5828000782,20.721277478224803
1774982450,200,,Aggregated,30.300000,29.900000,4100,4100,4200,4200,4600,22000,49000,70000,114000,118000,118000,2433,1152,4100.0,6063.2117094112255,994.984699995257,118244.5828000782,20.533908754623923
1774982451,200,,Aggregated,30.500000,30.400000,4100,4100,4200,4200,4500,22000,49000,68000,114000,118000,118000,2517,1236,4100.0,5996.551143661887,994.984699995257,118244.5828000782,19.848629320619786
1774982452,200,,Aggregated,30.500000,30.400000,4100,4100,4200,4200,4500,21000,49000,68000,114000,118000,118000,2549,1268,4100.0,5972.3958990181,994.984699995257,118244.5828000782,19.599450765005884
1774982453,200,,Aggregated,38.500000,38.500000,4100,4100,4200,4200,4500,21000,49000,68000,114000,118000,118000,2558,1277,4100.0,5965.745603165411,994.984699995257,118244.5828000782,19.530492572322128
1774982454,200,,Aggregated,34.000000,34.000000,4100,4100,4200,4200,4600,26000,49000,57000,114000,118000,118000,2604,1304,4100.0,6159.551082948432,994.984699995257,118244.5828000782,19.47004608294931
1774982455,200,,Aggregated,29.400000,29.400000,4100,4100,4200,4200,5100,25000,49000,70000,114000,118000,118000,2706,1386,4100.0,6245.34442146991,994.984699995257,118244.5828000782,19.024390243902438
1774982456,200,,Aggregated,32.700000,30.900000,4100,4100,4200,4200,5000,24000,49000,70000,114000,118000,118000,2754,1414,4100.0,6229.484483259667,994.984699995257,118244.5828000782,18.9760348583878
1774982457,200,,Aggregated,40.200000,36.500000,4100,4100,4200,4200,4800,23000,49000,72000,114000,118000,118000,2785,1424,4100.0,6222.8651622609905,994.984699995257,118244.5828000782,19.058886894075403
1774982459,200,,Aggregated,35.700000,29.800000,4100,4100,4200,4200,4600,23000,49000,70000,114000,118000,118000,2814,1452,4100.0,6202.278535784248,994.984699995257,118244.5828000782,18.87633262260128
1774982460,200,,Aggregated,38.600000,30.500000,4100,4100,4200,4200,4600,23000,49000,74000,114000,118000,118000,2885,1501,4100.0,6197.18313635934,994.984699995257,118244.5828000782,18.709185441941074
1774982461,200,,Aggregated,37.400000,29.300000,4100,4100,4200,4200,4600,23000,49000,72000,114000,118000,118000,2901,1517,4100.0,6185.764208099471,994.984699995257,118244.5828000782,18.605997931747673
1774982462,200,,Aggregated,46.300000,36.000000,4100,4100,4200,4200,4500,23000,49000,72000,114000,118000,118000,2915,1530,4100.0,6175.734991250953,994.984699995257,118244.5828000782,18.53001715265866
1774982463,200,,Aggregated,38.500000,28.200000,4100,4100,4200,4200,4500,22000,49000,72000,114000,118000,118000,2933,1548,4100.0,6163.768859903311,994.984699995257,118244.5828000782,18.416297306512103
1774982464,200,,Aggregated,36.100000,25.800000,4100,4100,4200,4200,5000,22000,49000,74000,113000,118000,118000,3016,1608,4100.0,6175.665570124893,994.984699995257,118244.5828000782,18.20689655172414
1774982465,200,,Aggregated,36.500000,26.100000,4100,4100,4200,4200,4800,22000,49000,74000,113000,118000,118000,3030,1622,4100.0,6165.998829206826,994.984699995257,118244.5828000782,18.12277227722772
1774982466,200,,Aggregated,40.200000,29.300000,4100,4100,4200,4200,4800,22000,49000,74000,113000,118000,118000,3041,1633,4100.0,6158.430952185693,994.984699995257,118244.5828000782,18.05721802038803
1774982467,200,,Aggregated,34.900000,25.900000,4100,4100,4200,4200,4700,22000,49000,74000,113000,118000,118000,3064,1656,4100.0,6144.046318634727,994.984699995257,118244.5828000782,17.92167101827676
1774982469,200,,Aggregated,28.600000,21.800000,4100,4100,4200,4200,4600,20000,49000,72000,113000,118000,118000,3124,1716,4100.0,6104.586931304813,994.984699995257,118244.5828000782,17.577464788732396
1774982470,200,,Aggregated,27.400000,22.800000,4100,4100,4200,4200,4600,20000,49000,72000,113000,118000,118000,3135,1727,4100.0,6097.844338722805,994.984699995257,118244.5828000782,17.51578947368421
1774982471,200,,Aggregated,27.400000,22.800000,4100,4100,4200,4200,4500,20000,49000,72000,113000,118000,118000,3143,1735,4100.0,6092.700385203946,994.984699995257,118244.5828000782,17.47120585427935
1774982472,200,,Aggregated,24.600000,22.200000,4100,4100,4200,4200,4500,20000,49000,72000,113000,118000,118000,3176,1768,4100.0,6073.1161490542045,994.984699995257,118244.5828000782,17.289672544080606
1774982473,200,,Aggregated,24.300000,21.900000,4100,4100,4200,4200,4500,18000,49000,70000,113000,118000,118000,3229,1821,4100.0,6040.369236666606,994.984699995257,118244.5828000782,17.00588417466708
1774982474,200,,Aggregated,23.500000,21.100000,4100,4100,4200,4200,4500,18000,49000,70000,113000,118000,118000,3237,1829,4100.0,6035.565166171312,994.984699995257,118244.5828000782,16.96385542168675
1774982475,200,,Aggregated,28.800000,26.500000,4100,4100,4200,4200,4500,18000,49000,72000,113000,118000,118000,3249,1840,4100.0,6057.753251337741,994.984699995257,118244.5828000782,16.91320406278855
1774982476,200,,Aggregated,24.600000,24.600000,4100,4100,4200,4200,4500,18000,49000,72000,113000,118000,118000,3283,1874,4100.0,6038.792123635698,994.984699995257,118244.5828000782,16.738044471519952
1774982478,200,,Aggregated,21.400000,21.400000,4100,4100,4200,4200,4600,18000,48000,72000,113000,118000,118000,3357,1925,4100.0,6116.598975333792,994.984699995257,118244.5828000782,16.636282394995533
1774982479,200,,Aggregated,24.400000,24.300000,4100,4100,4200,4200,4600,18000,48000,72000,113000,118000,118000,3366,1933,4100.0,6115.132219606471,994.984699995257,118244.5828000782,16.60338680926916
1774982480,200,,Aggregated,29.300000,26.900000,4100,4100,4200,4200,4600,18000,48000,72000,113000,118000,118000,3376,1943,4100.0,6109.103317178696,994.984699995257,118244.5828000782,16.55420616113744
1774982481,200,,Aggregated,23.900000,21.500000,4100,4100,4200,4200,4500,18000,48000,70000,113000,118000,118000,3419,1986,4100.0,6085.814539162204,994.984699995257,118244.5828000782,16.346007604562736
1774982482,200,,Aggregated,24.500000,22.000000,4100,4100,4200,4200,4500,18000,48000,70000,113000,118000,118000,3460,2027,4100.0,6062.218307917779,994.984699995257,118244.5828000782,16.152312138728323
1774982483,200,,Aggregated,23.300000,20.800000,4100,4100,4200,4200,4500,18000,48000,70000,113000,118000,118000,3471,2038,4100.0,6056.26197559656,994.984699995257,118244.5828000782,16.10112359550562
1774982484,200,,Aggregated,30.300000,27.800000,4100,4100,4200,4200,4500,18000,48000,70000,113000,118000,118000,3479,2046,4100.0,6051.732806034978,994.984699995257,118244.5828000782,16.064098878988215
1774982486,200,,Aggregated,24.100000,21.600000,4100,4100,4200,4200,4500,18000,48000,70000,113000,118000,118000,3519,2086,4100.0,6031.0366619482775,994.984699995257,118244.5828000782,15.88150042625746
1774982487,200,,Aggregated,24.100000,21.600000,4100,4100,4200,4200,4400,18000,48000,70000,113000,118000,118000,3564,2131,4100.0,6006.6192023558,994.984699995257,118244.5828000782,15.68097643097643
1774982488,200,,Aggregated,25.500000,23.100000,4100,4100,4200,4200,4400,18000,48000,70000,113000,118000,118000,3573,2140,4100.0,6002.06844480718,994.984699995257,118244.5828000782,15.641477749790093
1774982489,200,,Aggregated,25.500000,23.100000,4100,4100,4200,4200,4400,18000,48000,70000,113000,118000,118000,3582,2149,4100.0,5997.2862819363245,994.984699995257,118244.5828000782,15.60217755443886
1774982490,200,,Aggregated,21.000000,20.900000,4100,4100,4200,4200,4400,18000,48000,68000,113000,118000,118000,3628,2195,4100.0,5975.646058598597,994.984699995257,118244.5828000782,15.404355016538037
1774982491,200,,Aggregated,22.200000,22.100000,4100,4100,4200,4200,4400,18000,48000,68000,113000,118000,118000,3669,2236,4100.0,5954.734708557011,994.984699995257,118244.5828000782,15.23221586263287
1774982492,200,,Aggregated,20.700000,20.700000,4100,4100,4200,4200,4400,18000,48000,68000,113000,118000,118000,3676,2243,4100.0,5951.396800760492,994.984699995257,118244.5828000782,15.203210010881392
1774982493,200,,Aggregated,28.300000,28.300000,4100,4100,4200,4200,4500,18000,48000,57000,113000,118000,118000,3708,2252,4100.0,6088.883956066745,994.984699995257,118244.5828000782,15.313915857605178
1774982495,200,,Aggregated,21.800000,21.800000,4100,4100,4200,4200,4500,18000,48000,68000,114000,118000,118000,3777,2319,4100.0,6089.640152659561,994.984699995257,118244.5828000782,15.054805401111993
1774982496,200,,Aggregated,23.400000,21.100000,4100,4100,4200,4200,4500,18000,48000,68000,114000,118000,118000,3798,2340,4100.0,6078.592756475767,994.984699995257,118244.5828000782,14.971563981042655
1774982497,200,,Aggregated,23.100000,20.600000,4100,4100,4200,4200,4500,18000,48000,57000,114000,118000,118000,3810,2352,4100.0,6072.97005104857,994.984699995257,118244.5828000782,14.924409448818897
1774982498,200,,Aggregated,23.100000,20.600000,4100,4100,4200,4200,4500,18000,48000,57000,114000,118000,118000,3813,2355,4100.0,6071.401997166248,994.984699995257,118244.5828000782,14.91266719118804
1774982499,200,,Aggregated,23.400000,20.900000,4100,4100,4200,4200,4500,18000,48000,57000,114000,118000,118000,3882,2424,4100.0,6039.185209606994,994.984699995257,118244.5828000782,14.647604327666151
1774982500,190,,Aggregated,24.600000,22.100000,4100,4100,4200,4200,4500,18000,48000,57000,114000,118000,118000,3899,2441,4100.0,6030.686465220475,994.984699995257,118244.5828000782,14.583739420364196
1774982501,180,,Aggregated,23.100000,20.600000,4100,4100,4200,4200,4500,18000,48000,57000,114000,118000,118000,3914,2456,4100.0,6023.936006232509,994.984699995257,118244.5828000782,14.527848748083802
1774982503,170,,Aggregated,23.100000,20.600000,4100,4100,4200,4200,4500,18000,48000,57000,114000,118000,118000,3914,2456,4100.0,6023.936006232509,994.984699995257,118244.5828000782,14.527848748083802
1774982504,160,,Aggregated,24.400000,21.900000,4100,4100,4200,4200,4400,18000,48000,57000,114000,123000,123000,3968,2509,4100.0,6029.993766480254,994.984699995257,122843.95230002701,14.339969758064516
1774982505,150,,Aggregated,23.200000,20.700000,4100,4100,4200,4200,4500,22000,46000,57000,114000,123000,123000,4001,2519,4100.0,6147.187879628597,994.984699995257,122843.95230002701,14.445888527868034
1774982506,140,,Aggregated,23.200000,20.700000,4100,4100,4200,4200,4500,22000,46000,57000,114000,123000,123000,4001,2519,4100.0,6147.187879628597,994.984699995257,122843.95230002701,14.445888527868034
1774982507,130,,Aggregated,20.700000,20.400000,4100,4100,4200,4200,4500,23000,48000,68000,116000,126000,126000,4004,2519,4100.0,6212.246808639836,994.984699995257,125960.9723999165,14.464285714285714
1774982508,120,,Aggregated,20.600000,18.200000,4100,4100,4200,4200,4500,23000,48000,68000,116000,126000,126000,4012,2527,4100.0,6208.084014405276,994.984699995257,125960.9723999165,14.43544366899302
1774982509,110,,Aggregated,20.600000,17.900000,4100,4100,4200,4200,4500,22000,48000,68000,116000,126000,126000,4021,2536,4100.0,6203.410190548158,994.984699995257,125960.9723999165,14.40313354886844
1774982511,100,,Aggregated,20.600000,17.900000,4100,4100,4200,4200,4500,22000,48000,68000,116000,126000,126000,4021,2536,4100.0,6203.410190548158,994.984699995257,125960.9723999165,14.40313354886844
1774982512,80,,Aggregated,20.600000,17.900000,4100,4100,4200,4200,4500,22000,48000,68000,116000,126000,126000,4021,2536,4100.0,6203.410190548158,994.984699995257,125960.9723999165,14.40313354886844
1774982513,80,,Aggregated,12.200000,9.500000,4100,4100,4200,4200,4500,22000,48000,68000,116000,126000,126000,4025,2540,4100.0,6201.580136992292,994.984699995257,125960.9723999165,14.388819875776397
1774982514,60,,Aggregated,12.200000,9.500000,4100,4100,4200,4200,4500,22000,48000,68000,116000,126000,126000,4025,2540,4100.0,6201.580136992292,994.984699995257,125960.9723999165,14.388819875776397
1774982515,60,,Aggregated,12.200000,9.500000,4100,4100,4200,4200,4500,22000,48000,68000,116000,126000,126000,4025,2540,4100.0,6201.580136992292,994.984699995257,125960.9723999165,14.388819875776397
1774982516,40,,Aggregated,12.200000,9.500000,4100,4100,4200,4200,4500,22000,48000,68000,116000,126000,126000,4025,2540,4100.0,6201.580136992292,994.984699995257,125960.9723999165,14.388819875776397
1774982518,40,,Aggregated,12.200000,9.500000,4100,4100,4200,4200,4500,22000,48000,68000,116000,126000,126000,4025,2540,4100.0,6201.580136992292,994.984699995257,125960.9723999165,14.388819875776397
1774982519,30,,Aggregated,12.200000,9.500000,4100,4100,4200,4200,4500,22000,48000,68000,116000,126000,126000,4025,2540,4100.0,6201.580136992292,994.984699995257,125960.9723999165,14.388819875776397
1774982520,30,,Aggregated,12.200000,9.500000,4100,4100,4200,4200,4500,22000,48000,68000,116000,126000,126000,4025,2540,4100.0,6201.580136992292,994.984699995257,125960.9723999165,14.388819875776397
1774982521,30,,Aggregated,0.500000,0.500000,4100,4100,4200,4200,4600,27000,48000,68000,116000,126000,126000,4043,2540,4100.0,6295.560827948026,994.984699995257,125960.9723999165,14.4983922829582
1774982522,30,,Aggregated,0.500000,0.500000,4100,4100,4200,4200,4600,27000,48000,68000,116000,126000,126000,4043,2540,4100.0,6295.560827948026,994.984699995257,125960.9723999165,14.4983922829582
1774982523,30,,Aggregated,0.500000,0.500000,4100,4100,4200,4200,4600,27000,48000,68000,116000,126000,126000,4043,2540,4100.0,6295.560827948026,994.984699995257,125960.9723999165,14.4983922829582
1774982524,30,,Aggregated,0.500000,0.500000,4100,4100,4200,4200,4600,27000,48000,68000,116000,126000,126000,4043,2540,4100.0,6295.560827948026,994.984699995257,125960.9723999165,14.4983922829582
1774982526,30,,Aggregated,0.500000,0.500000,4100,4100,4200,4200,4600,27000,48000,68000,116000,126000,126000,4043,2540,4100.0,6295.560827948026,994.984699995257,125960.9723999165,14.4983922829582
1774982527,30,,Aggregated,0.500000,0.500000,4100,4100,4200,4200,4600,27000,48000,68000,116000,126000,126000,4043,2540,4100.0,6295.560827948026,994.984699995257,125960.9723999165,14.4983922829582
1774982528,30,,Aggregated,0.500000,0.500000,4100,4100,4200,4200,4600,27000,48000,68000,116000,126000,126000,4043,2540,4100.0,6295.560827948026,994.984699995257,125960.9723999165,14.4983922829582
1774982529,30,,Aggregated,0.500000,0.500000,4100,4100,4200,4200,4600,27000,48000,68000,116000,126000,126000,4043,2540,4100.0,6295.560827948026,994.984699995257,125960.9723999165,14.4983922829582
1774982530,80,,Aggregated,1.800000,0.000000,4100,4100,4200,4200,5100,27000,48000,68000,116000,126000,126000,4054,2540,4100.0,6345.023774073495,994.984699995257,125960.9723999165,14.564874198322645
1774982531,130,,Aggregated,1.800000,0.000000,4100,4100,4200,4300,5800,27000,48000,68000,116000,126000,126000,4072,2540,4100.0,6367.058336909078,994.984699995257,125960.9723999165,14.672888015717092
1774982532,180,,Aggregated,1.800000,0.000000,4100,4100,4200,4300,5800,27000,48000,68000,116000,126000,126000,4084,2540,4100.0,6357.528902349147,994.984699995257,125960.9723999165,14.744368266405484
1774982534,200,,Aggregated,2.900000,0.000000,4100,4100,4200,4300,5800,27000,46000,57000,116000,126000,126000,4102,2540,4100.0,6339.67014424523,994.984699995257,125960.9723999165,14.850804485616772
1774982535,200,,Aggregated,4.100000,0.000000,4100,4100,4200,4200,5700,26000,43000,57000,116000,126000,126000,4164,2590,4100.0,6301.424276607465,994.984699995257,125960.9723999165,14.74207492795389
1774982536,200,,Aggregated,4.200000,0.000000,4100,4200,4200,4300,5100,26000,43000,57000,116000,126000,126000,4232,2640,4100.0,6261.275571737738,994.984699995257,125960.9723999165,14.671077504725899
1774982537,200,,Aggregated,10.900000,5.000000,4100,4200,4200,4300,5000,25000,42000,57000,116000,126000,126000,4251,2647,4100.0,6244.284714324761,994.984699995257,125960.9723999165,14.715596330275229
1774982538,200,,Aggregated,12.100000,5.000000,4100,4200,4200,4300,4700,25000,41000,57000,116000,126000,126000,4301,2667,4100.0,6203.951583211913,994.984699995257,125960.9723999165,14.81655428970007
1774982540,200,,Aggregated,20.100000,10.000000,4100,4100,4200,4300,4700,24000,41000,57000,116000,126000,126000,4367,2717,4100.0,6163.165837576146,994.984699995257,125960.9723999165,14.73551637279597
1774982541,200,,Aggregated,25.800000,12.700000,4100,4100,4200,4300,4700,24000,41000,57000,116000,126000,126000,4394,2730,4100.0,6144.134564541487,994.984699995257,125960.9723999165,14.76923076923077
1774982542,200,,Aggregated,32.400000,17.700000,4100,4100,4200,4300,4700,24000,41000,57000,116000,126000,126000,4397,2732,4100.0,6142.321572571139,994.984699995257,125960.9723999165,14.768023652490335
1774982543,200,,Aggregated,31.300000,17.700000,4100,4200,4200,4300,4700,24000,37000,57000,116000,126000,126000,4474,2780,4100.0,6096.543182810793,994.984699995257,125960.9723999165,14.766651765757711
1774982544,200,,Aggregated,32.400000,19.200000,4100,4200,4200,4300,4700,24000,37000,56000,116000,126000,126000,4513,2802,4100.0,6070.704334078277,994.984699995257,125960.9723999165,14.785951695103035
1774982545,200,,Aggregated,32.900000,19.200000,4100,4100,4200,4300,4600,23000,37000,56000,116000,126000,126000,4526,2802,4100.0,6057.439989791205,994.984699995257,125960.9723999165,14.855501546619532
1774982547,200,,Aggregated,41.100000,26.200000,4100,4100,4200,4300,4600,23000,37000,56000,116000,126000,126000,4543,2802,4100.0,6042.197124520175,994.984699995257,125960.9723999165,14.945850759410082
1774982548,200,,Aggregated,36.200000,21.200000,4100,4200,4200,4300,4600,23000,36000,56000,116000,126000,126000,4599,2845,4100.0,6014.810624830347,994.984699995257,125960.9723999165,14.874103065883888
1774982549,200,,Aggregated,36.200000,21.200000,4100,4200,4200,4300,4600,23000,36000,56000,116000,126000,126000,4600,2846,4100.0,6014.404018781454,994.984699995257,125960.9723999165,14.870869565217392
1774982550,200,,Aggregated,29.900000,16.200000,4100,4200,4200,4300,4600,23000,36000,55000,116000,126000,126000,4617,2846,4100.0,6000.704841411049,994.984699995257,125960.9723999165,14.959714100064977
1774982551,200,,Aggregated,27.500000,15.500000,4100,4100,4200,4300,4600,22000,36000,55000,116000,126000,126000,4630,2846,4100.0,5990.02388066841,994.984699995257,125960.9723999165,15.027213822894169
1774982553,200,,Aggregated,26.200000,12.900000,4100,4200,4200,4300,4600,22000,35000,55000,116000,126000,126000,4683,2882,4100.0,5965.305136962242,994.984699995257,125960.9723999165,14.998718770019218
1774982554,200,,Aggregated,26.200000,12.900000,4100,4200,4200,4300,4600,22000,35000,55000,116000,126000,126000,4696,2882,4100.0,5955.312646357305,994.984699995257,125960.9723999165,15.065161839863714
1774982555,200,,Aggregated,23.400000,11.400000,4100,4200,4200,4300,4600,22000,35000,55000,116000,126000,126000,4713,2882,4100.0,5942.066510777455,994.984699995257,125960.9723999165,15.151495862507957
1774982556,200,,Aggregated,23.400000,11.400000,4100,4200,4200,4300,4600,22000,35000,55000,116000,126000,126000,4726,2882,4100.0,5931.71969836947,994.984699995257,125960.9723999165,15.21709691070673
1774982557,200,,Aggregated,20.000000,8.000000,4100,4100,4200,4300,4600,21000,35000,55000,116000,126000,126000,4743,2882,4100.0,5918.0733505574335,994.984699995257,125960.9723999165,15.302340290955092
1774982558,200,,Aggregated,20.000000,8.000000,4100,4100,4200,4300,4600,21000,35000,55000,116000,126000,126000,4756,2882,4100.0,5907.958149977675,994.984699995257,125960.9723999165,15.367115222876366
1774982560,200,,Aggregated,20.000000,8.000000,4100,4100,4200,4300,4600,21000,35000,55000,116000,126000,126000,4773,2882,4100.0,5895.045191408698,994.984699995257,125960.9723999165,15.451288497800126
1774982561,200,,Aggregated,20.000000,8.000000,4100,4100,4200,4300,4600,21000,35000,55000,116000,126000,126000,4774,2882,4100.0,5899.671631167514,994.984699995257,125960.9723999165,15.456221198156681
1774982562,200,,Aggregated,13.900000,3.600000,4100,4100,4200,4300,4600,22000,35000,55000,116000,126000,126000,4794,2882,4100.0,5923.401047203487,994.984699995257,125960.9723999165,15.554443053817272
1774982563,200,,Aggregated,13.900000,3.600000,4100,4100,4200,4300,4600,23000,35000,52000,116000,126000,126000,4816,2882,4100.0,5935.241653528489,994.984699995257,125960.9723999165,15.66154485049834
1774982564,200,,Aggregated,14.400000,3.600000,4100,4100,4200,4300,4600,24000,35000,52000,116000,126000,126000,4819,2882,4100.0,5950.720689436228,994.984699995257,125960.9723999165,15.67607387424777
1774982565,200,,Aggregated,14.400000,3.600000,4100,4100,4200,4300,4600,24000,35000,52000,116000,126000,126000,4819,2882,4100.0,5950.720689436228,994.984699995257,125960.9723999165,15.67607387424777
1774982567,200,,Aggregated,14.400000,3.600000,4100,4100,4200,4300,4600,24000,35000,52000,116000,126000,126000,4819,2882,4100.0,5950.720689436228,994.984699995257,125960.9723999165,15.67607387424777
1774982568,200,,Aggregated,14.400000,3.600000,4100,4100,4200,4300,4600,24000,35000,52000,116000,126000,126000,4819,2882,4100.0,5950.720689436228,994.984699995257,125960.9723999165,15.67607387424777
1774982569,200,,Aggregated,14.400000,3.600000,4100,4100,4200,4300,4600,24000,35000,52000,116000,126000,126000,4819,2882,4100.0,5950.720689436228,994.984699995257,125960.9723999165,15.67607387424777
1774982570,200,,Aggregated,9.300000,0.000000,4100,4100,4200,4300,4600,24000,35000,52000,116000,126000,126000,4820,2882,4100.0,5957.158725040082,994.984699995257,125960.9723999165,15.680912863070539
1774982571,200,,Aggregated,6.300000,0.000000,4100,4200,4200,4300,4700,24000,37000,52000,116000,126000,126000,4843,2882,4100.0,6007.782719387469,994.984699995257,125960.9723999165,15.791658063183977
1774982572,200,,Aggregated,6.300000,0.000000,4100,4200,4200,4300,4700,24000,37000,52000,116000,126000,126000,4843,2882,4100.0,6007.782719387469,994.984699995257,125960.9723999165,15.791658063183977
1774982574,200,,Aggregated,4.600000,0.000000,4100,4200,4200,4300,4700,24000,37000,52000,116000,126000,126000,4846,2882,4100.0,6022.828180725043,994.984699995257,125960.9723999165,15.806025588113908
1774982575,200,,Aggregated,4.600000,0.000000,4100,4200,4200,4300,4700,24000,37000,52000,116000,126000,126000,4846,2882,4100.0,6022.828180725043,994.984699995257,125960.9723999165,15.806025588113908
1774982576,200,,Aggregated,4.600000,0.000000,4100,4200,4200,4300,4700,24000,37000,52000,116000,126000,126000,4846,2882,4100.0,6022.828180725043,994.984699995257,125960.9723999165,15.806025588113908
1774982577,200,,Aggregated,4.600000,0.000000,4100,4200,4200,4300,4700,24000,37000,52000,116000,126000,126000,4846,2882,4100.0,6022.828180725043,994.984699995257,125960.9723999165,15.806025588113908
1774982579,200,,Aggregated,4.600000,0.000000,4100,4200,4200,4300,4700,24000,37000,52000,116000,126000,126000,4846,2882,4100.0,6022.828180725043,994.984699995257,125960.9723999165,15.806025588113908
1774982580,200,,Aggregated,4.600000,0.000000,4100,4200,4200,4300,4700,24000,37000,52000,116000,126000,126000,4846,2882,4100.0,6022.828180725043,994.984699995257,125960.9723999165,15.806025588113908
1774982581,200,,Aggregated,4.600000,0.000000,4100,4200,4200,4300,4700,24000,37000,52000,116000,126000,126000,4846,2882,4100.0,6022.828180725043,994.984699995257,125960.9723999165,15.806025588113908
1774982582,200,,Aggregated,4.600000,0.000000,4100,4200,4200,4300,4700,24000,37000,52000,116000,126000,126000,4846,2882,4100.0,6022.828180725043,994.984699995257,125960.9723999165,15.806025588113908
1774982583,200,,Aggregated,4.600000,0.000000,4100,4200,4200,4300,4700,24000,37000,52000,116000,126000,126000,4846,2882,4100.0,6022.828180725043,994.984699995257,125960.9723999165,15.806025588113908
1774982584,200,,Aggregated,4.600000,0.000000,4100,4200,4200,4300,4700,24000,37000,52000,116000,126000,126000,4846,2882,4100.0,6022.828180725043,994.984699995257,125960.9723999165,15.806025588113908
1774982586,200,,Aggregated,4.600000,0.000000,4100,4200,4200,4300,4700,24000,37000,52000,116000,126000,126000,4846,2882,4100.0,6022.828180725043,994.984699995257,125960.9723999165,15.806025588113908
1774982587,200,,Aggregated,4.600000,0.000000,4100,4200,4200,4300,4700,24000,37000,52000,116000,126000,126000,4846,2882,4100.0,6022.828180725043,994.984699995257,125960.9723999165,15.806025588113908
1774982588,200,,Aggregated,4.600000,0.000000,4100,4200,4200,4300,4700,24000,37000,52000,116000,126000,126000,4846,2882,4100.0,6022.828180725043,994.984699995257,125960.9723999165,15.806025588113908
1774982589,200,,Aggregated,4.600000,0.000000,4100,4200,4200,4300,4700,24000,37000,52000,116000,126000,126000,4846,2882,4100.0,6022.828180725043,994.984699995257,125960.9723999165,15.806025588113908
1774982591,200,,Aggregated,0.000000,0.000000,4100,4200,4200,4300,4700,25000,37000,55000,116000,126000,126000,4848,2882,4100.0,6037.760499606769,994.984699995257,125960.9723999165,15.81559405940594
1774982592,200,,Aggregated,0.000000,0.000000,4100,4200,4200,4300,5800,27000,39000,57000,116000,126000,126000,4879,2882,4100.0,6213.041044167592,994.984699995257,125960.9723999165,15.962902234064357
1774982593,200,,Aggregated,0.200000,0.000000,4100,4200,4200,4300,5800,27000,40000,57000,116000,126000,126000,4882,2882,4100.0,6238.525186684502,994.984699995257,125960.9723999165,15.977058582548135
1774982594,234,,Aggregated,0.200000,0.000000,4100,4200,4200,4300,5800,27000,40000,57000,116000,126000,126000,4882,2882,4100.0,6238.525186684502,994.984699995257,125960.9723999165,15.977058582548135
1774982595,234,,Aggregated,0.200000,0.000000,4100,4200,4200,4300,5800,27000,40000,57000,116000,126000,126000,4882,2882,4100.0,6238.525186684502,994.984699995257,125960.9723999165,15.977058582548135
1774982596,50,,Aggregated,0.200000,0.000000,4100,4200,4200,4300,5800,27000,40000,57000,116000,126000,126000,4882,2882,4100.0,6238.525186684502,994.984699995257,125960.9723999165,15.977058582548135
1774982598,50,,Aggregated,0.200000,0.000000,4100,4200,4200,4300,5800,27000,40000,57000,116000,126000,126000,4882,2882,4100.0,6238.525186684502,994.984699995257,125960.9723999165,15.977058582548135
1774982599,112,,Aggregated,0.200000,0.000000,4100,4200,4200,4300,5800,27000,40000,57000,116000,126000,126000,4882,2882,4100.0,6238.525186684502,994.984699995257,125960.9723999165,15.977058582548135
1774982600,112,,Aggregated,0.200000,0.000000,4100,4200,4200,4300,5800,27000,40000,57000,116000,126000,126000,4882,2882,4100.0,6238.525186684502,994.984699995257,125960.9723999165,15.977058582548135
1774982601,90,,Aggregated,0.200000,0.000000,4100,4200,4200,4300,5800,27000,40000,57000,116000,126000,126000,4882,2882,4100.0,6238.525186684502,994.984699995257,125960.9723999165,15.977058582548135
1774982602,90,,Aggregated,0.200000,0.000000,4100,4200,4200,4300,5800,27000,40000,57000,116000,126000,126000,4882,2882,4100.0,6238.525186684502,994.984699995257,125960.9723999165,15.977058582548135
1774982604,87,,Aggregated,0.200000,0.000000,4100,4200,4200,4300,5800,27000,40000,57000,116000,126000,126000,4882,2882,4100.0,6238.525186684502,994.984699995257,125960.9723999165,15.977058582548135
1774982605,107,,Aggregated,0.200000,0.000000,4100,4200,4200,4300,5800,27000,40000,57000,116000,126000,126000,4882,2882,4100.0,6238.525186684502,994.984699995257,125960.9723999165,15.977058582548135
1774982606,84,,Aggregated,0.300000,0.000000,4100,4200,4200,4300,5800,27000,39000,57000,116000,126000,126000,4904,2904,4100.0,6229.037031931876,994.984699995257,125960.9723999165,15.905383360522023
1774982607,105,,Aggregated,0.000000,0.000000,4100,4200,4200,4300,5800,27000,39000,57000,116000,126000,126000,4910,2910,4100.0,6227.079189611741,994.984699995257,125960.9723999165,15.885947046843178
1774982608,178,,Aggregated,0.000000,0.000000,4100,4200,4200,4300,5800,27000,39000,57000,116000,126000,126000,4910,2910,4100.0,6227.079189611741,994.984699995257,125960.9723999165,15.885947046843178
1774982610,129,,Aggregated,2.800000,2.800000,4100,4200,4200,4300,5800,27000,39000,57000,116000,126000,126000,4929,2929,4100.0,6220.6405755110445,994.984699995257,125960.9723999165,15.824710894704808
1774982611,146,,Aggregated,2.800000,2.800000,4100,4200,4200,4300,5800,27000,39000,57000,116000,126000,126000,4936,2936,4100.0,6217.62317210167,994.984699995257,125960.9723999165,15.80226904376013
1774982612,102,,Aggregated,2.800000,2.800000,4100,4200,4200,4300,5700,27000,39000,57000,116000,126000,126000,4943,2943,4100.0,6215.346252922089,994.984699995257,125960.9723999165,15.779890754602468
1774982613,121,,Aggregated,2.800000,2.800000,4100,4200,4200,4300,5700,27000,39000,57000,116000,126000,126000,4961,2961,4100.0,6207.954188791361,994.984699995257,125960.9723999165,15.722636565208628
1774982614,221,,Aggregated,5.400000,5.400000,4100,4200,4200,4300,5700,27000,39000,57000,116000,126000,126000,4980,2980,4100.0,6200.662535279903,994.984699995257,125960.9723999165,15.662650602409638
1774982615,135,,Aggregated,5.400000,5.400000,4100,4200,4200,4300,5700,27000,39000,57000,116000,126000,126000,4987,2987,4100.0,6197.848591095677,994.984699995257,125960.9723999165,15.640665730900341
1774982617,234,,Aggregated,10.500000,10.500000,4100,4200,4200,4300,5600,27000,39000,57000,114000,126000,126000,5002,3002,4100.0,6192.4050189512545,994.984699995257,125960.9723999165,15.593762495001998
1774982618,150,,Aggregated,8.300000,8.300000,4100,4200,4200,4300,5100,27000,39000,57000,114000,126000,126000,5033,3033,4100.0,6179.969312714876,994.984699995257,125960.9723999165,15.497715080468906
1774982619,150,,Aggregated,8.300000,8.300000,4100,4200,4200,4300,4800,27000,39000,57000,114000,126000,126000,5061,3061,4100.0,6170.448165045235,994.984699995257,125960.9723999165,15.411973918197985
1774982620,78,,Aggregated,10.300000,10.300000,4100,4200,4200,4300,4800,27000,39000,57000,114000,126000,126000,5073,3073,4100.0,6165.758733036481,994.984699995257,125960.9723999165,15.37551744529864
1774982621,78,,Aggregated,12.300000,12.300000,4100,4200,4200,4300,4800,27000,39000,57000,114000,126000,126000,5081,3081,4100.0,6162.957554377901,994.984699995257,125960.9723999165,15.351308797480812
1774982623,220,,Aggregated,15.100000,15.100000,4100,4200,4200,4300,4800,27000,39000,57000,114000,126000,126000,5083,3083,4100.0,6162.135734328959,994.984699995257,125960.9723999165,15.345268542199488
1774982624,246,,Aggregated,14.500000,14.500000,4100,4200,4200,4300,4800,27000,39000,57000,114000,126000,126000,5085,3085,4100.0,6161.411916478668,994.984699995257,125960.9723999165,15.339233038348082
1774982625,192,,Aggregated,14.500000,14.500000,4100,4200,4200,4300,4800,27000,39000,57000,114000,126000,126000,5089,3089,4100.0,6159.7977599319975,994.984699995257,125960.9723999165,15.327176262527018
1774982626,192,,Aggregated,12.200000,12.200000,4100,4200,4200,4300,4800,27000,39000,57000,114000,126000,126000,5115,3115,4100.0,6152.80465671434,994.984699995257,125960.9723999165,15.249266862170089
1774982627,78,,Aggregated,10.200000,10.200000,4100,4200,4200,4300,4800,27000,39000,57000,114000,126000,126000,5139,3139,4100.0,6143.718197585893,994.984699995257,125960.9723999165,15.178050204319907
1774982629,78,,Aggregated,12.900000,12.900000,4100,4200,4200,4300,5100,27000,46000,57000,114000,126000,126000,5162,3149,4100.0,6267.034948584563,994.984699995257,125960.9723999165,15.208640061991476
1774982630,61,,Aggregated,12.900000,12.900000,4100,4200,4200,4300,5100,27000,46000,57000,114000,126000,126000,5163,3150,4100.0,6266.624408927669,994.984699995257,125960.9723999165,15.20569436374201
1774982631,61,,Aggregated,11.900000,10.600000,4100,4200,4200,4300,5000,27000,46000,57000,114000,126000,126000,5173,3160,4100.0,6262.9495069000195,994.984699995257,125960.9723999165,15.176300019331142
1774982632,61,,Aggregated,11.900000,10.600000,4100,4200,4200,4300,5000,27000,46000,57000,114000,126000,126000,5176,3163,4100.0,6261.747353070687,994.984699995257,125960.9723999165,15.167503863987635
1774982634,61,,Aggregated,9.500000,8.200000,4100,4200,4200,4300,5000,27000,46000,57000,114000,126000,126000,5184,3171,4100.0,6259.0568595667355,994.984699995257,125960.9723999165,15.144097222222221
1774982635,209,,Aggregated,9.500000,8.200000,4100,4200,4200,4300,5000,27000,46000,57000,114000,126000,126000,5184,3171,4100.0,6259.0568595667355,994.984699995257,125960.9723999165,15.144097222222221
1774982636,209,,Aggregated,9.300000,8.000000,4100,4200,4200,4300,4900,27000,46000,57000,114000,126000,126000,5193,3180,4100.0,6256.060564354691,994.984699995257,125960.9723999165,15.11785095320624
1774982637,173,,Aggregated,9.300000,8.000000,4100,4200,4200,4300,4900,27000,46000,57000,114000,126000,126000,5193,3180,4100.0,6256.060564354691,994.984699995257,125960.9723999165,15.11785095320624
1774982638,173,,Aggregated,9.500000,8.200000,4100,4200,4200,4300,4900,27000,43000,57000,114000,126000,126000,5227,3214,4100.0,6246.2437956368285,994.984699995257,125960.9723999165,15.019514061603214
1774982639,158,,Aggregated,7.700000,6.400000,4100,4200,4200,4300,4800,27000,43000,57000,114000,126000,126000,5255,3242,4100.0,6235.125451340363,994.984699995257,125960.9723999165,14.939486203615605
1774982641,158,,Aggregated,7.500000,7.500000,4100,4200,4200,4300,4800,27000,43000,57000,114000,126000,126000,5264,3251,4100.0,6232.103013486562,994.984699995257,125960.9723999165,14.91394376899696
1774982642,250,,Aggregated,7.500000,7.500000,4100,4200,4200,4300,4800,27000,43000,57000,114000,126000,126000,5291,3278,4100.0,6221.619962538869,994.984699995257,125960.9723999165,14.837837837837839
1774982643,250,,Aggregated,9.200000,9.200000,4100,4200,4200,4300,4800,27000,41000,57000,114000,126000,126000,5368,3355,4100.0,6197.755318515926,994.984699995257,125960.9723999165,14.625
1774982644,200,,Aggregated,11.500000,11.500000,4100,4200,4200,4300,4900,27000,49000,57000,114000,126000,126000,5393,3362,4100.0,6348.168576394161,994.984699995257,125960.9723999165,14.687372519933247
1774982646,200,,Aggregated,19.900000,19.900000,4100,4200,4300,4300,5600,27000,49000,56000,114000,126000,126000,5459,3415,4100.0,6354.921754129594,994.984699995257,125960.9723999165,14.602674482505954
1774982647,100,,Aggregated,19.900000,19.900000,4100,4200,4300,4300,5000,27000,49000,56000,114000,126000,126000,5498,3436,4100.0,6333.718029609585,994.984699995257,125960.9723999165,14.626773372135322
1774982648,100,,Aggregated,22.200000,19.100000,4100,4200,4300,4400,4900,27000,48000,56000,114000,126000,126000,5544,3469,4100.0,6313.37352864238,994.984699995257,125960.9723999165,14.596861471861471
1774982649,20,,Aggregated,30.500000,25.600000,4100,4200,4300,4400,4800,27000,48000,56000,114000,126000,126000,5555,3469,4100.0,6305.50702232105,994.984699995257,125960.9723999165,14.645184518451845
1774982650,20,,Aggregated,30.500000,25.600000,4100,4200,4300,4400,4800,27000,48000,56000,114000,126000,126000,5564,3469,4100.0,6299.093480803963,994.984699995257,125960.9723999165,14.684579439252337
1774982652,220,,Aggregated,30.100000,22.700000,4100,4200,4300,4400,4800,27000,48000,56000,114000,126000,126000,5576,3469,4100.0,6290.203632638659,994.984699995257,125960.9723999165,14.736908177905308
1774982653,250,,Aggregated,30.900000,22.700000,4100,4200,4300,4400,4800,27000,48000,56000,114000,126000,126000,5584,3469,4100.0,6284.211165596953,994.984699995257,125960.9723999165,14.771669054441261
1774982654,200,,Aggregated,27.500000,19.100000,4100,4200,4300,4300,4800,27000,48000,56000,114000,126000,126000,5596,3469,4100.0,6274.348834183917,994.984699995257,125960.9723999165,14.82362401715511
1774982655,200,,Aggregated,28.600000,19.100000,4100,4200,4300,4300,4800,27000,48000,56000,114000,126000,126000,5604,3469,4100.0,6267.445633064477,994.984699995257,125960.9723999165,14.85813704496788
1774982656,100,,Aggregated,20.900000,10.700000,4100,4200,4300,4300,4800,27000,48000,56000,114000,126000,126000,5687,3540,4100.0,6233.459428607922,994.984699995257,125960.9723999165,14.723580094953402
1774982658,100,,Aggregated,19.800000,10.700000,4100,4200,4300,4300,4800,27000,48000,56000,114000,126000,126000,5704,3548,4100.0,6224.197317705601,994.984699995257,125960.9723999165,14.741234221598878
1774982659,20,,Aggregated,18.900000,10.400000,4100,4200,4300,4300,4800,27000,48000,56000,114000,126000,126000,5723,3548,4100.0,6209.479465226744,994.984699995257,125960.9723999165,14.821771798008038
1774982660,20,,Aggregated,19.700000,10.400000,4100,4200,4300,4300,4800,27000,48000,56000,114000,126000,126000,5735,3548,4100.0,6200.731774314256,994.984699995257,125960.9723999165,14.87236268526591
1774982662,220,,Aggregated,17.100000,7.900000,4100,4200,4300,4300,4800,27000,48000,56000,114000,126000,126000,5743,3548,4100.0,6194.496353193819,994.984699995257,125960.9723999165,14.905972488246562
1774982663,250,,Aggregated,17.100000,7.900000,4100,4200,4300,4300,4800,27000,48000,56000,114000,126000,126000,5755,3548,4100.0,6185.098210389612,994.984699995257,125960.9723999165,14.956211989574284
1774982664,200,,Aggregated,17.700000,7.900000,4100,4200,4300,4300,4800,27000,48000,56000,114000,126000,126000,5772,3548,4100.0,6170.519126142106,663.4242999134585,125960.9723999165,15.027027027027026
1774982665,200,,Aggregated,17.500000,7.900000,4100,4200,4300,4300,4800,27000,48000,56000,114000,126000,126000,5792,3548,4100.0,6153.386610306047,663.4242999134585,125960.9723999165,15.109806629834255
1774982666,100,,Aggregated,17.900000,7.900000,4100,4200,4300,4300,4800,27000,48000,56000,114000,126000,126000,5879,3619,4100.0,6116.645034426391,310.08440000005066,125960.9723999165,14.992345637013097
1774982668,100,,Aggregated,18.700000,7.900000,4100,4200,4300,4300,4800,27000,48000,56000,114000,126000,126000,5898,3619,4100.0,6100.560575600679,310.08440000005066,125960.9723999165,15.06968463886063
1774982669,20,,Aggregated,18.800000,7.900000,4100,4200,4300,4300,4800,27000,48000,56000,114000,126000,126000,5907,3619,4100.0,6092.957113355858,310.08440000005066,125960.9723999165,15.106145251396647
1774982670,20,,Aggregated,20.300000,7.900000,4100,4200,4300,4300,4800,27000,48000,56000,114000,126000,126000,5927,3619,4100.0,6077.730534890007,310.08440000005066,125960.9723999165,15.186772397502953
1774982672,220,,Aggregated,19.200000,7.100000,4100,4200,4300,4300,4800,27000,48000,56000,114000,126000,126000,5938,3619,4100.0,6069.84005877283,310.08440000005066,125960.9723999165,15.230885820141461
1774982673,250,,Aggregated,19.200000,7.100000,4100,4200,4300,4300,4800,26000,48000,56000,114000,126000,126000,5947,3619,4100.0,6063.661709465794,310.08440000005066,125960.9723999165,15.266857238944006
1774982674,250,,Aggregated,19.200000,7.100000,4100,4200,4300,4300,4800,26000,48000,56000,114000,126000,126000,5958,3619,4100.0,6055.5854281626325,310.08440000005066,125960.9723999165,15.31067472306143
1774982675,250,,Aggregated,19.000000,7.100000,4100,4200,4300,4300,4800,26000,48000,56000,114000,126000,126000,5967,3619,4100.0,6048.711188468775,310.08440000005066,125960.9723999165,15.34640522875817
1774982676,200,,Aggregated,19.500000,7.100000,4100,4200,4300,4300,4800,25000,46000,56000,114000,126000,126000,6083,3724,4100.0,6012.548121813832,310.08440000005066,125960.9723999165,15.124280782508631
1774982678,150,,Aggregated,18.600000,7.100000,4100,4200,4300,4300,4800,25000,43000,56000,114000,126000,126000,6121,3742,4100.0,5994.986933849579,310.08440000005066,125960.9723999165,15.157817350106193
1774982679,100,,Aggregated,18.600000,7.100000,4100,4200,4300,4300,4800,25000,43000,56000,114000,126000,126000,6130,3742,4100.0,5987.443920635116,310.08440000005066,125960.9723999165,15.192822185970636
1774982680,50,,Aggregated,20.300000,11.400000,4100,4200,4300,4300,4800,25000,43000,56000,114000,126000,126000,6148,3742,4100.0,5975.889890938954,310.08440000005066,125960.9723999165,15.26252439817827
1774982681,220,,Aggregated,22.300000,12.300000,4100,4200,4300,4300,4800,25000,43000,56000,114000,126000,126000,6151,3742,4100.0,5973.815587691884,310.08440000005066,125960.9723999165,15.274101772069582
1774982682,250,,Aggregated,21.300000,12.300000,4100,4200,4300,4300,4800,24000,43000,56000,114000,126000,126000,6167,3742,4100.0,5963.253434634805,310.08440000005066,125960.9723999165,15.335657532025296
1774982683,250,,Aggregated,22.300000,12.300000,4100,4200,4300,4300,4800,24000,43000,56000,114000,126000,126000,6171,3742,4100.0,5960.617236573158,310.08440000005066,125960.9723999165,15.350996596985901
1774982685,250,,Aggregated,22.500000,12.300000,4100,4200,4300,4300,4800,24000,43000,56000,114000,126000,126000,6188,3742,4100.0,5948.989138815945,310.08440000005066,125960.9723999165,15.415966386554622
1774982686,200,,Aggregated,21.300000,12.300000,4100,4200,4300,4300,4800,24000,41000,56000,114000,126000,126000,6318,3863,4100.0,5910.769386181292,310.08440000005066,125960.9723999165,15.154320987654321
1774982687,150,,Aggregated,21.700000,12.300000,4100,4200,4300,4300,4800,23000,41000,56000,114000,126000,126000,6348,3879,4100.0,5898.585772604509,310.08440000005066,125960.9723999165,15.168714555765595
1774982688,50,,Aggregated,33.400000,24.400000,4100,4200,4300,4300,4800,23000,40000,56000,114000,126000,126000,6359,3879,4100.0,5890.605164741823,310.08440000005066,125960.9723999165,15.209938669602138
1774982690,50,,Aggregated,25.200000,14.600000,4100,4200,4300,4300,4800,23000,40000,56000,114000,126000,126000,6372,3880,4100.0,5882.448567371812,310.08440000005066,125960.9723999165,15.252354048964218
1774982691,32,,Aggregated,25.200000,14.600000,4100,4200,4300,4300,4800,23000,40000,56000,114000,126000,126000,6380,3882,4100.0,5877.892068854712,310.08440000005066,125960.9723999165,15.269905956112853
1774982692,32,,Aggregated,23.800000,13.700000,4100,4200,4300,4300,4800,23000,40000,56000,114000,126000,126000,6398,3882,4100.0,5866.545740464763,310.08440000005066,125960.9723999165,15.336667708658956
1774982693,38,,Aggregated,23.000000,14.000000,4100,4200,4300,4300,4800,23000,40000,56000,114000,126000,126000,6403,3882,4100.0,5862.896835373048,310.08440000005066,125960.9723999165,15.355146025300641
1774982695,38,,Aggregated,23.100000,14.000000,4100,4200,4300,4300,4800,23000,40000,56000,114000,126000,126000,6416,3882,4100.0,5854.521089010851,310.08440000005066,125960.9723999165,15.403054862842893
1774982696,44,,Aggregated,23.100000,14.000000,4100,4200,4300,4300,4800,23000,40000,56000,114000,126000,126000,6421,3882,4100.0,5851.2688624191715,310.08440000005066,125960.9723999165,15.421429683849867
1774982697,44,,Aggregated,23.300000,14.000000,4100,4200,4300,4300,4800,23000,40000,56000,114000,126000,126000,6439,3882,4100.0,5840.190642412441,310.08440000005066,125960.9723999165,15.487342755086193
1774982698,51,,Aggregated,10.900000,1.900000,4100,4200,4300,4300,4800,22000,40000,56000,114000,126000,126000,6445,3882,4100.0,5835.816391496305,310.08440000005066,125960.9723999165,15.509231962761831
1774982700,51,,Aggregated,8.600000,0.300000,4100,4200,4300,4300,4800,22000,39000,56000,114000,126000,126000,6457,3882,4100.0,5828.0765601663325,310.08440000005066,125960.9723999165,15.552888338237572
1774982701,57,,Aggregated,8.600000,0.300000,4100,4200,4300,4300,4800,22000,39000,56000,114000,126000,126000,6463,3882,4100.0,5824.194490405991,310.08440000005066,125960.9723999165,15.574655732631905
1774982702,57,,Aggregated,8.700000,0.300000,4100,4200,4300,4300,4800,22000,39000,56000,114000,126000,126000,6481,3882,4100.0,5812.713619779982,310.08440000005066,125960.9723999165,15.639716093195494
1774982703,63,,Aggregated,8.300000,0.000000,4100,4200,4300,4300,4800,22000,39000,56000,114000,126000,126000,6492,3882,4100.0,5805.492534888172,310.08440000005066,125960.9723999165,15.679297597042513
1774982705,63,,Aggregated,9.000000,0.000000,4100,4200,4300,4300,4800,22000,39000,56000,114000,126000,126000,6499,3882,4100.0,5800.847341374659,310.08440000005066,125960.9723999165,15.704416064009848
1774982706,69,,Aggregated,8.300000,0.000000,4100,4200,4300,4300,4800,22000,39000,56000,114000,126000,126000,6510,3882,4100.0,5793.8961397225685,310.08440000005066,125960.9723999165,15.743778801843318
1774982707,69,,Aggregated,8.500000,0.000000,4100,4200,4300,4300,4800,22000,39000,56000,114000,126000,126000,6528,3882,4100.0,5782.489441604443,310.08440000005066,125960.9723999165,15.807904411764707
1774982708,75,,Aggregated,8.900000,0.000000,4100,4200,4300,4300,4800,22000,39000,56000,114000,126000,126000,6535,3882,4100.0,5777.965019907235,310.08440000005066,125960.9723999165,15.8327467482785
1774982710,75,,Aggregated,9.600000,0.000000,4100,4200,4300,4300,4800,22000,39000,56000,114000,126000,126000,6546,3882,4100.0,5770.8234591496985,310.08440000005066,125960.9723999165,15.871677360219982
1774982711,82,,Aggregated,8.900000,0.000000,4100,4200,4300,4300,4800,22000,39000,56000,114000,126000,126000,6553,3882,4100.0,5766.39805144116,310.08440000005066,125960.9723999165,15.896383335876697
1774982712,82,,Aggregated,9.000000,0.000000,4100,4200,4300,4300,4800,22000,39000,56000,114000,126000,126000,6572,3882,4100.0,5758.01424659074,310.08440000005066,125960.9723999165,15.963177115033476
1774982713,88,,Aggregated,9.000000,0.000000,4100,4200,4300,4300,4800,22000,39000,56000,114000,126000,126000,6585,3882,4100.0,5753.825559816911,310.08440000005066,125960.9723999165,16.00865603644647
1774982715,88,,Aggregated,9.100000,0.000000,4100,4200,4300,4300,4800,22000,39000,56000,114000,126000,126000,6596,3882,4100.0,5759.998963431495,310.08440000005066,125960.9723999165,16.046998180715587
1774982716,94,,Aggregated,9.100000,0.000000,4100,4200,4300,4300,4800,23000,39000,56000,114000,126000,126000,6618,3882,4100.0,5776.931342232394,310.08440000005066,125960.9723999165,16.123300090661832
1774982717,94,,Aggregated,9.700000,0.000000,4100,4200,4300,4300,4800,23000,39000,56000,114000,126000,126000,6638,3882,4100.0,5793.523663451912,310.08440000005066,125960.9723999165,16.19222657426936
1774982718,100,,Aggregated,10.800000,0.000000,4100,4200,4300,4300,4800,23000,39000,56000,114000,126000,126000,6652,3882,4100.0,5798.318940453076,310.08440000005066,125960.9723999165,16.240228502705953
1774982720,104,,Aggregated,11.000000,0.000000,4100,4200,4300,4300,4800,23000,39000,56000,114000,126000,126000,6672,3882,4100.0,5802.442832358217,310.08440000005066,125960.9723999165,16.30845323741007
1774982721,107,,Aggregated,11.000000,0.000000,4100,4200,4300,4300,4800,23000,39000,56000,114000,126000,126000,6672,3882,4100.0,5802.442832358217,310.08440000005066,125960.9723999165,16.30845323741007
1774982722,107,,Aggregated,11.000000,0.000000,4100,4200,4300,4300,4800,23000,39000,56000,114000,126000,126000,6672,3882,4100.0,5802.442832358217,310.08440000005066,125960.9723999165,16.30845323741007
1774982723,113,,Aggregated,11.000000,0.000000,4100,4200,4300,4300,4800,23000,39000,56000,114000,126000,126000,6672,3882,4100.0,5802.442832358217,310.08440000005066,125960.9723999165,16.30845323741007
1774982725,113,,Aggregated,11.000000,0.000000,4100,4200,4300,4300,4800,23000,39000,56000,114000,126000,126000,6672,3882,4100.0,5802.442832358217,310.08440000005066,125960.9723999165,16.30845323741007
1774982726,119,,Aggregated,11.000000,0.000000,4100,4200,4300,4300,4800,23000,39000,56000,114000,126000,126000,6672,3882,4100.0,5802.442832358217,310.08440000005066,125960.9723999165,16.30845323741007
1774982727,119,,Aggregated,11.000000,0.000000,4100,4200,4300,4300,4800,23000,39000,56000,114000,126000,126000,6672,3882,4100.0,5802.442832358217,310.08440000005066,125960.9723999165,16.30845323741007
1774982728,126,,Aggregated,11.000000,0.000000,4100,4200,4300,4300,4800,23000,39000,56000,114000,126000,126000,6672,3882,4100.0,5802.442832358217,310.08440000005066,125960.9723999165,16.30845323741007
1774982730,126,,Aggregated,11.000000,0.000000,4100,4200,4300,4300,4800,23000,39000,56000,114000,126000,126000,6672,3882,4100.0,5802.442832358217,310.08440000005066,125960.9723999165,16.30845323741007
1774982731,132,,Aggregated,11.000000,0.000000,4100,4200,4300,4300,4800,23000,39000,56000,114000,126000,126000,6672,3882,4100.0,5802.442832358217,310.08440000005066,125960.9723999165,16.30845323741007
1774982732,132,,Aggregated,11.000000,0.000000,4100,4200,4300,4300,4800,23000,39000,56000,114000,126000,126000,6672,3882,4100.0,5802.442832358217,310.08440000005066,125960.9723999165,16.30845323741007
1774982733,138,,Aggregated,0.000000,0.000000,4100,4200,4300,4300,4800,23000,39000,56000,114000,126000,126000,6673,3882,4100.0,5806.564535455421,310.08440000005066,125960.9723999165,16.311853738948
1774982735,142,,Aggregated,0.000000,0.000000,4100,4200,4300,4300,4800,23000,39000,56000,114000,126000,126000,6673,3882,4100.0,5806.564535455421,310.08440000005066,125960.9723999165,16.311853738948
1774982736,144,,Aggregated,0.000000,0.000000,4100,4200,4300,4300,4800,24000,39000,56000,114000,126000,126000,6697,3882,4100.0,5865.028482737624,310.08440000005066,125960.9723999165,16.393161116918023
1774982737,144,,Aggregated,0.100000,0.000000,4100,4200,4300,4300,4800,24000,37000,55000,114000,126000,126000,6703,3882,4100.0,5881.050778620564,310.08440000005066,125960.9723999165,16.41339698642399
1774982738,151,,Aggregated,0.100000,0.000000,4100,4200,4300,4300,4800,24000,37000,55000,114000,126000,126000,6703,3882,4100.0,5881.050778620564,310.08440000005066,125960.9723999165,16.41339698642399
1774982740,151,,Aggregated,0.100000,0.000000,4100,4200,4300,4300,4800,24000,37000,55000,114000,126000,126000,6703,3882,4100.0,5881.050778620564,310.08440000005066,125960.9723999165,16.41339698642399
1774982741,157,,Aggregated,0.100000,0.000000,4100,4200,4300,4300,4800,24000,37000,55000,114000,126000,126000,6703,3882,4100.0,5881.050778620564,310.08440000005066,125960.9723999165,16.41339698642399
1774982742,157,,Aggregated,0.100000,0.000000,4100,4200,4300,4300,4800,24000,37000,55000,114000,126000,126000,6703,3882,4100.0,5881.050778620564,310.08440000005066,125960.9723999165,16.41339698642399
1774982743,163,,Aggregated,0.100000,0.000000,4100,4200,4300,4300,4800,24000,37000,55000,114000,126000,126000,6703,3882,4100.0,5881.050778620564,310.08440000005066,125960.9723999165,16.41339698642399
1774982745,167,,Aggregated,0.100000,0.000000,4100,4200,4300,4300,4800,24000,37000,55000,114000,126000,126000,6703,3882,4100.0,5881.050778620564,310.08440000005066,125960.9723999165,16.41339698642399
1774982746,170,,Aggregated,0.100000,0.000000,4100,4200,4300,4300,4800,24000,37000,55000,114000,126000,126000,6703,3882,4100.0,5881.050778620564,310.08440000005066,125960.9723999165,16.41339698642399
1774982747,170,,Aggregated,0.100000,0.000000,4100,4200,4300,4300,4800,24000,37000,55000,114000,126000,126000,6703,3882,4100.0,5881.050778620564,310.08440000005066,125960.9723999165,16.41339698642399
1774982748,176,,Aggregated,0.100000,0.000000,4100,4200,4300,4300,4800,24000,37000,55000,114000,126000,126000,6703,3882,4100.0,5881.050778620564,310.08440000005066,125960.9723999165,16.41339698642399
1774982750,179,,Aggregated,0.100000,0.000000,4100,4200,4300,4300,4800,24000,37000,55000,114000,126000,126000,6703,3882,4100.0,5881.050778620564,310.08440000005066,125960.9723999165,16.41339698642399
1774982751,200,,Aggregated,0.100000,0.000000,4100,4200,4300,4300,4800,24000,37000,55000,114000,126000,126000,6703,3882,4100.0,5881.050778620564,310.08440000005066,125960.9723999165,16.41339698642399
1774982752,200,,Aggregated,0.100000,0.000000,4100,4200,4300,4300,4800,24000,37000,55000,114000,126000,126000,6703,3882,4100.0,5881.050778620564,310.08440000005066,125960.9723999165,16.41339698642399
1774982753,200,,Aggregated,0.100000,0.000000,4100,4200,4300,4300,4800,24000,37000,55000,114000,126000,126000,6703,3882,4100.0,5881.050778620564,310.08440000005066,125960.9723999165,16.41339698642399
1774982755,200,,Aggregated,0.100000,0.000000,4100,4200,4300,4300,4800,24000,37000,55000,114000,126000,126000,6703,3882,4100.0,5881.050778620564,310.08440000005066,125960.9723999165,16.41339698642399
1774982756,200,,Aggregated,0.000000,0.000000,4100,4200,4300,4300,4800,24000,39000,55000,114000,126000,126000,6705,3882,4100.0,5892.663615181745,310.08440000005066,125960.9723999165,16.42013422818792
1774982757,200,,Aggregated,0.000000,0.000000,4100,4200,4300,4300,4800,27000,40000,55000,114000,126000,126000,6738,3882,4100.0,6063.302126906094,310.08440000005066,125960.9723999165,16.530721282279607
1774982758,200,,Aggregated,0.200000,0.000000,4100,4200,4300,4300,4800,27000,41000,55000,114000,126000,126000,6741,3882,4100.0,6079.994977524609,310.08440000005066,125960.9723999165,16.54072096128171
1774982760,200,,Aggregated,0.200000,0.000000,4100,4200,4300,4300,4800,27000,41000,55000,114000,126000,126000,6741,3882,4100.0,6079.994977524609,310.08440000005066,125960.9723999165,16.54072096128171
1774982761,200,,Aggregated,0.200000,0.000000,4100,4200,4300,4300,4800,27000,41000,55000,114000,126000,126000,6741,3882,4100.0,6079.994977524609,310.08440000005066,125960.9723999165,16.54072096128171
1774982762,200,,Aggregated,0.200000,0.000000,4100,4200,4300,4300,4800,27000,41000,55000,114000,126000,126000,6741,3882,4100.0,6079.994977524609,310.08440000005066,125960.9723999165,16.54072096128171
1774982763,200,,Aggregated,0.200000,0.000000,4100,4200,4300,4300,4800,27000,41000,55000,114000,126000,126000,6741,3882,4100.0,6079.994977524609,310.08440000005066,125960.9723999165,16.54072096128171
1774982765,200,,Aggregated,0.200000,0.000000,4100,4200,4300,4300,4800,27000,41000,55000,114000,126000,126000,6741,3882,4100.0,6079.994977524609,310.08440000005066,125960.9723999165,16.54072096128171
1774982766,200,,Aggregated,0.200000,0.000000,4100,4200,4300,4300,4800,27000,41000,55000,114000,126000,126000,6741,3882,4100.0,6079.994977524609,310.08440000005066,125960.9723999165,16.54072096128171
1774982767,200,,Aggregated,0.200000,0.000000,4100,4200,4300,4300,4800,27000,41000,55000,114000,126000,126000,6741,3882,4100.0,6079.994977524609,310.08440000005066,125960.9723999165,16.54072096128171
1774982768,200,,Aggregated,0.200000,0.000000,4100,4200,4300,4300,4800,27000,41000,55000,114000,126000,126000,6741,3882,4100.0,6079.994977524609,310.08440000005066,125960.9723999165,16.54072096128171
1774982770,200,,Aggregated,0.200000,0.000000,4100,4200,4300,4300,4800,27000,41000,55000,114000,126000,126000,6741,3882,4100.0,6079.994977524609,310.08440000005066,125960.9723999165,16.54072096128171
1774982771,200,,Aggregated,0.200000,0.000000,4100,4200,4300,4300,4800,27000,41000,55000,114000,126000,126000,6741,3882,4100.0,6079.994977524609,310.08440000005066,125960.9723999165,16.54072096128171
1774982772,200,,Aggregated,0.200000,0.000000,4100,4200,4300,4300,4800,27000,41000,55000,114000,126000,126000,6741,3882,4100.0,6079.994977524609,310.08440000005066,125960.9723999165,16.54072096128171
1774982773,200,,Aggregated,0.200000,0.000000,4100,4200,4300,4300,4800,27000,41000,55000,114000,126000,126000,6741,3882,4100.0,6079.994977524609,310.08440000005066,125960.9723999165,16.54072096128171
1774982775,200,,Aggregated,0.200000,0.000000,4100,4200,4300,4300,4800,27000,41000,55000,114000,126000,126000,6741,3882,4100.0,6079.994977524609,310.08440000005066,125960.9723999165,16.54072096128171
1774982776,200,,Aggregated,0.200000,0.000000,4100,4200,4300,4300,4800,27000,41000,55000,114000,126000,126000,6741,3882,4100.0,6079.994977524609,310.08440000005066,125960.9723999165,16.54072096128171
1774982777,200,,Aggregated,0.200000,0.000000,4100,4200,4300,4300,4800,27000,41000,55000,114000,126000,126000,6741,3882,4100.0,6079.994977524609,310.08440000005066,125960.9723999165,16.54072096128171
1774982778,200,,Aggregated,0.200000,0.000000,4100,4200,4300,4300,4800,27000,41000,55000,114000,126000,126000,6741,3882,4100.0,6079.994977524609,310.08440000005066,125960.9723999165,16.54072096128171
1774982780,200,,Aggregated,0.200000,0.000000,4100,4200,4300,4300,4800,27000,41000,55000,114000,126000,126000,6741,3882,4100.0,6079.994977524609,310.08440000005066,125960.9723999165,16.54072096128171
1774982781,200,,Aggregated,0.200000,0.000000,4100,4200,4300,4300,4800,27000,41000,55000,114000,126000,126000,6741,3882,4100.0,6079.994977524609,310.08440000005066,125960.9723999165,16.54072096128171
1774982782,200,,Aggregated,0.200000,0.000000,4100,4200,4300,4300,4800,27000,41000,55000,114000,126000,126000,6741,3882,4100.0,6079.994977524609,310.08440000005066,125960.9723999165,16.54072096128171
1774982783,200,,Aggregated,0.200000,0.000000,4100,4200,4300,4300,4800,27000,41000,55000,114000,126000,126000,6741,3882,4100.0,6079.994977524609,310.08440000005066,125960.9723999165,16.54072096128171
1774982785,200,,Aggregated,0.200000,0.000000,4100,4200,4300,4300,4800,27000,41000,55000,114000,126000,126000,6741,3882,4100.0,6079.994977524609,310.08440000005066,125960.9723999165,16.54072096128171
1774982786,200,,Aggregated,0.200000,0.000000,4100,4200,4300,4300,4800,27000,41000,55000,114000,126000,126000,6741,3882,4100.0,6079.994977524609,310.08440000005066,125960.9723999165,16.54072096128171
1774982787,200,,Aggregated,0.200000,0.000000,4100,4200,4300,4300,4800,27000,41000,55000,114000,126000,126000,6741,3882,4100.0,6079.994977524609,310.08440000005066,125960.9723999165,16.54072096128171
1774982788,200,,Aggregated,0.200000,0.000000,4100,4200,4300,4300,4800,27000,41000,55000,114000,126000,126000,6741,3882,4100.0,6079.994977524609,310.08440000005066,125960.9723999165,16.54072096128171
1774982790,200,,Aggregated,0.200000,0.000000,4100,4200,4300,4300,4800,27000,41000,55000,114000,126000,126000,6741,3882,4100.0,6079.994977524609,310.08440000005066,125960.9723999165,16.54072096128171
1774982791,200,,Aggregated,0.200000,0.000000,4100,4200,4300,4300,4800,27000,41000,55000,114000,126000,126000,6741,3882,4100.0,6079.994977524609,310.08440000005066,125960.9723999165,16.54072096128171
1774982792,200,,Aggregated,0.200000,0.000000,4100,4200,4300,4300,4800,27000,41000,55000,114000,126000,126000,6741,3882,4100.0,6079.994977524609,310.08440000005066,125960.9723999165,16.54072096128171
1774982793,200,,Aggregated,0.200000,0.000000,4100,4200,4300,4300,4800,27000,41000,55000,114000,126000,126000,6741,3882,4100.0,6079.994977524609,310.08440000005066,125960.9723999165,16.54072096128171
1774982795,200,,Aggregated,0.200000,0.000000,4100,4200,4300,4300,4800,27000,41000,55000,114000,126000,126000,6741,3882,4100.0,6079.994977524609,310.08440000005066,125960.9723999165,16.54072096128171
1774982796,200,,Aggregated,0.200000,0.000000,4100,4200,4300,4300,4800,27000,41000,55000,114000,126000,126000,6741,3882,4100.0,6079.994977524609,310.08440000005066,125960.9723999165,16.54072096128171
1774982797,200,,Aggregated,0.000000,0.000000,4100,4200,4300,4300,4800,27000,41000,56000,114000,126000,126000,6742,3882,4100.0,6092.5249970028835,310.08440000005066,125960.9723999165,16.5440522100267
1774982798,200,,Aggregated,0.000000,0.000000,4100,4200,4300,4300,4900,27000,42000,56000,114000,126000,126000,6743,3882,4100.0,6100.920630697543,310.08440000005066,125960.9723999165,16.547382470710367
1774982800,200,,Aggregated,0.000000,0.000000,4100,4200,4300,4300,4900,27000,42000,56000,114000,126000,126000,6743,3882,4100.0,6100.920630697543,310.08440000005066,125960.9723999165,16.547382470710367
1774982801,200,,Aggregated,0.000000,0.000000,4100,4200,4300,4300,4900,27000,42000,56000,114000,126000,126000,6743,3882,4100.0,6100.920630697543,310.08440000005066,125960.9723999165,16.547382470710367
1774982802,200,,Aggregated,0.000000,0.000000,4100,4200,4300,4300,4900,27000,42000,56000,114000,126000,126000,6743,3882,4100.0,6100.920630697543,310.08440000005066,125960.9723999165,16.547382470710367
1774982803,190,,Aggregated,0.000000,0.000000,4100,4200,4300,4300,4900,27000,42000,56000,114000,126000,126000,6743,3882,4100.0,6100.920630697543,310.08440000005066,125960.9723999165,16.547382470710367
1774982805,190,,Aggregated,0.000000,0.000000,4100,4200,4300,4300,4900,27000,42000,56000,114000,126000,126000,6743,3882,4100.0,6100.920630697543,310.08440000005066,125960.9723999165,16.547382470710367
1774982806,170,,Aggregated,0.000000,0.000000,4100,4200,4300,4300,4900,27000,42000,56000,114000,126000,126000,6743,3882,4100.0,6100.920630697543,310.08440000005066,125960.9723999165,16.547382470710367
1774982807,170,,Aggregated,0.200000,0.000000,4100,4200,4300,4300,5600,27000,50000,70000,114000,126000,126000,6772,3882,4100.0,6398.077450279603,310.08440000005066,125960.9723999165,16.643532191376256
1774982808,150,,Aggregated,0.200000,0.000000,4100,4200,4300,4300,5600,27000,50000,70000,114000,126000,126000,6772,3882,4100.0,6398.077450279603,310.08440000005066,125960.9723999165,16.643532191376256
1774982810,150,,Aggregated,0.100000,0.000000,4100,4200,4300,4300,5700,28000,51000,70000,114000,126000,126000,6776,3882,4100.0,6439.712776297757,310.08440000005066,125960.9723999165,16.65672963400236
1774982811,130,,Aggregated,0.100000,0.000000,4100,4200,4300,4300,5700,28000,51000,70000,114000,126000,126000,6776,3882,4100.0,6439.712776297757,310.08440000005066,125960.9723999165,16.65672963400236
1774982812,130,,Aggregated,0.100000,0.000000,4100,4200,4300,4300,5700,28000,51000,70000,114000,126000,126000,6776,3882,4100.0,6439.712776297757,310.08440000005066,125960.9723999165,16.65672963400236
1774982813,110,,Aggregated,0.100000,0.000000,4100,4200,4300,4300,5700,28000,51000,70000,114000,126000,126000,6776,3882,4100.0,6439.712776297757,310.08440000005066,125960.9723999165,16.65672963400236
1774982815,110,,Aggregated,0.100000,0.000000,4100,4200,4300,4300,5700,28000,51000,70000,114000,126000,126000,6776,3882,4100.0,6439.712776297757,310.08440000005066,125960.9723999165,16.65672963400236
1774982816,90,,Aggregated,0.100000,0.000000,4100,4200,4300,4300,5700,28000,51000,70000,114000,126000,126000,6776,3882,4100.0,6439.712776297757,310.08440000005066,125960.9723999165,16.65672963400236
1774982817,90,,Aggregated,0.100000,0.000000,4100,4200,4300,4300,5700,28000,51000,70000,114000,126000,126000,6776,3882,4100.0,6439.712776297757,310.08440000005066,125960.9723999165,16.65672963400236
1774982819,70,,Aggregated,0.100000,0.000000,4100,4200,4300,4300,5700,28000,51000,70000,114000,126000,126000,6776,3882,4100.0,6439.712776297757,310.08440000005066,125960.9723999165,16.65672963400236
1774982820,70,,Aggregated,0.100000,0.000000,4100,4200,4300,4300,5700,28000,51000,70000,114000,126000,126000,6776,3882,4100.0,6439.712776297757,310.08440000005066,125960.9723999165,16.65672963400236
1774982821,50,,Aggregated,0.100000,0.000000,4100,4200,4300,4300,5700,28000,51000,70000,114000,126000,126000,6776,3882,4100.0,6439.712776297757,310.08440000005066,125960.9723999165,16.65672963400236
1774982822,50,,Aggregated,0.100000,0.000000,4100,4200,4300,4300,5700,28000,51000,70000,114000,126000,126000,6776,3882,4100.0,6439.712776297757,310.08440000005066,125960.9723999165,16.65672963400236
1774982824,30,,Aggregated,0.100000,0.000000,4100,4200,4300,4300,5700,28000,51000,70000,114000,126000,126000,6776,3882,4100.0,6439.712776297757,310.08440000005066,125960.9723999165,16.65672963400236
1774982825,30,,Aggregated,0.100000,0.000000,4100,4200,4300,4300,5700,28000,51000,70000,114000,126000,126000,6776,3882,4100.0,6439.712776297757,310.08440000005066,125960.9723999165,16.65672963400236
1774982826,30,,Aggregated,0.100000,0.000000,4100,4200,4300,4300,5700,28000,51000,70000,114000,126000,126000,6776,3882,4100.0,6439.712776297757,310.08440000005066,125960.9723999165,16.65672963400236
1774982827,30,,Aggregated,0.100000,0.000000,4100,4200,4300,4300,5700,28000,51000,70000,114000,126000,126000,6776,3882,4100.0,6439.712776297757,310.08440000005066,125960.9723999165,16.65672963400236
1774982829,30,,Aggregated,0.100000,0.000000,4100,4200,4300,4300,5700,28000,51000,70000,114000,126000,126000,6776,3882,4100.0,6439.712776297757,310.08440000005066,125960.9723999165,16.65672963400236
1774982830,30,,Aggregated,0.100000,0.000000,4100,4200,4300,4300,5700,28000,51000,70000,114000,126000,126000,6776,3882,4100.0,6439.712776297757,310.08440000005066,125960.9723999165,16.65672963400236
1774982831,30,,Aggregated,0.100000,0.000000,4100,4200,4300,4300,5700,28000,51000,70000,114000,126000,126000,6776,3882,4100.0,6439.712776297757,310.08440000005066,125960.9723999165,16.65672963400236
1774982833,30,,Aggregated,0.100000,0.000000,4100,4200,4300,4300,5700,28000,51000,70000,114000,126000,126000,6776,3882,4100.0,6439.712776297757,310.08440000005066,125960.9723999165,16.65672963400236
1774982834,30,,Aggregated,0.100000,0.000000,4100,4200,4300,4300,5700,28000,51000,70000,114000,126000,126000,6776,3882,4100.0,6439.712776297757,310.08440000005066,125960.9723999165,16.65672963400236
1774982835,30,,Aggregated,0.100000,0.000000,4100,4200,4300,4300,5700,28000,51000,70000,114000,126000,126000,6776,3882,4100.0,6439.712776297757,310.08440000005066,125960.9723999165,16.65672963400236
1774982836,30,,Aggregated,0.100000,0.000000,4100,4200,4300,4300,5700,28000,51000,70000,114000,126000,126000,6776,3882,4100.0,6439.712776297757,310.08440000005066,125960.9723999165,16.65672963400236
1774982837,30,,Aggregated,0.100000,0.000000,4100,4200,4300,4300,5700,28000,51000,70000,114000,126000,126000,6776,3882,4100.0,6439.712776297757,310.08440000005066,125960.9723999165,16.65672963400236
1774982839,30,,Aggregated,0.100000,0.000000,4100,4200,4300,4300,5700,28000,51000,70000,114000,126000,126000,6776,3882,4100.0,6439.712776297757,310.08440000005066,125960.9723999165,16.65672963400236
1774982840,30,,Aggregated,0.100000,0.000000,4100,4200,4300,4300,5700,28000,51000,70000,114000,126000,126000,6776,3882,4100.0,6439.712776297757,310.08440000005066,125960.9723999165,16.65672963400236
1774982841,30,,Aggregated,0.100000,0.000000,4100,4200,4300,4300,5700,28000,51000,70000,114000,126000,126000,6776,3882,4100.0,6439.712776297757,310.08440000005066,125960.9723999165,16.65672963400236
1774982843,30,,Aggregated,0.100000,0.000000,4100,4200,4300,4300,5700,28000,51000,70000,114000,126000,126000,6776,3882,4100.0,6439.712776297757,310.08440000005066,125960.9723999165,16.65672963400236
1774982844,30,,Aggregated,0.100000,0.000000,4100,4200,4300,4300,5700,28000,51000,70000,114000,126000,126000,6776,3882,4100.0,6439.712776297757,310.08440000005066,125960.9723999165,16.65672963400236
1774982845,30,,Aggregated,0.100000,0.000000,4100,4200,4300,4300,5700,28000,51000,70000,114000,126000,126000,6776,3882,4100.0,6439.712776297757,310.08440000005066,125960.9723999165,16.65672963400236
1774982846,30,,Aggregated,0.100000,0.000000,4100,4200,4300,4300,5700,28000,51000,70000,114000,126000,126000,6776,3882,4100.0,6439.712776297757,310.08440000005066,125960.9723999165,16.65672963400236
1774982848,30,,Aggregated,0.100000,0.000000,4100,4200,4300,4300,5700,28000,51000,70000,114000,126000,126000,6776,3882,4100.0,6439.712776297757,310.08440000005066,125960.9723999165,16.65672963400236
1774982849,30,,Aggregated,0.100000,0.000000,4100,4200,4300,4300,5700,28000,51000,70000,114000,126000,126000,6776,3882,4100.0,6439.712776297757,310.08440000005066,125960.9723999165,16.65672963400236
1774982850,30,,Aggregated,0.100000,0.000000,4100,4200,4300,4300,5700,28000,51000,70000,114000,126000,126000,6776,3882,4100.0,6439.712776297757,310.08440000005066,125960.9723999165,16.65672963400236
1774982851,30,,Aggregated,0.100000,0.000000,4100,4200,4300,4300,5700,28000,51000,70000,114000,126000,126000,6776,3882,4100.0,6439.712776297757,310.08440000005066,125960.9723999165,16.65672963400236
1774982853,30,,Aggregated,0.100000,0.000000,4100,4200,4300,4300,5700,28000,51000,70000,114000,126000,126000,6776,3882,4100.0,6439.712776297757,310.08440000005066,125960.9723999165,16.65672963400236
1774982854,30,,Aggregated,0.000000,0.000000,4100,4200,4300,4400,5800,29000,52000,72000,114000,126000,126000,6790,3882,4100.0,6623.821084122785,310.08440000005066,125960.9723999165,16.70279823269514
1774982855,30,,Aggregated,0.000000,0.000000,4100,4200,4300,4400,5800,29000,52000,72000,114000,126000,126000,6790,3882,4100.0,6623.821084122785,310.08440000005066,125960.9723999165,16.70279823269514
1774982856,30,,Aggregated,0.000000,0.000000,4100,4200,4300,4400,5800,29000,52000,72000,114000,126000,126000,6790,3882,4100.0,6623.821084122785,310.08440000005066,125960.9723999165,16.70279823269514
1774982858,30,,Aggregated,0.000000,0.000000,4100,4200,4300,4400,5800,29000,52000,72000,114000,126000,126000,6790,3882,4100.0,6623.821084122785,310.08440000005066,125960.9723999165,16.70279823269514
1774982859,30,,Aggregated,0.000000,0.000000,4100,4200,4300,4400,5800,29000,52000,72000,114000,126000,126000,6790,3882,4100.0,6623.821084122785,310.08440000005066,125960.9723999165,16.70279823269514
1774982860,30,,Aggregated,0.000000,0.000000,4100,4200,4300,4400,5800,29000,52000,72000,114000,126000,126000,6790,3882,4100.0,6623.821084122785,310.08440000005066,125960.9723999165,16.70279823269514
1774982861,30,,Aggregated,0.000000,0.000000,4100,4200,4300,4400,5800,29000,52000,72000,114000,126000,126000,6790,3882,4100.0,6623.821084122785,310.08440000005066,125960.9723999165,16.70279823269514
1774982863,30,,Aggregated,0.000000,0.000000,4100,4200,4300,4400,5800,29000,52000,72000,114000,126000,126000,6790,3882,4100.0,6623.821084122785,310.08440000005066,125960.9723999165,16.70279823269514
1774982864,30,,Aggregated,0.000000,0.000000,4100,4200,4300,4400,5800,29000,52000,72000,114000,126000,126000,6790,3882,4100.0,6623.821084122785,310.08440000005066,125960.9723999165,16.70279823269514
1774982865,30,,Aggregated,0.000000,0.000000,4100,4200,4300,4400,5800,29000,52000,72000,114000,126000,126000,6790,3882,4100.0,6623.821084122785,310.08440000005066,125960.9723999165,16.70279823269514
1774982866,30,,Aggregated,0.000000,0.000000,4100,4200,4300,4400,5800,29000,52000,72000,114000,126000,126000,6790,3882,4100.0,6623.821084122785,310.08440000005066,125960.9723999165,16.70279823269514
1774982868,30,,Aggregated,0.000000,0.000000,4100,4200,4300,4400,5800,29000,52000,72000,114000,126000,126000,6790,3882,4100.0,6623.821084122785,310.08440000005066,125960.9723999165,16.70279823269514
1774982869,30,,Aggregated,0.000000,0.000000,4100,4200,4300,4400,5800,29000,52000,72000,114000,126000,126000,6790,3882,4100.0,6623.821084122785,310.08440000005066,125960.9723999165,16.70279823269514
1774982870,30,,Aggregated,0.000000,0.000000,4100,4200,4300,4400,5800,29000,52000,72000,114000,126000,126000,6790,3882,4100.0,6623.821084122785,310.08440000005066,125960.9723999165,16.70279823269514
1774982871,30,,Aggregated,0.000000,0.000000,4100,4200,4300,4400,5800,29000,52000,72000,114000,126000,126000,6790,3882,4100.0,6623.821084122785,310.08440000005066,125960.9723999165,16.70279823269514
1774982873,30,,Aggregated,0.000000,0.000000,4100,4200,4300,4400,6100,29000,52000,72000,114000,126000,126000,6798,3882,4100.0,6692.061181640762,310.08440000005066,125960.9723999165,16.729037952338924
1774982874,116,,Aggregated,0.000000,0.000000,4100,4200,4300,4400,7400,29000,52000,72000,114000,156000,156000,6814,3882,4100.0,6751.177902127046,310.08440000005066,156435.61689998023,16.781332550631053
1774982875,116,,Aggregated,0.000000,0.000000,4100,4200,4300,4400,7400,29000,52000,72000,114000,156000,156000,6822,3882,4100.0,6745.193539708835,310.08440000005066,156435.61689998023,16.807387862796833
1774982876,151,,Aggregated,2.200000,0.000000,4100,4200,4300,4400,7400,29000,52000,72000,114000,156000,156000,6838,3882,4100.0,6733.893146679393,310.08440000005066,156435.61689998023,16.859315589353614
1774982878,151,,Aggregated,3.200000,0.000000,4100,4200,4300,4400,7300,29000,52000,72000,114000,156000,156000,6846,3882,4100.0,6728.042807755426,310.08440000005066,156435.61689998023,16.8851884312007
1774982879,175,,Aggregated,3.300000,0.000000,4100,4200,4300,4400,7200,29000,52000,72000,116000,156000,156000,6863,3882,4100.0,6737.859560176876,310.08440000005066,156435.61689998023,16.939967944047794
1774982880,175,,Aggregated,5.600000,0.000000,4100,4200,4300,4400,7300,29000,52000,72000,123000,156000,156000,6873,3882,4100.0,6772.667706357357,310.08440000005066,156435.61689998023,16.972064600611088
1774982881,179,,Aggregated,7.300000,0.000000,4100,4200,4300,4400,7200,29000,52000,72000,123000,156000,156000,6890,3882,4100.0,6760.824310957094,310.08440000005066,156435.61689998023,17.026415094339622
1774982883,179,,Aggregated,7.300000,0.000000,4100,4200,4300,4400,7100,29000,52000,72000,123000,156000,156000,6899,3882,4100.0,6754.799366994407,310.08440000005066,156435.61689998023,17.05508044644151
1774982884,163,,Aggregated,9.900000,0.000000,4100,4200,4300,4400,7000,29000,52000,72000,126000,156000,156000,6917,3882,4100.0,6762.910237529889,310.08440000005066,156435.61689998023,17.11218736446436
1774982885,163,,Aggregated,10.200000,0.000000,4100,4200,4300,4400,7000,29000,52000,72000,126000,156000,156000,6928,3882,4100.0,6775.221696231825,310.08440000005066,156435.61689998023,17.146939953810623
1774982886,132,,Aggregated,10.200000,0.000000,4100,4200,4300,4300,6700,29000,52000,72000,126000,156000,156000,6946,3882,4100.0,6763.426797206143,310.08440000005066,156435.61689998023,17.203570400230348
1774982888,132,,Aggregated,10.500000,0.000000,4100,4200,4300,4300,6600,29000,52000,72000,126000,156000,156000,6956,3882,4100.0,6756.927938282566,310.08440000005066,156435.61689998023,17.23490511788384
1774982889,92,,Aggregated,12.300000,0.000000,4100,4200,4300,4300,6500,29000,52000,72000,137000,156000,156000,6976,3882,4100.0,6763.384988817896,310.08440000005066,156435.61689998023,17.29730504587156
1774982890,92,,Aggregated,11.800000,0.000000,4100,4200,4300,4300,6200,29000,52000,72000,137000,156000,156000,6986,3882,4100.0,6756.921040150878,310.08440000005066,156435.61689998023,17.328371027769826
1774982892,69,,Aggregated,11.300000,0.000000,4100,4200,4300,4300,6200,29000,52000,72000,126000,156000,156000,7008,3882,4100.0,6747.3092935636105,310.08440000005066,156435.61689998023,17.396404109589042
1774982893,54,,Aggregated,11.400000,0.000000,4100,4200,4300,4300,6500,29000,52000,72000,126000,156000,156000,7020,3882,4100.0,6744.476744885142,310.08440000005066,156435.61689998023,17.433333333333334
1774982894,28,,Aggregated,9.700000,0.000000,4100,4200,4300,4300,6500,29000,52000,72000,126000,156000,156000,7039,3882,4100.0,6738.105043130253,310.08440000005066,156435.61689998023,17.491547094757777
1774982895,28,,Aggregated,12.100000,0.000000,4100,4200,4300,4300,6200,29000,52000,72000,126000,156000,156000,7049,3882,4100.0,6732.085442742791,310.08440000005066,156435.61689998023,17.52205986664775
1774982897,20,,Aggregated,12.200000,0.000000,4100,4200,4300,4300,6200,29000,52000,72000,126000,156000,156000,7061,3882,4100.0,6724.593435050867,310.08440000005066,156435.61689998023,17.558561110324316
1774982898,24,,Aggregated,11.200000,0.000000,4100,4200,4300,4300,6200,29000,52000,72000,126000,156000,156000,7069,3882,4100.0,6719.333528999041,310.08440000005066,156435.61689998023,17.58282642523695
1774982899,31,,Aggregated,10.300000,0.000000,4100,4200,4300,4300,6000,29000,52000,72000,126000,156000,156000,7081,3882,4100.0,6711.065272700774,310.08440000005066,156435.61689998023,17.619121592995338
1774982901,48,,Aggregated,10.500000,0.000000,4100,4200,4300,4300,5900,29000,52000,72000,126000,156000,156000,7101,3882,4100.0,6697.909660187907,310.08440000005066,156435.61689998023,17.67934093789607
1774982902,62,,Aggregated,10.500000,0.000000,4100,4200,4300,4300,5900,29000,52000,72000,126000,156000,156000,7107,3882,4100.0,6693.66328103199,310.08440000005066,156435.61689998023,17.697340650063317
1774982903,84,,Aggregated,10.300000,0.000000,4100,4200,4300,4300,5900,29000,52000,72000,126000,156000,156000,7126,3882,4100.0,6680.74706936489,310.08440000005066,156435.61689998023,17.754139769856863
1774982904,100,,Aggregated,9.900000,0.000000,4100,4200,4300,4300,5900,29000,52000,72000,126000,156000,156000,7132,3882,4100.0,6676.346994068178,310.08440000005066,156435.61689998023,17.7720134604599
1774982906,100,,Aggregated,8.800000,0.000000,4100,4200,4300,4300,5800,29000,52000,72000,126000,156000,156000,7147,3882,4100.0,6666.95603346783,310.08440000005066,156435.61689998023,17.816566391492934
1774982907,114,,Aggregated,8.800000,0.000000,4100,4200,4300,4300,5800,29000,52000,72000,126000,156000,156000,7152,3882,4100.0,6663.628736939967,310.08440000005066,156435.61689998023,17.831375838926174
1774982908,114,,Aggregated,8.300000,0.000000,4100,4200,4300,4300,5800,28000,52000,72000,126000,156000,156000,7168,3882,4100.0,6652.915601840818,310.08440000005066,156435.61689998023,17.878627232142858
1774982909,225,,Aggregated,9.100000,0.000000,4100,4200,4300,4300,5800,28000,52000,72000,126000,156000,156000,7173,3882,4100.0,6649.506038937009,310.08440000005066,156435.61689998023,17.89335006273526
1774982911,225,,Aggregated,9.100000,0.000000,4100,4200,4300,4300,5900,28000,52000,72000,126000,156000,156000,7198,3882,4100.0,6642.645587134644,310.08440000005066,156435.61689998023,17.966657404834677
1774982912,209,,Aggregated,8.600000,0.000000,4100,4200,4300,4300,6500,28000,52000,72000,126000,156000,156000,7210,3882,4100.0,6649.008958612351,310.08440000005066,156435.61689998023,18.001664355062413
1774982913,209,,Aggregated,8.400000,0.000000,4100,4200,4300,4300,6700,28000,52000,72000,126000,156000,156000,7218,3882,4100.0,6648.435540869361,310.08440000005066,156435.61689998023,18.02493765586035
1774982914,159,,Aggregated,9.900000,0.000000,4100,4200,4300,4300,7000,28000,52000,72000,126000,156000,156000,7242,3882,4100.0,6642.193614056227,310.08440000005066,156435.61689998023,18.094449047224522
1774982916,185,,Aggregated,9.600000,0.000000,4100,4200,4300,4300,7100,28000,52000,72000,126000,156000,156000,7246,3882,4100.0,6641.4663214318625,310.08440000005066,156435.61689998023,18.105989511454595
1774982917,155,,Aggregated,11.000000,0.000000,4100,4200,4300,4300,6700,28000,52000,72000,126000,156000,156000,7272,3882,4100.0,6627.050009474059,310.08440000005066,156435.61689998023,18.18069306930693
1774982918,155,,Aggregated,11.400000,0.000000,4100,4200,4300,4300,6700,28000,52000,72000,126000,156000,156000,7280,3882,4100.0,6622.645517032337,310.08440000005066,156435.61689998023,18.20357142857143
1774982919,158,,Aggregated,10.000000,0.000000,4100,4200,4300,4300,6600,28000,52000,72000,126000,156000,156000,7292,3882,4100.0,6617.681821502387,310.08440000005066,156435.61689998023,18.23779484366429
1774982921,209,,Aggregated,11.000000,0.000000,4100,4200,4300,4300,6600,28000,52000,72000,126000,156000,156000,7310,3882,4100.0,6609.43143117588,310.08440000005066,156435.61689998023,18.28891928864569
1774982922,72,,Aggregated,11.900000,0.000000,4100,4200,4300,4300,6200,28000,52000,72000,126000,156000,156000,7332,3882,4100.0,6598.1271660523325,310.08440000005066,156435.61689998023,18.351063829787233
1774982924,144,,Aggregated,10.500000,0.000000,4100,4200,4300,4300,6200,28000,52000,72000,126000,156000,156000,7341,3882,4100.0,6594.843075806533,310.08440000005066,156435.61689998023,18.376379239885573
1774982925,124,,Aggregated,12.100000,0.000000,4100,4200,4300,4300,6200,28000,52000,72000,126000,156000,156000,7367,3888,4100.0,6581.454365969311,310.08440000005066,156435.61689998023,18.417401927514593
1774982926,124,,Aggregated,11.400000,0.000000,4100,4200,4300,4300,6200,28000,52000,72000,126000,156000,156000,7378,3889,4100.0,6577.757107128757,310.08440000005066,156435.61689998023,18.44280292762266
1774982927,111,,Aggregated,10.500000,0.600000,4100,4200,4300,4300,6200,28000,52000,72000,126000,156000,156000,7379,3889,4100.0,6579.733694036585,310.08440000005066,156435.61689998023,18.445588833175226
1774982929,111,,Aggregated,12.600000,0.700000,4100,4200,4300,4300,6000,27000,52000,72000,126000,156000,156000,7427,3906,4100.0,6560.636863362871,310.08440000005066,156435.61689998023,18.489161168708765
1774982930,193,,Aggregated,12.600000,0.700000,4100,4200,4300,4300,6000,27000,52000,72000,126000,156000,156000,7427,3906,4100.0,6560.636863362871,310.08440000005066,156435.61689998023,18.489161168708765
1774982931,193,,Aggregated,11.700000,0.700000,4100,4200,4300,4300,5800,27000,52000,72000,126000,156000,156000,7484,3930,4100.0,6539.676292650412,310.08440000005066,156435.61689998023,18.520309994655264
1774982932,124,,Aggregated,11.700000,0.700000,4100,4200,4300,4300,5800,27000,52000,72000,126000,156000,156000,7484,3930,4100.0,6539.676292650412,310.08440000005066,156435.61689998023,18.520309994655264
1774982934,124,,Aggregated,17.300000,4.800000,4100,4200,4300,4300,5800,27000,52000,72000,126000,156000,156000,7522,3945,4100.0,6529.36096281518,310.08440000005066,156435.61689998023,18.545998404679608
1774982935,193,,Aggregated,17.300000,4.800000,4100,4200,4300,4300,5800,27000,52000,72000,126000,156000,156000,7539,3950,4100.0,6521.450597187443,310.08440000005066,156435.61689998023,18.56625547154795
1774982936,193,,Aggregated,17.400000,4.800000,4100,4200,4300,4300,5800,27000,52000,72000,126000,156000,156000,7550,3950,4100.0,6515.793428953129,310.08440000005066,156435.61689998023,18.596026490066226
1774982938,112,,Aggregated,19.200000,6.200000,4100,4200,4300,4300,5800,27000,52000,72000,126000,156000,156000,7571,3950,4100.0,6505.064562289851,310.08440000005066,156435.61689998023,18.652621846519615
1774982939,112,,Aggregated,17.200000,6.100000,4100,4200,4300,4300,5800,27000,52000,72000,126000,156000,156000,7602,3969,4100.0,6498.082193974801,310.08440000005066,156435.61689998023,18.638121546961326
1774982940,246,,Aggregated,17.200000,6.100000,4100,4200,4300,4300,5700,27000,52000,72000,126000,156000,156000,7653,3998,4100.0,6482.397214046348,310.08440000005066,156435.61689998023,18.626029008232067
1774982942,246,,Aggregated,21.100000,9.200000,4100,4200,4300,4300,5700,27000,52000,72000,126000,156000,156000,7664,3998,4100.0,6476.285729735982,310.08440000005066,156435.61689998023,18.65527139874739
1774982943,209,,Aggregated,20.600000,9.200000,4100,4200,4300,4300,5700,27000,52000,72000,126000,156000,156000,7687,3998,4100.0,6468.689370430141,310.08440000005066,156435.61689998023,18.716144139456226
1774982944,209,,Aggregated,17.600000,6.800000,4100,4200,4300,4400,5100,27000,52000,72000,126000,156000,156000,7779,4074,4100.0,6458.631527278149,310.08440000005066,156435.61689998023,18.575009641342074
1774982945,106,,Aggregated,17.600000,6.800000,4100,4200,4300,4400,5000,27000,52000,72000,126000,156000,156000,7808,4103,4100.0,6450.305989932981,310.08440000005066,156435.61689998023,18.506019467213115
1774982947,106,,Aggregated,18.600000,6.800000,4100,4200,4300,4400,5000,27000,52000,72000,126000,156000,156000,7835,4103,4100.0,6441.165839450753,310.08440000005066,156435.61689998023,18.576643267389915
1774982948,203,,Aggregated,26.900000,15.300000,4100,4200,4300,4400,5000,27000,52000,72000,126000,156000,156000,7849,4103,4100.0,6438.363714307131,310.08440000005066,156435.61689998023,18.61307172888266
1774982949,203,,Aggregated,28.500000,15.300000,4100,4200,4300,4400,5000,27000,52000,72000,126000,156000,156000,7906,4140,4100.0,6427.248092321805,310.08440000005066,156435.61689998023,18.577536048570707
1774982950,120,,Aggregated,27.800000,15.300000,4100,4200,4300,4400,5000,27000,52000,72000,126000,156000,156000,7928,4140,4100.0,6417.659622855247,310.08440000005066,156435.61689998023,18.63420787083754
1774982952,120,,Aggregated,28.100000,15.300000,4100,4200,4300,4400,5000,27000,52000,72000,126000,156000,156000,7932,4140,4100.0,6415.842877546194,310.08440000005066,156435.61689998023,18.64447806354009
1774982953,166,,Aggregated,26.800000,14.200000,4100,4200,4300,4400,5000,27000,52000,72000,126000,156000,156000,7961,4150,4100.0,6408.232401406402,310.08440000005066,156435.61689998023,18.669639492526066
1774982955,166,,Aggregated,29.000000,15.200000,4100,4200,4300,4400,5000,27000,52000,72000,126000,156000,156000,8020,4188,4100.0,6396.576474426059,310.08440000005066,156435.61689998023,18.634413965087283
1774982956,113,,Aggregated,27.500000,15.200000,4100,4200,4300,4400,5000,27000,52000,72000,126000,156000,156000,8043,4188,4100.0,6387.051039823025,310.08440000005066,156435.61689998023,18.69265199552406
1774982957,113,,Aggregated,19.400000,6.700000,4100,4200,4300,4400,5000,27000,52000,72000,126000,156000,156000,8062,4199,4100.0,6386.432943165048,310.08440000005066,156435.61689998023,18.68729843711238
1774982958,54,,Aggregated,21.200000,8.500000,4100,4200,4300,4400,5000,27000,52000,72000,126000,156000,156000,8078,4199,4100.0,6383.811698551216,310.08440000005066,156435.61689998023,18.727531567219607
1774982960,54,,Aggregated,22.800000,9.600000,4100,4200,4300,4400,5000,27000,52000,72000,126000,156000,156000,8107,4210,4100.0,6373.814938879505,310.08440000005066,156435.61689998023,18.747132108054767
1774982961,148,,Aggregated,22.800000,9.600000,4100,4200,4300,4400,5000,27000,52000,72000,126000,156000,156000,8120,4210,4100.0,6367.560441378829,310.08440000005066,156435.61689998023,18.779556650246306
1774982962,198,,Aggregated,19.000000,5.900000,4100,4200,4300,4400,5000,27000,51000,72000,126000,156000,156000,8154,4210,4100.0,6358.563107235184,310.08440000005066,156435.61689998023,18.863870493009564
1774982963,200,,Aggregated,19.200000,7.000000,4100,4200,4300,4400,5000,27000,51000,72000,126000,156000,156000,8169,4210,4100.0,6349.86433810692,310.08440000005066,156435.61689998023,18.900844656628717
1774982965,200,,Aggregated,19.300000,6.000000,4100,4200,4300,4400,5000,27000,51000,72000,126000,156000,156000,8190,4213,4100.0,6340.167523699151,310.08440000005066,156435.61689998023,18.938095238095237
1774982966,200,,Aggregated,19.300000,6.000000,4100,4200,4300,4400,5000,27000,51000,72000,126000,156000,156000,8246,4254,4100.0,6322.129960368204,310.08440000005066,156435.61689998023,18.880426873635702
1774982968,200,,Aggregated,22.100000,6.600000,4100,4200,4300,4400,5200,27000,51000,72000,126000,156000,156000,8318,4306,4100.0,6311.592785080096,310.08440000005066,156435.61689998023,18.810771820149075
1774982969,200,,Aggregated,20.200000,6.600000,4100,4200,4300,4400,5200,27000,51000,72000,126000,156000,156000,8338,4306,4100.0,6309.514624225963,310.08440000005066,156435.61689998023,18.85919884864476
1774982970,200,,Aggregated,18.600000,5.500000,4100,4200,4300,4400,5200,27000,50000,72000,126000,156000,156000,8354,4306,4100.0,6302.230288424229,310.08440000005066,156435.61689998023,18.897773521666267
1774982971,200,,Aggregated,25.500000,10.700000,4100,4200,4300,4400,5200,27000,50000,72000,126000,156000,156000,8375,4306,4100.0,6293.250102698018,310.08440000005066,156435.61689998023,18.94817910447761
1774982973,200,,Aggregated,23.400000,9.600000,4100,4200,4300,4400,5100,27000,50000,72000,126000,156000,156000,8417,4346,4100.0,6285.789748639173,310.08440000005066,156435.61689998023,18.862896518949743
1774982974,200,,Aggregated,23.700000,9.600000,4100,4200,4300,4400,5100,27000,50000,72000,126000,156000,156000,8441,4346,4100.0,6275.2208243923615,310.08440000005066,156435.61689998023,18.920151640800853
1774982976,200,,Aggregated,23.700000,9.600000,4100,4200,4300,4400,5100,27000,50000,72000,126000,156000,156000,8452,4346,4100.0,6270.418463747764,310.08440000005066,156435.61689998023,18.946284902981542
1774982977,200,,Aggregated,26.300000,13.600000,4100,4200,4300,4400,5100,27000,50000,72000,126000,156000,156000,8469,4346,4100.0,6262.642318644001,310.08440000005066,156435.61689998023,18.986539142755934
1774982978,200,,Aggregated,28.300000,13.600000,4100,4200,4300,4400,5100,27000,50000,72000,126000,156000,156000,8490,4346,4100.0,6257.953608126728,310.08440000005066,156435.61689998023,19.036042402826855
1774982979,200,,Aggregated,20.600000,9.200000,4100,4200,4300,4400,5100,27000,49000,72000,126000,156000,156000,8508,4346,4100.0,6254.110352890932,310.08440000005066,156435.61689998023,19.078279266572636
1774982981,200,,Aggregated,22.700000,9.200000,4100,4200,4300,4400,5000,27000,49000,72000,126000,156000,156000,8531,4346,4100.0,6253.1271007614805,310.08440000005066,156435.61689998023,19.131989215801195
1774982982,200,,Aggregated,17.200000,4.000000,4100,4200,4300,4400,5000,27000,49000,72000,126000,156000,156000,8549,4346,4100.0,6244.886455725419,310.08440000005066,156435.61689998023,19.173821499590595
1774982983,200,,Aggregated,16.800000,4.000000,4100,4200,4300,4400,5000,27000,49000,72000,126000,156000,156000,8572,4346,4100.0,6233.1048228764175,310.08440000005066,156435.61689998023,19.227018198786748
1774982985,200,,Aggregated,17.400000,4.000000,4100,4200,4300,4400,5000,27000,49000,72000,126000,156000,156000,8605,4346,4100.0,6217.068696199485,310.08440000005066,156435.61689998023,19.302847181871005
1774982986,200,,Aggregated,14.000000,0.000000,4100,4200,4300,4400,5000,27000,49000,72000,126000,156000,156000,8630,4346,4100.0,6205.893415271952,310.08440000005066,156435.61689998023,19.359907300115875
1774982987,200,,Aggregated,15.300000,0.000000,4100,4200,4300,4400,5000,27000,49000,72000,126000,156000,156000,8632,4346,4100.0,6208.21246299779,310.08440000005066,156435.61689998023,19.3644578313253
1774982989,200,,Aggregated,15.300000,0.000000,4100,4200,4300,4400,5000,27000,49000,72000,126000,156000,156000,8632,4346,4100.0,6208.21246299779,310.08440000005066,156435.61689998023,19.3644578313253
1774982990,200,,Aggregated,15.300000,0.000000,4100,4200,4300,4400,5000,27000,49000,72000,126000,156000,156000,8632,4346,4100.0,6208.21246299779,310.08440000005066,156435.61689998023,19.3644578313253
1774982991,200,,Aggregated,14.200000,0.000000,4100,4200,4300,4400,5000,27000,49000,72000,126000,156000,156000,8633,4346,4100.0,6211.275757048174,310.08440000005066,156435.61689998023,19.366732306266652
1774982992,200,,Aggregated,12.400000,0.000000,4100,4200,4300,4400,5100,27000,49000,72000,126000,156000,156000,8653,4346,4100.0,6227.861346029934,310.08440000005066,156435.61689998023,19.41211140644863
1774982994,200,,Aggregated,8.400000,0.000000,4100,4200,4300,4400,5200,27000,49000,72000,126000,156000,156000,8655,4346,4100.0,6234.3518805311405,310.08440000005066,156435.61689998023,19.416637781629117
1774982995,200,,Aggregated,8.400000,0.000000,4100,4200,4300,4400,5200,27000,49000,72000,126000,156000,156000,8655,4346,4100.0,6234.3518805311405,310.08440000005066,156435.61689998023,19.416637781629117
1774982997,200,,Aggregated,8.400000,0.000000,4100,4200,4300,4400,5200,27000,49000,72000,126000,156000,156000,8655,4346,4100.0,6234.3518805311405,310.08440000005066,156435.61689998023,19.416637781629117
1774982998,200,,Aggregated,8.400000,0.000000,4100,4200,4300,4400,5200,27000,49000,72000,126000,156000,156000,8655,4346,4100.0,6234.3518805311405,310.08440000005066,156435.61689998023,19.416637781629117
1774982999,200,,Aggregated,8.400000,0.000000,4100,4200,4300,4400,5200,27000,49000,72000,126000,156000,156000,8655,4346,4100.0,6234.3518805311405,310.08440000005066,156435.61689998023,19.416637781629117
1774983000,200,,Aggregated,8.400000,0.000000,4100,4200,4300,4400,5200,27000,49000,72000,126000,156000,156000,8655,4346,4100.0,6234.3518805311405,310.08440000005066,156435.61689998023,19.416637781629117
1774983002,200,,Aggregated,8.400000,0.000000,4100,4200,4300,4400,5200,27000,49000,72000,126000,156000,156000,8655,4346,4100.0,6234.3518805311405,310.08440000005066,156435.61689998023,19.416637781629117
1774983003,200,,Aggregated,8.400000,0.000000,4100,4200,4300,4400,5200,27000,49000,72000,126000,156000,156000,8655,4346,4100.0,6234.3518805311405,310.08440000005066,156435.61689998023,19.416637781629117
1774983005,200,,Aggregated,8.400000,0.000000,4100,4200,4300,4400,5200,27000,49000,72000,126000,156000,156000,8655,4346,4100.0,6234.3518805311405,310.08440000005066,156435.61689998023,19.416637781629117
1774983006,200,,Aggregated,8.400000,0.000000,4100,4200,4300,4400,5200,27000,49000,72000,126000,156000,156000,8655,4346,4100.0,6234.3518805311405,310.08440000005066,156435.61689998023,19.416637781629117
1774983007,200,,Aggregated,0.000000,0.000000,4100,4200,4300,4400,5200,27000,49000,72000,126000,156000,156000,8656,4346,4100.0,6239.1263468688785,310.08440000005066,156435.61689998023,19.418900184842883
1774983008,200,,Aggregated,0.000000,0.000000,4100,4200,4300,4400,5200,27000,49000,72000,126000,156000,156000,8656,4346,4100.0,6239.1263468688785,310.08440000005066,156435.61689998023,19.418900184842883
1774983010,200,,Aggregated,0.000000,0.000000,4100,4200,4300,4400,5200,27000,49000,72000,126000,156000,156000,8688,4346,4100.0,6314.562659576066,310.08440000005066,156435.61689998023,19.491022099447513
1774983011,200,,Aggregated,0.100000,0.000000,4100,4200,4300,4400,5200,27000,49000,72000,126000,156000,156000,8691,4346,4100.0,6326.233677320996,310.08440000005066,156435.61689998023,19.497756299620296
1774983013,200,,Aggregated,0.100000,0.000000,4100,4200,4300,4400,5200,27000,49000,72000,126000,156000,156000,8691,4346,4100.0,6326.233677320996,310.08440000005066,156435.61689998023,19.497756299620296
1774983014,200,,Aggregated,0.100000,0.000000,4100,4200,4300,4400,5200,27000,49000,72000,126000,156000,156000,8691,4346,4100.0,6326.233677320996,310.08440000005066,156435.61689998023,19.497756299620296
1774983015,200,,Aggregated,0.100000,0.000000,4100,4200,4300,4400,5200,27000,49000,72000,126000,156000,156000,8691,4346,4100.0,6326.233677320996,310.08440000005066,156435.61689998023,19.497756299620296
1774983016,200,,Aggregated,0.100000,0.000000,4100,4200,4300,4400,5200,27000,49000,72000,126000,156000,156000,8691,4346,4100.0,6326.233677320996,310.08440000005066,156435.61689998023,19.497756299620296
1774983018,200,,Aggregated,0.100000,0.000000,4100,4200,4300,4400,5200,27000,49000,72000,126000,156000,156000,8691,4346,4100.0,6326.233677320996,310.08440000005066,156435.61689998023,19.497756299620296
1774983019,200,,Aggregated,0.100000,0.000000,4100,4200,4300,4400,5200,27000,49000,72000,126000,156000,156000,8691,4346,4100.0,6326.233677320996,310.08440000005066,156435.61689998023,19.497756299620296
1774983020,200,,Aggregated,0.100000,0.000000,4100,4200,4300,4400,5200,27000,49000,72000,126000,156000,156000,8691,4346,4100.0,6326.233677320996,310.08440000005066,156435.61689998023,19.497756299620296
1774983022,200,,Aggregated,0.100000,0.000000,4100,4200,4300,4400,5200,27000,49000,72000,126000,156000,156000,8691,4346,4100.0,6326.233677320996,310.08440000005066,156435.61689998023,19.497756299620296
1774983023,200,,Aggregated,0.100000,0.000000,4100,4200,4300,4400,5200,27000,49000,72000,126000,156000,156000,8691,4346,4100.0,6326.233677320996,310.08440000005066,156435.61689998023,19.497756299620296
1774983024,200,,Aggregated,0.100000,0.000000,4100,4200,4300,4400,5200,27000,49000,72000,126000,156000,156000,8691,4346,4100.0,6326.233677320996,310.08440000005066,156435.61689998023,19.497756299620296
1774983026,200,,Aggregated,0.100000,0.000000,4100,4200,4300,4400,5200,27000,49000,72000,126000,156000,156000,8691,4346,4100.0,6326.233677320996,310.08440000005066,156435.61689998023,19.497756299620296
1774983027,200,,Aggregated,0.100000,0.000000,4100,4200,4300,4400,5200,27000,49000,72000,126000,156000,156000,8691,4346,4100.0,6326.233677320996,310.08440000005066,156435.61689998023,19.497756299620296
1774983028,200,,Aggregated,0.100000,0.000000,4100,4200,4300,4400,5200,27000,49000,72000,126000,156000,156000,8691,4346,4100.0,6326.233677320996,310.08440000005066,156435.61689998023,19.497756299620296
1774983029,200,,Aggregated,0.100000,0.000000,4100,4200,4300,4400,5200,27000,49000,72000,126000,156000,156000,8691,4346,4100.0,6326.233677320996,310.08440000005066,156435.61689998023,19.497756299620296
1774983031,200,,Aggregated,0.100000,0.000000,4100,4200,4300,4400,5200,27000,49000,72000,126000,156000,156000,8691,4346,4100.0,6326.233677320996,310.08440000005066,156435.61689998023,19.497756299620296
1774983032,200,,Aggregated,0.100000,0.000000,4100,4200,4300,4400,5200,27000,49000,72000,126000,156000,156000,8691,4346,4100.0,6326.233677320996,310.08440000005066,156435.61689998023,19.497756299620296
1774983034,200,,Aggregated,0.100000,0.000000,4100,4200,4300,4400,5200,27000,49000,72000,126000,156000,156000,8691,4346,4100.0,6326.233677320996,310.08440000005066,156435.61689998023,19.497756299620296
1774983035,200,,Aggregated,0.000000,0.000000,4100,4200,4300,4400,5200,27000,49000,72000,126000,156000,156000,8692,4346,4100.0,6334.102398803137,310.08440000005066,156435.61689998023,19.5
1774983036,200,,Aggregated,0.000000,0.000000,4100,4200,4300,4400,5200,27000,49000,72000,126000,156000,156000,8692,4346,4100.0,6334.102398803137,310.08440000005066,156435.61689998023,19.5
1774983037,200,,Aggregated,0.000000,0.000000,4100,4200,4300,4400,5200,27000,49000,72000,126000,156000,156000,8692,4346,4100.0,6334.102398803137,310.08440000005066,156435.61689998023,19.5
1774983039,200,,Aggregated,0.100000,0.000000,4100,4200,4300,4400,5200,27000,50000,72000,126000,156000,156000,8693,4346,4100.0,6342.341988714694,310.08440000005066,156435.61689998023,19.50224318417117
1774983040,200,,Aggregated,0.100000,0.000000,4100,4200,4300,4400,5800,28000,50000,72000,126000,156000,156000,8719,4346,4100.0,6478.410800986024,310.08440000005066,156435.61689998023,19.560385365294184
1774983042,200,,Aggregated,2.800000,0.000000,4100,4200,4300,4400,5800,28000,51000,72000,126000,156000,156000,8722,4346,4100.0,6498.839965879069,310.08440000005066,156435.61689998023,19.567071772529236
1774983043,200,,Aggregated,2.800000,0.000000,4100,4200,4300,4400,5800,28000,51000,72000,126000,156000,156000,8722,4346,4100.0,6498.839965879069,310.08440000005066,156435.61689998023,19.567071772529236
1774983044,200,,Aggregated,2.800000,0.000000,4100,4200,4300,4400,5800,28000,51000,72000,126000,156000,156000,8722,4346,4100.0,6498.839965879069,310.08440000005066,156435.61689998023,19.567071772529236
1774983045,200,,Aggregated,2.800000,0.000000,4100,4200,4300,4400,5800,28000,51000,72000,126000,156000,156000,8722,4346,4100.0,6498.839965879069,310.08440000005066,156435.61689998023,19.567071772529236
1774983047,200,,Aggregated,2.800000,0.000000,4100,4200,4300,4400,5800,28000,51000,72000,126000,156000,156000,8722,4346,4100.0,6498.839965879069,310.08440000005066,156435.61689998023,19.567071772529236
1774983048,200,,Aggregated,2.800000,0.000000,4100,4200,4300,4400,5800,28000,51000,72000,126000,156000,156000,8722,4346,4100.0,6498.839965879069,310.08440000005066,156435.61689998023,19.567071772529236
1774983050,200,,Aggregated,2.800000,0.000000,4100,4200,4300,4400,5800,28000,51000,72000,126000,156000,156000,8722,4346,4100.0,6498.839965879069,310.08440000005066,156435.61689998023,19.567071772529236
1774983051,150,,Aggregated,2.800000,0.000000,4100,4200,4300,4400,5800,28000,51000,72000,126000,156000,156000,8722,4346,4100.0,6498.839965879069,310.08440000005066,156435.61689998023,19.567071772529236
1774983052,150,,Aggregated,2.800000,0.000000,4100,4200,4300,4400,5800,28000,51000,72000,126000,156000,156000,8722,4346,4100.0,6498.839965879069,310.08440000005066,156435.61689998023,19.567071772529236
1774983053,139,,Aggregated,2.800000,0.000000,4100,4200,4300,4400,5800,28000,51000,72000,126000,156000,156000,8722,4346,4100.0,6498.839965879069,310.08440000005066,156435.61689998023,19.567071772529236
1774983055,139,,Aggregated,2.800000,0.000000,4100,4200,4300,4400,5800,28000,51000,72000,126000,156000,156000,8722,4346,4100.0,6498.839965879069,310.08440000005066,156435.61689998023,19.567071772529236
1774983056,169,,Aggregated,2.800000,0.000000,4100,4200,4300,4400,5800,28000,51000,72000,126000,156000,156000,8722,4346,4100.0,6498.839965879069,310.08440000005066,156435.61689998023,19.567071772529236
1774983058,169,,Aggregated,2.800000,0.000000,4100,4200,4300,4400,5800,28000,51000,72000,126000,156000,156000,8722,4346,4100.0,6498.839965879069,310.08440000005066,156435.61689998023,19.567071772529236
1774983059,179,,Aggregated,2.800000,0.000000,4100,4200,4300,4400,5800,28000,51000,72000,126000,156000,156000,8722,4346,4100.0,6498.839965879069,310.08440000005066,156435.61689998023,19.567071772529236
1774983060,179,,Aggregated,2.800000,0.000000,4100,4200,4300,4400,5800,28000,51000,72000,126000,156000,156000,8722,4346,4100.0,6498.839965879069,310.08440000005066,156435.61689998023,19.567071772529236
1774983061,168,,Aggregated,2.800000,0.000000,4100,4200,4300,4400,5800,28000,51000,72000,126000,156000,156000,8722,4346,4100.0,6498.839965879069,310.08440000005066,156435.61689998023,19.567071772529236
1774983063,168,,Aggregated,2.800000,0.000000,4100,4200,4300,4400,5800,28000,51000,72000,126000,156000,156000,8722,4346,4100.0,6498.839965879069,310.08440000005066,156435.61689998023,19.567071772529236
1774983064,138,,Aggregated,2.800000,0.000000,4100,4200,4300,4400,5800,28000,51000,72000,126000,156000,156000,8722,4346,4100.0,6498.839965879069,310.08440000005066,156435.61689998023,19.567071772529236
1774983066,138,,Aggregated,2.800000,0.000000,4100,4200,4300,4400,5800,28000,51000,72000,126000,156000,156000,8722,4346,4100.0,6498.839965879069,310.08440000005066,156435.61689998023,19.567071772529236
1774983067,98,,Aggregated,2.800000,0.000000,4100,4200,4300,4400,5800,28000,51000,72000,126000,156000,156000,8722,4346,4100.0,6498.839965879069,310.08440000005066,156435.61689998023,19.567071772529236
1774983068,98,,Aggregated,2.800000,0.000000,4100,4200,4300,4400,5800,28000,51000,72000,126000,156000,156000,8722,4346,4100.0,6498.839965879069,310.08440000005066,156435.61689998023,19.567071772529236
1774983069,58,,Aggregated,2.800000,0.000000,4100,4200,4300,4400,5800,28000,51000,72000,126000,156000,156000,8722,4346,4100.0,6498.839965879069,310.08440000005066,156435.61689998023,19.567071772529236
1774983071,58,,Aggregated,2.800000,0.000000,4100,4200,4300,4400,5800,28000,51000,72000,126000,156000,156000,8722,4346,4100.0,6498.839965879069,310.08440000005066,156435.61689998023,19.567071772529236
1774983072,29,,Aggregated,2.800000,0.000000,4100,4200,4300,4400,5800,28000,51000,72000,126000,156000,156000,8722,4346,4100.0,6498.839965879069,310.08440000005066,156435.61689998023,19.567071772529236
1774983074,29,,Aggregated,2.800000,0.000000,4100,4200,4300,4400,5800,28000,51000,72000,126000,156000,156000,8722,4346,4100.0,6498.839965879069,310.08440000005066,156435.61689998023,19.567071772529236
1774983075,20,,Aggregated,2.800000,0.000000,4100,4200,4300,4400,5800,28000,51000,72000,126000,156000,156000,8722,4346,4100.0,6498.839965879069,310.08440000005066,156435.61689998023,19.567071772529236
1774983076,25,,Aggregated,2.800000,0.000000,4100,4200,4300,4400,5800,28000,51000,72000,126000,156000,156000,8722,4346,4100.0,6498.839965879069,310.08440000005066,156435.61689998023,19.567071772529236
1774983077,32,,Aggregated,2.800000,0.000000,4100,4200,4300,4400,5800,28000,51000,72000,126000,156000,156000,8722,4346,4100.0,6498.839965879069,310.08440000005066,156435.61689998023,19.567071772529236
1774983079,51,,Aggregated,2.800000,0.000000,4100,4200,4300,4400,5800,28000,51000,72000,126000,156000,156000,8722,4346,4100.0,6498.839965879069,310.08440000005066,156435.61689998023,19.567071772529236
1774983080,64,,Aggregated,0.000000,0.000000,4100,4200,4300,4400,6000,29000,52000,72000,126000,156000,156000,8736,4346,4100.0,6600.650597137922,310.08440000005066,156435.61689998023,19.598214285714285
1774983082,89,,Aggregated,1.400000,0.000000,4100,4200,4300,4400,6000,29000,52000,72000,126000,156000,156000,8745,4355,4100.0,6598.639046437626,310.08440000005066,156435.61689998023,19.578044596912523
1774983083,106,,Aggregated,1.400000,0.000000,4100,4200,4300,4400,6000,29000,52000,72000,126000,156000,156000,8745,4355,4100.0,6598.639046437626,310.08440000005066,156435.61689998023,19.578044596912523
1774983084,106,,Aggregated,1.400000,0.000000,4100,4200,4300,4500,5900,29000,52000,72000,126000,156000,156000,8777,4387,4100.0,6593.195194804279,310.08440000005066,156435.61689998023,19.50666514754472
1774983086,148,,Aggregated,1.400000,0.000000,4100,4200,4300,4500,5900,29000,52000,72000,126000,156000,156000,8777,4387,4100.0,6593.195194804279,310.08440000005066,156435.61689998023,19.50666514754472
1774983087,148,,Aggregated,5.500000,4.100000,4100,4200,4300,4500,5800,29000,52000,72000,126000,156000,156000,8828,4438,4100.0,6584.832011010145,310.08440000005066,156435.61689998023,19.393973719981876
1774983088,174,,Aggregated,5.500000,4.100000,4100,4200,4300,4500,5800,29000,52000,72000,126000,156000,156000,8828,4438,4100.0,6584.832011010145,310.08440000005066,156435.61689998023,19.393973719981876
1774983090,174,,Aggregated,10.600000,9.200000,4100,4200,4300,4500,5800,28000,52000,72000,126000,156000,156000,8898,4508,4100.0,6572.747855270559,310.08440000005066,156435.61689998023,19.241402562373565
1774983091,178,,Aggregated,10.600000,9.200000,4100,4200,4300,4500,5800,29000,52000,72000,126000,156000,156000,8908,4512,4100.0,6601.599245442041,310.08440000005066,156435.61689998023,19.246070947462954
1774983093,178,,Aggregated,17.200000,16.600000,4100,4200,4300,4500,5800,28000,52000,72000,126000,156000,156000,8992,4582,4100.0,6598.599160887157,310.08440000005066,156435.61689998023,19.127001779359432
1774983094,161,,Aggregated,17.200000,16.600000,4100,4200,4300,4500,5800,28000,52000,72000,123000,156000,156000,9005,4589,4100.0,6593.841172814817,310.08440000005066,156435.61689998023,19.125374791782342
1774983095,161,,Aggregated,24.100000,22.200000,4100,4200,4300,4500,5800,28000,52000,72000,123000,156000,156000,9052,4617,4100.0,6578.571063609947,310.08440000005066,156435.61689998023,19.10793194874061
1774983096,126,,Aggregated,26.000000,23.400000,4100,4200,4300,4500,5800,28000,52000,72000,123000,156000,156000,9061,4617,4100.0,6573.595775973627,310.08440000005066,156435.61689998023,19.127690100430417
1774983098,126,,Aggregated,27.600000,23.000000,4100,4200,4300,4600,5700,28000,52000,72000,123000,156000,156000,9119,4663,4100.0,6559.162664140482,310.08440000005066,156435.61689998023,19.05735277991008
1774983099,85,,Aggregated,27.600000,23.000000,4100,4200,4300,4600,5700,28000,52000,72000,123000,156000,156000,9127,4663,4100.0,6554.984865837298,310.08440000005066,156435.61689998023,19.074832913334063
1774983101,85,,Aggregated,29.900000,22.500000,4100,4200,4300,4600,5700,28000,52000,72000,123000,156000,156000,9147,4663,4100.0,6545.0853068981205,310.08440000005066,156435.61689998023,19.118399475237783
1774983102,46,,Aggregated,29.900000,22.500000,4100,4200,4300,4600,5700,28000,52000,72000,123000,156000,156000,9147,4663,4100.0,6545.0853068981205,310.08440000005066,156435.61689998023,19.118399475237783
1774983103,46,,Aggregated,23.200000,15.100000,4100,4200,4300,4600,5600,28000,52000,72000,123000,156000,156000,9167,4663,4100.0,6535.718910068431,310.08440000005066,156435.61689998023,19.16177593542053
1774983104,24,,Aggregated,23.200000,15.100000,4100,4200,4300,4600,5600,28000,52000,72000,123000,156000,156000,9167,4663,4100.0,6535.718910068431,310.08440000005066,156435.61689998023,19.16177593542053
1774983106,24,,Aggregated,16.200000,7.400000,4100,4200,4300,4600,5500,28000,52000,72000,123000,156000,156000,9187,4663,4100.0,6526.149052976759,310.08440000005066,156435.61689998023,19.2049635354305
1774983107,21,,Aggregated,16.200000,7.400000,4100,4200,4300,4600,5500,28000,52000,72000,123000,156000,156000,9187,4663,4100.0,6526.149052976759,310.08440000005066,156435.61689998023,19.2049635354305
1774983109,21,,Aggregated,12.600000,4.600000,4100,4200,4300,4600,5500,28000,52000,72000,123000,156000,156000,9207,4663,4100.0,6517.498020842595,310.08440000005066,156435.61689998023,19.24796350602802
1774983110,41,,Aggregated,12.600000,4.600000,4100,4200,4300,4600,5500,28000,52000,72000,123000,156000,156000,9207,4663,4100.0,6517.498020842595,310.08440000005066,156435.61689998023,19.24796350602802
1774983111,41,,Aggregated,6.000000,0.000000,4100,4200,4300,4600,5500,27000,52000,72000,123000,156000,156000,9227,4663,4100.0,6508.556218521504,310.08440000005066,156435.61689998023,19.290777067302482
1774983112,78,,Aggregated,6.000000,0.000000,4100,4200,4300,4600,5500,27000,52000,72000,123000,156000,156000,9227,4663,4100.0,6508.556218521504,310.08440000005066,156435.61689998023,19.290777067302482
1774983114,78,,Aggregated,8.000000,0.000000,4100,4200,4300,4500,5500,27000,52000,72000,123000,156000,156000,9247,4663,4100.0,6499.575696366185,310.08440000005066,156435.61689998023,19.333405428787714
1774983115,120,,Aggregated,8.000000,0.000000,4100,4200,4300,4500,5500,27000,52000,72000,123000,156000,156000,9247,4663,4100.0,6499.575696366185,310.08440000005066,156435.61689998023,19.333405428787714
1774983117,120,,Aggregated,8.000000,0.000000,4100,4200,4300,4500,5500,27000,51000,72000,123000,156000,156000,9267,4663,4100.0,6490.933806247808,310.08440000005066,156435.61689998023,19.375849789575916
1774983118,158,,Aggregated,8.000000,0.000000,4100,4200,4300,4500,5500,27000,51000,72000,123000,156000,156000,9267,4663,4100.0,6490.933806247808,310.08440000005066,156435.61689998023,19.375849789575916
1774983119,158,,Aggregated,6.000000,0.000000,4100,4200,4300,4500,5500,27000,51000,72000,123000,156000,156000,9287,4663,4100.0,6480.838142069407,310.08440000005066,156435.61689998023,19.418111338430062
1774983121,178,,Aggregated,8.000000,0.000000,4100,4200,4300,4500,5500,27000,51000,72000,123000,156000,156000,9296,4663,4100.0,6476.040683949923,310.08440000005066,156435.61689998023,19.437069707401033
1774983122,178,,Aggregated,8.000000,0.000000,4100,4200,4300,4500,5500,27000,51000,72000,123000,156000,156000,9307,4663,4100.0,6470.358147469506,310.08440000005066,156435.61689998023,19.46019125389492
1774983123,169,,Aggregated,8.900000,0.000000,4100,4200,4300,4500,5500,27000,51000,72000,123000,156000,156000,9332,4663,4100.0,6471.129600578511,310.08440000005066,156435.61689998023,19.51253750535791
1774983125,169,,Aggregated,9.200000,0.000000,4100,4200,4300,4500,5600,27000,51000,72000,123000,156000,156000,9356,4663,4100.0,6471.551295425211,310.08440000005066,156435.61689998023,19.562526720820863
1774983126,149,,Aggregated,10.500000,0.000000,4100,4200,4300,4500,5700,27000,51000,72000,123000,156000,156000,9375,4663,4100.0,6471.236991189159,310.08440000005066,156435.61689998023,19.60192
1774983128,149,,Aggregated,11.400000,0.000000,4100,4200,4300,4500,5700,27000,51000,72000,123000,156000,156000,9377,4663,4100.0,6473.299370310147,310.08440000005066,156435.61689998023,19.60605737442679
1774983129,129,,Aggregated,11.400000,0.000000,4100,4200,4300,4500,5700,27000,51000,72000,123000,156000,156000,9377,4663,4100.0,6473.299370310147,310.08440000005066,156435.61689998023,19.60605737442679
1774983130,129,,Aggregated,11.400000,0.000000,4100,4200,4300,4500,5700,27000,51000,72000,123000,156000,156000,9377,4663,4100.0,6473.299370310147,310.08440000005066,156435.61689998023,19.60605737442679
1774983131,109,,Aggregated,11.400000,0.000000,4100,4200,4300,4500,5700,27000,51000,72000,123000,156000,156000,9377,4663,4100.0,6473.299370310147,310.08440000005066,156435.61689998023,19.60605737442679
1774983133,109,,Aggregated,11.400000,0.000000,4100,4200,4300,4500,5700,27000,51000,72000,123000,156000,156000,9377,4663,4100.0,6473.299370310147,310.08440000005066,156435.61689998023,19.60605737442679
1774983134,89,,Aggregated,7.300000,0.000000,4100,4200,4300,4600,6000,27000,51000,72000,123000,156000,156000,9396,4663,4100.0,6478.91264144298,310.08440000005066,156435.61689998023,19.64527458492976
1774983136,89,,Aggregated,4.500000,0.000000,4100,4200,4300,4600,7000,27000,51000,72000,123000,156000,156000,9409,4663,4100.0,6484.645611722621,310.08440000005066,156435.61689998023,19.672016154745457
1774983137,69,,Aggregated,6.200000,0.000000,4100,4200,4300,4600,7000,27000,51000,72000,123000,156000,156000,9430,4663,4100.0,6482.971668631828,310.08440000005066,156435.61689998023,19.715058324496287
1774983138,59,,Aggregated,3.900000,0.000000,4100,4200,4300,4600,7000,27000,51000,72000,123000,156000,156000,9440,4663,4100.0,6478.678543548512,310.08440000005066,156435.61689998023,19.735487288135594
1774983139,49,,Aggregated,3.600000,0.000000,4100,4200,4300,4600,7000,27000,51000,72000,123000,156000,156000,9460,4663,4100.0,6472.57204822391,310.08440000005066,156435.61689998023,19.776215644820297
1774983141,39,,Aggregated,6.300000,0.000000,4100,4200,4300,4600,7000,27000,51000,72000,123000,156000,156000,9468,4663,4100.0,6471.672720563822,310.08440000005066,156435.61689998023,19.792458808618505
1774983142,30,,Aggregated,8.300000,0.000000,4100,4200,4300,4600,7000,27000,51000,72000,123000,156000,156000,9485,4663,4100.0,6466.660999535912,310.08440000005066,156435.61689998023,19.826884554559832
1774983144,30,,Aggregated,8.500000,0.000000,4100,4200,4300,4600,6700,27000,51000,72000,123000,156000,156000,9493,4663,4100.0,6462.469185810395,310.08440000005066,156435.61689998023,19.843042241651744
1774983145,30,,Aggregated,9.100000,0.000000,4100,4200,4300,4600,6700,27000,51000,71000,123000,156000,156000,9511,4663,4100.0,6457.133986520693,310.08440000005066,156435.61689998023,19.87929765534644
1774983146,30,,Aggregated,11.600000,0.000000,4100,4200,4300,4600,6700,27000,51000,71000,123000,156000,156000,9519,4663,4100.0,6453.457490219398,310.08440000005066,156435.61689998023,19.89536716041601
1774983147,30,,Aggregated,11.400000,0.000000,4100,4200,4300,4600,6500,27000,51000,71000,123000,156000,156000,9537,4663,4100.0,6445.280567494858,310.08440000005066,156435.61689998023,19.931424976407676
1774983149,30,,Aggregated,10.800000,0.000000,4100,4200,4300,4600,6200,27000,51000,71000,123000,156000,156000,9562,4663,4100.0,6437.484632273444,310.08440000005066,156435.61689998023,19.981280066931603
1774983150,30,,Aggregated,10.500000,0.000000,4100,4200,4300,4600,6200,27000,51000,71000,123000,156000,156000,9571,4663,4100.0,6436.561061466806,310.08440000005066,156435.61689998023,19.999164141677987
1774983152,30,,Aggregated,10.200000,0.000000,4100,4200,4300,4500,6200,27000,51000,71000,123000,156000,156000,9591,4663,4100.0,6431.127727483943,310.08440000005066,156435.61689998023,20.038786362214577
1774983153,30,,Aggregated,10.200000,0.000000,4100,4200,4300,4500,6200,27000,51000,71000,123000,156000,156000,9600,4663,4100.0,6427.254399729026,310.08440000005066,156435.61689998023,20.0565625
1774983155,30,,Aggregated,11.400000,0.000000,4100,4200,4300,4500,6000,27000,51000,70000,123000,156000,156000,9630,4663,4100.0,6416.403813520166,310.08440000005066,156435.61689998023,20.11557632398754
1774983156,30,,Aggregated,10.800000,0.000000,4100,4200,4300,4500,5900,27000,51000,70000,123000,156000,156000,9645,4663,4100.0,6407.6065344633735,310.08440000005066,156435.61689998023,20.144945567651632
1774983157,30,,Aggregated,10.100000,0.000000,4100,4200,4300,4500,5900,27000,51000,70000,123000,156000,156000,9672,4663,4100.0,6394.828447177318,310.08440000005066,156435.61689998023,20.197580645161292
1774983158,30,,Aggregated,12.600000,0.000000,4100,4200,4300,4500,5800,27000,51000,70000,123000,156000,156000,9692,4663,4100.0,6383.510668685429,181.01940001361072,156435.61689998023,20.236380520016507
1774983160,30,,Aggregated,14.600000,0.000000,4100,4200,4300,4500,5800,27000,51000,70000,123000,156000,156000,9723,4663,4100.0,6368.016460701313,181.01940001361072,156435.61689998023,20.29620487503857
1774983161,30,,Aggregated,14.600000,0.000000,4100,4200,4300,4500,5800,27000,51000,70000,123000,156000,156000,9723,4663,4100.0,6368.016460701313,181.01940001361072,156435.61689998023,20.29620487503857
1774983163,30,,Aggregated,15.300000,0.000000,4100,4200,4300,4500,5800,27000,50000,70000,123000,156000,156000,9753,4663,4100.0,6352.848824002823,181.01940001361072,156435.61689998023,20.353737311596433
1774983164,30,,Aggregated,15.500000,0.000000,4100,4200,4300,4500,5800,27000,50000,70000,123000,156000,156000,9783,4663,4100.0,6336.998866983483,181.01940001361072,156435.61689998023,20.41091689665747
1774983165,30,,Aggregated,15.300000,0.000000,4100,4200,4300,4500,5700,27000,50000,70000,123000,156000,156000,9813,4663,4100.0,6323.447222001365,181.01940001361072,156435.61689998023,20.46774686640171
1774983166,30,,Aggregated,17.100000,0.000000,4100,4200,4300,4500,5700,27000,50000,70000,123000,156000,156000,9819,4663,4100.0,6319.8841248497265,69.53380000777543,156435.61689998023,20.47907118851207
1774983168,30,,Aggregated,17.100000,0.000000,4100,4200,4300,4500,5600,27000,50000,70000,123000,156000,156000,9853,4663,4100.0,6304.813076291426,69.53380000777543,156435.61689998023,20.54298183294428
1774983169,30,,Aggregated,16.400000,0.000000,4100,4200,4300,4500,5600,27000,50000,70000,123000,156000,156000,9867,4663,4100.0,6296.905468764505,69.53380000777543,156435.61689998023,20.56916996047431
1774983171,30,,Aggregated,16.400000,0.000000,4100,4200,4300,4500,5500,27000,50000,70000,123000,156000,156000,9898,4663,4100.0,6281.7421588704365,69.53380000777543,156435.61689998023,20.62689432208527
1774983172,30,,Aggregated,16.400000,0.000000,4100,4200,4300,4500,5500,27000,50000,70000,123000,156000,156000,9898,4663,4100.0,6281.7421588704365,69.53380000777543,156435.61689998023,20.62689432208527
1774983174,30,,Aggregated,16.300000,0.000000,4100,4200,4300,4500,5500,27000,50000,70000,123000,156000,156000,9928,4663,4100.0,6266.786423761045,69.53380000777543,156435.61689998023,20.682413376309427
1774983175,30,,Aggregated,16.300000,0.000000,4100,4200,4300,4500,5500,27000,50000,70000,123000,156000,156000,9958,4663,4100.0,6251.897406818626,69.53380000777543,156435.61689998023,20.737597911227155
1774983176,30,,Aggregated,15.600000,0.000000,4100,4200,4300,4500,5500,27000,50000,70000,123000,156000,156000,9988,4663,4100.0,6237.569751021199,69.53380000777543,156435.61689998023,20.792450941129356
1774983178,30,,Aggregated,16.300000,0.000000,4100,4200,4300,4500,5500,27000,50000,70000,123000,156000,156000,9989,4663,4100.0,6237.0443816698025,69.53380000777543,156435.61689998023,20.794273701071177
1774983179,30,,Aggregated,16.900000,0.000000,4100,4200,4300,4500,5500,27000,49000,70000,118000,148000,156000,10019,4663,4100.0,6222.664008364077,69.53380000777543,156435.61689998023,20.84878730412217
1774983180,30,,Aggregated,16.300000,0.000000,4100,4200,4300,4500,5500,27000,49000,70000,118000,148000,156000,10046,4663,4100.0,6208.933385008947,69.53380000777543,156435.61689998023,20.897571172606014
1774983182,30,,Aggregated,16.900000,0.000000,4100,4200,4300,4500,5500,27000,49000,70000,118000,148000,156000,10077,4663,4100.0,6194.485577513129,69.53380000777543,156435.61689998023,20.9532598987794
1774983183,30,,Aggregated,16.900000,0.000000,4100,4200,4300,4500,5500,27000,49000,70000,118000,148000,156000,10077,4663,4100.0,6194.485577513129,69.53380000777543,156435.61689998023,20.9532598987794
1774983185,30,,Aggregated,16.800000,0.000000,4100,4200,4300,4500,5500,27000,49000,70000,118000,148000,156000,10107,4663,4100.0,6180.029400742068,69.53380000777543,156435.61689998023,21.00682695161769
1774983186,30,,Aggregated,16.800000,0.000000,4100,4200,4300,4500,5500,27000,49000,70000,118000,148000,156000,10137,4663,4100.0,6165.303298086224,69.53380000777543,156435.61689998023,21.060076945841963
1774983187,30,,Aggregated,16.100000,0.000000,4100,4200,4300,4500,5500,26000,49000,70000,118000,148000,156000,10167,4663,4100.0,6151.514202744164,69.53380000777543,156435.61689998023,21.113012688108586
1774983189,30,,Aggregated,14.900000,0.000000,4100,4200,4300,4500,5500,26000,49000,70000,118000,148000,156000,10168,4663,4100.0,6151.015658634928,69.53380000777543,156435.61689998023,21.1147718332022
1774983190,30,,Aggregated,17.800000,0.000000,4100,4200,4300,4500,5500,26000,49000,70000,118000,148000,156000,10212,4663,4100.0,6130.457894633775,69.53380000777543,156435.61689998023,21.19183313748531
1774983191,30,,Aggregated,15.100000,0.000000,4100,4200,4300,4500,5500,26000,49000,70000,118000,148000,156000,10226,4663,4100.0,6123.258174740882,69.53380000777543,156435.61689998023,21.21621357324467
1774983193,30,,Aggregated,16.900000,0.000000,4100,4200,4300,4500,5500,26000,49000,70000,118000,148000,156000,10260,4663,4100.0,6107.684930789488,69.53380000777543,156435.61689998023,21.27514619883041
1774983194,30,,Aggregated,16.000000,0.000000,4100,4200,4300,4500,5500,25000,49000,70000,118000,148000,156000,10270,4663,4100.0,6102.672486407019,69.53380000777543,156435.61689998023,21.292405063291138
1774983196,30,,Aggregated,16.400000,0.000000,4100,4200,4300,4500,5500,25000,49000,70000,118000,148000,156000,10303,4663,4100.0,6087.699260826927,69.53380000777543,156435.61689998023,21.349121615063574
1774983197,30,,Aggregated,16.800000,0.000000,4100,4200,4300,4500,5400,25000,49000,70000,118000,148000,156000,10317,4663,4100.0,6080.531138770929,69.53380000777543,156435.61689998023,21.373073567897645
1774983199,30,,Aggregated,17.200000,0.000000,4100,4200,4300,4500,5300,25000,49000,70000,118000,148000,156000,10353,4663,4100.0,6064.457716169192,69.53380000777543,156435.61689998023,21.43436685018835
1774983200,30,,Aggregated,15.400000,0.000000,4100,4200,4300,4500,5200,25000,49000,70000,118000,148000,156000,10364,4663,4100.0,6059.086077122688,69.53380000777543,156435.61689998023,21.453010420686994
1774983201,30,,Aggregated,17.200000,0.000000,4100,4200,4300,4500,5200,25000,49000,70000,118000,148000,156000,10399,4663,4100.0,6043.44490404842,69.53380000777543,156435.61689998023,21.512068468121935
1774983202,30,,Aggregated,15.700000,0.000000,4100,4200,4300,4500,5200,25000,49000,70000,118000,148000,156000,10412,4663,4100.0,6036.938739243127,69.53380000777543,156435.61689998023,21.533903188628507
1774983204,30,,Aggregated,17.300000,0.000000,4100,4200,4300,4500,5200,24000,49000,70000,118000,148000,156000,10444,4663,4100.0,6023.051275631863,69.53380000777543,156435.61689998023,21.587418613558025
1774983205,30,,Aggregated,16.700000,0.000000,4100,4200,4300,4500,5200,24000,49000,70000,118000,148000,156000,10447,4663,4100.0,6021.636033693803,69.53380000777543,156435.61689998023,21.59241887623241
1774983207,30,,Aggregated,16.900000,0.000000,4100,4200,4300,4500,5200,24000,49000,70000,118000,148000,156000,10474,4663,4100.0,6009.593364750757,69.53380000777543,156435.61689998023,21.637292342944434
1774983208,36,,Aggregated,16.900000,0.000000,4100,4200,4300,4500,5200,24000,49000,70000,118000,148000,156000,10504,4663,4100.0,5995.676977294316,69.53380000777543,156435.61689998023,21.68688118811881
1774983210,36,,Aggregated,17.000000,0.000000,4100,4200,4300,4500,5200,24000,49000,70000,118000,148000,156000,10534,4663,4100.0,5982.827952354265,69.53380000777543,156435.61689998023,21.736187583064364
1774983211,43,,Aggregated,17.000000,0.000000,4100,4200,4300,4500,5200,24000,49000,70000,118000,148000,156000,10534,4663,4100.0,5982.827952354265,69.53380000777543,156435.61689998023,21.736187583064364
1774983212,43,,Aggregated,16.800000,0.000000,4100,4200,4300,4500,5200,24000,49000,70000,118000,148000,156000,10569,4663,4100.0,5970.389587321385,69.53380000777543,156435.61689998023,21.793357933579337
1774983214,50,,Aggregated,15.200000,0.000000,4100,4200,4300,4500,5200,24000,49000,70000,118000,148000,156000,10587,4663,4100.0,5963.159641702087,69.53380000777543,156435.61689998023,21.822612638141116
1774983215,50,,Aggregated,15.700000,0.000000,4100,4200,4300,4400,5200,24000,49000,70000,118000,148000,156000,10606,4663,4100.0,5956.557309419237,69.53380000777543,156435.61689998023,21.85338487648501
1774983216,57,,Aggregated,15.800000,0.000000,4100,4200,4300,4400,5200,24000,49000,70000,118000,148000,156000,10641,4663,4100.0,5944.699760276339,69.53380000777543,156435.61689998023,21.909782915139555
1774983218,57,,Aggregated,15.700000,0.000000,4100,4200,4300,4400,5200,24000,49000,70000,118000,148000,156000,10642,4663,4100.0,5944.4286437982,69.53380000777543,156435.61689998023,21.911388836684832
1774983219,64,,Aggregated,16.700000,0.000000,4100,4200,4300,4400,5200,24000,49000,70000,118000,148000,156000,10680,4663,4100.0,5934.338446919518,69.53380000777543,156435.61689998023,21.972191011235957
1774983221,64,,Aggregated,16.700000,0.000000,4100,4200,4300,4400,5200,24000,49000,70000,118000,148000,156000,10680,4663,4100.0,5934.338446919518,69.53380000777543,156435.61689998023,21.972191011235957
1774983222,71,,Aggregated,16.700000,0.000000,4100,4200,4300,4400,5200,24000,49000,70000,118000,148000,156000,10680,4663,4100.0,5934.338446919518,69.53380000777543,156435.61689998023,21.972191011235957
1774983224,71,,Aggregated,16.700000,0.000000,4100,4200,4300,4400,5200,24000,49000,70000,118000,148000,156000,10680,4663,4100.0,5934.338446919518,69.53380000777543,156435.61689998023,21.972191011235957
1774983225,78,,Aggregated,16.700000,0.000000,4100,4200,4300,4400,5200,24000,49000,70000,118000,148000,156000,10680,4663,4100.0,5934.338446919518,69.53380000777543,156435.61689998023,21.972191011235957
1774983226,78,,Aggregated,11.100000,0.000000,4100,4200,4300,4500,5200,24000,49000,70000,118000,148000,156000,10690,4663,4100.0,5936.793234546336,69.53380000777543,156435.61689998023,21.988119738072964
1774983228,85,,Aggregated,7.900000,0.000000,4100,4200,4300,4500,5200,24000,49000,70000,118000,148000,156000,10691,4663,4100.0,5937.2395798148245,69.53380000777543,156435.61689998023,21.989710971845476
1774983229,85,,Aggregated,7.900000,0.000000,4100,4200,4300,4500,5200,24000,49000,70000,118000,148000,156000,10691,4663,4100.0,5937.2395798148245,69.53380000777543,156435.61689998023,21.989710971845476
1774983230,92,,Aggregated,7.900000,0.000000,4100,4200,4300,4500,5200,24000,49000,70000,118000,148000,156000,10691,4663,4100.0,5937.2395798148245,69.53380000777543,156435.61689998023,21.989710971845476
1774983232,92,,Aggregated,7.900000,0.000000,4100,4200,4300,4500,5200,24000,49000,70000,118000,148000,156000,10691,4663,4100.0,5937.2395798148245,69.53380000777543,156435.61689998023,21.989710971845476
1774983233,100,,Aggregated,7.900000,0.000000,4100,4200,4300,4500,5200,24000,49000,70000,118000,148000,156000,10691,4663,4100.0,5937.2395798148245,69.53380000777543,156435.61689998023,21.989710971845476
1774983235,100,,Aggregated,7.900000,0.000000,4100,4200,4300,4500,5200,24000,49000,70000,118000,148000,156000,10691,4663,4100.0,5937.2395798148245,69.53380000777543,156435.61689998023,21.989710971845476
1774983236,107,,Aggregated,7.900000,0.000000,4100,4200,4300,4500,5200,24000,49000,70000,118000,148000,156000,10691,4663,4100.0,5937.2395798148245,69.53380000777543,156435.61689998023,21.989710971845476
1774983238,107,,Aggregated,7.900000,0.000000,4100,4200,4300,4500,5200,24000,49000,70000,118000,148000,156000,10691,4663,4100.0,5937.2395798148245,69.53380000777543,156435.61689998023,21.989710971845476
1774983239,114,,Aggregated,7.900000,0.000000,4100,4200,4300,4500,5200,24000,49000,70000,118000,148000,156000,10691,4663,4100.0,5937.2395798148245,69.53380000777543,156435.61689998023,21.989710971845476
1774983241,118,,Aggregated,7.900000,0.000000,4100,4200,4300,4500,5200,24000,49000,70000,118000,148000,156000,10691,4663,4100.0,5937.2395798148245,69.53380000777543,156435.61689998023,21.989710971845476
1774983242,121,,Aggregated,7.900000,0.000000,4100,4200,4300,4500,5200,24000,49000,70000,118000,148000,156000,10691,4663,4100.0,5937.2395798148245,69.53380000777543,156435.61689998023,21.989710971845476
1774983243,121,,Aggregated,7.900000,0.000000,4100,4200,4300,4500,5200,24000,49000,70000,118000,148000,156000,10691,4663,4100.0,5937.2395798148245,69.53380000777543,156435.61689998023,21.989710971845476
1774983244,128,,Aggregated,7.900000,0.000000,4100,4200,4300,4500,5200,24000,49000,70000,118000,148000,156000,10691,4663,4100.0,5937.2395798148245,69.53380000777543,156435.61689998023,21.989710971845476
1774983246,128,,Aggregated,7.900000,0.000000,4100,4200,4300,4500,5200,24000,49000,70000,118000,148000,156000,10691,4663,4100.0,5937.2395798148245,69.53380000777543,156435.61689998023,21.989710971845476
1774983247,135,,Aggregated,0.000000,0.000000,4100,4200,4300,4500,5500,27000,49000,70000,118000,148000,156000,10735,4663,4100.0,6031.746408840246,69.53380000777543,156435.61689998023,22.059431765253844
1774983249,135,,Aggregated,0.000000,0.000000,4100,4200,4300,4500,5500,27000,49000,70000,118000,148000,156000,10736,4663,4100.0,6033.931353679214,69.53380000777543,156435.61689998023,22.06100968703428
1774983250,142,,Aggregated,0.000000,0.000000,4100,4200,4300,4500,5500,27000,49000,70000,118000,148000,156000,10736,4663,4100.0,6033.931353679214,69.53380000777543,156435.61689998023,22.06100968703428
1774983252,146,,Aggregated,0.000000,0.000000,4100,4200,4300,4500,5500,27000,49000,70000,118000,148000,156000,10736,4663,4100.0,6033.931353679214,69.53380000777543,156435.61689998023,22.06100968703428
1774983253,149,,Aggregated,0.000000,0.000000,4100,4200,4300,4500,5500,27000,49000,70000,118000,148000,156000,10736,4663,4100.0,6033.931353679214,69.53380000777543,156435.61689998023,22.06100968703428
1774983255,149,,Aggregated,0.000000,0.000000,4100,4200,4300,4500,5500,27000,49000,70000,118000,148000,156000,10736,4663,4100.0,6033.931353679214,69.53380000777543,156435.61689998023,22.06100968703428
1774983256,156,,Aggregated,0.000000,0.000000,4100,4200,4300,4500,5500,27000,49000,70000,118000,148000,156000,10736,4663,4100.0,6033.931353679214,69.53380000777543,156435.61689998023,22.06100968703428
1774983257,160,,Aggregated,0.000000,0.000000,4100,4200,4300,4500,5500,27000,49000,70000,118000,148000,156000,10736,4663,4100.0,6033.931353679214,69.53380000777543,156435.61689998023,22.06100968703428
1774983259,163,,Aggregated,0.000000,0.000000,4100,4200,4300,4500,5500,27000,49000,70000,118000,148000,156000,10736,4663,4100.0,6033.931353679214,69.53380000777543,156435.61689998023,22.06100968703428
1774983260,163,,Aggregated,0.000000,0.000000,4100,4200,4300,4500,5500,27000,49000,70000,118000,148000,156000,10736,4663,4100.0,6033.931353679214,69.53380000777543,156435.61689998023,22.06100968703428
1774983261,170,,Aggregated,0.000000,0.000000,4100,4200,4300,4500,5500,27000,49000,70000,118000,148000,156000,10737,4663,4100.0,6037.395839349906,69.53380000777543,156435.61689998023,22.06258731489243
1774983263,170,,Aggregated,0.000000,0.000000,4100,4200,4300,4500,5500,27000,49000,70000,118000,148000,156000,10737,4663,4100.0,6037.395839349906,69.53380000777543,156435.61689998023,22.06258731489243
1774983264,177,,Aggregated,0.000000,0.000000,4100,4200,4300,4500,5500,27000,49000,70000,118000,148000,156000,10737,4663,4100.0,6037.395839349906,69.53380000777543,156435.61689998023,22.06258731489243
1774983266,177,,Aggregated,0.000000,0.000000,4100,4200,4300,4500,5500,27000,49000,70000,118000,148000,156000,10737,4663,4100.0,6037.395839349906,69.53380000777543,156435.61689998023,22.06258731489243
1774983267,184,,Aggregated,0.000000,0.000000,4100,4200,4300,4500,5500,27000,49000,70000,118000,148000,156000,10737,4663,4100.0,6037.395839349906,69.53380000777543,156435.61689998023,22.06258731489243
1774983269,184,,Aggregated,0.000000,0.000000,4100,4200,4300,4500,5500,27000,49000,70000,118000,148000,156000,10737,4663,4100.0,6037.395839349906,69.53380000777543,156435.61689998023,22.06258731489243
1774983270,191,,Aggregated,0.000000,0.000000,4100,4200,4300,4500,5500,27000,49000,70000,118000,148000,156000,10737,4663,4100.0,6037.395839349906,69.53380000777543,156435.61689998023,22.06258731489243
1774983272,196,,Aggregated,0.000000,0.000000,4100,4200,4300,4500,5500,27000,49000,70000,118000,148000,156000,10737,4663,4100.0,6037.395839349906,69.53380000777543,156435.61689998023,22.06258731489243
1774983273,198,,Aggregated,0.000000,0.000000,4100,4200,4300,4500,5500,27000,49000,70000,118000,148000,156000,10737,4663,4100.0,6037.395839349906,69.53380000777543,156435.61689998023,22.06258731489243
1774983274,202,,Aggregated,0.000000,0.000000,4100,4200,4300,4500,5500,27000,49000,70000,118000,148000,156000,10737,4663,4100.0,6037.395839349906,69.53380000777543,156435.61689998023,22.06258731489243
1774983276,205,,Aggregated,0.000000,0.000000,4100,4200,4300,4500,5500,27000,49000,70000,118000,148000,156000,10737,4663,4100.0,6037.395839349906,69.53380000777543,156435.61689998023,22.06258731489243
1774983277,205,,Aggregated,0.000000,0.000000,4100,4200,4300,4500,5500,27000,49000,70000,118000,148000,156000,10737,4663,4100.0,6037.395839349906,69.53380000777543,156435.61689998023,22.06258731489243
1774983278,212,,Aggregated,0.000000,0.000000,4100,4200,4300,4500,5500,27000,49000,70000,118000,148000,156000,10737,4663,4100.0,6037.395839349906,69.53380000777543,156435.61689998023,22.06258731489243
1774983280,212,,Aggregated,0.000000,0.000000,4100,4200,4300,4500,5500,27000,49000,70000,118000,148000,156000,10737,4663,4100.0,6037.395839349906,69.53380000777543,156435.61689998023,22.06258731489243
1774983281,207,,Aggregated,0.000000,0.000000,4100,4200,4300,4500,5500,27000,49000,70000,118000,148000,156000,10737,4663,4100.0,6037.395839349906,69.53380000777543,156435.61689998023,22.06258731489243
1774983283,207,,Aggregated,0.000000,0.000000,4100,4200,4300,4500,5500,27000,49000,70000,118000,148000,156000,10737,4663,4100.0,6037.395839349906,69.53380000777543,156435.61689998023,22.06258731489243
1774983284,187,,Aggregated,0.000000,0.000000,4100,4200,4300,4500,5500,27000,49000,70000,118000,148000,156000,10744,4663,4100.0,6071.013173752764,69.53380000777543,156435.61689998023,22.073622486969473
1774983286,187,,Aggregated,0.000000,0.000000,4100,4200,4300,4500,5500,27000,49000,70000,118000,148000,156000,10747,4663,4100.0,6086.3326514096525,69.53380000777543,156435.61689998023,22.078347445798826
1774983287,167,,Aggregated,0.700000,0.000000,4100,4200,4300,4500,5500,27000,49000,70000,118000,148000,156000,10751,4663,4100.0,6107.943305813358,69.53380000777543,156435.61689998023,22.08464328899637
1774983288,167,,Aggregated,0.700000,0.000000,4100,4200,4300,4500,5500,27000,49000,70000,118000,148000,156000,10751,4663,4100.0,6107.943305813358,69.53380000777543,156435.61689998023,22.08464328899637
1774983290,147,,Aggregated,0.700000,0.000000,4100,4200,4300,4500,5500,27000,49000,70000,118000,148000,156000,10751,4663,4100.0,6107.943305813358,69.53380000777543,156435.61689998023,22.08464328899637
1774983291,147,,Aggregated,0.700000,0.000000,4100,4200,4300,4500,5500,27000,49000,70000,118000,148000,156000,10751,4663,4100.0,6107.943305813358,69.53380000777543,156435.61689998023,22.08464328899637
1774983292,127,,Aggregated,0.700000,0.000000,4100,4200,4300,4500,5500,27000,49000,70000,118000,148000,156000,10751,4663,4100.0,6107.943305813358,69.53380000777543,156435.61689998023,22.08464328899637
1774983294,127,,Aggregated,0.700000,0.000000,4100,4200,4300,4500,5500,27000,49000,70000,118000,148000,156000,10751,4663,4100.0,6107.943305813358,69.53380000777543,156435.61689998023,22.08464328899637
1774983295,107,,Aggregated,0.700000,0.000000,4100,4200,4300,4500,5500,27000,49000,70000,118000,148000,156000,10751,4663,4100.0,6107.943305813358,69.53380000777543,156435.61689998023,22.08464328899637
1774983297,107,,Aggregated,0.700000,0.000000,4100,4200,4300,4500,5500,27000,49000,70000,118000,148000,156000,10751,4663,4100.0,6107.943305813358,69.53380000777543,156435.61689998023,22.08464328899637
1774983298,87,,Aggregated,0.700000,0.000000,4100,4200,4300,4500,5500,27000,49000,70000,118000,148000,156000,10751,4663,4100.0,6107.943305813358,69.53380000777543,156435.61689998023,22.08464328899637
1774983300,87,,Aggregated,0.700000,0.000000,4100,4200,4300,4500,5500,27000,49000,70000,118000,148000,156000,10751,4663,4100.0,6107.943305813358,69.53380000777543,156435.61689998023,22.08464328899637
1774983301,67,,Aggregated,0.000000,0.000000,4100,4200,4300,4500,5500,27000,49000,70000,118000,148000,156000,10752,4663,4100.0,6115.150545219447,69.53380000777543,156435.61689998023,22.086216517857142
1774983303,67,,Aggregated,0.000000,0.000000,4100,4200,4300,4500,5500,27000,49000,70000,118000,148000,156000,10752,4663,4100.0,6115.150545219447,69.53380000777543,156435.61689998023,22.086216517857142
1774983304,47,,Aggregated,0.000000,0.000000,4100,4200,4300,4500,5500,27000,49000,70000,118000,148000,156000,10752,4663,4100.0,6115.150545219447,69.53380000777543,156435.61689998023,22.086216517857142
1774983305,47,,Aggregated,0.000000,0.000000,4100,4200,4300,4500,5500,27000,49000,70000,118000,148000,156000,10752,4663,4100.0,6115.150545219447,69.53380000777543,156435.61689998023,22.086216517857142
1774983306,30,,Aggregated,0.000000,0.000000,4100,4200,4300,4500,5500,27000,49000,70000,118000,148000,156000,10752,4663,4100.0,6115.150545219447,69.53380000777543,156435.61689998023,22.086216517857142
1774983308,30,,Aggregated,0.000000,0.000000,4100,4200,4300,4500,5500,27000,49000,70000,118000,148000,156000,10752,4663,4100.0,6115.150545219447,69.53380000777543,156435.61689998023,22.086216517857142
1774983309,30,,Aggregated,0.000000,0.000000,4100,4200,4300,4500,5500,27000,49000,70000,118000,148000,156000,10752,4663,4100.0,6115.150545219447,69.53380000777543,156435.61689998023,22.086216517857142
1774983311,30,,Aggregated,0.000000,0.000000,4100,4200,4300,4500,5500,27000,49000,70000,118000,148000,156000,10752,4663,4100.0,6115.150545219447,69.53380000777543,156435.61689998023,22.086216517857142
1774983312,30,,Aggregated,0.000000,0.000000,4100,4200,4300,4500,5500,27000,49000,70000,118000,148000,156000,10752,4663,4100.0,6115.150545219447,69.53380000777543,156435.61689998023,22.086216517857142
1774983314,30,,Aggregated,0.000000,0.000000,4100,4200,4300,4500,5500,27000,49000,70000,118000,148000,156000,10752,4663,4100.0,6115.150545219447,69.53380000777543,156435.61689998023,22.086216517857142
1774983315,30,,Aggregated,0.000000,0.000000,4100,4200,4300,4500,5500,27000,49000,70000,118000,148000,156000,10752,4663,4100.0,6115.150545219447,69.53380000777543,156435.61689998023,22.086216517857142
1774983316,30,,Aggregated,0.000000,0.000000,4100,4200,4300,4500,5500,27000,49000,70000,118000,148000,156000,10752,4663,4100.0,6115.150545219447,69.53380000777543,156435.61689998023,22.086216517857142
1774983318,30,,Aggregated,0.000000,0.000000,4100,4200,4300,4500,5600,28000,52000,70000,118000,148000,156000,10770,4663,4100.0,6221.579107901522,69.53380000777543,156435.61689998023,22.11448467966574
1774983319,30,,Aggregated,0.000000,0.000000,4100,4200,4300,4500,5700,28000,52000,70000,118000,148000,156000,10777,4663,4100.0,6243.889879780963,69.53380000777543,156435.61689998023,22.125452352231605
1774983320,30,,Aggregated,1.800000,0.000000,4100,4200,4300,4500,5700,28000,52000,70000,118000,148000,156000,10797,4663,4100.0,6246.837461146583,69.53380000777543,156435.61689998023,22.15671019727702
1774983322,30,,Aggregated,2.500000,0.000000,4100,4200,4300,4500,5700,28000,52000,70000,118000,148000,156000,10806,4663,4100.0,6251.214323746034,69.53380000777543,156435.61689998023,22.170738478622987
1774983323,30,,Aggregated,4.500000,0.000000,4100,4200,4300,4500,5700,28000,52000,70000,118000,148000,156000,10825,4663,4100.0,6244.077600397163,69.53380000777543,156435.61689998023,22.20027713625866
1774983325,30,,Aggregated,5.300000,0.000000,4100,4200,4300,4500,5700,28000,52000,70000,118000,148000,156000,10834,4663,4100.0,6240.306857771758,69.53380000777543,156435.61689998023,22.21423297027875
1774983326,30,,Aggregated,5.500000,0.000000,4100,4200,4300,4500,5600,28000,52000,70000,118000,148000,156000,10854,4663,4100.0,6232.936485811585,69.53380000777543,156435.61689998023,22.245163073521283
1774983328,30,,Aggregated,10.200000,0.000000,4100,4200,4300,4500,5600,28000,52000,70000,118000,148000,156000,10864,4663,4100.0,6229.154372256892,69.53380000777543,156435.61689998023,22.260585419734905
1774983329,30,,Aggregated,10.200000,0.000000,4100,4200,4300,4500,5600,28000,52000,70000,118000,148000,156000,10886,4663,4100.0,6221.039174646194,69.53380000777543,156435.61689998023,22.29441484475473
1774983331,30,,Aggregated,11.500000,0.000000,4100,4200,4300,4500,5600,28000,52000,70000,118000,148000,156000,10904,4663,4100.0,6214.9284312728305,69.53380000777543,156435.61689998023,22.32199192956713
1774983332,30,,Aggregated,11.500000,0.000000,4100,4200,4300,4500,5600,28000,52000,70000,118000,148000,156000,10915,4663,4100.0,6217.694297993525,69.53380000777543,156435.61689998023,22.338799816765917
1774983333,30,,Aggregated,8.900000,0.000000,4100,4200,4300,4500,5600,28000,52000,70000,118000,148000,156000,10926,4663,4100.0,6213.774158832086,69.53380000777543,156435.61689998023,22.3555738605162
1774983334,30,,Aggregated,11.000000,0.000000,4100,4200,4300,4500,5500,28000,52000,70000,118000,148000,156000,10944,4663,4100.0,6207.557518512362,69.53380000777543,156435.61689998023,22.38294956140351
1774983336,30,,Aggregated,11.400000,0.000000,4100,4200,4300,4500,5500,28000,52000,70000,118000,148000,156000,10958,4663,4100.0,6203.02694024452,69.53380000777543,156435.61689998023,22.404179594816572
1774983337,300,,Aggregated,11.000000,0.000000,4100,4200,4300,4500,5500,28000,52000,70000,118000,148000,156000,10974,4663,4100.0,6203.323395234149,69.53380000777543,156435.61689998023,22.42837616183707
1774983339,300,,Aggregated,11.500000,0.000000,4100,4200,4300,4500,5500,28000,52000,70000,118000,148000,156000,10988,4663,4100.0,6198.71355405891,69.53380000777543,156435.61689998023,22.449490353112488
1774983340,300,,Aggregated,11.200000,0.000000,4100,4200,4300,4500,5500,28000,52000,70000,116000,148000,156000,11012,4663,4100.0,6189.216284571334,69.53380000777543,156435.61689998023,22.485561205957136
1774983342,300,,Aggregated,11.800000,0.000000,4100,4200,4300,4500,5500,28000,52000,70000,116000,148000,156000,11035,4663,4100.0,6181.466167947387,69.53380000777543,156435.61689998023,22.51998187584957
1774983343,300,,Aggregated,12.600000,0.000000,4100,4200,4300,4500,5500,28000,52000,70000,116000,148000,156000,11121,4730,4100.0,6167.348938647692,69.53380000777543,156435.61689998023,22.412462908011868
1774983345,300,,Aggregated,20.200000,6.700000,4100,4200,4300,4500,5500,28000,52000,70000,116000,148000,156000,11130,4730,4100.0,6166.546900476289,69.53380000777543,156435.61689998023,22.42587601078167
1774983346,290,,Aggregated,18.300000,6.700000,4100,4200,4300,4500,5500,27000,51000,70000,116000,148000,156000,11165,4730,4100.0,6159.292142266114,69.53380000777543,156435.61689998023,22.47783251231527
1774983348,290,,Aggregated,21.500000,6.700000,4100,4200,4300,4500,5500,27000,51000,70000,116000,148000,156000,11239,4794,4100.0,6153.218459284711,69.53380000777543,156435.61689998023,22.364534211228758
1774983349,290,,Aggregated,21.500000,6.700000,4100,4200,4300,4500,5500,27000,51000,70000,116000,148000,156000,11239,4794,4100.0,6153.218459284711,69.53380000777543,156435.61689998023,22.364534211228758
1774983350,290,,Aggregated,21.500000,6.700000,4100,4200,4300,4500,5500,27000,51000,70000,116000,148000,156000,11239,4794,4100.0,6153.218459284711,69.53380000777543,156435.61689998023,22.364534211228758
1774983351,290,,Aggregated,21.500000,6.700000,4100,4200,4300,4500,5500,27000,51000,70000,116000,148000,156000,11239,4794,4100.0,6153.218459284711,69.53380000777543,156435.61689998023,22.364534211228758
1774983353,290,,Aggregated,22.700000,13.100000,4100,4200,4300,4500,5500,27000,51000,70000,116000,148000,156000,11271,4826,4100.0,6150.653641389494,69.53380000777543,156435.61689998023,22.301038062283737
1774983354,290,,Aggregated,22.700000,13.100000,4100,4200,4300,4500,5500,27000,51000,70000,116000,148000,156000,11271,4826,4100.0,6150.653641389494,69.53380000777543,156435.61689998023,22.301038062283737
1774983356,290,,Aggregated,22.700000,13.100000,4100,4200,4300,4500,5500,27000,51000,70000,116000,148000,156000,11271,4826,4100.0,6150.653641389494,69.53380000777543,156435.61689998023,22.301038062283737
1774983357,280,,Aggregated,22.700000,13.100000,4100,4200,4300,4500,5500,27000,51000,70000,116000,148000,156000,11271,4826,4100.0,6150.653641389494,69.53380000777543,156435.61689998023,22.301038062283737
1774983359,280,,Aggregated,9.700000,9.600000,4100,4200,4300,4500,5500,27000,51000,70000,116000,148000,156000,11302,4857,4100.0,6148.327166395442,69.53380000777543,156435.61689998023,22.239869049725712
1774983360,250,,Aggregated,9.700000,9.600000,4100,4200,4300,4500,5500,27000,51000,70000,116000,148000,156000,11302,4857,4100.0,6148.327166395442,69.53380000777543,156435.61689998023,22.239869049725712
1774983362,250,,Aggregated,9.700000,9.600000,4100,4200,4300,4500,5500,27000,51000,70000,116000,148000,156000,11302,4857,4100.0,6148.327166395442,69.53380000777543,156435.61689998023,22.239869049725712
1774983363,220,,Aggregated,9.700000,9.600000,4100,4200,4300,4500,5500,27000,51000,70000,116000,148000,156000,11302,4857,4100.0,6148.327166395442,69.53380000777543,156435.61689998023,22.239869049725712
1774983364,220,,Aggregated,6.300000,6.300000,4100,4200,4300,4500,5500,27000,51000,70000,116000,148000,156000,11324,4879,4100.0,6146.605873966929,69.53380000777543,156435.61689998023,22.196661956905686
1774983365,190,,Aggregated,6.300000,6.300000,4100,4200,4300,4500,5500,27000,51000,70000,116000,148000,156000,11327,4879,4100.0,6151.238880003669,69.53380000777543,156435.61689998023,22.201112386333538
1774983367,190,,Aggregated,6.300000,6.300000,4100,4200,4300,4500,5500,27000,51000,70000,116000,148000,156000,11327,4879,4100.0,6151.238880003669,69.53380000777543,156435.61689998023,22.201112386333538
1774983368,160,,Aggregated,6.300000,6.300000,4100,4200,4300,4500,5500,27000,51000,70000,116000,148000,156000,11327,4879,4100.0,6151.238880003669,69.53380000777543,156435.61689998023,22.201112386333538
1774983370,160,,Aggregated,5.600000,5.300000,4100,4200,4300,4500,5500,27000,51000,70000,116000,148000,156000,11340,4892,4100.0,6150.51205700192,69.53380000777543,156435.61689998023,22.175661375661377
1774983371,130,,Aggregated,5.600000,5.300000,4100,4200,4300,4500,5500,27000,51000,70000,116000,148000,156000,11340,4892,4100.0,6150.51205700192,69.53380000777543,156435.61689998023,22.175661375661377
1774983373,130,,Aggregated,5.600000,5.300000,4100,4200,4300,4500,5500,27000,51000,70000,116000,148000,156000,11340,4892,4100.0,6150.51205700192,69.53380000777543,156435.61689998023,22.175661375661377
1774983374,100,,Aggregated,5.600000,5.300000,4100,4200,4300,4500,5500,27000,51000,70000,116000,148000,156000,11340,4892,4100.0,6150.51205700192,69.53380000777543,156435.61689998023,22.175661375661377
1774983376,100,,Aggregated,3.800000,3.500000,4100,4200,4300,4500,5500,27000,51000,70000,116000,148000,156000,11345,4897,4100.0,6150.241599806235,69.53380000777543,156435.61689998023,22.165888056412516
1774983377,80,,Aggregated,3.800000,3.500000,4100,4200,4300,4500,5500,27000,51000,70000,116000,148000,156000,11345,4897,4100.0,6150.241599806235,69.53380000777543,156435.61689998023,22.165888056412516
1774983379,80,,Aggregated,1.800000,1.800000,4100,4200,4300,4500,5500,28000,51000,70000,116000,148000,156000,11355,4897,4100.0,6174.563250902849,69.53380000777543,156435.61689998023,22.180713342140027
1774983380,87,,Aggregated,1.800000,1.800000,4100,4200,4300,4500,5700,29000,51000,70000,116000,148000,156000,11381,4897,4100.0,6239.79752606991,69.53380000777543,156435.61689998023,22.21913715842193
1774983382,87,,Aggregated,4.200000,1.800000,4100,4200,4300,4600,5700,29000,51000,70000,116000,148000,156000,11389,4901,4100.0,6246.725763903897,69.53380000777543,156435.61689998023,22.217227149003424
1774983383,94,,Aggregated,4.500000,0.500000,4100,4200,4300,4500,5700,29000,51000,70000,116000,148000,156000,11415,4901,4100.0,6246.084935698783,69.53380000777543,156435.61689998023,22.25545335085414
1774983385,94,,Aggregated,6.900000,0.900000,4100,4200,4300,4600,5700,29000,51000,70000,116000,148000,156000,11438,4908,4100.0,6240.778350568421,69.53380000777543,156435.61689998023,22.265256163664976
1774983386,101,,Aggregated,6.900000,0.900000,4100,4200,4300,4600,5700,29000,51000,70000,116000,148000,156000,11438,4908,4100.0,6240.778350568421,69.53380000777543,156435.61689998023,22.265256163664976
1774983387,101,,Aggregated,9.100000,0.900000,4100,4200,4300,4600,5700,29000,51000,70000,116000,148000,156000,11449,4919,4100.0,6239.874404210119,69.53380000777543,156435.61689998023,22.24386409293388
1774983389,91,,Aggregated,9.100000,0.900000,4100,4200,4300,4600,5700,29000,51000,70000,116000,148000,156000,11449,4919,4100.0,6239.874404210119,69.53380000777543,156435.61689998023,22.24386409293388
1774983390,81,,Aggregated,10.400000,2.200000,4100,4200,4300,4600,5700,29000,51000,70000,116000,148000,156000,11451,4921,4100.0,6239.772364736851,69.53380000777543,156435.61689998023,22.23997904113178
1774983391,71,,Aggregated,10.400000,2.200000,4100,4200,4300,4600,5900,29000,51000,70000,116000,148000,156000,11472,4921,4100.0,6248.386261105458,69.53380000777543,156435.61689998023,22.2706589958159
1774983393,61,,Aggregated,6.600000,2.400000,4100,4200,4300,4600,7000,29000,51000,70000,116000,148000,156000,11489,4921,4100.0,6253.420474149349,69.53380000777543,156435.61689998023,22.29541300374271
1774983394,41,,Aggregated,8.700000,2.400000,4100,4200,4300,4600,7000,29000,51000,70000,116000,148000,156000,11509,4921,4100.0,6252.313142566827,69.53380000777543,156435.61689998023,22.32444174124598
1774983396,41,,Aggregated,5.800000,2.000000,4100,4200,4300,4600,6700,29000,51000,70000,116000,148000,156000,11522,4921,4100.0,6248.294335861977,69.53380000777543,156435.61689998023,22.34325637910085
1774983397,30,,Aggregated,7.800000,2.000000,4100,4200,4300,4600,6700,29000,51000,70000,116000,148000,156000,11538,4921,4100.0,6248.22242169366,69.53380000777543,156435.61689998023,22.366354654186168
1774983399,30,,Aggregated,8.400000,1.300000,4100,4200,4300,4600,6600,29000,51000,70000,116000,148000,156000,11550,4921,4100.0,6244.410840415713,69.53380000777543,156435.61689998023,22.383636363636363
1774983400,30,,Aggregated,8.900000,0.200000,4100,4200,4300,4600,6500,29000,51000,70000,116000,148000,156000,11567,4921,4100.0,6243.718864018483,69.53380000777543,156435.61689998023,22.408057404685746
1774983402,30,,Aggregated,10.200000,0.200000,4100,4200,4300,4600,6200,29000,51000,70000,116000,148000,156000,11579,4921,4100.0,6239.013451429481,69.53380000777543,156435.61689998023,22.425252612488126
1774983403,30,,Aggregated,10.200000,0.200000,4100,4200,4300,4600,6200,29000,51000,70000,116000,148000,156000,11596,4921,4100.0,6233.233638453067,69.53380000777543,156435.61689998023,22.449551569506728
