Method,Name,Error,Occurrences
GET,/predict?cb_nonce=503432,"ConnectionRefusedError(10061, '[WinError 10061] No connection could be made because the target machine actively refused it.')",1
GET,/predict?cb_nonce=895176,"ConnectionRefusedError(10061, '[WinError 10061] No connection could be made because the target machine actively refused it.')",1
GET,/predict?cb_nonce=608984,"ConnectionRefusedError(10061, '[WinError 10061] No connection could be made because the target machine actively refused it.')",1
GET,/predict?cb_nonce=688966,"ConnectionRefusedError(10061, '[WinError 10061] No connection could be made because the target machine actively refused it.')",1
GET,/predict?cb_nonce=460632,"ConnectionRefusedError(10061, '[WinError 10061] No connection could be made because the target machine actively refused it.')",1
GET,/predict?cb_nonce=571775,"ConnectionRefusedError(10061, '[WinError 10061] No connection could be made because the target machine actively refused it.')",1
GET,/predict?cb_nonce=478112,"ConnectionRefusedError(10061, '[WinError 10061] No connection could be made because the target machine actively refused it.')",1
GET,/predict?cb_nonce=262446,"ConnectionRefusedError(10061, '[WinError 10061] No connection could be made because the target machine actively refused it.')",1
GET,/predict?cb_nonce=963503,"ConnectionRefusedError(10061, '[WinError 10061] No connection could be made because the target machine actively refused it.')",1
GET,/predict?cb_nonce=539064,"ConnectionRefusedError(10061, '[WinError 10061] No connection could be made because the target machine actively refused it.')",1
GET,/predict?cb_nonce=162858,"ConnectionRefusedError(10061, '[WinError 10061] No connection could be made because the target machine actively refused it.')",1
GET,/predict?cb_nonce=351871,"ConnectionRefusedError(10061, '[WinError 10061] No connection could be made because the target machine actively refused it.')",1
GET,/predict?cb_nonce=727002,"ConnectionRefusedError(10061, '[WinError 10061] No connection could be made because the target machine actively refused it.')",1
GET,/predict?cb_nonce=542563,"ConnectionRefusedError(10061, '[WinError 10061] No connection could be made because the target machine actively refused it.')",1
GET,/predict?cb_nonce=449557,"ConnectionRefusedError(10061, '[WinError 10061] No connection could be made because the target machine actively refused it.')",1
GET,/predict?cb_nonce=515941,"ConnectionRefusedError(10061, '[WinError 10061] No connection could be made because the target machine actively refused it.')",1
GET,/predict?cb_nonce=814454,"ConnectionRefusedError(10061, '[WinError 10061] No connection could be made because the target machine actively refused it.')",1
GET,/predict?cb_nonce=806172,"ConnectionRefusedError(10061, '[WinError 10061] No connection could be made because the target machine actively refused it.')",1
GET,/predict?cb_nonce=418678,"ConnectionRefusedError(10061, '[WinError 10061] No connection could be made because the target machine actively refused it.')",1
GET,/predict?cb_nonce=385371,"ConnectionRefusedError(10061, '[WinError 10061] No connection could be made because the target machine actively refused it.')",1
GET,/predict?cb_nonce=168735,"ConnectionRefusedError(10061, '[WinError 10061] No connection could be made because the target machine actively refused it.')",1
GET,/predict?cb_nonce=53052,"ConnectionRefusedError(10061, '[WinError 10061] No connection could be made because the target machine actively refused it.')",1
GET,/predict?cb_nonce=580076,"ConnectionRefusedError(10061, '[WinError 10061] No connection could be made because the target machine actively refused it.')",1
GET,/predict?cb_nonce=329287,"ConnectionRefusedError(10061, '[WinError 10061] No connection could be made because the target machine actively refused it.')",1
GET,/predict?cb_nonce=287413,"ConnectionRefusedError(10061, '[WinError 10061] No connection could be made because the target machine actively refused it.')",1
GET,/predict?cb_nonce=697679,"ConnectionRefusedError(10061, '[WinError 10061] No connection could be made because the target machine actively refused it.')",1
GET,/predict?cb_nonce=628377,"ConnectionRefusedError(10061, '[WinError 10061] No connection could be made because the target machine actively refused it.')",1
GET,/predict?cb_nonce=360353,"ConnectionRefusedError(10061, '[WinError 10061] No connection could be made because the target machine actively refused it.')",1
GET,/predict?cb_nonce=101840,"ConnectionRefusedError(10061, '[WinError 10061] No connection could be made because the target machine actively refused it.')",1
GET,/predict?cb_nonce=665924,"ConnectionRefusedError(10061, '[WinError 10061] No connection could be made because the target machine actively refused it.')",1
GET,/predict?cb_nonce=788372,"ConnectionRefusedError(10061, '[WinError 10061] No connection could be made because the target machine actively refused it.')",1
GET,/predict?cb_nonce=639002,"ConnectionRefusedError(10061, '[WinError 10061] No connection could be made because the target machine actively refused it.')",1
GET,/predict?cb_nonce=807828,"ConnectionRefusedError(10061, '[WinError 10061] No connection could be made because the target machine actively refused it.')",1
GET,/predict?cb_nonce=265717,"ConnectionRefusedError(10061, '[WinError 10061] No connection could be made because the target machine actively refused it.')",1
GET,/predict?cb_nonce=264874,"ConnectionRefusedError(10061, '[WinError 10061] No connection could be made because the target machine actively refused it.')",1
GET,/predict?cb_nonce=399484,"ConnectionRefusedError(10061, '[WinError 10061] No connection could be made because the target machine actively refused it.')",1
GET,/predict?cb_nonce=263463,"ConnectionRefusedError(10061, '[WinError 10061] No connection could be made because the target machine actively refused it.')",1
GET,/predict?cb_nonce=724073,"ConnectionRefusedError(10061, '[WinError 10061] No connection could be made because the target machine actively refused it.')",1
GET,/predict?cb_nonce=15752,"ConnectionRefusedError(10061, '[WinError 10061] No connection could be made because the target machine actively refused it.')",1
GET,/predict?cb_nonce=843187,"ConnectionRefusedError(10061, '[WinError 10061] No connection could be made because the target machine actively refused it.')",1
GET,/predict?cb_nonce=381037,"ConnectionRefusedError(10061, '[WinError 10061] No connection could be made because the target machine actively refused it.')",1
GET,/predict?cb_nonce=288424,"ConnectionRefusedError(10061, '[WinError 10061] No connection could be made because the target machine actively refused it.')",1
GET,/predict?cb_nonce=595251,"ConnectionRefusedError(10061, '[WinError 10061] No connection could be made because the target machine actively refused it.')",1
GET,/predict?cb_nonce=609052,"ConnectionRefusedError(10061, '[WinError 10061] No connection could be made because the target machine actively refused it.')",1
GET,/predict?cb_nonce=635501,"ConnectionRefusedError(10061, '[WinError 10061] No connection could be made because the target machine actively refused it.')",1
GET,/predict?cb_nonce=643329,"ConnectionRefusedError(10061, '[WinError 10061] No connection could be made because the target machine actively refused it.')",1
GET,/predict?cb_nonce=282448,"ConnectionRefusedError(10061, '[WinError 10061] No connection could be made because the target machine actively refused it.')",1
GET,/predict?cb_nonce=753911,"ConnectionRefusedError(10061, '[WinError 10061] No connection could be made because the target machine actively refused it.')",1
GET,/predict?cb_nonce=861361,"ConnectionRefusedError(10061, '[WinError 10061] No connection could be made because the target machine actively refused it.')",1
GET,/predict?cb_nonce=637613,"ConnectionRefusedError(10061, '[WinError 10061] No connection could be made because the target machine actively refused it.')",1
GET,/predict?cb_nonce=616563,"ConnectionRefusedError(10061, '[WinError 10061] No connection could be made because the target machine actively refused it.')",1
GET,/predict?cb_nonce=155206,"ConnectionRefusedError(10061, '[WinError 10061] No connection could be made because the target machine actively refused it.')",1
GET,/predict?cb_nonce=198895,"ConnectionRefusedError(10061, '[WinError 10061] No connection could be made because the target machine actively refused it.')",1
GET,/predict?cb_nonce=2480,"ConnectionRefusedError(10061, '[WinError 10061] No connection could be made because the target machine actively refused it.')",1
GET,/predict?cb_nonce=136830,"ConnectionRefusedError(10061, '[WinError 10061] No connection could be made because the target machine actively refused it.')",1
GET,/predict?cb_nonce=239119,"ConnectionRefusedError(10061, '[WinError 10061] No connection could be made because the target machine actively refused it.')",1
GET,/predict?cb_nonce=760116,"ConnectionRefusedError(10061, '[WinError 10061] No connection could be made because the target machine actively refused it.')",1
GET,/predict?cb_nonce=183091,"ConnectionRefusedError(10061, '[WinError 10061] No connection could be made because the target machine actively refused it.')",1
GET,/predict?cb_nonce=345696,"ConnectionRefusedError(10061, '[WinError 10061] No connection could be made because the target machine actively refused it.')",1
GET,/predict?cb_nonce=447742,"ConnectionRefusedError(10061, '[WinError 10061] No connection could be made because the target machine actively refused it.')",1
GET,/predict?cb_nonce=254538,"ConnectionRefusedError(10061, '[WinError 10061] No connection could be made because the target machine actively refused it.')",1
GET,/predict?cb_nonce=532565,"ConnectionRefusedError(10061, '[WinError 10061] No connection could be made because the target machine actively refused it.')",1
GET,/predict?cb_nonce=423923,"ConnectionRefusedError(10061, '[WinError 10061] No connection could be made because the target machine actively refused it.')",1
GET,/predict?cb_nonce=427104,"ConnectionRefusedError(10061, '[WinError 10061] No connection could be made because the target machine actively refused it.')",1
GET,/predict?cb_nonce=466561,"ConnectionRefusedError(10061, '[WinError 10061] No connection could be made because the target machine actively refused it.')",1
GET,/predict?cb_nonce=477341,"ConnectionRefusedError(10061, '[WinError 10061] No connection could be made because the target machine actively refused it.')",1
GET,/predict?cb_nonce=733542,"ConnectionRefusedError(10061, '[WinError 10061] No connection could be made because the target machine actively refused it.')",1
GET,/predict?cb_nonce=453832,"ConnectionRefusedError(10061, '[WinError 10061] No connection could be made because the target machine actively refused it.')",1
GET,/predict?cb_nonce=382384,"ConnectionRefusedError(10061, '[WinError 10061] No connection could be made because the target machine actively refused it.')",1
GET,/predict?cb_nonce=551981,"ConnectionRefusedError(10061, '[WinError 10061] No connection could be made because the target machine actively refused it.')",1
GET,/predict?cb_nonce=188230,"ConnectionRefusedError(10061, '[WinError 10061] No connection could be made because the target machine actively refused it.')",1
GET,/predict?cb_nonce=376131,"ConnectionRefusedError(10061, '[WinError 10061] No connection could be made because the target machine actively refused it.')",1
GET,/predict?cb_nonce=204087,"ConnectionRefusedError(10061, '[WinError 10061] No connection could be made because the target machine actively refused it.')",1
GET,/predict?cb_nonce=615343,"ConnectionRefusedError(10061, '[WinError 10061] No connection could be made because the target machine actively refused it.')",1
GET,/predict?cb_nonce=265177,"ConnectionRefusedError(10061, '[WinError 10061] No connection could be made because the target machine actively refused it.')",1
GET,/predict?cb_nonce=370417,"ConnectionRefusedError(10061, '[WinError 10061] No connection could be made because the target machine actively refused it.')",1
GET,/predict?cb_nonce=399534,"ConnectionRefusedError(10061, '[WinError 10061] No connection could be made because the target machine actively refused it.')",1
GET,/predict?cb_nonce=138129,"ConnectionRefusedError(10061, '[WinError 10061] No connection could be made because the target machine actively refused it.')",1
GET,/predict?cb_nonce=691223,"ConnectionRefusedError(10061, '[WinError 10061] No connection could be made because the target machine actively refused it.')",1
GET,/predict?cb_nonce=774219,"ConnectionRefusedError(10061, '[WinError 10061] No connection could be made because the target machine actively refused it.')",1
GET,/predict?cb_nonce=608893,"ConnectionRefusedError(10061, '[WinError 10061] No connection could be made because the target machine actively refused it.')",1
GET,/predict?cb_nonce=627551,"ConnectionRefusedError(10061, '[WinError 10061] No connection could be made because the target machine actively refused it.')",1
GET,/predict?cb_nonce=478146,"ConnectionRefusedError(10061, '[WinError 10061] No connection could be made because the target machine actively refused it.')",1
GET,/predict?cb_nonce=3162,"ConnectionRefusedError(10061, '[WinError 10061] No connection could be made because the target machine actively refused it.')",1
GET,/predict?cb_nonce=743563,"ConnectionRefusedError(10061, '[WinError 10061] No connection could be made because the target machine actively refused it.')",1
GET,/predict?cb_nonce=223039,"ConnectionRefusedError(10061, '[WinError 10061] No connection could be made because the target machine actively refused it.')",1
GET,/predict?cb_nonce=965110,"ConnectionRefusedError(10061, '[WinError 10061] No connection could be made because the target machine actively refused it.')",1
GET,/predict?cb_nonce=773080,"ConnectionRefusedError(10061, '[WinError 10061] No connection could be made because the target machine actively refused it.')",1
GET,/predict?cb_nonce=782405,"ConnectionRefusedError(10061, '[WinError 10061] No connection could be made because the target machine actively refused it.')",1
GET,/predict?cb_nonce=688744,"ConnectionRefusedError(10061, '[WinError 10061] No connection could be made because the target machine actively refused it.')",1
GET,/predict?cb_nonce=717930,"ConnectionRefusedError(10061, '[WinError 10061] No connection could be made because the target machine actively refused it.')",1
GET,/predict?cb_nonce=368449,"ConnectionRefusedError(10061, '[WinError 10061] No connection could be made because the target machine actively refused it.')",1
GET,/predict?cb_nonce=965669,"ConnectionRefusedError(10061, '[WinError 10061] No connection could be made because the target machine actively refused it.')",1
GET,/predict?cb_nonce=539032,"ConnectionRefusedError(10061, '[WinError 10061] No connection could be made because the target machine actively refused it.')",1
GET,/predict?cb_nonce=757107,"ConnectionRefusedError(10061, '[WinError 10061] No connection could be made because the target machine actively refused it.')",1
GET,/predict?cb_nonce=686729,"ConnectionRefusedError(10061, '[WinError 10061] No connection could be made because the target machine actively refused it.')",1
GET,/predict?cb_nonce=508707,"ConnectionRefusedError(10061, '[WinError 10061] No connection could be made because the target machine actively refused it.')",1
GET,/predict?cb_nonce=689545,"ConnectionRefusedError(10061, '[WinError 10061] No connection could be made because the target machine actively refused it.')",1
GET,/predict?cb_nonce=59696,"ConnectionRefusedError(10061, '[WinError 10061] No connection could be made because the target machine actively refused it.')",1
GET,/predict?cb_nonce=118351,"ConnectionRefusedError(10061, '[WinError 10061] No connection could be made because the target machine actively refused it.')",1
GET,/predict?cb_nonce=118465,"ConnectionRefusedError(10061, '[WinError 10061] No connection could be made because the target machine actively refused it.')",1
GET,/predict?cb_nonce=51398,"ConnectionRefusedError(10061, '[WinError 10061] No connection could be made because the target machine actively refused it.')",1
GET,/predict?cb_nonce=785190,"ConnectionRefusedError(10061, '[WinError 10061] No connection could be made because the target machine actively refused it.')",1
GET,/predict?cb_nonce=787180,"ConnectionRefusedError(10061, '[WinError 10061] No connection could be made because the target machine actively refused it.')",1
GET,/predict?cb_nonce=468677,"ConnectionRefusedError(10061, '[WinError 10061] No connection could be made because the target machine actively refused it.')",1
GET,/predict?cb_nonce=347152,"ConnectionRefusedError(10061, '[WinError 10061] No connection could be made because the target machine actively refused it.')",1
GET,/predict?cb_nonce=416924,"ConnectionRefusedError(10061, '[WinError 10061] No connection could be made because the target machine actively refused it.')",1
GET,/predict?cb_nonce=311682,"ConnectionRefusedError(10061, '[WinError 10061] No connection could be made because the target machine actively refused it.')",1
GET,/predict?cb_nonce=678041,"ConnectionRefusedError(10061, '[WinError 10061] No connection could be made because the target machine actively refused it.')",1
GET,/predict?cb_nonce=515517,"ConnectionRefusedError(10061, '[WinError 10061] No connection could be made because the target machine actively refused it.')",1
GET,/predict?cb_nonce=10968,"ConnectionRefusedError(10061, '[WinError 10061] No connection could be made because the target machine actively refused it.')",1
GET,/predict?cb_nonce=66882,"ConnectionRefusedError(10061, '[WinError 10061] No connection could be made because the target machine actively refused it.')",1
GET,/predict?cb_nonce=326652,"ConnectionRefusedError(10061, '[WinError 10061] No connection could be made because the target machine actively refused it.')",1
GET,/predict?cb_nonce=901175,"ConnectionRefusedError(10061, '[WinError 10061] No connection could be made because the target machine actively refused it.')",1
GET,/predict?cb_nonce=787109,"ConnectionRefusedError(10061, '[WinError 10061] No connection could be made because the target machine actively refused it.')",1
GET,/predict?cb_nonce=271307,"ConnectionRefusedError(10061, '[WinError 10061] No connection could be made because the target machine actively refused it.')",1
GET,/predict?cb_nonce=113959,"ConnectionRefusedError(10061, '[WinError 10061] No connection could be made because the target machine actively refused it.')",1
GET,/predict?cb_nonce=33589,"ConnectionRefusedError(10061, '[WinError 10061] No connection could be made because the target machine actively refused it.')",1
GET,/predict?cb_nonce=767114,"ConnectionRefusedError(10061, '[WinError 10061] No connection could be made because the target machine actively refused it.')",1
GET,/predict?cb_nonce=548854,"ConnectionRefusedError(10061, '[WinError 10061] No connection could be made because the target machine actively refused it.')",1
GET,/predict?cb_nonce=909733,"ConnectionRefusedError(10061, '[WinError 10061] No connection could be made because the target machine actively refused it.')",1
GET,/predict?cb_nonce=732934,"ConnectionRefusedError(10061, '[WinError 10061] No connection could be made because the target machine actively refused it.')",1
GET,/predict?cb_nonce=262211,"ConnectionRefusedError(10061, '[WinError 10061] No connection could be made because the target machine actively refused it.')",1
GET,/predict?cb_nonce=644442,"ConnectionRefusedError(10061, '[WinError 10061] No connection could be made because the target machine actively refused it.')",1
GET,/predict?cb_nonce=777062,"ConnectionRefusedError(10061, '[WinError 10061] No connection could be made because the target machine actively refused it.')",1
GET,/predict?cb_nonce=878729,"ConnectionRefusedError(10061, '[WinError 10061] No connection could be made because the target machine actively refused it.')",1
GET,/predict?cb_nonce=789569,"ConnectionRefusedError(10061, '[WinError 10061] No connection could be made because the target machine actively refused it.')",1
GET,/predict?cb_nonce=649113,"ConnectionRefusedError(10061, '[WinError 10061] No connection could be made because the target machine actively refused it.')",1
GET,/predict?cb_nonce=238887,"ConnectionRefusedError(10061, '[WinError 10061] No connection could be made because the target machine actively refused it.')",1
GET,/predict?cb_nonce=542453,"ConnectionRefusedError(10061, '[WinError 10061] No connection could be made because the target machine actively refused it.')",1
GET,/predict?cb_nonce=578544,"ConnectionRefusedError(10061, '[WinError 10061] No connection could be made because the target machine actively refused it.')",1
GET,/predict?cb_nonce=469692,"ConnectionRefusedError(10061, '[WinError 10061] No connection could be made because the target machine actively refused it.')",1
GET,/predict?cb_nonce=913349,"ConnectionRefusedError(10061, '[WinError 10061] No connection could be made because the target machine actively refused it.')",1
GET,/predict?cb_nonce=255060,"ConnectionRefusedError(10061, '[WinError 10061] No connection could be made because the target machine actively refused it.')",1
GET,/predict?cb_nonce=551621,"ConnectionRefusedError(10061, '[WinError 10061] No connection could be made because the target machine actively refused it.')",1
GET,/predict?cb_nonce=232305,"ConnectionRefusedError(10061, '[WinError 10061] No connection could be made because the target machine actively refused it.')",1
GET,/predict?cb_nonce=364503,"ConnectionRefusedError(10061, '[WinError 10061] No connection could be made because the target machine actively refused it.')",1
GET,/predict?cb_nonce=775508,"ConnectionRefusedError(10061, '[WinError 10061] No connection could be made because the target machine actively refused it.')",1
GET,/predict?cb_nonce=234686,"ConnectionRefusedError(10061, '[WinError 10061] No connection could be made because the target machine actively refused it.')",1
GET,/predict?cb_nonce=389953,"ConnectionRefusedError(10061, '[WinError 10061] No connection could be made because the target machine actively refused it.')",1
GET,/predict?cb_nonce=311813,"ConnectionRefusedError(10061, '[WinError 10061] No connection could be made because the target machine actively refused it.')",1
GET,/predict?cb_nonce=440156,"ConnectionRefusedError(10061, '[WinError 10061] No connection could be made because the target machine actively refused it.')",1
GET,/predict?cb_nonce=139059,"ConnectionRefusedError(10061, '[WinError 10061] No connection could be made because the target machine actively refused it.')",1
GET,/predict?cb_nonce=534137,"ConnectionRefusedError(10061, '[WinError 10061] No connection could be made because the target machine actively refused it.')",1
GET,/predict?cb_nonce=940112,"ConnectionRefusedError(10061, '[WinError 10061] No connection could be made because the target machine actively refused it.')",1
GET,/predict?cb_nonce=840631,"ConnectionRefusedError(10061, '[WinError 10061] No connection could be made because the target machine actively refused it.')",1
GET,/predict?cb_nonce=733384,"ConnectionRefusedError(10061, '[WinError 10061] No connection could be made because the target machine actively refused it.')",1
GET,/predict?cb_nonce=760338,"ConnectionRefusedError(10061, '[WinError 10061] No connection could be made because the target machine actively refused it.')",1
GET,/predict?cb_nonce=205192,"ConnectionRefusedError(10061, '[WinError 10061] No connection could be made because the target machine actively refused it.')",1
GET,/predict?cb_nonce=809726,"ConnectionRefusedError(10061, '[WinError 10061] No connection could be made because the target machine actively refused it.')",1
GET,/predict?cb_nonce=398053,"ConnectionRefusedError(10061, '[WinError 10061] No connection could be made because the target machine actively refused it.')",1
GET,/predict?cb_nonce=387690,"ConnectionRefusedError(10061, '[WinError 10061] No connection could be made because the target machine actively refused it.')",1
GET,/predict?cb_nonce=556111,"ConnectionRefusedError(10061, '[WinError 10061] No connection could be made because the target machine actively refused it.')",1
GET,/predict?cb_nonce=858796,"ConnectionRefusedError(10061, '[WinError 10061] No connection could be made because the target machine actively refused it.')",1
GET,/predict?cb_nonce=308676,"ConnectionRefusedError(10061, '[WinError 10061] No connection could be made because the target machine actively refused it.')",1
GET,/predict?cb_nonce=284387,"ConnectionRefusedError(10061, '[WinError 10061] No connection could be made because the target machine actively refused it.')",1
GET,/predict?cb_nonce=786497,"ConnectionRefusedError(10061, '[WinError 10061] No connection could be made because the target machine actively refused it.')",1
GET,/predict?cb_nonce=545175,"ConnectionRefusedError(10061, '[WinError 10061] No connection could be made because the target machine actively refused it.')",1
GET,/predict?cb_nonce=933378,"ConnectionRefusedError(10061, '[WinError 10061] No connection could be made because the target machine actively refused it.')",1
GET,/predict?cb_nonce=282434,"ConnectionRefusedError(10061, '[WinError 10061] No connection could be made because the target machine actively refused it.')",1
GET,/predict?cb_nonce=486505,"ConnectionRefusedError(10061, '[WinError 10061] No connection could be made because the target machine actively refused it.')",1
GET,/predict?cb_nonce=134045,"ConnectionRefusedError(10061, '[WinError 10061] No connection could be made because the target machine actively refused it.')",1
GET,/predict?cb_nonce=146449,"ConnectionRefusedError(10061, '[WinError 10061] No connection could be made because the target machine actively refused it.')",1
GET,/predict?cb_nonce=634660,"ConnectionRefusedError(10061, '[WinError 10061] No connection could be made because the target machine actively refused it.')",1
GET,/predict?cb_nonce=711132,"ConnectionRefusedError(10061, '[WinError 10061] No connection could be made because the target machine actively refused it.')",1
GET,/predict?cb_nonce=811514,"ConnectionRefusedError(10061, '[WinError 10061] No connection could be made because the target machine actively refused it.')",1
GET,/predict?cb_nonce=992725,"ConnectionRefusedError(10061, '[WinError 10061] No connection could be made because the target machine actively refused it.')",1
GET,/predict?cb_nonce=730164,"ConnectionRefusedError(10061, '[WinError 10061] No connection could be made because the target machine actively refused it.')",1
GET,/predict?cb_nonce=493077,"ConnectionRefusedError(10061, '[WinError 10061] No connection could be made because the target machine actively refused it.')",1
GET,/predict?cb_nonce=797559,"ConnectionRefusedError(10061, '[WinError 10061] No connection could be made because the target machine actively refused it.')",1
GET,/predict?cb_nonce=498488,"ConnectionRefusedError(10061, '[WinError 10061] No connection could be made because the target machine actively refused it.')",1
GET,/predict?cb_nonce=835393,"ConnectionRefusedError(10061, '[WinError 10061] No connection could be made because the target machine actively refused it.')",1
GET,/predict?cb_nonce=624656,"ConnectionRefusedError(10061, '[WinError 10061] No connection could be made because the target machine actively refused it.')",1
GET,/predict?cb_nonce=808385,"ConnectionRefusedError(10061, '[WinError 10061] No connection could be made because the target machine actively refused it.')",1
GET,/predict?cb_nonce=147704,"ConnectionRefusedError(10061, '[WinError 10061] No connection could be made because the target machine actively refused it.')",1
GET,/predict?cb_nonce=637874,"ConnectionRefusedError(10061, '[WinError 10061] No connection could be made because the target machine actively refused it.')",1
GET,/predict?cb_nonce=946131,"ConnectionRefusedError(10061, '[WinError 10061] No connection could be made because the target machine actively refused it.')",1
GET,/predict?cb_nonce=648398,"ConnectionRefusedError(10061, '[WinError 10061] No connection could be made because the target machine actively refused it.')",1
GET,/predict?cb_nonce=79546,"ConnectionRefusedError(10061, '[WinError 10061] No connection could be made because the target machine actively refused it.')",1
GET,/predict?cb_nonce=889167,"ConnectionRefusedError(10061, '[WinError 10061] No connection could be made because the target machine actively refused it.')",1
GET,/predict?cb_nonce=901699,"ConnectionRefusedError(10061, '[WinError 10061] No connection could be made because the target machine actively refused it.')",1
GET,/predict?cb_nonce=243105,"ConnectionRefusedError(10061, '[WinError 10061] No connection could be made because the target machine actively refused it.')",1
GET,/predict?cb_nonce=465962,"ConnectionRefusedError(10061, '[WinError 10061] No connection could be made because the target machine actively refused it.')",1
GET,/predict?cb_nonce=140177,"ConnectionRefusedError(10061, '[WinError 10061] No connection could be made because the target machine actively refused it.')",1
GET,/predict?cb_nonce=742022,"ConnectionRefusedError(10061, '[WinError 10061] No connection could be made because the target machine actively refused it.')",1
GET,/predict?cb_nonce=834158,"ConnectionRefusedError(10061, '[WinError 10061] No connection could be made because the target machine actively refused it.')",1
GET,/predict?cb_nonce=715282,"ConnectionRefusedError(10061, '[WinError 10061] No connection could be made because the target machine actively refused it.')",1
GET,/predict?cb_nonce=36467,"ConnectionRefusedError(10061, '[WinError 10061] No connection could be made because the target machine actively refused it.')",1
GET,/predict?cb_nonce=622616,"ConnectionRefusedError(10061, '[WinError 10061] No connection could be made because the target machine actively refused it.')",1
GET,/predict?cb_nonce=934317,"ConnectionRefusedError(10061, '[WinError 10061] No connection could be made because the target machine actively refused it.')",1
GET,/predict?cb_nonce=502620,"ConnectionRefusedError(10061, '[WinError 10061] No connection could be made because the target machine actively refused it.')",1
GET,/predict?cb_nonce=482942,"ConnectionRefusedError(10061, '[WinError 10061] No connection could be made because the target machine actively refused it.')",1
GET,/predict?cb_nonce=36572,"ConnectionRefusedError(10061, '[WinError 10061] No connection could be made because the target machine actively refused it.')",1
GET,/predict?cb_nonce=226872,"ConnectionRefusedError(10061, '[WinError 10061] No connection could be made because the target machine actively refused it.')",1
GET,/predict?cb_nonce=163954,"ConnectionRefusedError(10061, '[WinError 10061] No connection could be made because the target machine actively refused it.')",1
GET,/predict?cb_nonce=339026,"ConnectionRefusedError(10061, '[WinError 10061] No connection could be made because the target machine actively refused it.')",1
GET,/predict?cb_nonce=588327,"ConnectionRefusedError(10061, '[WinError 10061] No connection could be made because the target machine actively refused it.')",1
GET,/predict?cb_nonce=855152,"ConnectionRefusedError(10061, '[WinError 10061] No connection could be made because the target machine actively refused it.')",1
GET,/predict?cb_nonce=506957,"ConnectionRefusedError(10061, '[WinError 10061] No connection could be made because the target machine actively refused it.')",1
GET,/predict?cb_nonce=708172,"ConnectionRefusedError(10061, '[WinError 10061] No connection could be made because the target machine actively refused it.')",1
GET,/predict?cb_nonce=92272,"ConnectionRefusedError(10061, '[WinError 10061] No connection could be made because the target machine actively refused it.')",1
GET,/predict?cb_nonce=49224,"ConnectionRefusedError(10061, '[WinError 10061] No connection could be made because the target machine actively refused it.')",1
GET,/predict?cb_nonce=403690,"ConnectionRefusedError(10061, '[WinError 10061] No connection could be made because the target machine actively refused it.')",1
GET,/predict?cb_nonce=623027,"ConnectionRefusedError(10061, '[WinError 10061] No connection could be made because the target machine actively refused it.')",1
GET,/predict?cb_nonce=327213,"ConnectionRefusedError(10061, '[WinError 10061] No connection could be made because the target machine actively refused it.')",1
GET,/predict?cb_nonce=598525,"ConnectionRefusedError(10061, '[WinError 10061] No connection could be made because the target machine actively refused it.')",1
GET,/predict?cb_nonce=618581,"ConnectionRefusedError(10061, '[WinError 10061] No connection could be made because the target machine actively refused it.')",1
GET,/predict?cb_nonce=89469,"ConnectionRefusedError(10061, '[WinError 10061] No connection could be made because the target machine actively refused it.')",1
GET,/predict?cb_nonce=31920,"ConnectionRefusedError(10061, '[WinError 10061] No connection could be made because the target machine actively refused it.')",1
GET,/predict?cb_nonce=36077,"ConnectionRefusedError(10061, '[WinError 10061] No connection could be made because the target machine actively refused it.')",1
GET,/predict?cb_nonce=421775,"ConnectionRefusedError(10061, '[WinError 10061] No connection could be made because the target machine actively refused it.')",1
GET,/predict?cb_nonce=539768,"ConnectionRefusedError(10061, '[WinError 10061] No connection could be made because the target machine actively refused it.')",1
GET,/predict?cb_nonce=364001,"ConnectionRefusedError(10061, '[WinError 10061] No connection could be made because the target machine actively refused it.')",1
GET,/predict?cb_nonce=372518,"ConnectionRefusedError(10061, '[WinError 10061] No connection could be made because the target machine actively refused it.')",1
GET,/predict?cb_nonce=408520,"ConnectionRefusedError(10061, '[WinError 10061] No connection could be made because the target machine actively refused it.')",1
GET,/predict?cb_nonce=364988,"ConnectionRefusedError(10061, '[WinError 10061] No connection could be made because the target machine actively refused it.')",1
GET,/predict?cb_nonce=557613,"ConnectionRefusedError(10061, '[WinError 10061] No connection could be made because the target machine actively refused it.')",1
GET,/predict?cb_nonce=477122,"ConnectionRefusedError(10061, '[WinError 10061] No connection could be made because the target machine actively refused it.')",1
GET,/predict?cb_nonce=423201,"ConnectionRefusedError(10061, '[WinError 10061] No connection could be made because the target machine actively refused it.')",1
GET,/predict?cb_nonce=633587,"ConnectionRefusedError(10061, '[WinError 10061] No connection could be made because the target machine actively refused it.')",1
GET,/predict?cb_nonce=844677,"ConnectionRefusedError(10061, '[WinError 10061] No connection could be made because the target machine actively refused it.')",1
GET,/predict?cb_nonce=827690,"ConnectionRefusedError(10061, '[WinError 10061] No connection could be made because the target machine actively refused it.')",1
GET,/predict?cb_nonce=207738,"ConnectionRefusedError(10061, '[WinError 10061] No connection could be made because the target machine actively refused it.')",1
GET,/predict?cb_nonce=762068,"ConnectionRefusedError(10061, '[WinError 10061] No connection could be made because the target machine actively refused it.')",1
GET,/predict?cb_nonce=840557,"ConnectionRefusedError(10061, '[WinError 10061] No connection could be made because the target machine actively refused it.')",1
GET,/predict?cb_nonce=694585,"ConnectionRefusedError(10061, '[WinError 10061] No connection could be made because the target machine actively refused it.')",1
GET,/predict?cb_nonce=222084,"ConnectionRefusedError(10061, '[WinError 10061] No connection could be made because the target machine actively refused it.')",1
GET,/predict?cb_nonce=848733,"ConnectionRefusedError(10061, '[WinError 10061] No connection could be made because the target machine actively refused it.')",1
GET,/predict?cb_nonce=189419,"ConnectionRefusedError(10061, '[WinError 10061] No connection could be made because the target machine actively refused it.')",1
GET,/predict?cb_nonce=732970,"ConnectionRefusedError(10061, '[WinError 10061] No connection could be made because the target machine actively refused it.')",1
GET,/predict?cb_nonce=916281,"ConnectionRefusedError(10061, '[WinError 10061] No connection could be made because the target machine actively refused it.')",1
GET,/predict?cb_nonce=258870,"ConnectionRefusedError(10061, '[WinError 10061] No connection could be made because the target machine actively refused it.')",1
GET,/predict?cb_nonce=290621,"ConnectionRefusedError(10061, '[WinError 10061] No connection could be made because the target machine actively refused it.')",1
GET,/predict?cb_nonce=792544,"ConnectionRefusedError(10061, '[WinError 10061] No connection could be made because the target machine actively refused it.')",1
GET,/predict?cb_nonce=614617,"ConnectionRefusedError(10061, '[WinError 10061] No connection could be made because the target machine actively refused it.')",1
GET,/predict?cb_nonce=500954,"ConnectionRefusedError(10061, '[WinError 10061] No connection could be made because the target machine actively refused it.')",1
GET,/predict?cb_nonce=175191,"ConnectionRefusedError(10061, '[WinError 10061] No connection could be made because the target machine actively refused it.')",1
GET,/predict?cb_nonce=396067,"ConnectionRefusedError(10061, '[WinError 10061] No connection could be made because the target machine actively refused it.')",1
GET,/predict?cb_nonce=261077,"ConnectionRefusedError(10061, '[WinError 10061] No connection could be made because the target machine actively refused it.')",1
GET,/predict?cb_nonce=436515,"ConnectionRefusedError(10061, '[WinError 10061] No connection could be made because the target machine actively refused it.')",1
GET,/predict?cb_nonce=158679,"ConnectionRefusedError(10061, '[WinError 10061] No connection could be made because the target machine actively refused it.')",1
GET,/predict?cb_nonce=522110,"ConnectionRefusedError(10061, '[WinError 10061] No connection could be made because the target machine actively refused it.')",1
GET,/predict?cb_nonce=342903,"ConnectionRefusedError(10061, '[WinError 10061] No connection could be made because the target machine actively refused it.')",1
GET,/predict?cb_nonce=869295,"ConnectionRefusedError(10061, '[WinError 10061] No connection could be made because the target machine actively refused it.')",1
GET,/predict?cb_nonce=941169,"ConnectionRefusedError(10061, '[WinError 10061] No connection could be made because the target machine actively refused it.')",1
GET,/predict?cb_nonce=662775,"ConnectionRefusedError(10061, '[WinError 10061] No connection could be made because the target machine actively refused it.')",1
GET,/predict?cb_nonce=829151,"ConnectionRefusedError(10061, '[WinError 10061] No connection could be made because the target machine actively refused it.')",1
GET,/predict?cb_nonce=154230,"ConnectionRefusedError(10061, '[WinError 10061] No connection could be made because the target machine actively refused it.')",1
GET,/predict?cb_nonce=725867,"ConnectionRefusedError(10061, '[WinError 10061] No connection could be made because the target machine actively refused it.')",1
GET,/predict?cb_nonce=289972,"ConnectionRefusedError(10061, '[WinError 10061] No connection could be made because the target machine actively refused it.')",1
GET,/predict?cb_nonce=370862,"ConnectionRefusedError(10061, '[WinError 10061] No connection could be made because the target machine actively refused it.')",1
GET,/predict?cb_nonce=447089,"ConnectionRefusedError(10061, '[WinError 10061] No connection could be made because the target machine actively refused it.')",1
GET,/predict?cb_nonce=923787,"ConnectionRefusedError(10061, '[WinError 10061] No connection could be made because the target machine actively refused it.')",1
GET,/predict?cb_nonce=394777,"ConnectionRefusedError(10061, '[WinError 10061] No connection could be made because the target machine actively refused it.')",1
GET,/predict?cb_nonce=688759,"ConnectionRefusedError(10061, '[WinError 10061] No connection could be made because the target machine actively refused it.')",1
GET,/predict?cb_nonce=657829,"ConnectionRefusedError(10061, '[WinError 10061] No connection could be made because the target machine actively refused it.')",1
GET,/predict?cb_nonce=378531,"ConnectionRefusedError(10061, '[WinError 10061] No connection could be made because the target machine actively refused it.')",1
GET,/predict?cb_nonce=27238,"ConnectionRefusedError(10061, '[WinError 10061] No connection could be made because the target machine actively refused it.')",1
GET,/predict?cb_nonce=707443,"ConnectionRefusedError(10061, '[WinError 10061] No connection could be made because the target machine actively refused it.')",1
GET,/predict?cb_nonce=894170,"ConnectionRefusedError(10061, '[WinError 10061] No connection could be made because the target machine actively refused it.')",1
GET,/predict?cb_nonce=718423,"ConnectionRefusedError(10061, '[WinError 10061] No connection could be made because the target machine actively refused it.')",1
GET,/predict?cb_nonce=741065,"ConnectionRefusedError(10061, '[WinError 10061] No connection could be made because the target machine actively refused it.')",1
GET,/predict?cb_nonce=563013,"ConnectionRefusedError(10061, '[WinError 10061] No connection could be made because the target machine actively refused it.')",1
GET,/predict?cb_nonce=365448,"ConnectionRefusedError(10061, '[WinError 10061] No connection could be made because the target machine actively refused it.')",1
GET,/predict?cb_nonce=974208,"ConnectionRefusedError(10061, '[WinError 10061] No connection could be made because the target machine actively refused it.')",1
GET,/predict?cb_nonce=943508,"ConnectionRefusedError(10061, '[WinError 10061] No connection could be made because the target machine actively refused it.')",1
GET,/predict?cb_nonce=581945,"ConnectionRefusedError(10061, '[WinError 10061] No connection could be made because the target machine actively refused it.')",1
GET,/predict?cb_nonce=962914,"ConnectionRefusedError(10061, '[WinError 10061] No connection could be made because the target machine actively refused it.')",1
GET,/predict?cb_nonce=864598,"ConnectionRefusedError(10061, '[WinError 10061] No connection could be made because the target machine actively refused it.')",1
GET,/predict?cb_nonce=342074,"ConnectionRefusedError(10061, '[WinError 10061] No connection could be made because the target machine actively refused it.')",1
GET,/predict?cb_nonce=937863,"ConnectionRefusedError(10061, '[WinError 10061] No connection could be made because the target machine actively refused it.')",1
GET,/predict?cb_nonce=215572,"ConnectionRefusedError(10061, '[WinError 10061] No connection could be made because the target machine actively refused it.')",1
GET,/predict?cb_nonce=736669,"ConnectionRefusedError(10061, '[WinError 10061] No connection could be made because the target machine actively refused it.')",1
GET,/predict?cb_nonce=603348,"ConnectionRefusedError(10061, '[WinError 10061] No connection could be made because the target machine actively refused it.')",1
GET,/predict?cb_nonce=28283,"ConnectionRefusedError(10061, '[WinError 10061] No connection could be made because the target machine actively refused it.')",1
GET,/predict?cb_nonce=925286,"ConnectionRefusedError(10061, '[WinError 10061] No connection could be made because the target machine actively refused it.')",1
GET,/predict?cb_nonce=794368,"ConnectionRefusedError(10061, '[WinError 10061] No connection could be made because the target machine actively refused it.')",1
GET,/predict?cb_nonce=577916,"ConnectionRefusedError(10061, '[WinError 10061] No connection could be made because the target machine actively refused it.')",1
GET,/predict?cb_nonce=447409,"ConnectionRefusedError(10061, '[WinError 10061] No connection could be made because the target machine actively refused it.')",1
GET,/predict?cb_nonce=447994,"ConnectionRefusedError(10061, '[WinError 10061] No connection could be made because the target machine actively refused it.')",1
GET,/predict?cb_nonce=188982,"ConnectionRefusedError(10061, '[WinError 10061] No connection could be made because the target machine actively refused it.')",1
GET,/predict?cb_nonce=217298,"ConnectionRefusedError(10061, '[WinError 10061] No connection could be made because the target machine actively refused it.')",1
GET,/predict?cb_nonce=607136,"ConnectionRefusedError(10061, '[WinError 10061] No connection could be made because the target machine actively refused it.')",1
GET,/predict?cb_nonce=714044,"ConnectionRefusedError(10061, '[WinError 10061] No connection could be made because the target machine actively refused it.')",1
GET,/predict?cb_nonce=377310,"ConnectionRefusedError(10061, '[WinError 10061] No connection could be made because the target machine actively refused it.')",1
GET,/predict?cb_nonce=673126,"ConnectionRefusedError(10061, '[WinError 10061] No connection could be made because the target machine actively refused it.')",1
GET,/predict?cb_nonce=387378,"ConnectionRefusedError(10061, '[WinError 10061] No connection could be made because the target machine actively refused it.')",1
GET,/predict?cb_nonce=311567,"ConnectionRefusedError(10061, '[WinError 10061] No connection could be made because the target machine actively refused it.')",1
GET,/predict?cb_nonce=98403,"ConnectionRefusedError(10061, '[WinError 10061] No connection could be made because the target machine actively refused it.')",1
GET,/predict?cb_nonce=520856,"ConnectionRefusedError(10061, '[WinError 10061] No connection could be made because the target machine actively refused it.')",1
GET,/predict?cb_nonce=554655,"ConnectionRefusedError(10061, '[WinError 10061] No connection could be made because the target machine actively refused it.')",1
GET,/predict?cb_nonce=65452,"ConnectionRefusedError(10061, '[WinError 10061] No connection could be made because the target machine actively refused it.')",1
GET,/predict?cb_nonce=936761,"ConnectionRefusedError(10061, '[WinError 10061] No connection could be made because the target machine actively refused it.')",1
GET,/predict?cb_nonce=938478,"ConnectionRefusedError(10061, '[WinError 10061] No connection could be made because the target machine actively refused it.')",1
GET,/predict?cb_nonce=720713,"ConnectionRefusedError(10061, '[WinError 10061] No connection could be made because the target machine actively refused it.')",1
GET,/predict?cb_nonce=173000,"ConnectionRefusedError(10061, '[WinError 10061] No connection could be made because the target machine actively refused it.')",1
GET,/predict?cb_nonce=317062,"ConnectionRefusedError(10061, '[WinError 10061] No connection could be made because the target machine actively refused it.')",1
GET,/predict?cb_nonce=660427,"ConnectionRefusedError(10061, '[WinError 10061] No connection could be made because the target machine actively refused it.')",1
GET,/predict?cb_nonce=524417,"ConnectionRefusedError(10061, '[WinError 10061] No connection could be made because the target machine actively refused it.')",1
GET,/predict?cb_nonce=341040,"ConnectionRefusedError(10061, '[WinError 10061] No connection could be made because the target machine actively refused it.')",1
GET,/predict?cb_nonce=417240,"ConnectionRefusedError(10061, '[WinError 10061] No connection could be made because the target machine actively refused it.')",1
GET,/predict?cb_nonce=782554,"ConnectionRefusedError(10061, '[WinError 10061] No connection could be made because the target machine actively refused it.')",1
GET,/predict?cb_nonce=747808,"ConnectionRefusedError(10061, '[WinError 10061] No connection could be made because the target machine actively refused it.')",1
GET,/predict?cb_nonce=839682,"ConnectionRefusedError(10061, '[WinError 10061] No connection could be made because the target machine actively refused it.')",1
GET,/predict?cb_nonce=918743,"ConnectionRefusedError(10061, '[WinError 10061] No connection could be made because the target machine actively refused it.')",1
GET,/predict?cb_nonce=607902,"ConnectionRefusedError(10061, '[WinError 10061] No connection could be made because the target machine actively refused it.')",1
GET,/predict?cb_nonce=910066,"ConnectionRefusedError(10061, '[WinError 10061] No connection could be made because the target machine actively refused it.')",1
GET,/predict?cb_nonce=463130,"ConnectionRefusedError(10061, '[WinError 10061] No connection could be made because the target machine actively refused it.')",1
GET,/predict?cb_nonce=370199,"ConnectionRefusedError(10061, '[WinError 10061] No connection could be made because the target machine actively refused it.')",1
GET,/predict?cb_nonce=60576,"ConnectionRefusedError(10061, '[WinError 10061] No connection could be made because the target machine actively refused it.')",1
GET,/predict?cb_nonce=300597,"ConnectionRefusedError(10061, '[WinError 10061] No connection could be made because the target machine actively refused it.')",1
GET,/predict?cb_nonce=665361,"ConnectionRefusedError(10061, '[WinError 10061] No connection could be made because the target machine actively refused it.')",1
GET,/predict?cb_nonce=694095,"ConnectionRefusedError(10061, '[WinError 10061] No connection could be made because the target machine actively refused it.')",1
GET,/predict?cb_nonce=697204,"ConnectionRefusedError(10061, '[WinError 10061] No connection could be made because the target machine actively refused it.')",1
GET,/predict?cb_nonce=564878,"ConnectionRefusedError(10061, '[WinError 10061] No connection could be made because the target machine actively refused it.')",1
GET,/predict?cb_nonce=877012,"ConnectionRefusedError(10061, '[WinError 10061] No connection could be made because the target machine actively refused it.')",1
GET,/predict?cb_nonce=510260,"ConnectionRefusedError(10061, '[WinError 10061] No connection could be made because the target machine actively refused it.')",1
GET,/predict?cb_nonce=466793,"ConnectionRefusedError(10061, '[WinError 10061] No connection could be made because the target machine actively refused it.')",1
GET,/predict?cb_nonce=770267,"ConnectionRefusedError(10061, '[WinError 10061] No connection could be made because the target machine actively refused it.')",1
GET,/predict?cb_nonce=74874,"ConnectionRefusedError(10061, '[WinError 10061] No connection could be made because the target machine actively refused it.')",1
GET,/predict?cb_nonce=452931,"ConnectionRefusedError(10061, '[WinError 10061] No connection could be made because the target machine actively refused it.')",1
GET,/predict?cb_nonce=395621,"ConnectionRefusedError(10061, '[WinError 10061] No connection could be made because the target machine actively refused it.')",1
GET,/predict?cb_nonce=29509,"ConnectionRefusedError(10061, '[WinError 10061] No connection could be made because the target machine actively refused it.')",1
GET,/predict?cb_nonce=26053,"ConnectionRefusedError(10061, '[WinError 10061] No connection could be made because the target machine actively refused it.')",1
GET,/predict?cb_nonce=318805,"ConnectionRefusedError(10061, '[WinError 10061] No connection could be made because the target machine actively refused it.')",1
GET,/predict?cb_nonce=197584,"ConnectionRefusedError(10061, '[WinError 10061] No connection could be made because the target machine actively refused it.')",1
GET,/predict?cb_nonce=223987,"ConnectionRefusedError(10061, '[WinError 10061] No connection could be made because the target machine actively refused it.')",1
GET,/predict?cb_nonce=541372,"ConnectionRefusedError(10061, '[WinError 10061] No connection could be made because the target machine actively refused it.')",1
GET,/predict?cb_nonce=256386,"ConnectionRefusedError(10061, '[WinError 10061] No connection could be made because the target machine actively refused it.')",1
GET,/predict?cb_nonce=756165,"ConnectionRefusedError(10061, '[WinError 10061] No connection could be made because the target machine actively refused it.')",1
GET,/predict?cb_nonce=92167,"ConnectionRefusedError(10061, '[WinError 10061] No connection could be made because the target machine actively refused it.')",1
GET,/predict?cb_nonce=783531,"ConnectionRefusedError(10061, '[WinError 10061] No connection could be made because the target machine actively refused it.')",1
GET,/predict?cb_nonce=908004,"ConnectionRefusedError(10061, '[WinError 10061] No connection could be made because the target machine actively refused it.')",1
GET,/predict?cb_nonce=783000,"ConnectionRefusedError(10061, '[WinError 10061] No connection could be made because the target machine actively refused it.')",1
GET,/predict?cb_nonce=611172,"ConnectionRefusedError(10061, '[WinError 10061] No connection could be made because the target machine actively refused it.')",1
GET,/predict?cb_nonce=684300,"ConnectionRefusedError(10061, '[WinError 10061] No connection could be made because the target machine actively refused it.')",1
GET,/predict?cb_nonce=179817,"ConnectionRefusedError(10061, '[WinError 10061] No connection could be made because the target machine actively refused it.')",1
GET,/predict?cb_nonce=920724,"ConnectionRefusedError(10061, '[WinError 10061] No connection could be made because the target machine actively refused it.')",1
GET,/predict?cb_nonce=283587,"ConnectionRefusedError(10061, '[WinError 10061] No connection could be made because the target machine actively refused it.')",1
GET,/predict?cb_nonce=714914,"ConnectionRefusedError(10061, '[WinError 10061] No connection could be made because the target machine actively refused it.')",1
GET,/predict?cb_nonce=486715,"ConnectionRefusedError(10061, '[WinError 10061] No connection could be made because the target machine actively refused it.')",1
GET,/predict?cb_nonce=523355,"ConnectionRefusedError(10061, '[WinError 10061] No connection could be made because the target machine actively refused it.')",1
GET,/predict?cb_nonce=908608,"ConnectionRefusedError(10061, '[WinError 10061] No connection could be made because the target machine actively refused it.')",1
GET,/predict?cb_nonce=140667,"ConnectionRefusedError(10061, '[WinError 10061] No connection could be made because the target machine actively refused it.')",1
GET,/predict?cb_nonce=174386,"ConnectionRefusedError(10061, '[WinError 10061] No connection could be made because the target machine actively refused it.')",1
GET,/predict?cb_nonce=75759,"ConnectionRefusedError(10061, '[WinError 10061] No connection could be made because the target machine actively refused it.')",1
GET,/predict?cb_nonce=54375,"ConnectionRefusedError(10061, '[WinError 10061] No connection could be made because the target machine actively refused it.')",1
GET,/predict?cb_nonce=478900,"ConnectionRefusedError(10061, '[WinError 10061] No connection could be made because the target machine actively refused it.')",1
GET,/predict?cb_nonce=242063,"ConnectionRefusedError(10061, '[WinError 10061] No connection could be made because the target machine actively refused it.')",1
GET,/predict?cb_nonce=937631,"ConnectionRefusedError(10061, '[WinError 10061] No connection could be made because the target machine actively refused it.')",1
GET,/predict?cb_nonce=532011,"ConnectionRefusedError(10061, '[WinError 10061] No connection could be made because the target machine actively refused it.')",1
GET,/predict?cb_nonce=883379,"ConnectionRefusedError(10061, '[WinError 10061] No connection could be made because the target machine actively refused it.')",1
GET,/predict?cb_nonce=74241,"ConnectionRefusedError(10061, '[WinError 10061] No connection could be made because the target machine actively refused it.')",1
GET,/predict?cb_nonce=705234,"ConnectionRefusedError(10061, '[WinError 10061] No connection could be made because the target machine actively refused it.')",1
GET,/predict?cb_nonce=147775,"ConnectionRefusedError(10061, '[WinError 10061] No connection could be made because the target machine actively refused it.')",1
GET,/predict?cb_nonce=122764,"ConnectionRefusedError(10061, '[WinError 10061] No connection could be made because the target machine actively refused it.')",1
GET,/predict?cb_nonce=657810,"ConnectionRefusedError(10061, '[WinError 10061] No connection could be made because the target machine actively refused it.')",1
GET,/predict?cb_nonce=884453,"ConnectionRefusedError(10061, '[WinError 10061] No connection could be made because the target machine actively refused it.')",2
GET,/predict?cb_nonce=341862,"ConnectionRefusedError(10061, '[WinError 10061] No connection could be made because the target machine actively refused it.')",1
GET,/predict?cb_nonce=982380,"ConnectionRefusedError(10061, '[WinError 10061] No connection could be made because the target machine actively refused it.')",1
GET,/predict?cb_nonce=555151,"ConnectionRefusedError(10061, '[WinError 10061] No connection could be made because the target machine actively refused it.')",1
GET,/predict?cb_nonce=920535,"ConnectionRefusedError(10061, '[WinError 10061] No connection could be made because the target machine actively refused it.')",1
GET,/predict?cb_nonce=636611,"ConnectionRefusedError(10061, '[WinError 10061] No connection could be made because the target machine actively refused it.')",1
GET,/predict?cb_nonce=254128,"ConnectionRefusedError(10061, '[WinError 10061] No connection could be made because the target machine actively refused it.')",1
GET,/predict?cb_nonce=846040,"ConnectionRefusedError(10061, '[WinError 10061] No connection could be made because the target machine actively refused it.')",1
GET,/predict?cb_nonce=651691,"ConnectionRefusedError(10061, '[WinError 10061] No connection could be made because the target machine actively refused it.')",1
GET,/predict?cb_nonce=123465,"ConnectionRefusedError(10061, '[WinError 10061] No connection could be made because the target machine actively refused it.')",1
GET,/predict?cb_nonce=768719,"ConnectionRefusedError(10061, '[WinError 10061] No connection could be made because the target machine actively refused it.')",1
GET,/predict?cb_nonce=630133,"ConnectionRefusedError(10061, '[WinError 10061] No connection could be made because the target machine actively refused it.')",1
GET,/predict?cb_nonce=783146,"ConnectionRefusedError(10061, '[WinError 10061] No connection could be made because the target machine actively refused it.')",1
GET,/predict?cb_nonce=74220,"ConnectionRefusedError(10061, '[WinError 10061] No connection could be made because the target machine actively refused it.')",1
GET,/predict?cb_nonce=4406,"ConnectionRefusedError(10061, '[WinError 10061] No connection could be made because the target machine actively refused it.')",1
GET,/predict?cb_nonce=424085,"ConnectionRefusedError(10061, '[WinError 10061] No connection could be made because the target machine actively refused it.')",1
GET,/predict?cb_nonce=683150,"ConnectionRefusedError(10061, '[WinError 10061] No connection could be made because the target machine actively refused it.')",1
GET,/predict?cb_nonce=669810,"ConnectionRefusedError(10061, '[WinError 10061] No connection could be made because the target machine actively refused it.')",1
GET,/predict?cb_nonce=690816,"ConnectionRefusedError(10061, '[WinError 10061] No connection could be made because the target machine actively refused it.')",1
GET,/predict?cb_nonce=187750,"ConnectionRefusedError(10061, '[WinError 10061] No connection could be made because the target machine actively refused it.')",1
GET,/predict?cb_nonce=649783,"ConnectionRefusedError(10061, '[WinError 10061] No connection could be made because the target machine actively refused it.')",1
GET,/predict?cb_nonce=993498,"ConnectionRefusedError(10061, '[WinError 10061] No connection could be made because the target machine actively refused it.')",1
GET,/predict?cb_nonce=802121,"ConnectionRefusedError(10061, '[WinError 10061] No connection could be made because the target machine actively refused it.')",1
GET,/predict?cb_nonce=450992,"ConnectionRefusedError(10061, '[WinError 10061] No connection could be made because the target machine actively refused it.')",1
GET,/predict?cb_nonce=651477,"ConnectionRefusedError(10061, '[WinError 10061] No connection could be made because the target machine actively refused it.')",1
GET,/predict?cb_nonce=751362,"ConnectionRefusedError(10061, '[WinError 10061] No connection could be made because the target machine actively refused it.')",1
GET,/predict?cb_nonce=22474,"ConnectionRefusedError(10061, '[WinError 10061] No connection could be made because the target machine actively refused it.')",1
GET,/predict?cb_nonce=204846,"ConnectionRefusedError(10061, '[WinError 10061] No connection could be made because the target machine actively refused it.')",1
GET,/predict?cb_nonce=672826,"ConnectionRefusedError(10061, '[WinError 10061] No connection could be made because the target machine actively refused it.')",1
GET,/predict?cb_nonce=661001,"ConnectionRefusedError(10061, '[WinError 10061] No connection could be made because the target machine actively refused it.')",1
GET,/predict?cb_nonce=715276,"ConnectionRefusedError(10061, '[WinError 10061] No connection could be made because the target machine actively refused it.')",1
GET,/predict?cb_nonce=813318,"ConnectionRefusedError(10061, '[WinError 10061] No connection could be made because the target machine actively refused it.')",1
GET,/predict?cb_nonce=304896,"ConnectionRefusedError(10061, '[WinError 10061] No connection could be made because the target machine actively refused it.')",1
GET,/predict?cb_nonce=330456,"ConnectionRefusedError(10061, '[WinError 10061] No connection could be made because the target machine actively refused it.')",1
GET,/predict?cb_nonce=557742,"ConnectionRefusedError(10061, '[WinError 10061] No connection could be made because the target machine actively refused it.')",1
GET,/predict?cb_nonce=445100,"ConnectionRefusedError(10061, '[WinError 10061] No connection could be made because the target machine actively refused it.')",1
GET,/predict?cb_nonce=614,"ConnectionRefusedError(10061, '[WinError 10061] No connection could be made because the target machine actively refused it.')",1
GET,/predict?cb_nonce=421203,"ConnectionRefusedError(10061, '[WinError 10061] No connection could be made because the target machine actively refused it.')",1
GET,/predict?cb_nonce=656327,"ConnectionRefusedError(10061, '[WinError 10061] No connection could be made because the target machine actively refused it.')",1
GET,/predict?cb_nonce=242937,"ConnectionRefusedError(10061, '[WinError 10061] No connection could be made because the target machine actively refused it.')",1
GET,/predict?cb_nonce=470531,"ConnectionRefusedError(10061, '[WinError 10061] No connection could be made because the target machine actively refused it.')",1
GET,/predict?cb_nonce=448860,"ConnectionRefusedError(10061, '[WinError 10061] No connection could be made because the target machine actively refused it.')",1
GET,/predict?cb_nonce=488286,"ConnectionRefusedError(10061, '[WinError 10061] No connection could be made because the target machine actively refused it.')",1
GET,/predict?cb_nonce=944718,"ConnectionRefusedError(10061, '[WinError 10061] No connection could be made because the target machine actively refused it.')",1
GET,/predict?cb_nonce=662359,"ConnectionRefusedError(10061, '[WinError 10061] No connection could be made because the target machine actively refused it.')",1
GET,/predict?cb_nonce=569529,"ConnectionRefusedError(10061, '[WinError 10061] No connection could be made because the target machine actively refused it.')",1
GET,/predict?cb_nonce=685431,"ConnectionRefusedError(10061, '[WinError 10061] No connection could be made because the target machine actively refused it.')",1
GET,/predict?cb_nonce=787250,"ConnectionRefusedError(10061, '[WinError 10061] No connection could be made because the target machine actively refused it.')",1
GET,/predict?cb_nonce=747851,"ConnectionRefusedError(10061, '[WinError 10061] No connection could be made because the target machine actively refused it.')",1
GET,/predict?cb_nonce=295853,"ConnectionRefusedError(10061, '[WinError 10061] No connection could be made because the target machine actively refused it.')",1
GET,/predict?cb_nonce=515043,"ConnectionRefusedError(10061, '[WinError 10061] No connection could be made because the target machine actively refused it.')",1
GET,/predict?cb_nonce=717400,"ConnectionRefusedError(10061, '[WinError 10061] No connection could be made because the target machine actively refused it.')",1
GET,/predict?cb_nonce=470562,"ConnectionRefusedError(10061, '[WinError 10061] No connection could be made because the target machine actively refused it.')",1
GET,/predict?cb_nonce=12350,"ConnectionRefusedError(10061, '[WinError 10061] No connection could be made because the target machine actively refused it.')",1
GET,/predict?cb_nonce=599308,"ConnectionRefusedError(10061, '[WinError 10061] No connection could be made because the target machine actively refused it.')",1
GET,/predict?cb_nonce=369462,"ConnectionRefusedError(10061, '[WinError 10061] No connection could be made because the target machine actively refused it.')",1
GET,/predict?cb_nonce=133864,"ConnectionRefusedError(10061, '[WinError 10061] No connection could be made because the target machine actively refused it.')",1
GET,/predict?cb_nonce=150287,"ConnectionRefusedError(10061, '[WinError 10061] No connection could be made because the target machine actively refused it.')",1
GET,/predict?cb_nonce=579991,"ConnectionRefusedError(10061, '[WinError 10061] No connection could be made because the target machine actively refused it.')",1
GET,/predict?cb_nonce=95638,"ConnectionRefusedError(10061, '[WinError 10061] No connection could be made because the target machine actively refused it.')",1
GET,/predict?cb_nonce=926992,"ConnectionRefusedError(10061, '[WinError 10061] No connection could be made because the target machine actively refused it.')",1
GET,/predict?cb_nonce=181029,"ConnectionRefusedError(10061, '[WinError 10061] No connection could be made because the target machine actively refused it.')",1
GET,/predict?cb_nonce=746702,"ConnectionRefusedError(10061, '[WinError 10061] No connection could be made because the target machine actively refused it.')",1
GET,/predict?cb_nonce=601747,"ConnectionRefusedError(10061, '[WinError 10061] No connection could be made because the target machine actively refused it.')",1
GET,/predict?cb_nonce=70410,"ConnectionRefusedError(10061, '[WinError 10061] No connection could be made because the target machine actively refused it.')",1
GET,/predict?cb_nonce=251004,"ConnectionRefusedError(10061, '[WinError 10061] No connection could be made because the target machine actively refused it.')",1
GET,/predict?cb_nonce=429437,"ConnectionRefusedError(10061, '[WinError 10061] No connection could be made because the target machine actively refused it.')",1
GET,/predict?cb_nonce=960232,"ConnectionRefusedError(10061, '[WinError 10061] No connection could be made because the target machine actively refused it.')",1
GET,/predict?cb_nonce=302915,"ConnectionRefusedError(10061, '[WinError 10061] No connection could be made because the target machine actively refused it.')",1
GET,/predict?cb_nonce=90050,"ConnectionRefusedError(10061, '[WinError 10061] No connection could be made because the target machine actively refused it.')",1
GET,/predict?cb_nonce=835105,"ConnectionRefusedError(10061, '[WinError 10061] No connection could be made because the target machine actively refused it.')",1
GET,/predict?cb_nonce=714461,"ConnectionRefusedError(10061, '[WinError 10061] No connection could be made because the target machine actively refused it.')",1
GET,/predict?cb_nonce=109856,"ConnectionRefusedError(10061, '[WinError 10061] No connection could be made because the target machine actively refused it.')",1
GET,/predict?cb_nonce=901677,"ConnectionRefusedError(10061, '[WinError 10061] No connection could be made because the target machine actively refused it.')",1
GET,/predict?cb_nonce=393694,"ConnectionRefusedError(10061, '[WinError 10061] No connection could be made because the target machine actively refused it.')",1
GET,/predict?cb_nonce=228295,"ConnectionRefusedError(10061, '[WinError 10061] No connection could be made because the target machine actively refused it.')",1
GET,/predict?cb_nonce=915355,"ConnectionRefusedError(10061, '[WinError 10061] No connection could be made because the target machine actively refused it.')",1
GET,/predict?cb_nonce=572426,"ConnectionRefusedError(10061, '[WinError 10061] No connection could be made because the target machine actively refused it.')",1
GET,/predict?cb_nonce=753488,"ConnectionRefusedError(10061, '[WinError 10061] No connection could be made because the target machine actively refused it.')",1
GET,/predict?cb_nonce=994,"ConnectionRefusedError(10061, '[WinError 10061] No connection could be made because the target machine actively refused it.')",1
GET,/predict?cb_nonce=780047,"ConnectionRefusedError(10061, '[WinError 10061] No connection could be made because the target machine actively refused it.')",1
GET,/predict?cb_nonce=570887,"ConnectionRefusedError(10061, '[WinError 10061] No connection could be made because the target machine actively refused it.')",1
GET,/predict?cb_nonce=635268,"ConnectionRefusedError(10061, '[WinError 10061] No connection could be made because the target machine actively refused it.')",1
GET,/predict?cb_nonce=456198,"ConnectionRefusedError(10061, '[WinError 10061] No connection could be made because the target machine actively refused it.')",1
GET,/predict?cb_nonce=557953,"ConnectionRefusedError(10061, '[WinError 10061] No connection could be made because the target machine actively refused it.')",1
GET,/predict?cb_nonce=928371,"ConnectionRefusedError(10061, '[WinError 10061] No connection could be made because the target machine actively refused it.')",1
GET,/predict?cb_nonce=155273,"ConnectionRefusedError(10061, '[WinError 10061] No connection could be made because the target machine actively refused it.')",1
GET,/predict?cb_nonce=577710,"ConnectionRefusedError(10061, '[WinError 10061] No connection could be made because the target machine actively refused it.')",1
GET,/predict?cb_nonce=64095,"ConnectionRefusedError(10061, '[WinError 10061] No connection could be made because the target machine actively refused it.')",1
GET,/predict?cb_nonce=936423,"ConnectionRefusedError(10061, '[WinError 10061] No connection could be made because the target machine actively refused it.')",1
GET,/predict?cb_nonce=803758,"ConnectionRefusedError(10061, '[WinError 10061] No connection could be made because the target machine actively refused it.')",1
GET,/predict?cb_nonce=716443,"ConnectionRefusedError(10061, '[WinError 10061] No connection could be made because the target machine actively refused it.')",1
GET,/predict?cb_nonce=282745,"ConnectionRefusedError(10061, '[WinError 10061] No connection could be made because the target machine actively refused it.')",1
GET,/predict?cb_nonce=921892,"ConnectionRefusedError(10061, '[WinError 10061] No connection could be made because the target machine actively refused it.')",1
GET,/predict?cb_nonce=160592,"ConnectionRefusedError(10061, '[WinError 10061] No connection could be made because the target machine actively refused it.')",1
GET,/predict?cb_nonce=403231,"ConnectionRefusedError(10061, '[WinError 10061] No connection could be made because the target machine actively refused it.')",1
GET,/predict?cb_nonce=839466,"ConnectionRefusedError(10061, '[WinError 10061] No connection could be made because the target machine actively refused it.')",1
GET,/predict?cb_nonce=577527,"ConnectionRefusedError(10061, '[WinError 10061] No connection could be made because the target machine actively refused it.')",1
GET,/predict?cb_nonce=420794,"ConnectionRefusedError(10061, '[WinError 10061] No connection could be made because the target machine actively refused it.')",1
GET,/predict?cb_nonce=896236,"ConnectionRefusedError(10061, '[WinError 10061] No connection could be made because the target machine actively refused it.')",1
GET,/predict?cb_nonce=349094,"ConnectionRefusedError(10061, '[WinError 10061] No connection could be made because the target machine actively refused it.')",1
GET,/predict?cb_nonce=42154,"ConnectionRefusedError(10061, '[WinError 10061] No connection could be made because the target machine actively refused it.')",1
GET,/predict?cb_nonce=31973,"ConnectionRefusedError(10061, '[WinError 10061] No connection could be made because the target machine actively refused it.')",1
GET,/predict?cb_nonce=797281,"ConnectionRefusedError(10061, '[WinError 10061] No connection could be made because the target machine actively refused it.')",1
GET,/predict?cb_nonce=385221,"ConnectionRefusedError(10061, '[WinError 10061] No connection could be made because the target machine actively refused it.')",1
GET,/predict?cb_nonce=572622,"ConnectionRefusedError(10061, '[WinError 10061] No connection could be made because the target machine actively refused it.')",1
GET,/predict?cb_nonce=318236,"ConnectionRefusedError(10061, '[WinError 10061] No connection could be made because the target machine actively refused it.')",1
GET,/predict?cb_nonce=108293,"ConnectionRefusedError(10061, '[WinError 10061] No connection could be made because the target machine actively refused it.')",1
GET,/predict?cb_nonce=923179,"ConnectionRefusedError(10061, '[WinError 10061] No connection could be made because the target machine actively refused it.')",1
GET,/predict?cb_nonce=203931,"ConnectionRefusedError(10061, '[WinError 10061] No connection could be made because the target machine actively refused it.')",1
GET,/predict?cb_nonce=953759,"ConnectionRefusedError(10061, '[WinError 10061] No connection could be made because the target machine actively refused it.')",1
GET,/predict?cb_nonce=102654,"ConnectionRefusedError(10061, '[WinError 10061] No connection could be made because the target machine actively refused it.')",1
GET,/predict?cb_nonce=303667,"ConnectionRefusedError(10061, '[WinError 10061] No connection could be made because the target machine actively refused it.')",1
GET,/predict?cb_nonce=190869,"ConnectionRefusedError(10061, '[WinError 10061] No connection could be made because the target machine actively refused it.')",1
GET,/predict?cb_nonce=268706,"ConnectionRefusedError(10061, '[WinError 10061] No connection could be made because the target machine actively refused it.')",1
GET,/predict?cb_nonce=525304,"ConnectionRefusedError(10061, '[WinError 10061] No connection could be made because the target machine actively refused it.')",1
GET,/predict?cb_nonce=515070,"ConnectionRefusedError(10061, '[WinError 10061] No connection could be made because the target machine actively refused it.')",1
GET,/predict?cb_nonce=817201,"ConnectionRefusedError(10061, '[WinError 10061] No connection could be made because the target machine actively refused it.')",1
GET,/predict?cb_nonce=979729,"ConnectionRefusedError(10061, '[WinError 10061] No connection could be made because the target machine actively refused it.')",1
GET,/predict?cb_nonce=288338,"ConnectionRefusedError(10061, '[WinError 10061] No connection could be made because the target machine actively refused it.')",1
GET,/predict?cb_nonce=421350,"ConnectionRefusedError(10061, '[WinError 10061] No connection could be made because the target machine actively refused it.')",1
GET,/predict?cb_nonce=452809,"ConnectionRefusedError(10061, '[WinError 10061] No connection could be made because the target machine actively refused it.')",1
GET,/predict?cb_nonce=548546,"ConnectionRefusedError(10061, '[WinError 10061] No connection could be made because the target machine actively refused it.')",1
GET,/predict?cb_nonce=525597,"ConnectionRefusedError(10061, '[WinError 10061] No connection could be made because the target machine actively refused it.')",1
GET,/predict?cb_nonce=775975,"ConnectionRefusedError(10061, '[WinError 10061] No connection could be made because the target machine actively refused it.')",1
GET,/predict?cb_nonce=419370,"ConnectionRefusedError(10061, '[WinError 10061] No connection could be made because the target machine actively refused it.')",1
GET,/predict?cb_nonce=777829,"ConnectionRefusedError(10061, '[WinError 10061] No connection could be made because the target machine actively refused it.')",1
GET,/predict?cb_nonce=917647,"ConnectionRefusedError(10061, '[WinError 10061] No connection could be made because the target machine actively refused it.')",1
GET,/predict?cb_nonce=764392,"ConnectionRefusedError(10061, '[WinError 10061] No connection could be made because the target machine actively refused it.')",1
GET,/predict?cb_nonce=983632,"ConnectionRefusedError(10061, '[WinError 10061] No connection could be made because the target machine actively refused it.')",1
GET,/predict?cb_nonce=94594,"ConnectionRefusedError(10061, '[WinError 10061] No connection could be made because the target machine actively refused it.')",1
GET,/predict?cb_nonce=585742,"ConnectionRefusedError(10061, '[WinError 10061] No connection could be made because the target machine actively refused it.')",1
GET,/predict?cb_nonce=5631,"ConnectionRefusedError(10061, '[WinError 10061] No connection could be made because the target machine actively refused it.')",1
GET,/predict?cb_nonce=241043,"ConnectionRefusedError(10061, '[WinError 10061] No connection could be made because the target machine actively refused it.')",1
GET,/predict?cb_nonce=865894,"ConnectionRefusedError(10061, '[WinError 10061] No connection could be made because the target machine actively refused it.')",1
GET,/predict?cb_nonce=757351,"ConnectionRefusedError(10061, '[WinError 10061] No connection could be made because the target machine actively refused it.')",1
GET,/predict?cb_nonce=465692,"ConnectionRefusedError(10061, '[WinError 10061] No connection could be made because the target machine actively refused it.')",1
GET,/predict?cb_nonce=755277,"ConnectionRefusedError(10061, '[WinError 10061] No connection could be made because the target machine actively refused it.')",1
GET,/predict?cb_nonce=684211,"ConnectionRefusedError(10061, '[WinError 10061] No connection could be made because the target machine actively refused it.')",1
GET,/predict?cb_nonce=378973,"ConnectionRefusedError(10061, '[WinError 10061] No connection could be made because the target machine actively refused it.')",1
GET,/predict?cb_nonce=302663,"ConnectionRefusedError(10061, '[WinError 10061] No connection could be made because the target machine actively refused it.')",1
GET,/predict?cb_nonce=760290,"ConnectionRefusedError(10061, '[WinError 10061] No connection could be made because the target machine actively refused it.')",1
GET,/predict?cb_nonce=176086,"ConnectionRefusedError(10061, '[WinError 10061] No connection could be made because the target machine actively refused it.')",1
GET,/predict?cb_nonce=366595,"ConnectionRefusedError(10061, '[WinError 10061] No connection could be made because the target machine actively refused it.')",1
GET,/predict?cb_nonce=97426,"ConnectionRefusedError(10061, '[WinError 10061] No connection could be made because the target machine actively refused it.')",1
GET,/predict?cb_nonce=784295,"ConnectionRefusedError(10061, '[WinError 10061] No connection could be made because the target machine actively refused it.')",1
GET,/predict?cb_nonce=756944,"ConnectionRefusedError(10061, '[WinError 10061] No connection could be made because the target machine actively refused it.')",1
GET,/predict?cb_nonce=845648,"ConnectionRefusedError(10061, '[WinError 10061] No connection could be made because the target machine actively refused it.')",1
GET,/predict?cb_nonce=58554,"ConnectionRefusedError(10061, '[WinError 10061] No connection could be made because the target machine actively refused it.')",1
GET,/predict?cb_nonce=14833,"ConnectionRefusedError(10061, '[WinError 10061] No connection could be made because the target machine actively refused it.')",1
GET,/predict?cb_nonce=672511,"ConnectionRefusedError(10061, '[WinError 10061] No connection could be made because the target machine actively refused it.')",1
GET,/predict?cb_nonce=674251,"ConnectionRefusedError(10061, '[WinError 10061] No connection could be made because the target machine actively refused it.')",1
GET,/predict?cb_nonce=548119,"ConnectionRefusedError(10061, '[WinError 10061] No connection could be made because the target machine actively refused it.')",1
GET,/predict?cb_nonce=903066,"ConnectionRefusedError(10061, '[WinError 10061] No connection could be made because the target machine actively refused it.')",1
GET,/predict?cb_nonce=491853,"ConnectionRefusedError(10061, '[WinError 10061] No connection could be made because the target machine actively refused it.')",1
GET,/predict?cb_nonce=470899,"ConnectionRefusedError(10061, '[WinError 10061] No connection could be made because the target machine actively refused it.')",1
GET,/predict?cb_nonce=670862,"ConnectionRefusedError(10061, '[WinError 10061] No connection could be made because the target machine actively refused it.')",1
GET,/predict?cb_nonce=727234,"ConnectionRefusedError(10061, '[WinError 10061] No connection could be made because the target machine actively refused it.')",1
GET,/predict?cb_nonce=963086,"ConnectionRefusedError(10061, '[WinError 10061] No connection could be made because the target machine actively refused it.')",1
GET,/predict?cb_nonce=387114,"ConnectionRefusedError(10061, '[WinError 10061] No connection could be made because the target machine actively refused it.')",1
GET,/predict?cb_nonce=192153,"ConnectionRefusedError(10061, '[WinError 10061] No connection could be made because the target machine actively refused it.')",1
GET,/predict?cb_nonce=396749,"ConnectionRefusedError(10061, '[WinError 10061] No connection could be made because the target machine actively refused it.')",1
GET,/predict?cb_nonce=222937,"ConnectionRefusedError(10061, '[WinError 10061] No connection could be made because the target machine actively refused it.')",1
GET,/predict?cb_nonce=605771,"ConnectionRefusedError(10061, '[WinError 10061] No connection could be made because the target machine actively refused it.')",1
GET,/predict?cb_nonce=786664,"ConnectionRefusedError(10061, '[WinError 10061] No connection could be made because the target machine actively refused it.')",1
GET,/predict?cb_nonce=767506,"ConnectionRefusedError(10061, '[WinError 10061] No connection could be made because the target machine actively refused it.')",1
GET,/predict?cb_nonce=108513,"ConnectionRefusedError(10061, '[WinError 10061] No connection could be made because the target machine actively refused it.')",1
GET,/predict?cb_nonce=385385,"ConnectionRefusedError(10061, '[WinError 10061] No connection could be made because the target machine actively refused it.')",1
GET,/predict?cb_nonce=53226,"ConnectionRefusedError(10061, '[WinError 10061] No connection could be made because the target machine actively refused it.')",1
GET,/predict?cb_nonce=506416,"ConnectionRefusedError(10061, '[WinError 10061] No connection could be made because the target machine actively refused it.')",1
GET,/predict?cb_nonce=91513,"ConnectionRefusedError(10061, '[WinError 10061] No connection could be made because the target machine actively refused it.')",1
GET,/predict?cb_nonce=585283,"ConnectionRefusedError(10061, '[WinError 10061] No connection could be made because the target machine actively refused it.')",1
GET,/predict?cb_nonce=133441,"ConnectionRefusedError(10061, '[WinError 10061] No connection could be made because the target machine actively refused it.')",1
GET,/predict?cb_nonce=601093,"ConnectionRefusedError(10061, '[WinError 10061] No connection could be made because the target machine actively refused it.')",1
GET,/predict?cb_nonce=151643,"ConnectionRefusedError(10061, '[WinError 10061] No connection could be made because the target machine actively refused it.')",1
GET,/predict?cb_nonce=294048,"ConnectionRefusedError(10061, '[WinError 10061] No connection could be made because the target machine actively refused it.')",1
GET,/predict?cb_nonce=54088,"ConnectionRefusedError(10061, '[WinError 10061] No connection could be made because the target machine actively refused it.')",1
GET,/predict?cb_nonce=341797,"ConnectionRefusedError(10061, '[WinError 10061] No connection could be made because the target machine actively refused it.')",1
GET,/predict?cb_nonce=700575,"ConnectionRefusedError(10061, '[WinError 10061] No connection could be made because the target machine actively refused it.')",1
GET,/predict?cb_nonce=838816,"ConnectionRefusedError(10061, '[WinError 10061] No connection could be made because the target machine actively refused it.')",1
GET,/predict?cb_nonce=871337,"ConnectionRefusedError(10061, '[WinError 10061] No connection could be made because the target machine actively refused it.')",1
GET,/predict?cb_nonce=835313,"ConnectionRefusedError(10061, '[WinError 10061] No connection could be made because the target machine actively refused it.')",1
GET,/predict?cb_nonce=959891,"ConnectionRefusedError(10061, '[WinError 10061] No connection could be made because the target machine actively refused it.')",1
GET,/predict?cb_nonce=432332,"ConnectionRefusedError(10061, '[WinError 10061] No connection could be made because the target machine actively refused it.')",1
GET,/predict?cb_nonce=562361,"ConnectionRefusedError(10061, '[WinError 10061] No connection could be made because the target machine actively refused it.')",1
GET,/predict?cb_nonce=125596,"ConnectionRefusedError(10061, '[WinError 10061] No connection could be made because the target machine actively refused it.')",1
GET,/predict?cb_nonce=645941,"ConnectionRefusedError(10061, '[WinError 10061] No connection could be made because the target machine actively refused it.')",1
GET,/predict?cb_nonce=16621,"ConnectionRefusedError(10061, '[WinError 10061] No connection could be made because the target machine actively refused it.')",1
GET,/predict?cb_nonce=474883,"ConnectionRefusedError(10061, '[WinError 10061] No connection could be made because the target machine actively refused it.')",1
GET,/predict?cb_nonce=607284,"ConnectionRefusedError(10061, '[WinError 10061] No connection could be made because the target machine actively refused it.')",1
GET,/predict?cb_nonce=707155,"ConnectionRefusedError(10061, '[WinError 10061] No connection could be made because the target machine actively refused it.')",1
GET,/predict?cb_nonce=431741,"ConnectionRefusedError(10061, '[WinError 10061] No connection could be made because the target machine actively refused it.')",1
GET,/predict?cb_nonce=65517,"ConnectionRefusedError(10061, '[WinError 10061] No connection could be made because the target machine actively refused it.')",1
GET,/predict?cb_nonce=73953,"ConnectionRefusedError(10061, '[WinError 10061] No connection could be made because the target machine actively refused it.')",1
GET,/predict?cb_nonce=44884,"ConnectionRefusedError(10061, '[WinError 10061] No connection could be made because the target machine actively refused it.')",1
GET,/predict?cb_nonce=343042,"ConnectionRefusedError(10061, '[WinError 10061] No connection could be made because the target machine actively refused it.')",1
GET,/predict?cb_nonce=799050,"ConnectionRefusedError(10061, '[WinError 10061] No connection could be made because the target machine actively refused it.')",1
GET,/predict?cb_nonce=630235,"ConnectionRefusedError(10061, '[WinError 10061] No connection could be made because the target machine actively refused it.')",1
GET,/predict?cb_nonce=148551,"ConnectionRefusedError(10061, '[WinError 10061] No connection could be made because the target machine actively refused it.')",1
GET,/predict?cb_nonce=246952,"ConnectionRefusedError(10061, '[WinError 10061] No connection could be made because the target machine actively refused it.')",1
GET,/predict?cb_nonce=684126,"ConnectionRefusedError(10061, '[WinError 10061] No connection could be made because the target machine actively refused it.')",1
GET,/predict?cb_nonce=322802,"ConnectionRefusedError(10061, '[WinError 10061] No connection could be made because the target machine actively refused it.')",1
GET,/predict?cb_nonce=991836,"ConnectionRefusedError(10061, '[WinError 10061] No connection could be made because the target machine actively refused it.')",1
GET,/predict?cb_nonce=81498,"ConnectionRefusedError(10061, '[WinError 10061] No connection could be made because the target machine actively refused it.')",1
GET,/predict?cb_nonce=703910,"ConnectionRefusedError(10061, '[WinError 10061] No connection could be made because the target machine actively refused it.')",1
GET,/predict?cb_nonce=730753,"ConnectionRefusedError(10061, '[WinError 10061] No connection could be made because the target machine actively refused it.')",1
GET,/predict?cb_nonce=252459,"ConnectionRefusedError(10061, '[WinError 10061] No connection could be made because the target machine actively refused it.')",1
GET,/predict?cb_nonce=426608,"ConnectionRefusedError(10061, '[WinError 10061] No connection could be made because the target machine actively refused it.')",1
GET,/predict?cb_nonce=998880,"ConnectionRefusedError(10061, '[WinError 10061] No connection could be made because the target machine actively refused it.')",1
GET,/predict?cb_nonce=609438,"ConnectionRefusedError(10061, '[WinError 10061] No connection could be made because the target machine actively refused it.')",1
GET,/predict?cb_nonce=924216,"ConnectionRefusedError(10061, '[WinError 10061] No connection could be made because the target machine actively refused it.')",1
GET,/predict?cb_nonce=737862,"ConnectionRefusedError(10061, '[WinError 10061] No connection could be made because the target machine actively refused it.')",1
GET,/predict?cb_nonce=778979,"ConnectionRefusedError(10061, '[WinError 10061] No connection could be made because the target machine actively refused it.')",1
GET,/predict?cb_nonce=713287,"ConnectionRefusedError(10061, '[WinError 10061] No connection could be made because the target machine actively refused it.')",1
GET,/predict?cb_nonce=65338,"ConnectionRefusedError(10061, '[WinError 10061] No connection could be made because the target machine actively refused it.')",1
GET,/predict?cb_nonce=60577,"ConnectionRefusedError(10061, '[WinError 10061] No connection could be made because the target machine actively refused it.')",1
GET,/predict?cb_nonce=693253,"ConnectionRefusedError(10061, '[WinError 10061] No connection could be made because the target machine actively refused it.')",1
GET,/predict?cb_nonce=483240,"ConnectionRefusedError(10061, '[WinError 10061] No connection could be made because the target machine actively refused it.')",1
GET,/predict?cb_nonce=803219,"ConnectionRefusedError(10061, '[WinError 10061] No connection could be made because the target machine actively refused it.')",1
GET,/predict?cb_nonce=774661,"ConnectionRefusedError(10061, '[WinError 10061] No connection could be made because the target machine actively refused it.')",1
GET,/predict?cb_nonce=395363,"ConnectionRefusedError(10061, '[WinError 10061] No connection could be made because the target machine actively refused it.')",1
GET,/predict?cb_nonce=855124,"ConnectionRefusedError(10061, '[WinError 10061] No connection could be made because the target machine actively refused it.')",1
GET,/predict?cb_nonce=145911,"ConnectionRefusedError(10061, '[WinError 10061] No connection could be made because the target machine actively refused it.')",1
GET,/predict?cb_nonce=590310,"ConnectionRefusedError(10061, '[WinError 10061] No connection could be made because the target machine actively refused it.')",1
GET,/predict?cb_nonce=47304,"ConnectionRefusedError(10061, '[WinError 10061] No connection could be made because the target machine actively refused it.')",1
GET,/predict?cb_nonce=265480,"ConnectionRefusedError(10061, '[WinError 10061] No connection could be made because the target machine actively refused it.')",1
GET,/predict?cb_nonce=64924,"ConnectionRefusedError(10061, '[WinError 10061] No connection could be made because the target machine actively refused it.')",1
GET,/predict?cb_nonce=350139,"ConnectionRefusedError(10061, '[WinError 10061] No connection could be made because the target machine actively refused it.')",1
GET,/predict?cb_nonce=428380,"ConnectionRefusedError(10061, '[WinError 10061] No connection could be made because the target machine actively refused it.')",1
GET,/predict?cb_nonce=829566,"ConnectionRefusedError(10061, '[WinError 10061] No connection could be made because the target machine actively refused it.')",1
GET,/predict?cb_nonce=407555,"ConnectionRefusedError(10061, '[WinError 10061] No connection could be made because the target machine actively refused it.')",1
GET,/predict?cb_nonce=881349,"ConnectionRefusedError(10061, '[WinError 10061] No connection could be made because the target machine actively refused it.')",1
GET,/predict?cb_nonce=859412,"ConnectionRefusedError(10061, '[WinError 10061] No connection could be made because the target machine actively refused it.')",1
GET,/predict?cb_nonce=529841,"ConnectionRefusedError(10061, '[WinError 10061] No connection could be made because the target machine actively refused it.')",1
GET,/predict?cb_nonce=86980,"ConnectionRefusedError(10061, '[WinError 10061] No connection could be made because the target machine actively refused it.')",1
GET,/predict?cb_nonce=681262,"ConnectionRefusedError(10061, '[WinError 10061] No connection could be made because the target machine actively refused it.')",1
GET,/predict?cb_nonce=995795,"ConnectionRefusedError(10061, '[WinError 10061] No connection could be made because the target machine actively refused it.')",1
GET,/predict?cb_nonce=304559,"ConnectionRefusedError(10061, '[WinError 10061] No connection could be made because the target machine actively refused it.')",1
GET,/predict?cb_nonce=956539,"ConnectionRefusedError(10061, '[WinError 10061] No connection could be made because the target machine actively refused it.')",1
GET,/predict?cb_nonce=698965,"ConnectionRefusedError(10061, '[WinError 10061] No connection could be made because the target machine actively refused it.')",1
GET,/predict?cb_nonce=884554,"ConnectionRefusedError(10061, '[WinError 10061] No connection could be made because the target machine actively refused it.')",1
GET,/predict?cb_nonce=949894,"ConnectionRefusedError(10061, '[WinError 10061] No connection could be made because the target machine actively refused it.')",1
GET,/predict?cb_nonce=156780,"ConnectionRefusedError(10061, '[WinError 10061] No connection could be made because the target machine actively refused it.')",1
GET,/predict?cb_nonce=312368,"ConnectionRefusedError(10061, '[WinError 10061] No connection could be made because the target machine actively refused it.')",1
GET,/predict?cb_nonce=505220,"ConnectionRefusedError(10061, '[WinError 10061] No connection could be made because the target machine actively refused it.')",1
GET,/predict?cb_nonce=202951,"ConnectionRefusedError(10061, '[WinError 10061] No connection could be made because the target machine actively refused it.')",1
GET,/predict?cb_nonce=742171,"ConnectionRefusedError(10061, '[WinError 10061] No connection could be made because the target machine actively refused it.')",1
GET,/predict?cb_nonce=932391,"ConnectionRefusedError(10061, '[WinError 10061] No connection could be made because the target machine actively refused it.')",1
GET,/predict?cb_nonce=660904,"ConnectionRefusedError(10061, '[WinError 10061] No connection could be made because the target machine actively refused it.')",1
GET,/predict?cb_nonce=302470,"ConnectionRefusedError(10061, '[WinError 10061] No connection could be made because the target machine actively refused it.')",1
GET,/predict?cb_nonce=323915,"ConnectionRefusedError(10061, '[WinError 10061] No connection could be made because the target machine actively refused it.')",1
GET,/predict?cb_nonce=648292,"ConnectionRefusedError(10061, '[WinError 10061] No connection could be made because the target machine actively refused it.')",1
GET,/predict?cb_nonce=264376,"ConnectionRefusedError(10061, '[WinError 10061] No connection could be made because the target machine actively refused it.')",1
GET,/predict?cb_nonce=157597,"ConnectionRefusedError(10061, '[WinError 10061] No connection could be made because the target machine actively refused it.')",1
GET,/predict?cb_nonce=852311,"ConnectionRefusedError(10061, '[WinError 10061] No connection could be made because the target machine actively refused it.')",1
GET,/predict?cb_nonce=586581,"ConnectionRefusedError(10061, '[WinError 10061] No connection could be made because the target machine actively refused it.')",1
GET,/predict?cb_nonce=149693,"ConnectionRefusedError(10061, '[WinError 10061] No connection could be made because the target machine actively refused it.')",1
GET,/predict?cb_nonce=620059,"ConnectionRefusedError(10061, '[WinError 10061] No connection could be made because the target machine actively refused it.')",1
GET,/predict?cb_nonce=657868,"ConnectionRefusedError(10061, '[WinError 10061] No connection could be made because the target machine actively refused it.')",1
GET,/predict?cb_nonce=132699,"ConnectionRefusedError(10061, '[WinError 10061] No connection could be made because the target machine actively refused it.')",1
GET,/predict?cb_nonce=93767,"ConnectionRefusedError(10061, '[WinError 10061] No connection could be made because the target machine actively refused it.')",1
GET,/predict?cb_nonce=115691,"ConnectionRefusedError(10061, '[WinError 10061] No connection could be made because the target machine actively refused it.')",1
GET,/predict?cb_nonce=110587,"ConnectionRefusedError(10061, '[WinError 10061] No connection could be made because the target machine actively refused it.')",1
GET,/predict?cb_nonce=255840,"ConnectionRefusedError(10061, '[WinError 10061] No connection could be made because the target machine actively refused it.')",1
GET,/predict?cb_nonce=186971,"ConnectionRefusedError(10061, '[WinError 10061] No connection could be made because the target machine actively refused it.')",1
GET,/predict?cb_nonce=490542,"ConnectionRefusedError(10061, '[WinError 10061] No connection could be made because the target machine actively refused it.')",1
GET,/predict?cb_nonce=257894,"ConnectionRefusedError(10061, '[WinError 10061] No connection could be made because the target machine actively refused it.')",1
GET,/predict?cb_nonce=273356,"ConnectionRefusedError(10061, '[WinError 10061] No connection could be made because the target machine actively refused it.')",1
GET,/predict?cb_nonce=961655,"ConnectionRefusedError(10061, '[WinError 10061] No connection could be made because the target machine actively refused it.')",1
GET,/predict?cb_nonce=777351,"ConnectionRefusedError(10061, '[WinError 10061] No connection could be made because the target machine actively refused it.')",1
GET,/predict?cb_nonce=321332,"ConnectionRefusedError(10061, '[WinError 10061] No connection could be made because the target machine actively refused it.')",1
GET,/predict?cb_nonce=656610,"ConnectionRefusedError(10061, '[WinError 10061] No connection could be made because the target machine actively refused it.')",1
GET,/predict?cb_nonce=58404,"ConnectionRefusedError(10061, '[WinError 10061] No connection could be made because the target machine actively refused it.')",1
GET,/predict?cb_nonce=773332,"ConnectionRefusedError(10061, '[WinError 10061] No connection could be made because the target machine actively refused it.')",1
GET,/predict?cb_nonce=831797,"ConnectionRefusedError(10061, '[WinError 10061] No connection could be made because the target machine actively refused it.')",1
GET,/predict?cb_nonce=172281,"ConnectionRefusedError(10061, '[WinError 10061] No connection could be made because the target machine actively refused it.')",1
GET,/predict?cb_nonce=390554,"ConnectionRefusedError(10061, '[WinError 10061] No connection could be made because the target machine actively refused it.')",1
GET,/predict?cb_nonce=48300,"ConnectionRefusedError(10061, '[WinError 10061] No connection could be made because the target machine actively refused it.')",1
GET,/predict?cb_nonce=57938,"ConnectionRefusedError(10061, '[WinError 10061] No connection could be made because the target machine actively refused it.')",1
GET,/predict?cb_nonce=807117,"ConnectionRefusedError(10061, '[WinError 10061] No connection could be made because the target machine actively refused it.')",1
GET,/predict?cb_nonce=554908,"ConnectionRefusedError(10061, '[WinError 10061] No connection could be made because the target machine actively refused it.')",1
GET,/predict?cb_nonce=349259,"ConnectionRefusedError(10061, '[WinError 10061] No connection could be made because the target machine actively refused it.')",1
GET,/predict?cb_nonce=882999,"ConnectionRefusedError(10061, '[WinError 10061] No connection could be made because the target machine actively refused it.')",1
GET,/predict?cb_nonce=934715,"ConnectionRefusedError(10061, '[WinError 10061] No connection could be made because the target machine actively refused it.')",1
GET,/predict?cb_nonce=544552,"ConnectionRefusedError(10061, '[WinError 10061] No connection could be made because the target machine actively refused it.')",1
GET,/predict?cb_nonce=203500,"ConnectionRefusedError(10061, '[WinError 10061] No connection could be made because the target machine actively refused it.')",1
GET,/predict?cb_nonce=129162,"ConnectionRefusedError(10061, '[WinError 10061] No connection could be made because the target machine actively refused it.')",1
GET,/predict?cb_nonce=554359,"ConnectionRefusedError(10061, '[WinError 10061] No connection could be made because the target machine actively refused it.')",1
GET,/predict?cb_nonce=46837,"ConnectionRefusedError(10061, '[WinError 10061] No connection could be made because the target machine actively refused it.')",1
GET,/predict?cb_nonce=983084,"ConnectionRefusedError(10061, '[WinError 10061] No connection could be made because the target machine actively refused it.')",1
GET,/predict?cb_nonce=530309,"ConnectionRefusedError(10061, '[WinError 10061] No connection could be made because the target machine actively refused it.')",1
GET,/predict?cb_nonce=573294,"ConnectionRefusedError(10061, '[WinError 10061] No connection could be made because the target machine actively refused it.')",1
GET,/predict?cb_nonce=462649,"ConnectionRefusedError(10061, '[WinError 10061] No connection could be made because the target machine actively refused it.')",1
GET,/predict?cb_nonce=925891,"ConnectionRefusedError(10061, '[WinError 10061] No connection could be made because the target machine actively refused it.')",1
GET,/predict?cb_nonce=377915,"ConnectionRefusedError(10061, '[WinError 10061] No connection could be made because the target machine actively refused it.')",1
GET,/predict?cb_nonce=226286,"ConnectionRefusedError(10061, '[WinError 10061] No connection could be made because the target machine actively refused it.')",1
GET,/predict?cb_nonce=694961,"ConnectionRefusedError(10061, '[WinError 10061] No connection could be made because the target machine actively refused it.')",1
GET,/predict?cb_nonce=955407,"ConnectionRefusedError(10061, '[WinError 10061] No connection could be made because the target machine actively refused it.')",1
GET,/predict?cb_nonce=916207,"ConnectionRefusedError(10061, '[WinError 10061] No connection could be made because the target machine actively refused it.')",1
GET,/predict?cb_nonce=57245,"ConnectionRefusedError(10061, '[WinError 10061] No connection could be made because the target machine actively refused it.')",1
GET,/predict?cb_nonce=397788,"ConnectionRefusedError(10061, '[WinError 10061] No connection could be made because the target machine actively refused it.')",1
GET,/predict?cb_nonce=808957,"ConnectionRefusedError(10061, '[WinError 10061] No connection could be made because the target machine actively refused it.')",1
GET,/predict?cb_nonce=44791,"ConnectionRefusedError(10061, '[WinError 10061] No connection could be made because the target machine actively refused it.')",1
GET,/predict?cb_nonce=717577,"ConnectionRefusedError(10061, '[WinError 10061] No connection could be made because the target machine actively refused it.')",1
GET,/predict?cb_nonce=667093,"ConnectionRefusedError(10061, '[WinError 10061] No connection could be made because the target machine actively refused it.')",1
GET,/predict?cb_nonce=474358,"ConnectionRefusedError(10061, '[WinError 10061] No connection could be made because the target machine actively refused it.')",1
GET,/predict?cb_nonce=91213,"ConnectionRefusedError(10061, '[WinError 10061] No connection could be made because the target machine actively refused it.')",1
GET,/predict?cb_nonce=101045,"ConnectionRefusedError(10061, '[WinError 10061] No connection could be made because the target machine actively refused it.')",1
GET,/predict?cb_nonce=538419,"ConnectionRefusedError(10061, '[WinError 10061] No connection could be made because the target machine actively refused it.')",1
GET,/predict?cb_nonce=571485,"ConnectionRefusedError(10061, '[WinError 10061] No connection could be made because the target machine actively refused it.')",1
GET,/predict?cb_nonce=510458,"ConnectionRefusedError(10061, '[WinError 10061] No connection could be made because the target machine actively refused it.')",1
GET,/predict?cb_nonce=426534,"ConnectionRefusedError(10061, '[WinError 10061] No connection could be made because the target machine actively refused it.')",1
GET,/predict?cb_nonce=489464,"ConnectionRefusedError(10061, '[WinError 10061] No connection could be made because the target machine actively refused it.')",1
GET,/predict?cb_nonce=232915,"ConnectionRefusedError(10061, '[WinError 10061] No connection could be made because the target machine actively refused it.')",1
GET,/predict?cb_nonce=149258,"ConnectionRefusedError(10061, '[WinError 10061] No connection could be made because the target machine actively refused it.')",1
GET,/predict?cb_nonce=695755,"ConnectionRefusedError(10061, '[WinError 10061] No connection could be made because the target machine actively refused it.')",1
GET,/predict?cb_nonce=477814,"ConnectionRefusedError(10061, '[WinError 10061] No connection could be made because the target machine actively refused it.')",1
GET,/predict?cb_nonce=785254,"ConnectionRefusedError(10061, '[WinError 10061] No connection could be made because the target machine actively refused it.')",1
GET,/predict?cb_nonce=518748,"ConnectionRefusedError(10061, '[WinError 10061] No connection could be made because the target machine actively refused it.')",1
GET,/predict?cb_nonce=219256,"ConnectionRefusedError(10061, '[WinError 10061] No connection could be made because the target machine actively refused it.')",1
GET,/predict?cb_nonce=428157,"ConnectionRefusedError(10061, '[WinError 10061] No connection could be made because the target machine actively refused it.')",1
GET,/predict?cb_nonce=123105,"ConnectionRefusedError(10061, '[WinError 10061] No connection could be made because the target machine actively refused it.')",1
GET,/predict?cb_nonce=528943,"ConnectionRefusedError(10061, '[WinError 10061] No connection could be made because the target machine actively refused it.')",1
GET,/predict?cb_nonce=109811,"ConnectionRefusedError(10061, '[WinError 10061] No connection could be made because the target machine actively refused it.')",1
GET,/predict?cb_nonce=247251,"ConnectionRefusedError(10061, '[WinError 10061] No connection could be made because the target machine actively refused it.')",1
GET,/predict?cb_nonce=560881,"ConnectionRefusedError(10061, '[WinError 10061] No connection could be made because the target machine actively refused it.')",1
GET,/predict?cb_nonce=985351,"ConnectionRefusedError(10061, '[WinError 10061] No connection could be made because the target machine actively refused it.')",1
GET,/predict?cb_nonce=272451,"ConnectionRefusedError(10061, '[WinError 10061] No connection could be made because the target machine actively refused it.')",1
GET,/predict?cb_nonce=614282,"ConnectionRefusedError(10061, '[WinError 10061] No connection could be made because the target machine actively refused it.')",1
GET,/predict?cb_nonce=233777,"ConnectionRefusedError(10061, '[WinError 10061] No connection could be made because the target machine actively refused it.')",1
GET,/predict?cb_nonce=428858,"ConnectionRefusedError(10061, '[WinError 10061] No connection could be made because the target machine actively refused it.')",1
GET,/predict?cb_nonce=399721,"ConnectionRefusedError(10061, '[WinError 10061] No connection could be made because the target machine actively refused it.')",1
GET,/predict?cb_nonce=155995,"ConnectionRefusedError(10061, '[WinError 10061] No connection could be made because the target machine actively refused it.')",1
GET,/predict?cb_nonce=878235,"ConnectionRefusedError(10061, '[WinError 10061] No connection could be made because the target machine actively refused it.')",1
GET,/predict?cb_nonce=542830,"ConnectionRefusedError(10061, '[WinError 10061] No connection could be made because the target machine actively refused it.')",1
GET,/predict?cb_nonce=635417,"ConnectionRefusedError(10061, '[WinError 10061] No connection could be made because the target machine actively refused it.')",1
GET,/predict?cb_nonce=522402,"ConnectionRefusedError(10061, '[WinError 10061] No connection could be made because the target machine actively refused it.')",1
GET,/predict?cb_nonce=898446,"ConnectionRefusedError(10061, '[WinError 10061] No connection could be made because the target machine actively refused it.')",1
GET,/predict?cb_nonce=993256,"ConnectionRefusedError(10061, '[WinError 10061] No connection could be made because the target machine actively refused it.')",1
GET,/predict?cb_nonce=469008,"ConnectionRefusedError(10061, '[WinError 10061] No connection could be made because the target machine actively refused it.')",1
GET,/predict?cb_nonce=986452,"ConnectionRefusedError(10061, '[WinError 10061] No connection could be made because the target machine actively refused it.')",1
GET,/predict?cb_nonce=102442,"ConnectionRefusedError(10061, '[WinError 10061] No connection could be made because the target machine actively refused it.')",1
GET,/predict?cb_nonce=448639,"ConnectionRefusedError(10061, '[WinError 10061] No connection could be made because the target machine actively refused it.')",1
GET,/predict?cb_nonce=129040,"ConnectionRefusedError(10061, '[WinError 10061] No connection could be made because the target machine actively refused it.')",1
GET,/predict?cb_nonce=761755,"ConnectionRefusedError(10061, '[WinError 10061] No connection could be made because the target machine actively refused it.')",1
GET,/predict?cb_nonce=241618,"ConnectionRefusedError(10061, '[WinError 10061] No connection could be made because the target machine actively refused it.')",1
GET,/predict?cb_nonce=225104,"ConnectionRefusedError(10061, '[WinError 10061] No connection could be made because the target machine actively refused it.')",1
GET,/predict?cb_nonce=130521,"ConnectionRefusedError(10061, '[WinError 10061] No connection could be made because the target machine actively refused it.')",1
GET,/predict?cb_nonce=431159,"ConnectionRefusedError(10061, '[WinError 10061] No connection could be made because the target machine actively refused it.')",1
GET,/predict?cb_nonce=137405,"ConnectionRefusedError(10061, '[WinError 10061] No connection could be made because the target machine actively refused it.')",1
GET,/predict?cb_nonce=378196,"ConnectionRefusedError(10061, '[WinError 10061] No connection could be made because the target machine actively refused it.')",1
GET,/predict?cb_nonce=422750,"ConnectionRefusedError(10061, '[WinError 10061] No connection could be made because the target machine actively refused it.')",1
GET,/predict?cb_nonce=979616,"ConnectionRefusedError(10061, '[WinError 10061] No connection could be made because the target machine actively refused it.')",1
GET,/predict?cb_nonce=118029,"ConnectionRefusedError(10061, '[WinError 10061] No connection could be made because the target machine actively refused it.')",1
GET,/predict?cb_nonce=93111,"ConnectionRefusedError(10061, '[WinError 10061] No connection could be made because the target machine actively refused it.')",1
GET,/predict?cb_nonce=933277,"ConnectionRefusedError(10061, '[WinError 10061] No connection could be made because the target machine actively refused it.')",1
GET,/predict?cb_nonce=84089,"ConnectionRefusedError(10061, '[WinError 10061] No connection could be made because the target machine actively refused it.')",1
GET,/predict?cb_nonce=659145,"ConnectionRefusedError(10061, '[WinError 10061] No connection could be made because the target machine actively refused it.')",1
GET,/predict?cb_nonce=73098,"ConnectionRefusedError(10061, '[WinError 10061] No connection could be made because the target machine actively refused it.')",1
GET,/predict?cb_nonce=428940,"ConnectionRefusedError(10061, '[WinError 10061] No connection could be made because the target machine actively refused it.')",1
GET,/predict?cb_nonce=981762,"ConnectionRefusedError(10061, '[WinError 10061] No connection could be made because the target machine actively refused it.')",1
GET,/predict?cb_nonce=93151,"ConnectionRefusedError(10061, '[WinError 10061] No connection could be made because the target machine actively refused it.')",1
GET,/predict?cb_nonce=499679,"ConnectionRefusedError(10061, '[WinError 10061] No connection could be made because the target machine actively refused it.')",1
GET,/predict?cb_nonce=86,"ConnectionRefusedError(10061, '[WinError 10061] No connection could be made because the target machine actively refused it.')",1
GET,/predict?cb_nonce=730248,"ConnectionRefusedError(10061, '[WinError 10061] No connection could be made because the target machine actively refused it.')",1
GET,/predict?cb_nonce=507525,"ConnectionRefusedError(10061, '[WinError 10061] No connection could be made because the target machine actively refused it.')",1
GET,/predict?cb_nonce=829460,"ConnectionRefusedError(10061, '[WinError 10061] No connection could be made because the target machine actively refused it.')",1
GET,/predict?cb_nonce=129288,"ConnectionRefusedError(10061, '[WinError 10061] No connection could be made because the target machine actively refused it.')",1
GET,/predict?cb_nonce=128196,"ConnectionRefusedError(10061, '[WinError 10061] No connection could be made because the target machine actively refused it.')",1
GET,/predict?cb_nonce=829567,"ConnectionRefusedError(10061, '[WinError 10061] No connection could be made because the target machine actively refused it.')",1
GET,/predict?cb_nonce=207872,"ConnectionRefusedError(10061, '[WinError 10061] No connection could be made because the target machine actively refused it.')",1
GET,/predict?cb_nonce=803692,"ConnectionRefusedError(10061, '[WinError 10061] No connection could be made because the target machine actively refused it.')",1
GET,/predict?cb_nonce=435060,"ConnectionRefusedError(10061, '[WinError 10061] No connection could be made because the target machine actively refused it.')",1
GET,/predict?cb_nonce=511037,"ConnectionRefusedError(10061, '[WinError 10061] No connection could be made because the target machine actively refused it.')",1
GET,/predict?cb_nonce=403532,"ConnectionRefusedError(10061, '[WinError 10061] No connection could be made because the target machine actively refused it.')",1
GET,/predict?cb_nonce=738394,"ConnectionRefusedError(10061, '[WinError 10061] No connection could be made because the target machine actively refused it.')",1
GET,/predict?cb_nonce=489194,"ConnectionRefusedError(10061, '[WinError 10061] No connection could be made because the target machine actively refused it.')",1
GET,/predict?cb_nonce=43736,"ConnectionRefusedError(10061, '[WinError 10061] No connection could be made because the target machine actively refused it.')",1
GET,/predict?cb_nonce=995034,"ConnectionRefusedError(10061, '[WinError 10061] No connection could be made because the target machine actively refused it.')",1
GET,/predict?cb_nonce=412518,"ConnectionRefusedError(10061, '[WinError 10061] No connection could be made because the target machine actively refused it.')",1
GET,/predict?cb_nonce=932668,"ConnectionRefusedError(10061, '[WinError 10061] No connection could be made because the target machine actively refused it.')",1
GET,/predict?cb_nonce=268939,"ConnectionRefusedError(10061, '[WinError 10061] No connection could be made because the target machine actively refused it.')",1
GET,/predict?cb_nonce=197884,"ConnectionRefusedError(10061, '[WinError 10061] No connection could be made because the target machine actively refused it.')",1
GET,/predict?cb_nonce=418202,"ConnectionRefusedError(10061, '[WinError 10061] No connection could be made because the target machine actively refused it.')",1
GET,/predict?cb_nonce=981893,"ConnectionRefusedError(10061, '[WinError 10061] No connection could be made because the target machine actively refused it.')",1
GET,/predict?cb_nonce=788339,"ConnectionRefusedError(10061, '[WinError 10061] No connection could be made because the target machine actively refused it.')",1
GET,/predict?cb_nonce=589060,"ConnectionRefusedError(10061, '[WinError 10061] No connection could be made because the target machine actively refused it.')",1
GET,/predict?cb_nonce=279816,"ConnectionRefusedError(10061, '[WinError 10061] No connection could be made because the target machine actively refused it.')",1
GET,/predict?cb_nonce=563852,"ConnectionRefusedError(10061, '[WinError 10061] No connection could be made because the target machine actively refused it.')",1
GET,/predict?cb_nonce=701061,"ConnectionRefusedError(10061, '[WinError 10061] No connection could be made because the target machine actively refused it.')",1
GET,/predict?cb_nonce=21981,"ConnectionRefusedError(10061, '[WinError 10061] No connection could be made because the target machine actively refused it.')",1
GET,/predict?cb_nonce=17662,"ConnectionRefusedError(10061, '[WinError 10061] No connection could be made because the target machine actively refused it.')",1
GET,/predict?cb_nonce=169836,"ConnectionRefusedError(10061, '[WinError 10061] No connection could be made because the target machine actively refused it.')",1
GET,/predict?cb_nonce=295750,"ConnectionRefusedError(10061, '[WinError 10061] No connection could be made because the target machine actively refused it.')",1
GET,/predict?cb_nonce=489959,"ConnectionRefusedError(10061, '[WinError 10061] No connection could be made because the target machine actively refused it.')",1
GET,/predict?cb_nonce=766025,"ConnectionRefusedError(10061, '[WinError 10061] No connection could be made because the target machine actively refused it.')",1
GET,/predict?cb_nonce=132217,"ConnectionRefusedError(10061, '[WinError 10061] No connection could be made because the target machine actively refused it.')",1
GET,/predict?cb_nonce=639149,"ConnectionRefusedError(10061, '[WinError 10061] No connection could be made because the target machine actively refused it.')",1
GET,/predict?cb_nonce=793050,"ConnectionRefusedError(10061, '[WinError 10061] No connection could be made because the target machine actively refused it.')",1
GET,/predict?cb_nonce=939548,"ConnectionRefusedError(10061, '[WinError 10061] No connection could be made because the target machine actively refused it.')",1
GET,/predict?cb_nonce=945305,"ConnectionRefusedError(10061, '[WinError 10061] No connection could be made because the target machine actively refused it.')",1
GET,/predict?cb_nonce=415588,"ConnectionRefusedError(10061, '[WinError 10061] No connection could be made because the target machine actively refused it.')",1
GET,/predict?cb_nonce=809033,"ConnectionRefusedError(10061, '[WinError 10061] No connection could be made because the target machine actively refused it.')",1
GET,/predict?cb_nonce=818417,"ConnectionRefusedError(10061, '[WinError 10061] No connection could be made because the target machine actively refused it.')",1
GET,/predict?cb_nonce=755764,"ConnectionRefusedError(10061, '[WinError 10061] No connection could be made because the target machine actively refused it.')",1
GET,/predict?cb_nonce=76365,"ConnectionRefusedError(10061, '[WinError 10061] No connection could be made because the target machine actively refused it.')",1
GET,/predict?cb_nonce=886450,"ConnectionRefusedError(10061, '[WinError 10061] No connection could be made because the target machine actively refused it.')",1
GET,/predict?cb_nonce=530065,"ConnectionRefusedError(10061, '[WinError 10061] No connection could be made because the target machine actively refused it.')",1
GET,/predict?cb_nonce=606393,"ConnectionRefusedError(10061, '[WinError 10061] No connection could be made because the target machine actively refused it.')",1
GET,/predict?cb_nonce=580101,"ConnectionRefusedError(10061, '[WinError 10061] No connection could be made because the target machine actively refused it.')",1
GET,/predict?cb_nonce=729901,"ConnectionRefusedError(10061, '[WinError 10061] No connection could be made because the target machine actively refused it.')",1
GET,/predict?cb_nonce=233209,"ConnectionRefusedError(10061, '[WinError 10061] No connection could be made because the target machine actively refused it.')",1
GET,/predict?cb_nonce=866688,"ConnectionRefusedError(10061, '[WinError 10061] No connection could be made because the target machine actively refused it.')",1
GET,/predict?cb_nonce=427649,"ConnectionRefusedError(10061, '[WinError 10061] No connection could be made because the target machine actively refused it.')",1
GET,/predict?cb_nonce=238709,"ConnectionRefusedError(10061, '[WinError 10061] No connection could be made because the target machine actively refused it.')",1
GET,/predict?cb_nonce=955527,"ConnectionRefusedError(10061, '[WinError 10061] No connection could be made because the target machine actively refused it.')",1
GET,/predict?cb_nonce=354771,"ConnectionRefusedError(10061, '[WinError 10061] No connection could be made because the target machine actively refused it.')",1
GET,/predict?cb_nonce=821951,"ConnectionRefusedError(10061, '[WinError 10061] No connection could be made because the target machine actively refused it.')",1
GET,/predict?cb_nonce=435421,"ConnectionRefusedError(10061, '[WinError 10061] No connection could be made because the target machine actively refused it.')",1
GET,/predict?cb_nonce=563308,"ConnectionRefusedError(10061, '[WinError 10061] No connection could be made because the target machine actively refused it.')",1
GET,/predict?cb_nonce=295943,"ConnectionRefusedError(10061, '[WinError 10061] No connection could be made because the target machine actively refused it.')",1
GET,/predict?cb_nonce=591834,"ConnectionRefusedError(10061, '[WinError 10061] No connection could be made because the target machine actively refused it.')",1
GET,/predict?cb_nonce=750112,"ConnectionRefusedError(10061, '[WinError 10061] No connection could be made because the target machine actively refused it.')",1
GET,/predict?cb_nonce=242326,"ConnectionRefusedError(10061, '[WinError 10061] No connection could be made because the target machine actively refused it.')",1
GET,/predict?cb_nonce=538377,"ConnectionRefusedError(10061, '[WinError 10061] No connection could be made because the target machine actively refused it.')",1
GET,/predict?cb_nonce=280791,"ConnectionRefusedError(10061, '[WinError 10061] No connection could be made because the target machine actively refused it.')",1
GET,/predict?cb_nonce=792139,"ConnectionRefusedError(10061, '[WinError 10061] No connection could be made because the target machine actively refused it.')",1
GET,/predict?cb_nonce=506819,"ConnectionRefusedError(10061, '[WinError 10061] No connection could be made because the target machine actively refused it.')",1
GET,/predict?cb_nonce=929265,"ConnectionRefusedError(10061, '[WinError 10061] No connection could be made because the target machine actively refused it.')",1
GET,/predict?cb_nonce=874727,"ConnectionRefusedError(10061, '[WinError 10061] No connection could be made because the target machine actively refused it.')",1
GET,/predict?cb_nonce=383256,"ConnectionRefusedError(10061, '[WinError 10061] No connection could be made because the target machine actively refused it.')",1
GET,/predict?cb_nonce=763183,"ConnectionRefusedError(10061, '[WinError 10061] No connection could be made because the target machine actively refused it.')",1
GET,/predict?cb_nonce=688303,"ConnectionRefusedError(10061, '[WinError 10061] No connection could be made because the target machine actively refused it.')",1
GET,/predict?cb_nonce=695687,"ConnectionRefusedError(10061, '[WinError 10061] No connection could be made because the target machine actively refused it.')",1
GET,/predict?cb_nonce=797396,"ConnectionRefusedError(10061, '[WinError 10061] No connection could be made because the target machine actively refused it.')",1
GET,/predict?cb_nonce=260070,"ConnectionRefusedError(10061, '[WinError 10061] No connection could be made because the target machine actively refused it.')",1
GET,/predict?cb_nonce=901801,"ConnectionRefusedError(10061, '[WinError 10061] No connection could be made because the target machine actively refused it.')",1
GET,/predict?cb_nonce=36641,"ConnectionRefusedError(10061, '[WinError 10061] No connection could be made because the target machine actively refused it.')",1
GET,/predict?cb_nonce=31481,"ConnectionRefusedError(10061, '[WinError 10061] No connection could be made because the target machine actively refused it.')",1
GET,/predict?cb_nonce=933243,"ConnectionRefusedError(10061, '[WinError 10061] No connection could be made because the target machine actively refused it.')",1
GET,/predict?cb_nonce=556344,"ConnectionRefusedError(10061, '[WinError 10061] No connection could be made because the target machine actively refused it.')",1
GET,/predict?cb_nonce=526798,"ConnectionRefusedError(10061, '[WinError 10061] No connection could be made because the target machine actively refused it.')",1
GET,/predict?cb_nonce=224893,"ConnectionRefusedError(10061, '[WinError 10061] No connection could be made because the target machine actively refused it.')",1
GET,/predict?cb_nonce=814768,"ConnectionRefusedError(10061, '[WinError 10061] No connection could be made because the target machine actively refused it.')",1
GET,/predict?cb_nonce=17276,"ConnectionRefusedError(10061, '[WinError 10061] No connection could be made because the target machine actively refused it.')",1
GET,/predict?cb_nonce=293088,"ConnectionRefusedError(10061, '[WinError 10061] No connection could be made because the target machine actively refused it.')",1
GET,/predict?cb_nonce=693756,"ConnectionRefusedError(10061, '[WinError 10061] No connection could be made because the target machine actively refused it.')",1
GET,/predict?cb_nonce=926137,"ConnectionRefusedError(10061, '[WinError 10061] No connection could be made because the target machine actively refused it.')",1
GET,/predict?cb_nonce=429876,"ConnectionRefusedError(10061, '[WinError 10061] No connection could be made because the target machine actively refused it.')",1
GET,/predict?cb_nonce=345756,"ConnectionRefusedError(10061, '[WinError 10061] No connection could be made because the target machine actively refused it.')",1
GET,/predict?cb_nonce=737358,"ConnectionRefusedError(10061, '[WinError 10061] No connection could be made because the target machine actively refused it.')",1
GET,/predict?cb_nonce=101764,"ConnectionRefusedError(10061, '[WinError 10061] No connection could be made because the target machine actively refused it.')",1
GET,/predict?cb_nonce=57455,"ConnectionRefusedError(10061, '[WinError 10061] No connection could be made because the target machine actively refused it.')",1
GET,/predict?cb_nonce=582036,"ConnectionRefusedError(10061, '[WinError 10061] No connection could be made because the target machine actively refused it.')",1
GET,/predict?cb_nonce=155329,"ConnectionRefusedError(10061, '[WinError 10061] No connection could be made because the target machine actively refused it.')",1
GET,/predict?cb_nonce=839633,"ConnectionRefusedError(10061, '[WinError 10061] No connection could be made because the target machine actively refused it.')",1
GET,/predict?cb_nonce=349209,"ConnectionRefusedError(10061, '[WinError 10061] No connection could be made because the target machine actively refused it.')",1
GET,/predict?cb_nonce=718428,"ConnectionRefusedError(10061, '[WinError 10061] No connection could be made because the target machine actively refused it.')",1
GET,/predict?cb_nonce=295856,"ConnectionRefusedError(10061, '[WinError 10061] No connection could be made because the target machine actively refused it.')",1
GET,/predict?cb_nonce=478984,"ConnectionRefusedError(10061, '[WinError 10061] No connection could be made because the target machine actively refused it.')",1
GET,/predict?cb_nonce=799504,"ConnectionRefusedError(10061, '[WinError 10061] No connection could be made because the target machine actively refused it.')",1
GET,/predict?cb_nonce=941771,"ConnectionRefusedError(10061, '[WinError 10061] No connection could be made because the target machine actively refused it.')",1
GET,/predict?cb_nonce=238491,"ConnectionRefusedError(10061, '[WinError 10061] No connection could be made because the target machine actively refused it.')",1
GET,/predict?cb_nonce=768418,"ConnectionRefusedError(10061, '[WinError 10061] No connection could be made because the target machine actively refused it.')",1
GET,/predict?cb_nonce=57529,"ConnectionRefusedError(10061, '[WinError 10061] No connection could be made because the target machine actively refused it.')",1
GET,/predict?cb_nonce=565052,"ConnectionRefusedError(10061, '[WinError 10061] No connection could be made because the target machine actively refused it.')",1
GET,/predict?cb_nonce=117093,"ConnectionRefusedError(10061, '[WinError 10061] No connection could be made because the target machine actively refused it.')",1
GET,/predict?cb_nonce=457666,"ConnectionRefusedError(10061, '[WinError 10061] No connection could be made because the target machine actively refused it.')",1
GET,/predict?cb_nonce=983634,"ConnectionRefusedError(10061, '[WinError 10061] No connection could be made because the target machine actively refused it.')",1
GET,/predict?cb_nonce=951929,"ConnectionRefusedError(10061, '[WinError 10061] No connection could be made because the target machine actively refused it.')",1
GET,/predict?cb_nonce=893164,"ConnectionRefusedError(10061, '[WinError 10061] No connection could be made because the target machine actively refused it.')",1
GET,/predict?cb_nonce=868534,"ConnectionRefusedError(10061, '[WinError 10061] No connection could be made because the target machine actively refused it.')",1
GET,/predict?cb_nonce=805331,"ConnectionRefusedError(10061, '[WinError 10061] No connection could be made because the target machine actively refused it.')",1
GET,/predict?cb_nonce=128917,"ConnectionRefusedError(10061, '[WinError 10061] No connection could be made because the target machine actively refused it.')",1
GET,/predict?cb_nonce=773037,"ConnectionRefusedError(10061, '[WinError 10061] No connection could be made because the target machine actively refused it.')",1
GET,/predict?cb_nonce=950432,"ConnectionRefusedError(10061, '[WinError 10061] No connection could be made because the target machine actively refused it.')",1
GET,/predict?cb_nonce=547539,"ConnectionRefusedError(10061, '[WinError 10061] No connection could be made because the target machine actively refused it.')",1
GET,/predict?cb_nonce=976819,"ConnectionRefusedError(10061, '[WinError 10061] No connection could be made because the target machine actively refused it.')",1
GET,/predict?cb_nonce=621611,"ConnectionRefusedError(10061, '[WinError 10061] No connection could be made because the target machine actively refused it.')",1
GET,/predict?cb_nonce=479621,"ConnectionRefusedError(10061, '[WinError 10061] No connection could be made because the target machine actively refused it.')",1
GET,/predict?cb_nonce=800781,"ConnectionRefusedError(10061, '[WinError 10061] No connection could be made because the target machine actively refused it.')",1
GET,/predict?cb_nonce=215280,"ConnectionRefusedError(10061, '[WinError 10061] No connection could be made because the target machine actively refused it.')",1
GET,/predict?cb_nonce=406822,"ConnectionRefusedError(10061, '[WinError 10061] No connection could be made because the target machine actively refused it.')",1
GET,/predict?cb_nonce=940936,"ConnectionRefusedError(10061, '[WinError 10061] No connection could be made because the target machine actively refused it.')",1
GET,/predict?cb_nonce=768361,"ConnectionRefusedError(10061, '[WinError 10061] No connection could be made because the target machine actively refused it.')",1
GET,/predict?cb_nonce=930364,"ConnectionRefusedError(10061, '[WinError 10061] No connection could be made because the target machine actively refused it.')",1
GET,/predict?cb_nonce=470981,"ConnectionRefusedError(10061, '[WinError 10061] No connection could be made because the target machine actively refused it.')",1
GET,/predict?cb_nonce=771900,"ConnectionRefusedError(10061, '[WinError 10061] No connection could be made because the target machine actively refused it.')",1
GET,/predict?cb_nonce=908276,"ConnectionRefusedError(10061, '[WinError 10061] No connection could be made because the target machine actively refused it.')",1
GET,/predict?cb_nonce=721075,"ConnectionRefusedError(10061, '[WinError 10061] No connection could be made because the target machine actively refused it.')",1
GET,/predict?cb_nonce=665214,"ConnectionRefusedError(10061, '[WinError 10061] No connection could be made because the target machine actively refused it.')",1
GET,/predict?cb_nonce=893773,"ConnectionRefusedError(10061, '[WinError 10061] No connection could be made because the target machine actively refused it.')",1
GET,/predict?cb_nonce=636605,"ConnectionRefusedError(10061, '[WinError 10061] No connection could be made because the target machine actively refused it.')",1
GET,/predict?cb_nonce=676469,"ConnectionRefusedError(10061, '[WinError 10061] No connection could be made because the target machine actively refused it.')",1
GET,/predict?cb_nonce=495763,"ConnectionRefusedError(10061, '[WinError 10061] No connection could be made because the target machine actively refused it.')",1
GET,/predict?cb_nonce=28235,"ConnectionRefusedError(10061, '[WinError 10061] No connection could be made because the target machine actively refused it.')",1
GET,/predict?cb_nonce=583853,"ConnectionRefusedError(10061, '[WinError 10061] No connection could be made because the target machine actively refused it.')",1
GET,/predict?cb_nonce=864892,"ConnectionRefusedError(10061, '[WinError 10061] No connection could be made because the target machine actively refused it.')",1
GET,/predict?cb_nonce=11964,"ConnectionRefusedError(10061, '[WinError 10061] No connection could be made because the target machine actively refused it.')",1
GET,/predict?cb_nonce=275793,"ConnectionRefusedError(10061, '[WinError 10061] No connection could be made because the target machine actively refused it.')",1
GET,/predict?cb_nonce=184483,"ConnectionRefusedError(10061, '[WinError 10061] No connection could be made because the target machine actively refused it.')",1
GET,/predict?cb_nonce=564985,"ConnectionRefusedError(10061, '[WinError 10061] No connection could be made because the target machine actively refused it.')",1
GET,/predict?cb_nonce=930994,"ConnectionRefusedError(10061, '[WinError 10061] No connection could be made because the target machine actively refused it.')",1
GET,/predict?cb_nonce=594755,"ConnectionRefusedError(10061, '[WinError 10061] No connection could be made because the target machine actively refused it.')",1
GET,/predict?cb_nonce=706502,"ConnectionRefusedError(10061, '[WinError 10061] No connection could be made because the target machine actively refused it.')",1
GET,/predict?cb_nonce=420658,"ConnectionRefusedError(10061, '[WinError 10061] No connection could be made because the target machine actively refused it.')",1
GET,/predict?cb_nonce=372655,"ConnectionRefusedError(10061, '[WinError 10061] No connection could be made because the target machine actively refused it.')",1
GET,/predict?cb_nonce=730308,"ConnectionRefusedError(10061, '[WinError 10061] No connection could be made because the target machine actively refused it.')",1
GET,/predict?cb_nonce=636046,"ConnectionRefusedError(10061, '[WinError 10061] No connection could be made because the target machine actively refused it.')",1
GET,/predict?cb_nonce=613974,"ConnectionRefusedError(10061, '[WinError 10061] No connection could be made because the target machine actively refused it.')",1
GET,/predict?cb_nonce=786814,"ConnectionRefusedError(10061, '[WinError 10061] No connection could be made because the target machine actively refused it.')",1
GET,/predict?cb_nonce=133187,"ConnectionRefusedError(10061, '[WinError 10061] No connection could be made because the target machine actively refused it.')",1
GET,/predict?cb_nonce=179447,"ConnectionRefusedError(10061, '[WinError 10061] No connection could be made because the target machine actively refused it.')",1
GET,/predict?cb_nonce=808457,"ConnectionRefusedError(10061, '[WinError 10061] No connection could be made because the target machine actively refused it.')",1
GET,/predict?cb_nonce=454142,"ConnectionRefusedError(10061, '[WinError 10061] No connection could be made because the target machine actively refused it.')",1
GET,/predict?cb_nonce=798458,"ConnectionRefusedError(10061, '[WinError 10061] No connection could be made because the target machine actively refused it.')",1
GET,/predict?cb_nonce=699213,"ConnectionRefusedError(10061, '[WinError 10061] No connection could be made because the target machine actively refused it.')",1
GET,/predict?cb_nonce=701769,"ConnectionRefusedError(10061, '[WinError 10061] No connection could be made because the target machine actively refused it.')",1
GET,/predict,"ConnectionRefusedError(10061, '[WinError 10061] No connection could be made because the target machine actively refused it.')",3945
GET,/predict?cb_nonce=816303,"ConnectionRefusedError(10061, '[WinError 10061] No connection could be made because the target machine actively refused it.')",1
GET,/predict?cb_nonce=267016,"ConnectionRefusedError(10061, '[WinError 10061] No connection could be made because the target machine actively refused it.')",1
GET,/predict?cb_nonce=971743,"ConnectionRefusedError(10061, '[WinError 10061] No connection could be made because the target machine actively refused it.')",1
GET,/predict?cb_nonce=290192,"ConnectionRefusedError(10061, '[WinError 10061] No connection could be made because the target machine actively refused it.')",1
GET,/predict?cb_nonce=300545,"ConnectionRefusedError(10061, '[WinError 10061] No connection could be made because the target machine actively refused it.')",1
GET,/predict?cb_nonce=70849,"ConnectionRefusedError(10061, '[WinError 10061] No connection could be made because the target machine actively refused it.')",1
GET,/predict?cb_nonce=803349,"ConnectionRefusedError(10061, '[WinError 10061] No connection could be made because the target machine actively refused it.')",1
GET,/predict?cb_nonce=597663,"ConnectionRefusedError(10061, '[WinError 10061] No connection could be made because the target machine actively refused it.')",1
GET,/predict?cb_nonce=517961,"ConnectionRefusedError(10061, '[WinError 10061] No connection could be made because the target machine actively refused it.')",1
GET,/predict?cb_nonce=78146,"ConnectionRefusedError(10061, '[WinError 10061] No connection could be made because the target machine actively refused it.')",1
GET,/predict?cb_nonce=774335,"ConnectionRefusedError(10061, '[WinError 10061] No connection could be made because the target machine actively refused it.')",1
GET,/predict?cb_nonce=6213,"ConnectionRefusedError(10061, '[WinError 10061] No connection could be made because the target machine actively refused it.')",1
GET,/predict?cb_nonce=583575,"ConnectionRefusedError(10061, '[WinError 10061] No connection could be made because the target machine actively refused it.')",1
GET,/predict?cb_nonce=565045,"ConnectionRefusedError(10061, '[WinError 10061] No connection could be made because the target machine actively refused it.')",1
GET,/predict?cb_nonce=718392,"ConnectionRefusedError(10061, '[WinError 10061] No connection could be made because the target machine actively refused it.')",1
GET,/predict?cb_nonce=948142,"ConnectionRefusedError(10061, '[WinError 10061] No connection could be made because the target machine actively refused it.')",1
GET,/predict?cb_nonce=573248,"ConnectionRefusedError(10061, '[WinError 10061] No connection could be made because the target machine actively refused it.')",1
GET,/predict?cb_nonce=370301,"ConnectionRefusedError(10061, '[WinError 10061] No connection could be made because the target machine actively refused it.')",1
GET,/predict?cb_nonce=104889,"ConnectionRefusedError(10061, '[WinError 10061] No connection could be made because the target machine actively refused it.')",1
GET,/predict?cb_nonce=33207,"ConnectionRefusedError(10061, '[WinError 10061] No connection could be made because the target machine actively refused it.')",1
GET,/predict?cb_nonce=723011,"ConnectionRefusedError(10061, '[WinError 10061] No connection could be made because the target machine actively refused it.')",1
GET,/predict?cb_nonce=111861,"ConnectionRefusedError(10061, '[WinError 10061] No connection could be made because the target machine actively refused it.')",1
GET,/predict?cb_nonce=150312,"ConnectionRefusedError(10061, '[WinError 10061] No connection could be made because the target machine actively refused it.')",1
GET,/predict?cb_nonce=897392,"ConnectionRefusedError(10061, '[WinError 10061] No connection could be made because the target machine actively refused it.')",1
GET,/predict?cb_nonce=80389,"ConnectionRefusedError(10061, '[WinError 10061] No connection could be made because the target machine actively refused it.')",1
GET,/predict?cb_nonce=206633,"ConnectionRefusedError(10061, '[WinError 10061] No connection could be made because the target machine actively refused it.')",1
GET,/predict?cb_nonce=451288,"ConnectionRefusedError(10061, '[WinError 10061] No connection could be made because the target machine actively refused it.')",1
GET,/predict?cb_nonce=849606,"ConnectionRefusedError(10061, '[WinError 10061] No connection could be made because the target machine actively refused it.')",1
GET,/predict?cb_nonce=217603,"ConnectionRefusedError(10061, '[WinError 10061] No connection could be made because the target machine actively refused it.')",1
GET,/predict?cb_nonce=790352,"ConnectionRefusedError(10061, '[WinError 10061] No connection could be made because the target machine actively refused it.')",1
GET,/predict?cb_nonce=743493,"ConnectionRefusedError(10061, '[WinError 10061] No connection could be made because the target machine actively refused it.')",1
GET,/predict?cb_nonce=538181,"ConnectionRefusedError(10061, '[WinError 10061] No connection could be made because the target machine actively refused it.')",1
GET,/predict?cb_nonce=493450,"ConnectionRefusedError(10061, '[WinError 10061] No connection could be made because the target machine actively refused it.')",1
GET,/predict?cb_nonce=982094,"ConnectionRefusedError(10061, '[WinError 10061] No connection could be made because the target machine actively refused it.')",1
GET,/predict?cb_nonce=509156,"ConnectionRefusedError(10061, '[WinError 10061] No connection could be made because the target machine actively refused it.')",1
GET,/predict?cb_nonce=375348,"ConnectionRefusedError(10061, '[WinError 10061] No connection could be made because the target machine actively refused it.')",1
GET,/predict?cb_nonce=58008,"ConnectionRefusedError(10061, '[WinError 10061] No connection could be made because the target machine actively refused it.')",1
GET,/predict?cb_nonce=872543,"ConnectionRefusedError(10061, '[WinError 10061] No connection could be made because the target machine actively refused it.')",1
GET,/predict?cb_nonce=344459,"ConnectionRefusedError(10061, '[WinError 10061] No connection could be made because the target machine actively refused it.')",1
GET,/predict?cb_nonce=896495,"ConnectionRefusedError(10061, '[WinError 10061] No connection could be made because the target machine actively refused it.')",1
GET,/predict?cb_nonce=689088,"ConnectionRefusedError(10061, '[WinError 10061] No connection could be made because the target machine actively refused it.')",1
GET,/predict?cb_nonce=53532,"ConnectionRefusedError(10061, '[WinError 10061] No connection could be made because the target machine actively refused it.')",1
GET,/predict?cb_nonce=684028,"ConnectionRefusedError(10061, '[WinError 10061] No connection could be made because the target machine actively refused it.')",1
GET,/predict?cb_nonce=230079,"ConnectionRefusedError(10061, '[WinError 10061] No connection could be made because the target machine actively refused it.')",1
GET,/predict?cb_nonce=115642,"ConnectionRefusedError(10061, '[WinError 10061] No connection could be made because the target machine actively refused it.')",1
GET,/predict?cb_nonce=580886,"ConnectionRefusedError(10061, '[WinError 10061] No connection could be made because the target machine actively refused it.')",1
GET,/predict?cb_nonce=19722,"ConnectionRefusedError(10061, '[WinError 10061] No connection could be made because the target machine actively refused it.')",1
GET,/predict?cb_nonce=302519,"ConnectionRefusedError(10061, '[WinError 10061] No connection could be made because the target machine actively refused it.')",1
GET,/predict?cb_nonce=614969,"ConnectionRefusedError(10061, '[WinError 10061] No connection could be made because the target machine actively refused it.')",1
GET,/predict?cb_nonce=58201,"ConnectionRefusedError(10061, '[WinError 10061] No connection could be made because the target machine actively refused it.')",1
GET,/predict?cb_nonce=689780,"ConnectionRefusedError(10061, '[WinError 10061] No connection could be made because the target machine actively refused it.')",1
GET,/predict?cb_nonce=741252,"ConnectionRefusedError(10061, '[WinError 10061] No connection could be made because the target machine actively refused it.')",1
GET,/predict?cb_nonce=128769,"ConnectionRefusedError(10061, '[WinError 10061] No connection could be made because the target machine actively refused it.')",1
GET,/predict?cb_nonce=257634,"ConnectionRefusedError(10061, '[WinError 10061] No connection could be made because the target machine actively refused it.')",1
GET,/predict?cb_nonce=886178,"ConnectionRefusedError(10061, '[WinError 10061] No connection could be made because the target machine actively refused it.')",1
GET,/predict?cb_nonce=922913,"ConnectionRefusedError(10061, '[WinError 10061] No connection could be made because the target machine actively refused it.')",1
GET,/predict?cb_nonce=277434,"ConnectionRefusedError(10061, '[WinError 10061] No connection could be made because the target machine actively refused it.')",1
GET,/predict?cb_nonce=990462,"ConnectionRefusedError(10061, '[WinError 10061] No connection could be made because the target machine actively refused it.')",1
GET,/predict?cb_nonce=185694,"ConnectionRefusedError(10061, '[WinError 10061] No connection could be made because the target machine actively refused it.')",1
GET,/predict?cb_nonce=172087,"ConnectionRefusedError(10061, '[WinError 10061] No connection could be made because the target machine actively refused it.')",1
GET,/predict?cb_nonce=795872,"ConnectionRefusedError(10061, '[WinError 10061] No connection could be made because the target machine actively refused it.')",1
GET,/predict?cb_nonce=206145,"ConnectionRefusedError(10061, '[WinError 10061] No connection could be made because the target machine actively refused it.')",1
GET,/predict?cb_nonce=659514,"ConnectionRefusedError(10061, '[WinError 10061] No connection could be made because the target machine actively refused it.')",1
GET,/predict?cb_nonce=881180,"ConnectionRefusedError(10061, '[WinError 10061] No connection could be made because the target machine actively refused it.')",1
GET,/predict?cb_nonce=543787,"ConnectionRefusedError(10061, '[WinError 10061] No connection could be made because the target machine actively refused it.')",1
GET,/predict?cb_nonce=152731,"ConnectionRefusedError(10061, '[WinError 10061] No connection could be made because the target machine actively refused it.')",1
GET,/predict?cb_nonce=590214,"ConnectionRefusedError(10061, '[WinError 10061] No connection could be made because the target machine actively refused it.')",1
GET,/predict?cb_nonce=183967,"ConnectionRefusedError(10061, '[WinError 10061] No connection could be made because the target machine actively refused it.')",1
GET,/predict?cb_nonce=967622,"ConnectionRefusedError(10061, '[WinError 10061] No connection could be made because the target machine actively refused it.')",1
GET,/predict?cb_nonce=27125,"ConnectionRefusedError(10061, '[WinError 10061] No connection could be made because the target machine actively refused it.')",1
GET,/predict?cb_nonce=282101,"ConnectionRefusedError(10061, '[WinError 10061] No connection could be made because the target machine actively refused it.')",1
GET,/predict?cb_nonce=410572,"ConnectionRefusedError(10061, '[WinError 10061] No connection could be made because the target machine actively refused it.')",1
GET,/predict?cb_nonce=192430,"ConnectionRefusedError(10061, '[WinError 10061] No connection could be made because the target machine actively refused it.')",1
GET,/predict?cb_nonce=294686,"ConnectionRefusedError(10061, '[WinError 10061] No connection could be made because the target machine actively refused it.')",1
GET,/predict?cb_nonce=28500,"ConnectionRefusedError(10061, '[WinError 10061] No connection could be made because the target machine actively refused it.')",1
GET,/predict?cb_nonce=631293,"ConnectionRefusedError(10061, '[WinError 10061] No connection could be made because the target machine actively refused it.')",1
GET,/predict?cb_nonce=617637,"ConnectionRefusedError(10061, '[WinError 10061] No connection could be made because the target machine actively refused it.')",1
GET,/predict?cb_nonce=194951,"ConnectionRefusedError(10061, '[WinError 10061] No connection could be made because the target machine actively refused it.')",1
GET,/predict?cb_nonce=328281,"ConnectionRefusedError(10061, '[WinError 10061] No connection could be made because the target machine actively refused it.')",1
GET,/predict?cb_nonce=82125,"ConnectionRefusedError(10061, '[WinError 10061] No connection could be made because the target machine actively refused it.')",1
GET,/predict?cb_nonce=852927,"ConnectionRefusedError(10061, '[WinError 10061] No connection could be made because the target machine actively refused it.')",1
GET,/predict?cb_nonce=98256,"ConnectionRefusedError(10061, '[WinError 10061] No connection could be made because the target machine actively refused it.')",1
GET,/predict?cb_nonce=756969,"ConnectionRefusedError(10061, '[WinError 10061] No connection could be made because the target machine actively refused it.')",1
GET,/predict?cb_nonce=164746,"ConnectionRefusedError(10061, '[WinError 10061] No connection could be made because the target machine actively refused it.')",1
GET,/predict?cb_nonce=790366,"ConnectionRefusedError(10061, '[WinError 10061] No connection could be made because the target machine actively refused it.')",1
GET,/predict?cb_nonce=206324,"ConnectionRefusedError(10061, '[WinError 10061] No connection could be made because the target machine actively refused it.')",1
GET,/predict?cb_nonce=390769,"ConnectionRefusedError(10061, '[WinError 10061] No connection could be made because the target machine actively refused it.')",1
GET,/predict?cb_nonce=132191,"ConnectionRefusedError(10061, '[WinError 10061] No connection could be made because the target machine actively refused it.')",1
GET,/predict?cb_nonce=298961,"ConnectionRefusedError(10061, '[WinError 10061] No connection could be made because the target machine actively refused it.')",1
GET,/predict?cb_nonce=379501,"ConnectionRefusedError(10061, '[WinError 10061] No connection could be made because the target machine actively refused it.')",1
GET,/predict?cb_nonce=917242,"ConnectionRefusedError(10061, '[WinError 10061] No connection could be made because the target machine actively refused it.')",1
GET,/predict?cb_nonce=989778,"ConnectionRefusedError(10061, '[WinError 10061] No connection could be made because the target machine actively refused it.')",1
GET,/predict?cb_nonce=27656,"ConnectionRefusedError(10061, '[WinError 10061] No connection could be made because the target machine actively refused it.')",1
GET,/predict?cb_nonce=328560,"ConnectionRefusedError(10061, '[WinError 10061] No connection could be made because the target machine actively refused it.')",1
GET,/predict?cb_nonce=951536,"ConnectionRefusedError(10061, '[WinError 10061] No connection could be made because the target machine actively refused it.')",1
GET,/predict?cb_nonce=469264,"ConnectionRefusedError(10061, '[WinError 10061] No connection could be made because the target machine actively refused it.')",1
GET,/predict?cb_nonce=93023,"ConnectionRefusedError(10061, '[WinError 10061] No connection could be made because the target machine actively refused it.')",1
GET,/predict?cb_nonce=873139,"ConnectionRefusedError(10061, '[WinError 10061] No connection could be made because the target machine actively refused it.')",1
GET,/predict?cb_nonce=31375,"ConnectionRefusedError(10061, '[WinError 10061] No connection could be made because the target machine actively refused it.')",1
GET,/predict?cb_nonce=310992,"ConnectionRefusedError(10061, '[WinError 10061] No connection could be made because the target machine actively refused it.')",1
