Type,Name,Request Count,Failure Count,Median Response Time,Average Response Time,Min Response Time,Max Response Time,Average Content Size,Requests/s,Failures/s,50%,66%,75%,80%,90%,95%,98%,99%,99.9%,99.99%,100%
GET,/predict,9318,3945,4100.0,6362.558712857163,69.53380000777543,156435.61689998023,22.488409529942047,7.756066619817838,3.2837178380748413,4100,4200,4300,4600,7500,29000,52000,70000,123000,156000,156000
GET,/predict?cb_nonce=10054,1,0,1616.926799993962,1616.926799993962,1616.926799993962,1616.926799993962,39.0,0.0008323746104118736,0.0,1600,1600,1600,1600,1600,1600,1600,1600,1600,1600,1600
GET,/predict?cb_nonce=101045,1,1,4378.421999979764,4378.421999979764,4378.421999979764,4378.421999979764,0.0,0.0008323746104118736,0.0008323746104118736,4400,4400,4400,4400,4400,4400,4400,4400,4400,4400,4400
GET,/predict?cb_nonce=101444,1,0,1638.745000003837,1638.745000003837,1638.745000003837,1638.745000003837,39.0,0.0008323746104118736,0.0,1600,1600,1600,1600,1600,1600,1600,1600,1600,1600,1600
GET,/predict?cb_nonce=101764,1,1,4230.079700006172,4230.079700006172,4230.079700006172,4230.079700006172,0.0,0.0008323746104118736,0.0008323746104118736,4200,4200,4200,4200,4200,4200,4200,4200,4200,4200,4200
GET,/predict?cb_nonce=101840,1,1,4670.243300031871,4670.243300031871,4670.243300031871,4670.243300031871,0.0,0.0008323746104118736,0.0008323746104118736,4700,4700,4700,4700,4700,4700,4700,4700,4700,4700,4700
GET,/predict?cb_nonce=102121,1,0,2002.3190000792965,2002.3190000792965,2002.3190000792965,2002.3190000792965,39.0,0.0008323746104118736,0.0,2000,2000,2000,2000,2000,2000,2000,2000,2000,2000,2000
GET,/predict?cb_nonce=102442,1,1,4082.2976999916136,4082.2976999916136,4082.2976999916136,4082.2976999916136,0.0,0.0008323746104118736,0.0008323746104118736,4100,4100,4100,4100,4100,4100,4100,4100,4100,4100,4100
GET,/predict?cb_nonce=102654,1,1,4093.1596000446007,4093.1596000446007,4093.1596000446007,4093.1596000446007,0.0,0.0008323746104118736,0.0008323746104118736,4100,4100,4100,4100,4100,4100,4100,4100,4100,4100,4100
GET,/predict?cb_nonce=104048,1,0,2271.0527000017464,2271.0527000017464,2271.0527000017464,2271.0527000017464,39.0,0.0008323746104118736,0.0,2300,2300,2300,2300,2300,2300,2300,2300,2300,2300,2300
GET,/predict?cb_nonce=104058,1,0,2538.973500020802,2538.973500020802,2538.973500020802,2538.973500020802,39.0,0.0008323746104118736,0.0,2500,2500,2500,2500,2500,2500,2500,2500,2500,2500,2500
GET,/predict?cb_nonce=104889,1,1,4121.482799993828,4121.482799993828,4121.482799993828,4121.482799993828,0.0,0.0008323746104118736,0.0008323746104118736,4100,4100,4100,4100,4100,4100,4100,4100,4100,4100,4100
GET,/predict?cb_nonce=106227,1,0,1779.6393999597058,1779.6393999597058,1779.6393999597058,1779.6393999597058,39.0,0.0008323746104118736,0.0,1800,1800,1800,1800,1800,1800,1800,1800,1800,1800,1800
GET,/predict?cb_nonce=106241,1,0,957.4168999679387,957.4168999679387,957.4168999679387,957.4168999679387,39.0,0.0008323746104118736,0.0,960,960,960,960,960,960,960,960,960,960,960
GET,/predict?cb_nonce=107095,1,0,1494.7855999926105,1494.7855999926105,1494.7855999926105,1494.7855999926105,39.0,0.0008323746104118736,0.0,1500,1500,1500,1500,1500,1500,1500,1500,1500,1500,1500
GET,/predict?cb_nonce=107536,1,0,1364.1635000240058,1364.1635000240058,1364.1635000240058,1364.1635000240058,39.0,0.0008323746104118736,0.0,1400,1400,1400,1400,1400,1400,1400,1400,1400,1400,1400
GET,/predict?cb_nonce=108293,1,1,4233.343100058846,4233.343100058846,4233.343100058846,4233.343100058846,0.0,0.0008323746104118736,0.0008323746104118736,4200,4200,4200,4200,4200,4200,4200,4200,4200,4200,4200
GET,/predict?cb_nonce=108305,1,0,1437.351500033401,1437.351500033401,1437.351500033401,1437.351500033401,39.0,0.0008323746104118736,0.0,1400,1400,1400,1400,1400,1400,1400,1400,1400,1400,1400
GET,/predict?cb_nonce=108513,1,1,4204.759799991734,4204.759799991734,4204.759799991734,4204.759799991734,0.0,0.0008323746104118736,0.0008323746104118736,4200,4200,4200,4200,4200,4200,4200,4200,4200,4200,4200
GET,/predict?cb_nonce=108666,1,0,2180.656799930148,2180.656799930148,2180.656799930148,2180.656799930148,39.0,0.0008323746104118736,0.0,2200,2200,2200,2200,2200,2200,2200,2200,2200,2200,2200
GET,/predict?cb_nonce=109317,1,0,2108.325600042008,2108.325600042008,2108.325600042008,2108.325600042008,39.0,0.0008323746104118736,0.0,2100,2100,2100,2100,2100,2100,2100,2100,2100,2100,2100
GET,/predict?cb_nonce=10968,1,1,4131.851500016637,4131.851500016637,4131.851500016637,4131.851500016637,0.0,0.0008323746104118736,0.0008323746104118736,4100,4100,4100,4100,4100,4100,4100,4100,4100,4100,4100
GET,/predict?cb_nonce=109811,1,1,4329.358900082298,4329.358900082298,4329.358900082298,4329.358900082298,0.0,0.0008323746104118736,0.0008323746104118736,4300,4300,4300,4300,4300,4300,4300,4300,4300,4300,4300
GET,/predict?cb_nonce=109856,1,1,4069.7970000328496,4069.7970000328496,4069.7970000328496,4069.7970000328496,0.0,0.0008323746104118736,0.0008323746104118736,4100,4100,4100,4100,4100,4100,4100,4100,4100,4100,4100
GET,/predict?cb_nonce=110587,1,1,4768.143200082704,4768.143200082704,4768.143200082704,4768.143200082704,0.0,0.0008323746104118736,0.0008323746104118736,4800,4800,4800,4800,4800,4800,4800,4800,4800,4800,4800
GET,/predict?cb_nonce=110687,1,0,1335.8254000777379,1335.8254000777379,1335.8254000777379,1335.8254000777379,39.0,0.0008323746104118736,0.0,1300,1300,1300,1300,1300,1300,1300,1300,1300,1300,1300
GET,/predict?cb_nonce=110947,1,0,2600.2201000228524,2600.2201000228524,2600.2201000228524,2600.2201000228524,39.0,0.0008323746104118736,0.0,2600,2600,2600,2600,2600,2600,2600,2600,2600,2600,2600
GET,/predict?cb_nonce=111064,1,0,1455.8221000479534,1455.8221000479534,1455.8221000479534,1455.8221000479534,39.0,0.0008323746104118736,0.0,1500,1500,1500,1500,1500,1500,1500,1500,1500,1500,1500
GET,/predict?cb_nonce=111120,1,0,1655.876100063324,1655.876100063324,1655.876100063324,1655.876100063324,39.0,0.0008323746104118736,0.0,1700,1700,1700,1700,1700,1700,1700,1700,1700,1700,1700
GET,/predict?cb_nonce=11186,1,0,2348.5797999892384,2348.5797999892384,2348.5797999892384,2348.5797999892384,39.0,0.0008323746104118736,0.0,2300,2300,2300,2300,2300,2300,2300,2300,2300,2300,2300
GET,/predict?cb_nonce=111861,1,1,4083.1404000055045,4083.1404000055045,4083.1404000055045,4083.1404000055045,0.0,0.0008323746104118736,0.0008323746104118736,4100,4100,4100,4100,4100,4100,4100,4100,4100,4100,4100
GET,/predict?cb_nonce=111894,1,0,2103.2604000065476,2103.2604000065476,2103.2604000065476,2103.2604000065476,39.0,0.0008323746104118736,0.0,2100,2100,2100,2100,2100,2100,2100,2100,2100,2100,2100
GET,/predict?cb_nonce=112031,1,0,17845.647000009194,17845.647000009194,17845.647000009194,17845.647000009194,39.0,0.0008323746104118736,0.0,18000,18000,18000,18000,18000,18000,18000,18000,18000,18000,18000
GET,/predict?cb_nonce=112654,1,0,1405.88310000021,1405.88310000021,1405.88310000021,1405.88310000021,39.0,0.0008323746104118736,0.0,1400,1400,1400,1400,1400,1400,1400,1400,1400,1400,1400
GET,/predict?cb_nonce=112689,1,0,18509.026699932292,18509.026699932292,18509.026699932292,18509.026699932292,39.0,0.0008323746104118736,0.0,19000,19000,19000,19000,19000,19000,19000,19000,19000,19000,19000
GET,/predict?cb_nonce=113403,1,0,2451.9552000565454,2451.9552000565454,2451.9552000565454,2451.9552000565454,39.0,0.0008323746104118736,0.0,2500,2500,2500,2500,2500,2500,2500,2500,2500,2500,2500
GET,/predict?cb_nonce=113959,1,1,4871.334700030275,4871.334700030275,4871.334700030275,4871.334700030275,0.0,0.0008323746104118736,0.0008323746104118736,4900,4900,4900,4900,4900,4900,4900,4900,4900,4900,4900
GET,/predict?cb_nonce=114544,1,0,2582.090900046751,2582.090900046751,2582.090900046751,2582.090900046751,39.0,0.0008323746104118736,0.0,2600,2600,2600,2600,2600,2600,2600,2600,2600,2600,2600
GET,/predict?cb_nonce=114735,1,0,2654.2254000669345,2654.2254000669345,2654.2254000669345,2654.2254000669345,39.0,0.0008323746104118736,0.0,2700,2700,2700,2700,2700,2700,2700,2700,2700,2700,2700
GET,/predict?cb_nonce=115455,1,0,1568.1924000382423,1568.1924000382423,1568.1924000382423,1568.1924000382423,39.0,0.0008323746104118736,0.0,1600,1600,1600,1600,1600,1600,1600,1600,1600,1600,1600
GET,/predict?cb_nonce=115642,1,1,4232.078400091268,4232.078400091268,4232.078400091268,4232.078400091268,0.0,0.0008323746104118736,0.0008323746104118736,4200,4200,4200,4200,4200,4200,4200,4200,4200,4200,4200
GET,/predict?cb_nonce=115691,1,1,4074.372399947606,4074.372399947606,4074.372399947606,4074.372399947606,0.0,0.0008323746104118736,0.0008323746104118736,4100,4100,4100,4100,4100,4100,4100,4100,4100,4100,4100
GET,/predict?cb_nonce=117093,1,1,4056.721300003119,4056.721300003119,4056.721300003119,4056.721300003119,0.0,0.0008323746104118736,0.0008323746104118736,4100,4100,4100,4100,4100,4100,4100,4100,4100,4100,4100
GET,/predict?cb_nonce=117149,1,0,2244.522999972105,2244.522999972105,2244.522999972105,2244.522999972105,39.0,0.0008323746104118736,0.0,2200,2200,2200,2200,2200,2200,2200,2200,2200,2200,2200
GET,/predict?cb_nonce=117340,1,0,894.2235000431538,894.2235000431538,894.2235000431538,894.2235000431538,39.0,0.0008323746104118736,0.0,890,890,890,890,890,890,890,890,890,890,890
GET,/predict?cb_nonce=117668,1,0,1216.7565999552608,1216.7565999552608,1216.7565999552608,1216.7565999552608,39.0,0.0008323746104118736,0.0,1200,1200,1200,1200,1200,1200,1200,1200,1200,1200,1200
GET,/predict?cb_nonce=118029,1,1,4215.293399989605,4215.293399989605,4215.293399989605,4215.293399989605,0.0,0.0008323746104118736,0.0008323746104118736,4200,4200,4200,4200,4200,4200,4200,4200,4200,4200,4200
GET,/predict?cb_nonce=118204,1,0,1271.9723000191152,1271.9723000191152,1271.9723000191152,1271.9723000191152,39.0,0.0008323746104118736,0.0,1300,1300,1300,1300,1300,1300,1300,1300,1300,1300,1300
GET,/predict?cb_nonce=118351,1,1,4190.012899925932,4190.012899925932,4190.012899925932,4190.012899925932,0.0,0.0008323746104118736,0.0008323746104118736,4200,4200,4200,4200,4200,4200,4200,4200,4200,4200,4200
GET,/predict?cb_nonce=118465,1,1,4884.562499937601,4884.562499937601,4884.562499937601,4884.562499937601,0.0,0.0008323746104118736,0.0008323746104118736,4900,4900,4900,4900,4900,4900,4900,4900,4900,4900,4900
GET,/predict?cb_nonce=11964,1,1,5277.107400004752,5277.107400004752,5277.107400004752,5277.107400004752,0.0,0.0008323746104118736,0.0008323746104118736,5300,5300,5300,5300,5300,5300,5300,5300,5300,5300,5300
GET,/predict?cb_nonce=120894,1,0,1477.7749000350013,1477.7749000350013,1477.7749000350013,1477.7749000350013,39.0,0.0008323746104118736,0.0,1500,1500,1500,1500,1500,1500,1500,1500,1500,1500,1500
GET,/predict?cb_nonce=120903,1,0,2210.1832999615,2210.1832999615,2210.1832999615,2210.1832999615,39.0,0.0008323746104118736,0.0,2200,2200,2200,2200,2200,2200,2200,2200,2200,2200,2200
GET,/predict?cb_nonce=121807,1,0,2394.322199979797,2394.322199979797,2394.322199979797,2394.322199979797,39.0,0.0008323746104118736,0.0,2400,2400,2400,2400,2400,2400,2400,2400,2400,2400,2400
GET,/predict?cb_nonce=122448,1,0,2390.1070000138134,2390.1070000138134,2390.1070000138134,2390.1070000138134,39.0,0.0008323746104118736,0.0,2400,2400,2400,2400,2400,2400,2400,2400,2400,2400,2400
GET,/predict?cb_nonce=122764,1,1,4220.91310005635,4220.91310005635,4220.91310005635,4220.91310005635,0.0,0.0008323746104118736,0.0008323746104118736,4200,4200,4200,4200,4200,4200,4200,4200,4200,4200,4200
GET,/predict?cb_nonce=123105,1,1,4079.586899955757,4079.586899955757,4079.586899955757,4079.586899955757,0.0,0.0008323746104118736,0.0008323746104118736,4100,4100,4100,4100,4100,4100,4100,4100,4100,4100,4100
GET,/predict?cb_nonce=123465,1,1,4379.001599969342,4379.001599969342,4379.001599969342,4379.001599969342,0.0,0.0008323746104118736,0.0008323746104118736,4400,4400,4400,4400,4400,4400,4400,4400,4400,4400,4400
GET,/predict?cb_nonce=12350,1,1,4203.565899981186,4203.565899981186,4203.565899981186,4203.565899981186,0.0,0.0008323746104118736,0.0008323746104118736,4200,4200,4200,4200,4200,4200,4200,4200,4200,4200,4200
GET,/predict?cb_nonce=12426,1,0,8355.177200050093,8355.177200050093,8355.177200050093,8355.177200050093,39.0,0.0008323746104118736,0.0,8400,8400,8400,8400,8400,8400,8400,8400,8400,8400,8400
GET,/predict?cb_nonce=1246,1,0,1498.5430999659002,1498.5430999659002,1498.5430999659002,1498.5430999659002,39.0,0.0008323746104118736,0.0,1500,1500,1500,1500,1500,1500,1500,1500,1500,1500,1500
GET,/predict?cb_nonce=125091,1,0,667.7271999651566,667.7271999651566,667.7271999651566,667.7271999651566,39.0,0.0008323746104118736,0.0,670,670,670,670,670,670,670,670,670,670,670
GET,/predict?cb_nonce=125553,1,0,1727.9220999917015,1727.9220999917015,1727.9220999917015,1727.9220999917015,39.0,0.0008323746104118736,0.0,1700,1700,1700,1700,1700,1700,1700,1700,1700,1700,1700
GET,/predict?cb_nonce=125596,1,1,4062.9866000963375,4062.9866000963375,4062.9866000963375,4062.9866000963375,0.0,0.0008323746104118736,0.0008323746104118736,4100,4100,4100,4100,4100,4100,4100,4100,4100,4100,4100
GET,/predict?cb_nonce=125756,1,0,16210.359600023367,16210.359600023367,16210.359600023367,16210.359600023367,39.0,0.0008323746104118736,0.0,16000,16000,16000,16000,16000,16000,16000,16000,16000,16000,16000
GET,/predict?cb_nonce=125770,1,0,1282.4025000445545,1282.4025000445545,1282.4025000445545,1282.4025000445545,39.0,0.0008323746104118736,0.0,1300,1300,1300,1300,1300,1300,1300,1300,1300,1300,1300
GET,/predict?cb_nonce=126750,1,0,1885.8144000405446,1885.8144000405446,1885.8144000405446,1885.8144000405446,39.0,0.0008323746104118736,0.0,1900,1900,1900,1900,1900,1900,1900,1900,1900,1900,1900
GET,/predict?cb_nonce=127465,1,0,70292.32509993017,70292.32509993017,70292.32509993017,70292.32509993017,39.0,0.0008323746104118736,0.0,70000,70000,70000,70000,70000,70000,70000,70000,70000,70000,70000
GET,/predict?cb_nonce=128196,1,1,4095.7508999854326,4095.7508999854326,4095.7508999854326,4095.7508999854326,0.0,0.0008323746104118736,0.0008323746104118736,4100,4100,4100,4100,4100,4100,4100,4100,4100,4100,4100
GET,/predict?cb_nonce=128298,1,0,2495.7309999736026,2495.7309999736026,2495.7309999736026,2495.7309999736026,39.0,0.0008323746104118736,0.0,2500,2500,2500,2500,2500,2500,2500,2500,2500,2500,2500
GET,/predict?cb_nonce=128535,1,0,38813.318100059405,38813.318100059405,38813.318100059405,38813.318100059405,39.0,0.0008323746104118736,0.0,39000,39000,39000,39000,39000,39000,39000,39000,39000,39000,39000
GET,/predict?cb_nonce=128769,1,1,4392.919200006872,4392.919200006872,4392.919200006872,4392.919200006872,0.0,0.0008323746104118736,0.0008323746104118736,4400,4400,4400,4400,4400,4400,4400,4400,4400,4400,4400
GET,/predict?cb_nonce=128863,1,0,2304.9962000222877,2304.9962000222877,2304.9962000222877,2304.9962000222877,39.0,0.0008323746104118736,0.0,2300,2300,2300,2300,2300,2300,2300,2300,2300,2300,2300
GET,/predict?cb_nonce=128917,1,1,4109.562399913557,4109.562399913557,4109.562399913557,4109.562399913557,0.0,0.0008323746104118736,0.0008323746104118736,4100,4100,4100,4100,4100,4100,4100,4100,4100,4100,4100
GET,/predict?cb_nonce=129040,1,1,4130.766000016592,4130.766000016592,4130.766000016592,4130.766000016592,0.0,0.0008323746104118736,0.0008323746104118736,4100,4100,4100,4100,4100,4100,4100,4100,4100,4100,4100
GET,/predict?cb_nonce=129162,1,1,4229.964000056498,4229.964000056498,4229.964000056498,4229.964000056498,0.0,0.0008323746104118736,0.0008323746104118736,4200,4200,4200,4200,4200,4200,4200,4200,4200,4200,4200
GET,/predict?cb_nonce=129288,1,1,4081.1723000369966,4081.1723000369966,4081.1723000369966,4081.1723000369966,0.0,0.0008323746104118736,0.0008323746104118736,4100,4100,4100,4100,4100,4100,4100,4100,4100,4100,4100
GET,/predict?cb_nonce=129502,1,0,2142.920000012964,2142.920000012964,2142.920000012964,2142.920000012964,39.0,0.0008323746104118736,0.0,2100,2100,2100,2100,2100,2100,2100,2100,2100,2100,2100
GET,/predict?cb_nonce=129796,1,0,1316.7334999889135,1316.7334999889135,1316.7334999889135,1316.7334999889135,39.0,0.0008323746104118736,0.0,1300,1300,1300,1300,1300,1300,1300,1300,1300,1300,1300
GET,/predict?cb_nonce=1300,1,0,2401.85299993027,2401.85299993027,2401.85299993027,2401.85299993027,39.0,0.0008323746104118736,0.0,2400,2400,2400,2400,2400,2400,2400,2400,2400,2400,2400
GET,/predict?cb_nonce=130464,1,0,1672.9290999937803,1672.9290999937803,1672.9290999937803,1672.9290999937803,39.0,0.0008323746104118736,0.0,1700,1700,1700,1700,1700,1700,1700,1700,1700,1700,1700
GET,/predict?cb_nonce=130521,1,1,4175.865500001237,4175.865500001237,4175.865500001237,4175.865500001237,0.0,0.0008323746104118736,0.0008323746104118736,4200,4200,4200,4200,4200,4200,4200,4200,4200,4200,4200
GET,/predict?cb_nonce=131282,1,0,2706.555299926549,2706.555299926549,2706.555299926549,2706.555299926549,39.0,0.0008323746104118736,0.0,2700,2700,2700,2700,2700,2700,2700,2700,2700,2700,2700
GET,/predict?cb_nonce=131840,1,0,2115.6365000642836,2115.6365000642836,2115.6365000642836,2115.6365000642836,39.0,0.0008323746104118736,0.0,2100,2100,2100,2100,2100,2100,2100,2100,2100,2100,2100
GET,/predict?cb_nonce=132191,1,1,4785.260800039396,4785.260800039396,4785.260800039396,4785.260800039396,0.0,0.0008323746104118736,0.0008323746104118736,4800,4800,4800,4800,4800,4800,4800,4800,4800,4800,4800
GET,/predict?cb_nonce=132217,1,1,4062.650699983351,4062.650699983351,4062.650699983351,4062.650699983351,0.0,0.0008323746104118736,0.0008323746104118736,4100,4100,4100,4100,4100,4100,4100,4100,4100,4100,4100
GET,/predict?cb_nonce=132328,1,0,2148.5456000082195,2148.5456000082195,2148.5456000082195,2148.5456000082195,39.0,0.0008323746104118736,0.0,2100,2100,2100,2100,2100,2100,2100,2100,2100,2100,2100
GET,/predict?cb_nonce=132374,1,0,2617.1011000405997,2617.1011000405997,2617.1011000405997,2617.1011000405997,39.0,0.0008323746104118736,0.0,2600,2600,2600,2600,2600,2600,2600,2600,2600,2600,2600
GET,/predict?cb_nonce=132699,1,1,4137.134900083765,4137.134900083765,4137.134900083765,4137.134900083765,0.0,0.0008323746104118736,0.0008323746104118736,4100,4100,4100,4100,4100,4100,4100,4100,4100,4100,4100
GET,/predict?cb_nonce=132918,1,0,1851.918200030923,1851.918200030923,1851.918200030923,1851.918200030923,39.0,0.0008323746104118736,0.0,1900,1900,1900,1900,1900,1900,1900,1900,1900,1900,1900
GET,/predict?cb_nonce=133061,1,0,1579.565400024876,1579.565400024876,1579.565400024876,1579.565400024876,39.0,0.0008323746104118736,0.0,1600,1600,1600,1600,1600,1600,1600,1600,1600,1600,1600
GET,/predict?cb_nonce=133187,1,1,4363.909399951808,4363.909399951808,4363.909399951808,4363.909399951808,0.0,0.0008323746104118736,0.0008323746104118736,4400,4400,4400,4400,4400,4400,4400,4400,4400,4400,4400
GET,/predict?cb_nonce=133441,1,1,4092.951799975708,4092.951799975708,4092.951799975708,4092.951799975708,0.0,0.0008323746104118736,0.0008323746104118736,4100,4100,4100,4100,4100,4100,4100,4100,4100,4100,4100
GET,/predict?cb_nonce=133683,1,0,932.8681000042707,932.8681000042707,932.8681000042707,932.8681000042707,39.0,0.0008323746104118736,0.0,930,930,930,930,930,930,930,930,930,930,930
GET,/predict?cb_nonce=133864,1,1,4408.570700092241,4408.570700092241,4408.570700092241,4408.570700092241,0.0,0.0008323746104118736,0.0008323746104118736,4400,4400,4400,4400,4400,4400,4400,4400,4400,4400,4400
GET,/predict?cb_nonce=134045,1,1,4279.206799925305,4279.206799925305,4279.206799925305,4279.206799925305,0.0,0.0008323746104118736,0.0008323746104118736,4300,4300,4300,4300,4300,4300,4300,4300,4300,4300,4300
GET,/predict?cb_nonce=13420,1,0,2239.0096000162885,2239.0096000162885,2239.0096000162885,2239.0096000162885,39.0,0.0008323746104118736,0.0,2200,2200,2200,2200,2200,2200,2200,2200,2200,2200,2200
GET,/predict?cb_nonce=134295,1,0,2264.8078999482095,2264.8078999482095,2264.8078999482095,2264.8078999482095,39.0,0.0008323746104118736,0.0,2300,2300,2300,2300,2300,2300,2300,2300,2300,2300,2300
GET,/predict?cb_nonce=134455,1,0,2583.366099977866,2583.366099977866,2583.366099977866,2583.366099977866,39.0,0.0008323746104118736,0.0,2600,2600,2600,2600,2600,2600,2600,2600,2600,2600,2600
GET,/predict?cb_nonce=134782,1,0,48621.906799962744,48621.906799962744,48621.906799962744,48621.906799962744,39.0,0.0008323746104118736,0.0,49000,49000,49000,49000,49000,49000,49000,49000,49000,49000,49000
GET,/predict?cb_nonce=13488,1,0,1496.0577000165358,1496.0577000165358,1496.0577000165358,1496.0577000165358,39.0,0.0008323746104118736,0.0,1500,1500,1500,1500,1500,1500,1500,1500,1500,1500,1500
GET,/predict?cb_nonce=135206,1,0,56368.59920003917,56368.59920003917,56368.59920003917,56368.59920003917,39.0,0.0008323746104118736,0.0,56000,56000,56000,56000,56000,56000,56000,56000,56000,56000,56000
GET,/predict?cb_nonce=136830,1,1,5374.260799959302,5374.260799959302,5374.260799959302,5374.260799959302,0.0,0.0008323746104118736,0.0008323746104118736,5400,5400,5400,5400,5400,5400,5400,5400,5400,5400,5400
GET,/predict?cb_nonce=137033,1,0,1782.7072999207303,1782.7072999207303,1782.7072999207303,1782.7072999207303,39.0,0.0008323746104118736,0.0,1800,1800,1800,1800,1800,1800,1800,1800,1800,1800,1800
GET,/predict?cb_nonce=137405,1,1,4245.135599980131,4245.135599980131,4245.135599980131,4245.135599980131,0.0,0.0008323746104118736,0.0008323746104118736,4200,4200,4200,4200,4200,4200,4200,4200,4200,4200,4200
GET,/predict?cb_nonce=138129,1,1,4117.604999919422,4117.604999919422,4117.604999919422,4117.604999919422,0.0,0.0008323746104118736,0.0008323746104118736,4100,4100,4100,4100,4100,4100,4100,4100,4100,4100,4100
GET,/predict?cb_nonce=138302,1,0,2703.838099958375,2703.838099958375,2703.838099958375,2703.838099958375,39.0,0.0008323746104118736,0.0,2700,2700,2700,2700,2700,2700,2700,2700,2700,2700,2700
GET,/predict?cb_nonce=138812,1,0,1304.2895999969915,1304.2895999969915,1304.2895999969915,1304.2895999969915,39.0,0.0008323746104118736,0.0,1300,1300,1300,1300,1300,1300,1300,1300,1300,1300,1300
GET,/predict?cb_nonce=138903,1,0,5790.731100016274,5790.731100016274,5790.731100016274,5790.731100016274,39.0,0.0008323746104118736,0.0,5800,5800,5800,5800,5800,5800,5800,5800,5800,5800,5800
GET,/predict?cb_nonce=139059,1,1,4622.459499980323,4622.459499980323,4622.459499980323,4622.459499980323,0.0,0.0008323746104118736,0.0008323746104118736,4600,4600,4600,4600,4600,4600,4600,4600,4600,4600,4600
GET,/predict?cb_nonce=139079,1,0,2458.5995000088587,2458.5995000088587,2458.5995000088587,2458.5995000088587,39.0,0.0008323746104118736,0.0,2500,2500,2500,2500,2500,2500,2500,2500,2500,2500,2500
GET,/predict?cb_nonce=140077,1,0,1800.8082000305876,1800.8082000305876,1800.8082000305876,1800.8082000305876,39.0,0.0008323746104118736,0.0,1800,1800,1800,1800,1800,1800,1800,1800,1800,1800,1800
GET,/predict?cb_nonce=140177,1,1,4153.938699979335,4153.938699979335,4153.938699979335,4153.938699979335,0.0,0.0008323746104118736,0.0008323746104118736,4200,4200,4200,4200,4200,4200,4200,4200,4200,4200,4200
GET,/predict?cb_nonce=140667,1,1,4293.86340000201,4293.86340000201,4293.86340000201,4293.86340000201,0.0,0.0008323746104118736,0.0008323746104118736,4300,4300,4300,4300,4300,4300,4300,4300,4300,4300,4300
GET,/predict?cb_nonce=140769,1,0,1729.9321999307722,1729.9321999307722,1729.9321999307722,1729.9321999307722,39.0,0.0008323746104118736,0.0,1700,1700,1700,1700,1700,1700,1700,1700,1700,1700,1700
GET,/predict?cb_nonce=140897,1,0,2022.979800007306,2022.979800007306,2022.979800007306,2022.979800007306,39.0,0.0008323746104118736,0.0,2000,2000,2000,2000,2000,2000,2000,2000,2000,2000,2000
GET,/predict?cb_nonce=141194,1,0,2280.4474000586197,2280.4474000586197,2280.4474000586197,2280.4474000586197,39.0,0.0008323746104118736,0.0,2300,2300,2300,2300,2300,2300,2300,2300,2300,2300,2300
GET,/predict?cb_nonce=141756,1,0,1278.1781000085175,1278.1781000085175,1278.1781000085175,1278.1781000085175,39.0,0.0008323746104118736,0.0,1300,1300,1300,1300,1300,1300,1300,1300,1300,1300,1300
GET,/predict?cb_nonce=143189,1,0,2470.860300003551,2470.860300003551,2470.860300003551,2470.860300003551,39.0,0.0008323746104118736,0.0,2500,2500,2500,2500,2500,2500,2500,2500,2500,2500,2500
GET,/predict?cb_nonce=143328,1,0,2853.7133000791073,2853.7133000791073,2853.7133000791073,2853.7133000791073,39.0,0.0008323746104118736,0.0,2900,2900,2900,2900,2900,2900,2900,2900,2900,2900,2900
GET,/predict?cb_nonce=145911,1,1,4102.52020007465,4102.52020007465,4102.52020007465,4102.52020007465,0.0,0.0008323746104118736,0.0008323746104118736,4100,4100,4100,4100,4100,4100,4100,4100,4100,4100,4100
GET,/predict?cb_nonce=146449,1,1,4935.950199957006,4935.950199957006,4935.950199957006,4935.950199957006,0.0,0.0008323746104118736,0.0008323746104118736,4900,4900,4900,4900,4900,4900,4900,4900,4900,4900,4900
GET,/predict?cb_nonce=147024,1,0,2520.540199941024,2520.540199941024,2520.540199941024,2520.540199941024,39.0,0.0008323746104118736,0.0,2500,2500,2500,2500,2500,2500,2500,2500,2500,2500,2500
GET,/predict?cb_nonce=147321,1,0,1394.669400062412,1394.669400062412,1394.669400062412,1394.669400062412,39.0,0.0008323746104118736,0.0,1400,1400,1400,1400,1400,1400,1400,1400,1400,1400,1400
GET,/predict?cb_nonce=147704,1,1,4413.150600041263,4413.150600041263,4413.150600041263,4413.150600041263,0.0,0.0008323746104118736,0.0008323746104118736,4400,4400,4400,4400,4400,4400,4400,4400,4400,4400,4400
GET,/predict?cb_nonce=147775,1,1,4284.820799948648,4284.820799948648,4284.820799948648,4284.820799948648,0.0,0.0008323746104118736,0.0008323746104118736,4300,4300,4300,4300,4300,4300,4300,4300,4300,4300,4300
GET,/predict?cb_nonce=147908,1,0,2243.5636000009254,2243.5636000009254,2243.5636000009254,2243.5636000009254,39.0,0.0008323746104118736,0.0,2200,2200,2200,2200,2200,2200,2200,2200,2200,2200,2200
GET,/predict?cb_nonce=14833,1,1,4160.393800004385,4160.393800004385,4160.393800004385,4160.393800004385,0.0,0.0008323746104118736,0.0008323746104118736,4200,4200,4200,4200,4200,4200,4200,4200,4200,4200,4200
GET,/predict?cb_nonce=148551,1,1,4670.935399946757,4670.935399946757,4670.935399946757,4670.935399946757,0.0,0.0008323746104118736,0.0008323746104118736,4700,4700,4700,4700,4700,4700,4700,4700,4700,4700,4700
GET,/predict?cb_nonce=149258,1,1,4073.5511999810115,4073.5511999810115,4073.5511999810115,4073.5511999810115,0.0,0.0008323746104118736,0.0008323746104118736,4100,4100,4100,4100,4100,4100,4100,4100,4100,4100,4100
GET,/predict?cb_nonce=149343,1,0,2478.1877000350505,2478.1877000350505,2478.1877000350505,2478.1877000350505,39.0,0.0008323746104118736,0.0,2500,2500,2500,2500,2500,2500,2500,2500,2500,2500,2500
GET,/predict?cb_nonce=149693,1,1,5295.637300005183,5295.637300005183,5295.637300005183,5295.637300005183,0.0,0.0008323746104118736,0.0008323746104118736,5300,5300,5300,5300,5300,5300,5300,5300,5300,5300,5300
GET,/predict?cb_nonce=150287,1,1,4119.867500034161,4119.867500034161,4119.867500034161,4119.867500034161,0.0,0.0008323746104118736,0.0008323746104118736,4100,4100,4100,4100,4100,4100,4100,4100,4100,4100,4100
GET,/predict?cb_nonce=150312,1,1,4057.082900078967,4057.082900078967,4057.082900078967,4057.082900078967,0.0,0.0008323746104118736,0.0008323746104118736,4100,4100,4100,4100,4100,4100,4100,4100,4100,4100,4100
GET,/predict?cb_nonce=150620,1,0,1850.3914999309927,1850.3914999309927,1850.3914999309927,1850.3914999309927,39.0,0.0008323746104118736,0.0,1900,1900,1900,1900,1900,1900,1900,1900,1900,1900,1900
GET,/predict?cb_nonce=150651,1,0,2555.283399997279,2555.283399997279,2555.283399997279,2555.283399997279,39.0,0.0008323746104118736,0.0,2600,2600,2600,2600,2600,2600,2600,2600,2600,2600,2600
GET,/predict?cb_nonce=150909,1,0,860.012499964796,860.012499964796,860.012499964796,860.012499964796,39.0,0.0008323746104118736,0.0,860,860,860,860,860,860,860,860,860,860,860
GET,/predict?cb_nonce=151643,1,1,4233.806399977766,4233.806399977766,4233.806399977766,4233.806399977766,0.0,0.0008323746104118736,0.0008323746104118736,4200,4200,4200,4200,4200,4200,4200,4200,4200,4200,4200
GET,/predict?cb_nonce=152722,1,0,1224.5769000146538,1224.5769000146538,1224.5769000146538,1224.5769000146538,39.0,0.0008323746104118736,0.0,1200,1200,1200,1200,1200,1200,1200,1200,1200,1200,1200
GET,/predict?cb_nonce=152731,1,1,4343.228300102055,4343.228300102055,4343.228300102055,4343.228300102055,0.0,0.0008323746104118736,0.0008323746104118736,4300,4300,4300,4300,4300,4300,4300,4300,4300,4300,4300
GET,/predict?cb_nonce=152967,1,0,1188.1055999547243,1188.1055999547243,1188.1055999547243,1188.1055999547243,39.0,0.0008323746104118736,0.0,1200,1200,1200,1200,1200,1200,1200,1200,1200,1200,1200
GET,/predict?cb_nonce=154230,1,1,4163.378099910915,4163.378099910915,4163.378099910915,4163.378099910915,0.0,0.0008323746104118736,0.0008323746104118736,4200,4200,4200,4200,4200,4200,4200,4200,4200,4200,4200
GET,/predict?cb_nonce=154779,1,0,2574.609600007534,2574.609600007534,2574.609600007534,2574.609600007534,39.0,0.0008323746104118736,0.0,2600,2600,2600,2600,2600,2600,2600,2600,2600,2600,2600
GET,/predict?cb_nonce=155206,1,1,4290.941999992356,4290.941999992356,4290.941999992356,4290.941999992356,0.0,0.0008323746104118736,0.0008323746104118736,4300,4300,4300,4300,4300,4300,4300,4300,4300,4300,4300
GET,/predict?cb_nonce=155273,1,1,4195.121599943377,4195.121599943377,4195.121599943377,4195.121599943377,0.0,0.0008323746104118736,0.0008323746104118736,4200,4200,4200,4200,4200,4200,4200,4200,4200,4200,4200
GET,/predict?cb_nonce=155296,1,0,1721.4238999877125,1721.4238999877125,1721.4238999877125,1721.4238999877125,39.0,0.0008323746104118736,0.0,1700,1700,1700,1700,1700,1700,1700,1700,1700,1700,1700
GET,/predict?cb_nonce=155329,1,1,4221.043999888934,4221.043999888934,4221.043999888934,4221.043999888934,0.0,0.0008323746104118736,0.0008323746104118736,4200,4200,4200,4200,4200,4200,4200,4200,4200,4200,4200
GET,/predict?cb_nonce=155995,1,1,4072.59029999841,4072.59029999841,4072.59029999841,4072.59029999841,0.0,0.0008323746104118736,0.0008323746104118736,4100,4100,4100,4100,4100,4100,4100,4100,4100,4100,4100
GET,/predict?cb_nonce=156780,1,1,4287.940799957141,4287.940799957141,4287.940799957141,4287.940799957141,0.0,0.0008323746104118736,0.0008323746104118736,4300,4300,4300,4300,4300,4300,4300,4300,4300,4300,4300
GET,/predict?cb_nonce=157428,1,0,2255.8769999304786,2255.8769999304786,2255.8769999304786,2255.8769999304786,39.0,0.0008323746104118736,0.0,2300,2300,2300,2300,2300,2300,2300,2300,2300,2300,2300
GET,/predict?cb_nonce=15752,1,1,4104.975800029933,4104.975800029933,4104.975800029933,4104.975800029933,0.0,0.0008323746104118736,0.0008323746104118736,4100,4100,4100,4100,4100,4100,4100,4100,4100,4100,4100
GET,/predict?cb_nonce=157597,1,1,4085.5820999713615,4085.5820999713615,4085.5820999713615,4085.5820999713615,0.0,0.0008323746104118736,0.0008323746104118736,4100,4100,4100,4100,4100,4100,4100,4100,4100,4100,4100
GET,/predict?cb_nonce=158679,1,1,4091.6705999989063,4091.6705999989063,4091.6705999989063,4091.6705999989063,0.0,0.0008323746104118736,0.0008323746104118736,4100,4100,4100,4100,4100,4100,4100,4100,4100,4100,4100
GET,/predict?cb_nonce=160592,1,1,4247.099400032312,4247.099400032312,4247.099400032312,4247.099400032312,0.0,0.0008323746104118736,0.0008323746104118736,4200,4200,4200,4200,4200,4200,4200,4200,4200,4200,4200
GET,/predict?cb_nonce=160851,1,0,1529.4313000049442,1529.4313000049442,1529.4313000049442,1529.4313000049442,39.0,0.0008323746104118736,0.0,1500,1500,1500,1500,1500,1500,1500,1500,1500,1500,1500
GET,/predict?cb_nonce=161507,1,0,16199.997700052336,16199.997700052336,16199.997700052336,16199.997700052336,39.0,0.0008323746104118736,0.0,16000,16000,16000,16000,16000,16000,16000,16000,16000,16000,16000
GET,/predict?cb_nonce=162235,1,0,1376.0506000835449,1376.0506000835449,1376.0506000835449,1376.0506000835449,39.0,0.0008323746104118736,0.0,1400,1400,1400,1400,1400,1400,1400,1400,1400,1400,1400
GET,/predict?cb_nonce=162858,1,1,4314.964599907398,4314.964599907398,4314.964599907398,4314.964599907398,0.0,0.0008323746104118736,0.0008323746104118736,4300,4300,4300,4300,4300,4300,4300,4300,4300,4300,4300
GET,/predict?cb_nonce=163292,1,0,937.9685999592766,937.9685999592766,937.9685999592766,937.9685999592766,39.0,0.0008323746104118736,0.0,940,940,940,940,940,940,940,940,940,940,940
GET,/predict?cb_nonce=163954,1,1,4090.512599912472,4090.512599912472,4090.512599912472,4090.512599912472,0.0,0.0008323746104118736,0.0008323746104118736,4100,4100,4100,4100,4100,4100,4100,4100,4100,4100,4100
GET,/predict?cb_nonce=164595,1,0,811.1365000950173,811.1365000950173,811.1365000950173,811.1365000950173,39.0,0.0008323746104118736,0.0,810,810,810,810,810,810,810,810,810,810,810
GET,/predict?cb_nonce=164746,1,1,4123.889500042424,4123.889500042424,4123.889500042424,4123.889500042424,0.0,0.0008323746104118736,0.0008323746104118736,4100,4100,4100,4100,4100,4100,4100,4100,4100,4100,4100
GET,/predict?cb_nonce=165055,1,0,2550.9535999735817,2550.9535999735817,2550.9535999735817,2550.9535999735817,39.0,0.0008323746104118736,0.0,2600,2600,2600,2600,2600,2600,2600,2600,2600,2600,2600
GET,/predict?cb_nonce=166039,1,0,34171.73229996115,34171.73229996115,34171.73229996115,34171.73229996115,39.0,0.0008323746104118736,0.0,34000,34000,34000,34000,34000,34000,34000,34000,34000,34000,34000
GET,/predict?cb_nonce=16621,1,1,4104.7757000196725,4104.7757000196725,4104.7757000196725,4104.7757000196725,0.0,0.0008323746104118736,0.0008323746104118736,4100,4100,4100,4100,4100,4100,4100,4100,4100,4100,4100
GET,/predict?cb_nonce=166340,1,0,2190.6691000331193,2190.6691000331193,2190.6691000331193,2190.6691000331193,39.0,0.0008323746104118736,0.0,2200,2200,2200,2200,2200,2200,2200,2200,2200,2200,2200
GET,/predict?cb_nonce=167750,1,0,1456.548299989663,1456.548299989663,1456.548299989663,1456.548299989663,39.0,0.0008323746104118736,0.0,1500,1500,1500,1500,1500,1500,1500,1500,1500,1500,1500
GET,/predict?cb_nonce=168708,1,0,2470.468800049275,2470.468800049275,2470.468800049275,2470.468800049275,39.0,0.0008323746104118736,0.0,2500,2500,2500,2500,2500,2500,2500,2500,2500,2500,2500
GET,/predict?cb_nonce=168735,1,1,4752.127600018866,4752.127600018866,4752.127600018866,4752.127600018866,0.0,0.0008323746104118736,0.0008323746104118736,4800,4800,4800,4800,4800,4800,4800,4800,4800,4800,4800
GET,/predict?cb_nonce=169213,1,0,72039.0074000461,72039.0074000461,72039.0074000461,72039.0074000461,39.0,0.0008323746104118736,0.0,72000,72000,72000,72000,72000,72000,72000,72000,72000,72000,72000
GET,/predict?cb_nonce=169836,1,1,4212.885100045241,4212.885100045241,4212.885100045241,4212.885100045241,0.0,0.0008323746104118736,0.0008323746104118736,4200,4200,4200,4200,4200,4200,4200,4200,4200,4200,4200
GET,/predict?cb_nonce=171016,1,0,2274.540100013837,2274.540100013837,2274.540100013837,2274.540100013837,39.0,0.0008323746104118736,0.0,2300,2300,2300,2300,2300,2300,2300,2300,2300,2300,2300
GET,/predict?cb_nonce=171139,1,0,1275.766299921088,1275.766299921088,1275.766299921088,1275.766299921088,39.0,0.0008323746104118736,0.0,1300,1300,1300,1300,1300,1300,1300,1300,1300,1300,1300
GET,/predict?cb_nonce=171427,1,0,2514.7021000739187,2514.7021000739187,2514.7021000739187,2514.7021000739187,39.0,0.0008323746104118736,0.0,2500,2500,2500,2500,2500,2500,2500,2500,2500,2500,2500
GET,/predict?cb_nonce=171902,1,0,2426.890300004743,2426.890300004743,2426.890300004743,2426.890300004743,39.0,0.0008323746104118736,0.0,2400,2400,2400,2400,2400,2400,2400,2400,2400,2400,2400
GET,/predict?cb_nonce=172087,1,1,4102.092399960384,4102.092399960384,4102.092399960384,4102.092399960384,0.0,0.0008323746104118736,0.0008323746104118736,4100,4100,4100,4100,4100,4100,4100,4100,4100,4100,4100
GET,/predict?cb_nonce=172281,1,1,4212.138499948196,4212.138499948196,4212.138499948196,4212.138499948196,0.0,0.0008323746104118736,0.0008323746104118736,4200,4200,4200,4200,4200,4200,4200,4200,4200,4200,4200
GET,/predict?cb_nonce=172547,1,0,1302.4517999729142,1302.4517999729142,1302.4517999729142,1302.4517999729142,39.0,0.0008323746104118736,0.0,1300,1300,1300,1300,1300,1300,1300,1300,1300,1300,1300
GET,/predict?cb_nonce=17276,1,1,4904.960499959998,4904.960499959998,4904.960499959998,4904.960499959998,0.0,0.0008323746104118736,0.0008323746104118736,4900,4900,4900,4900,4900,4900,4900,4900,4900,4900,4900
GET,/predict?cb_nonce=172804,1,0,1453.762299963273,1453.762299963273,1453.762299963273,1453.762299963273,39.0,0.0008323746104118736,0.0,1500,1500,1500,1500,1500,1500,1500,1500,1500,1500,1500
GET,/predict?cb_nonce=172824,1,0,1452.0504999672994,1452.0504999672994,1452.0504999672994,1452.0504999672994,39.0,0.0008323746104118736,0.0,1500,1500,1500,1500,1500,1500,1500,1500,1500,1500,1500
GET,/predict?cb_nonce=173000,1,1,4075.72560000699,4075.72560000699,4075.72560000699,4075.72560000699,0.0,0.0008323746104118736,0.0008323746104118736,4100,4100,4100,4100,4100,4100,4100,4100,4100,4100,4100
GET,/predict?cb_nonce=173420,1,0,19792.09240002092,19792.09240002092,19792.09240002092,19792.09240002092,39.0,0.0008323746104118736,0.0,20000,20000,20000,20000,20000,20000,20000,20000,20000,20000,20000
GET,/predict?cb_nonce=173966,1,0,2177.5544000556692,2177.5544000556692,2177.5544000556692,2177.5544000556692,39.0,0.0008323746104118736,0.0,2200,2200,2200,2200,2200,2200,2200,2200,2200,2200,2200
GET,/predict?cb_nonce=174386,1,1,4066.112200031057,4066.112200031057,4066.112200031057,4066.112200031057,0.0,0.0008323746104118736,0.0008323746104118736,4100,4100,4100,4100,4100,4100,4100,4100,4100,4100,4100
GET,/predict?cb_nonce=17496,1,0,2668.8543000491336,2668.8543000491336,2668.8543000491336,2668.8543000491336,39.0,0.0008323746104118736,0.0,2700,2700,2700,2700,2700,2700,2700,2700,2700,2700,2700
GET,/predict?cb_nonce=175191,1,1,4267.583500011824,4267.583500011824,4267.583500011824,4267.583500011824,0.0,0.0008323746104118736,0.0008323746104118736,4300,4300,4300,4300,4300,4300,4300,4300,4300,4300,4300
GET,/predict?cb_nonce=175237,1,0,28972.152700065635,28972.152700065635,28972.152700065635,28972.152700065635,39.0,0.0008323746104118736,0.0,29000,29000,29000,29000,29000,29000,29000,29000,29000,29000,29000
GET,/predict?cb_nonce=176035,1,0,4728.73149998486,4728.73149998486,4728.73149998486,4728.73149998486,39.0,0.0008323746104118736,0.0,4700,4700,4700,4700,4700,4700,4700,4700,4700,4700,4700
GET,/predict?cb_nonce=176086,1,1,4532.798400032334,4532.798400032334,4532.798400032334,4532.798400032334,0.0,0.0008323746104118736,0.0008323746104118736,4500,4500,4500,4500,4500,4500,4500,4500,4500,4500,4500
GET,/predict?cb_nonce=176609,1,0,2269.3404000019655,2269.3404000019655,2269.3404000019655,2269.3404000019655,39.0,0.0008323746104118736,0.0,2300,2300,2300,2300,2300,2300,2300,2300,2300,2300,2300
GET,/predict?cb_nonce=17662,1,1,4184.3786999816075,4184.3786999816075,4184.3786999816075,4184.3786999816075,0.0,0.0008323746104118736,0.0008323746104118736,4200,4200,4200,4200,4200,4200,4200,4200,4200,4200,4200
GET,/predict?cb_nonce=176627,1,0,2264.18639998883,2264.18639998883,2264.18639998883,2264.18639998883,39.0,0.0008323746104118736,0.0,2300,2300,2300,2300,2300,2300,2300,2300,2300,2300,2300
GET,/predict?cb_nonce=177247,1,0,2892.1896000392735,2892.1896000392735,2892.1896000392735,2892.1896000392735,39.0,0.0008323746104118736,0.0,2900,2900,2900,2900,2900,2900,2900,2900,2900,2900,2900
GET,/predict?cb_nonce=17763,1,0,2355.6896999944,2355.6896999944,2355.6896999944,2355.6896999944,39.0,0.0008323746104118736,0.0,2400,2400,2400,2400,2400,2400,2400,2400,2400,2400,2400
GET,/predict?cb_nonce=179447,1,1,4089.4463999429718,4089.4463999429718,4089.4463999429718,4089.4463999429718,0.0,0.0008323746104118736,0.0008323746104118736,4100,4100,4100,4100,4100,4100,4100,4100,4100,4100,4100
GET,/predict?cb_nonce=179817,1,1,4161.309199989773,4161.309199989773,4161.309199989773,4161.309199989773,0.0,0.0008323746104118736,0.0008323746104118736,4200,4200,4200,4200,4200,4200,4200,4200,4200,4200,4200
GET,/predict?cb_nonce=17982,1,0,6687.346899998374,6687.346899998374,6687.346899998374,6687.346899998374,39.0,0.0008323746104118736,0.0,6700,6700,6700,6700,6700,6700,6700,6700,6700,6700,6700
GET,/predict?cb_nonce=18035,1,0,823.4564000740647,823.4564000740647,823.4564000740647,823.4564000740647,39.0,0.0008323746104118736,0.0,820,820,820,820,820,820,820,820,820,820,820
GET,/predict?cb_nonce=180487,1,0,28765.12720005121,28765.12720005121,28765.12720005121,28765.12720005121,39.0,0.0008323746104118736,0.0,29000,29000,29000,29000,29000,29000,29000,29000,29000,29000,29000
GET,/predict?cb_nonce=181029,1,1,4877.8932999121025,4877.8932999121025,4877.8932999121025,4877.8932999121025,0.0,0.0008323746104118736,0.0008323746104118736,4900,4900,4900,4900,4900,4900,4900,4900,4900,4900,4900
GET,/predict?cb_nonce=181332,1,0,1386.6550999227911,1386.6550999227911,1386.6550999227911,1386.6550999227911,39.0,0.0008323746104118736,0.0,1400,1400,1400,1400,1400,1400,1400,1400,1400,1400,1400
GET,/predict?cb_nonce=181763,1,0,1461.0320000210777,1461.0320000210777,1461.0320000210777,1461.0320000210777,39.0,0.0008323746104118736,0.0,1500,1500,1500,1500,1500,1500,1500,1500,1500,1500,1500
GET,/predict?cb_nonce=182885,1,0,1541.8034999165684,1541.8034999165684,1541.8034999165684,1541.8034999165684,39.0,0.0008323746104118736,0.0,1500,1500,1500,1500,1500,1500,1500,1500,1500,1500,1500
GET,/predict?cb_nonce=183091,1,1,4697.617899975739,4697.617899975739,4697.617899975739,4697.617899975739,0.0,0.0008323746104118736,0.0008323746104118736,4700,4700,4700,4700,4700,4700,4700,4700,4700,4700,4700
GET,/predict?cb_nonce=183694,1,0,22488.176899962127,22488.176899962127,22488.176899962127,22488.176899962127,39.0,0.0008323746104118736,0.0,22000,22000,22000,22000,22000,22000,22000,22000,22000,22000,22000
GET,/predict?cb_nonce=183967,1,1,4217.689299955964,4217.689299955964,4217.689299955964,4217.689299955964,0.0,0.0008323746104118736,0.0008323746104118736,4200,4200,4200,4200,4200,4200,4200,4200,4200,4200,4200
GET,/predict?cb_nonce=184483,1,1,4089.9199000559747,4089.9199000559747,4089.9199000559747,4089.9199000559747,0.0,0.0008323746104118736,0.0008323746104118736,4100,4100,4100,4100,4100,4100,4100,4100,4100,4100,4100
GET,/predict?cb_nonce=185003,1,0,1694.6104998933151,1694.6104998933151,1694.6104998933151,1694.6104998933151,39.0,0.0008323746104118736,0.0,1700,1700,1700,1700,1700,1700,1700,1700,1700,1700,1700
GET,/predict?cb_nonce=185694,1,1,4672.8942999616265,4672.8942999616265,4672.8942999616265,4672.8942999616265,0.0,0.0008323746104118736,0.0008323746104118736,4700,4700,4700,4700,4700,4700,4700,4700,4700,4700,4700
GET,/predict?cb_nonce=185879,1,0,2292.502099997364,2292.502099997364,2292.502099997364,2292.502099997364,39.0,0.0008323746104118736,0.0,2300,2300,2300,2300,2300,2300,2300,2300,2300,2300,2300
GET,/predict?cb_nonce=186136,1,0,2242.3922000452876,2242.3922000452876,2242.3922000452876,2242.3922000452876,39.0,0.0008323746104118736,0.0,2200,2200,2200,2200,2200,2200,2200,2200,2200,2200,2200
GET,/predict?cb_nonce=186281,1,0,2341.0005999030545,2341.0005999030545,2341.0005999030545,2341.0005999030545,39.0,0.0008323746104118736,0.0,2300,2300,2300,2300,2300,2300,2300,2300,2300,2300,2300
GET,/predict?cb_nonce=186766,1,0,2642.653699964285,2642.653699964285,2642.653699964285,2642.653699964285,39.0,0.0008323746104118736,0.0,2600,2600,2600,2600,2600,2600,2600,2600,2600,2600,2600
GET,/predict?cb_nonce=186971,1,1,4167.853799997829,4167.853799997829,4167.853799997829,4167.853799997829,0.0,0.0008323746104118736,0.0008323746104118736,4200,4200,4200,4200,4200,4200,4200,4200,4200,4200,4200
GET,/predict?cb_nonce=187750,1,1,4465.447599999607,4465.447599999607,4465.447599999607,4465.447599999607,0.0,0.0008323746104118736,0.0008323746104118736,4500,4500,4500,4500,4500,4500,4500,4500,4500,4500,4500
GET,/predict?cb_nonce=187874,1,0,2327.160899993032,2327.160899993032,2327.160899993032,2327.160899993032,39.0,0.0008323746104118736,0.0,2300,2300,2300,2300,2300,2300,2300,2300,2300,2300,2300
GET,/predict?cb_nonce=188230,1,1,5497.849999926984,5497.849999926984,5497.849999926984,5497.849999926984,0.0,0.0008323746104118736,0.0008323746104118736,5500,5500,5500,5500,5500,5500,5500,5500,5500,5500,5500
GET,/predict?cb_nonce=188661,1,0,2443.593699950725,2443.593699950725,2443.593699950725,2443.593699950725,39.0,0.0008323746104118736,0.0,2400,2400,2400,2400,2400,2400,2400,2400,2400,2400,2400
GET,/predict?cb_nonce=188982,1,1,4206.583400024101,4206.583400024101,4206.583400024101,4206.583400024101,0.0,0.0008323746104118736,0.0008323746104118736,4200,4200,4200,4200,4200,4200,4200,4200,4200,4200,4200
GET,/predict?cb_nonce=189419,1,1,5342.751900083385,5342.751900083385,5342.751900083385,5342.751900083385,0.0,0.0008323746104118736,0.0008323746104118736,5300,5300,5300,5300,5300,5300,5300,5300,5300,5300,5300
GET,/predict?cb_nonce=190488,1,0,1711.570700048469,1711.570700048469,1711.570700048469,1711.570700048469,39.0,0.0008323746104118736,0.0,1700,1700,1700,1700,1700,1700,1700,1700,1700,1700,1700
GET,/predict?cb_nonce=190869,1,1,4439.657100010663,4439.657100010663,4439.657100010663,4439.657100010663,0.0,0.0008323746104118736,0.0008323746104118736,4400,4400,4400,4400,4400,4400,4400,4400,4400,4400,4400
GET,/predict?cb_nonce=191428,1,0,2269.0830000210553,2269.0830000210553,2269.0830000210553,2269.0830000210553,39.0,0.0008323746104118736,0.0,2300,2300,2300,2300,2300,2300,2300,2300,2300,2300,2300
GET,/predict?cb_nonce=191510,1,0,1602.29250008706,1602.29250008706,1602.29250008706,1602.29250008706,39.0,0.0008323746104118736,0.0,1600,1600,1600,1600,1600,1600,1600,1600,1600,1600,1600
GET,/predict?cb_nonce=192153,1,1,4091.314599965699,4091.314599965699,4091.314599965699,4091.314599965699,0.0,0.0008323746104118736,0.0008323746104118736,4100,4100,4100,4100,4100,4100,4100,4100,4100,4100,4100
GET,/predict?cb_nonce=192426,1,0,1913.4101000381634,1913.4101000381634,1913.4101000381634,1913.4101000381634,39.0,0.0008323746104118736,0.0,1900,1900,1900,1900,1900,1900,1900,1900,1900,1900,1900
GET,/predict?cb_nonce=192430,1,1,4337.701799930073,4337.701799930073,4337.701799930073,4337.701799930073,0.0,0.0008323746104118736,0.0008323746104118736,4300,4300,4300,4300,4300,4300,4300,4300,4300,4300,4300
GET,/predict?cb_nonce=192791,1,0,2612.1120000025257,2612.1120000025257,2612.1120000025257,2612.1120000025257,39.0,0.0008323746104118736,0.0,2600,2600,2600,2600,2600,2600,2600,2600,2600,2600,2600
GET,/predict?cb_nonce=193674,1,0,2182.8851000173017,2182.8851000173017,2182.8851000173017,2182.8851000173017,39.0,0.0008323746104118736,0.0,2200,2200,2200,2200,2200,2200,2200,2200,2200,2200,2200
GET,/predict?cb_nonce=193919,1,0,2026.7819999717176,2026.7819999717176,2026.7819999717176,2026.7819999717176,39.0,0.0008323746104118736,0.0,2000,2000,2000,2000,2000,2000,2000,2000,2000,2000,2000
GET,/predict?cb_nonce=194951,1,1,4272.3466999595985,4272.3466999595985,4272.3466999595985,4272.3466999595985,0.0,0.0008323746104118736,0.0008323746104118736,4300,4300,4300,4300,4300,4300,4300,4300,4300,4300,4300
GET,/predict?cb_nonce=196237,1,0,1982.5161999324337,1982.5161999324337,1982.5161999324337,1982.5161999324337,39.0,0.0008323746104118736,0.0,2000,2000,2000,2000,2000,2000,2000,2000,2000,2000,2000
GET,/predict?cb_nonce=19722,1,1,4094.238999998197,4094.238999998197,4094.238999998197,4094.238999998197,0.0,0.0008323746104118736,0.0008323746104118736,4100,4100,4100,4100,4100,4100,4100,4100,4100,4100,4100
GET,/predict?cb_nonce=197584,1,1,4110.757100046612,4110.757100046612,4110.757100046612,4110.757100046612,0.0,0.0008323746104118736,0.0008323746104118736,4100,4100,4100,4100,4100,4100,4100,4100,4100,4100,4100
GET,/predict?cb_nonce=197871,1,0,4312.670800019987,4312.670800019987,4312.670800019987,4312.670800019987,39.0,0.0008323746104118736,0.0,4300,4300,4300,4300,4300,4300,4300,4300,4300,4300,4300
GET,/predict?cb_nonce=197884,1,1,4057.5358000351116,4057.5358000351116,4057.5358000351116,4057.5358000351116,0.0,0.0008323746104118736,0.0008323746104118736,4100,4100,4100,4100,4100,4100,4100,4100,4100,4100,4100
GET,/predict?cb_nonce=198100,1,0,2131.8542000371963,2131.8542000371963,2131.8542000371963,2131.8542000371963,39.0,0.0008323746104118736,0.0,2100,2100,2100,2100,2100,2100,2100,2100,2100,2100,2100
GET,/predict?cb_nonce=198221,1,0,1652.429400011897,1652.429400011897,1652.429400011897,1652.429400011897,39.0,0.0008323746104118736,0.0,1700,1700,1700,1700,1700,1700,1700,1700,1700,1700,1700
GET,/predict?cb_nonce=198742,1,0,79588.49340002052,79588.49340002052,79588.49340002052,79588.49340002052,39.0,0.0008323746104118736,0.0,80000,80000,80000,80000,80000,80000,80000,80000,80000,80000,80000
GET,/predict?cb_nonce=198872,1,0,1881.2968001002446,1881.2968001002446,1881.2968001002446,1881.2968001002446,39.0,0.0008323746104118736,0.0,1900,1900,1900,1900,1900,1900,1900,1900,1900,1900,1900
GET,/predict?cb_nonce=198895,1,1,4097.84919989761,4097.84919989761,4097.84919989761,4097.84919989761,0.0,0.0008323746104118736,0.0008323746104118736,4100,4100,4100,4100,4100,4100,4100,4100,4100,4100,4100
GET,/predict?cb_nonce=200425,1,0,2406.2795999925584,2406.2795999925584,2406.2795999925584,2406.2795999925584,39.0,0.0008323746104118736,0.0,2400,2400,2400,2400,2400,2400,2400,2400,2400,2400,2400
GET,/predict?cb_nonce=201574,1,0,49222.92019997258,49222.92019997258,49222.92019997258,49222.92019997258,39.0,0.0008323746104118736,0.0,49000,49000,49000,49000,49000,49000,49000,49000,49000,49000,49000
GET,/predict?cb_nonce=202398,1,0,1917.188199935481,1917.188199935481,1917.188199935481,1917.188199935481,39.0,0.0008323746104118736,0.0,1900,1900,1900,1900,1900,1900,1900,1900,1900,1900,1900
GET,/predict?cb_nonce=202951,1,1,4928.626299952157,4928.626299952157,4928.626299952157,4928.626299952157,0.0,0.0008323746104118736,0.0008323746104118736,4900,4900,4900,4900,4900,4900,4900,4900,4900,4900,4900
GET,/predict?cb_nonce=203132,1,0,55346.25599998981,55346.25599998981,55346.25599998981,55346.25599998981,39.0,0.0008323746104118736,0.0,55000,55000,55000,55000,55000,55000,55000,55000,55000,55000,55000
GET,/predict?cb_nonce=203500,1,1,4286.331599927507,4286.331599927507,4286.331599927507,4286.331599927507,0.0,0.0008323746104118736,0.0008323746104118736,4300,4300,4300,4300,4300,4300,4300,4300,4300,4300,4300
GET,/predict?cb_nonce=203709,1,0,2807.3978999163955,2807.3978999163955,2807.3978999163955,2807.3978999163955,39.0,0.0008323746104118736,0.0,2800,2800,2800,2800,2800,2800,2800,2800,2800,2800,2800
GET,/predict?cb_nonce=203810,1,0,4517.416500020772,4517.416500020772,4517.416500020772,4517.416500020772,39.0,0.0008323746104118736,0.0,4500,4500,4500,4500,4500,4500,4500,4500,4500,4500,4500
GET,/predict?cb_nonce=203931,1,1,4235.01069995109,4235.01069995109,4235.01069995109,4235.01069995109,0.0,0.0008323746104118736,0.0008323746104118736,4200,4200,4200,4200,4200,4200,4200,4200,4200,4200,4200
GET,/predict?cb_nonce=204087,1,1,4143.731700023636,4143.731700023636,4143.731700023636,4143.731700023636,0.0,0.0008323746104118736,0.0008323746104118736,4100,4100,4100,4100,4100,4100,4100,4100,4100,4100,4100
GET,/predict?cb_nonce=204749,1,0,1657.3633000953123,1657.3633000953123,1657.3633000953123,1657.3633000953123,39.0,0.0008323746104118736,0.0,1700,1700,1700,1700,1700,1700,1700,1700,1700,1700,1700
GET,/predict?cb_nonce=204846,1,1,4327.436899999157,4327.436899999157,4327.436899999157,4327.436899999157,0.0,0.0008323746104118736,0.0008323746104118736,4300,4300,4300,4300,4300,4300,4300,4300,4300,4300,4300
GET,/predict?cb_nonce=205192,1,1,4102.988000027835,4102.988000027835,4102.988000027835,4102.988000027835,0.0,0.0008323746104118736,0.0008323746104118736,4100,4100,4100,4100,4100,4100,4100,4100,4100,4100,4100
GET,/predict?cb_nonce=206145,1,1,4272.127000032924,4272.127000032924,4272.127000032924,4272.127000032924,0.0,0.0008323746104118736,0.0008323746104118736,4300,4300,4300,4300,4300,4300,4300,4300,4300,4300,4300
GET,/predict?cb_nonce=206324,1,1,4101.390399970114,4101.390399970114,4101.390399970114,4101.390399970114,0.0,0.0008323746104118736,0.0008323746104118736,4100,4100,4100,4100,4100,4100,4100,4100,4100,4100,4100
GET,/predict?cb_nonce=206464,1,0,2039.718999993056,2039.718999993056,2039.718999993056,2039.718999993056,39.0,0.0008323746104118736,0.0,2000,2000,2000,2000,2000,2000,2000,2000,2000,2000,2000
GET,/predict?cb_nonce=206633,1,1,4166.577099938877,4166.577099938877,4166.577099938877,4166.577099938877,0.0,0.0008323746104118736,0.0008323746104118736,4200,4200,4200,4200,4200,4200,4200,4200,4200,4200,4200
GET,/predict?cb_nonce=20700,1,0,1773.5474000219256,1773.5474000219256,1773.5474000219256,1773.5474000219256,39.0,0.0008323746104118736,0.0,1800,1800,1800,1800,1800,1800,1800,1800,1800,1800,1800
GET,/predict?cb_nonce=207738,1,1,4088.287999969907,4088.287999969907,4088.287999969907,4088.287999969907,0.0,0.0008323746104118736,0.0008323746104118736,4100,4100,4100,4100,4100,4100,4100,4100,4100,4100,4100
GET,/predict?cb_nonce=207872,1,1,4136.570099974051,4136.570099974051,4136.570099974051,4136.570099974051,0.0,0.0008323746104118736,0.0008323746104118736,4100,4100,4100,4100,4100,4100,4100,4100,4100,4100,4100
GET,/predict?cb_nonce=208002,1,0,2302.502900012769,2302.502900012769,2302.502900012769,2302.502900012769,39.0,0.0008323746104118736,0.0,2300,2300,2300,2300,2300,2300,2300,2300,2300,2300,2300
GET,/predict?cb_nonce=208303,1,0,2111.374199972488,2111.374199972488,2111.374199972488,2111.374199972488,39.0,0.0008323746104118736,0.0,2100,2100,2100,2100,2100,2100,2100,2100,2100,2100,2100
GET,/predict?cb_nonce=208535,1,0,2309.683999978006,2309.683999978006,2309.683999978006,2309.683999978006,39.0,0.0008323746104118736,0.0,2300,2300,2300,2300,2300,2300,2300,2300,2300,2300,2300
GET,/predict?cb_nonce=208669,1,0,2221.470099990256,2221.470099990256,2221.470099990256,2221.470099990256,39.0,0.0008323746104118736,0.0,2200,2200,2200,2200,2200,2200,2200,2200,2200,2200,2200
GET,/predict?cb_nonce=209491,1,0,2877.1517999703065,2877.1517999703065,2877.1517999703065,2877.1517999703065,39.0,0.0008323746104118736,0.0,2900,2900,2900,2900,2900,2900,2900,2900,2900,2900,2900
GET,/predict?cb_nonce=211116,1,0,2282.498700078577,2282.498700078577,2282.498700078577,2282.498700078577,39.0,0.0008323746104118736,0.0,2300,2300,2300,2300,2300,2300,2300,2300,2300,2300,2300
GET,/predict?cb_nonce=211196,1,0,2405.5893999757245,2405.5893999757245,2405.5893999757245,2405.5893999757245,39.0,0.0008323746104118736,0.0,2400,2400,2400,2400,2400,2400,2400,2400,2400,2400,2400
GET,/predict?cb_nonce=211373,1,0,47201.17539993953,47201.17539993953,47201.17539993953,47201.17539993953,39.0,0.0008323746104118736,0.0,47000,47000,47000,47000,47000,47000,47000,47000,47000,47000,47000
GET,/predict?cb_nonce=211597,1,0,1886.5386999677867,1886.5386999677867,1886.5386999677867,1886.5386999677867,39.0,0.0008323746104118736,0.0,1900,1900,1900,1900,1900,1900,1900,1900,1900,1900,1900
GET,/predict?cb_nonce=212051,1,0,16198.540000012144,16198.540000012144,16198.540000012144,16198.540000012144,39.0,0.0008323746104118736,0.0,16000,16000,16000,16000,16000,16000,16000,16000,16000,16000,16000
GET,/predict?cb_nonce=212521,1,0,2347.9868000140414,2347.9868000140414,2347.9868000140414,2347.9868000140414,39.0,0.0008323746104118736,0.0,2300,2300,2300,2300,2300,2300,2300,2300,2300,2300,2300
GET,/predict?cb_nonce=212584,1,0,19964.681899989955,19964.681899989955,19964.681899989955,19964.681899989955,39.0,0.0008323746104118736,0.0,20000,20000,20000,20000,20000,20000,20000,20000,20000,20000,20000
GET,/predict?cb_nonce=212760,1,0,720.3351999633014,720.3351999633014,720.3351999633014,720.3351999633014,39.0,0.0008323746104118736,0.0,720,720,720,720,720,720,720,720,720,720,720
GET,/predict?cb_nonce=213457,1,0,2113.5629999917,2113.5629999917,2113.5629999917,2113.5629999917,39.0,0.0008323746104118736,0.0,2100,2100,2100,2100,2100,2100,2100,2100,2100,2100,2100
GET,/predict?cb_nonce=213600,1,0,1180.237099993974,1180.237099993974,1180.237099993974,1180.237099993974,39.0,0.0008323746104118736,0.0,1200,1200,1200,1200,1200,1200,1200,1200,1200,1200,1200
GET,/predict?cb_nonce=213848,1,0,2972.7989999810234,2972.7989999810234,2972.7989999810234,2972.7989999810234,39.0,0.0008323746104118736,0.0,3000,3000,3000,3000,3000,3000,3000,3000,3000,3000,3000
GET,/predict?cb_nonce=213873,1,0,2316.581099992618,2316.581099992618,2316.581099992618,2316.581099992618,39.0,0.0008323746104118736,0.0,2300,2300,2300,2300,2300,2300,2300,2300,2300,2300,2300
GET,/predict?cb_nonce=214252,1,0,1439.6160000469536,1439.6160000469536,1439.6160000469536,1439.6160000469536,39.0,0.0008323746104118736,0.0,1400,1400,1400,1400,1400,1400,1400,1400,1400,1400,1400
GET,/predict?cb_nonce=214282,1,0,2209.483899991028,2209.483899991028,2209.483899991028,2209.483899991028,39.0,0.0008323746104118736,0.0,2200,2200,2200,2200,2200,2200,2200,2200,2200,2200,2200
GET,/predict?cb_nonce=215280,1,1,4725.498200044967,4725.498200044967,4725.498200044967,4725.498200044967,0.0,0.0008323746104118736,0.0008323746104118736,4700,4700,4700,4700,4700,4700,4700,4700,4700,4700,4700
GET,/predict?cb_nonce=215572,1,1,4173.143699998036,4173.143699998036,4173.143699998036,4173.143699998036,0.0,0.0008323746104118736,0.0008323746104118736,4200,4200,4200,4200,4200,4200,4200,4200,4200,4200,4200
GET,/predict?cb_nonce=21570,1,0,1822.1768999937922,1822.1768999937922,1822.1768999937922,1822.1768999937922,39.0,0.0008323746104118736,0.0,1800,1800,1800,1800,1800,1800,1800,1800,1800,1800,1800
GET,/predict?cb_nonce=215883,1,0,1625.3017999697477,1625.3017999697477,1625.3017999697477,1625.3017999697477,39.0,0.0008323746104118736,0.0,1600,1600,1600,1600,1600,1600,1600,1600,1600,1600,1600
GET,/predict?cb_nonce=217298,1,1,4528.4405000275,4528.4405000275,4528.4405000275,4528.4405000275,0.0,0.0008323746104118736,0.0008323746104118736,4500,4500,4500,4500,4500,4500,4500,4500,4500,4500,4500
GET,/predict?cb_nonce=217603,1,1,4106.408899999224,4106.408899999224,4106.408899999224,4106.408899999224,0.0,0.0008323746104118736,0.0008323746104118736,4100,4100,4100,4100,4100,4100,4100,4100,4100,4100,4100
GET,/predict?cb_nonce=218310,1,0,2580.3613000316545,2580.3613000316545,2580.3613000316545,2580.3613000316545,39.0,0.0008323746104118736,0.0,2600,2600,2600,2600,2600,2600,2600,2600,2600,2600,2600
GET,/predict?cb_nonce=218588,1,0,2497.823700075969,2497.823700075969,2497.823700075969,2497.823700075969,39.0,0.0008323746104118736,0.0,2500,2500,2500,2500,2500,2500,2500,2500,2500,2500,2500
GET,/predict?cb_nonce=219256,1,1,5397.570800036192,5397.570800036192,5397.570800036192,5397.570800036192,0.0,0.0008323746104118736,0.0008323746104118736,5400,5400,5400,5400,5400,5400,5400,5400,5400,5400,5400
GET,/predict?cb_nonce=219313,1,0,1652.6431000092998,1652.6431000092998,1652.6431000092998,1652.6431000092998,39.0,0.0008323746104118736,0.0,1700,1700,1700,1700,1700,1700,1700,1700,1700,1700,1700
GET,/predict?cb_nonce=219718,1,0,1895.1451999600977,1895.1451999600977,1895.1451999600977,1895.1451999600977,39.0,0.0008323746104118736,0.0,1900,1900,1900,1900,1900,1900,1900,1900,1900,1900,1900
GET,/predict?cb_nonce=21981,1,1,4327.071700012311,4327.071700012311,4327.071700012311,4327.071700012311,0.0,0.0008323746104118736,0.0008323746104118736,4300,4300,4300,4300,4300,4300,4300,4300,4300,4300,4300
GET,/predict?cb_nonce=220400,1,0,2923.6406999407336,2923.6406999407336,2923.6406999407336,2923.6406999407336,39.0,0.0008323746104118736,0.0,2900,2900,2900,2900,2900,2900,2900,2900,2900,2900,2900
GET,/predict?cb_nonce=221477,1,0,45617.982399999164,45617.982399999164,45617.982399999164,45617.982399999164,39.0,0.0008323746104118736,0.0,46000,46000,46000,46000,46000,46000,46000,46000,46000,46000,46000
GET,/predict?cb_nonce=222084,1,1,4088.0311999935657,4088.0311999935657,4088.0311999935657,4088.0311999935657,0.0,0.0008323746104118736,0.0008323746104118736,4100,4100,4100,4100,4100,4100,4100,4100,4100,4100,4100
GET,/predict?cb_nonce=222353,1,0,2277.822299976833,2277.822299976833,2277.822299976833,2277.822299976833,39.0,0.0008323746104118736,0.0,2300,2300,2300,2300,2300,2300,2300,2300,2300,2300,2300
GET,/predict?cb_nonce=222937,1,1,4091.165199992247,4091.165199992247,4091.165199992247,4091.165199992247,0.0,0.0008323746104118736,0.0008323746104118736,4100,4100,4100,4100,4100,4100,4100,4100,4100,4100,4100
GET,/predict?cb_nonce=222943,1,0,2461.3555000396445,2461.3555000396445,2461.3555000396445,2461.3555000396445,39.0,0.0008323746104118736,0.0,2500,2500,2500,2500,2500,2500,2500,2500,2500,2500,2500
GET,/predict?cb_nonce=223039,1,1,4185.097299981862,4185.097299981862,4185.097299981862,4185.097299981862,0.0,0.0008323746104118736,0.0008323746104118736,4200,4200,4200,4200,4200,4200,4200,4200,4200,4200,4200
GET,/predict?cb_nonce=223715,1,0,2471.4577000122517,2471.4577000122517,2471.4577000122517,2471.4577000122517,39.0,0.0008323746104118736,0.0,2500,2500,2500,2500,2500,2500,2500,2500,2500,2500,2500
GET,/predict?cb_nonce=223987,1,1,4088.429700001143,4088.429700001143,4088.429700001143,4088.429700001143,0.0,0.0008323746104118736,0.0008323746104118736,4100,4100,4100,4100,4100,4100,4100,4100,4100,4100,4100
GET,/predict?cb_nonce=224697,1,0,2621.31399998907,2621.31399998907,2621.31399998907,2621.31399998907,39.0,0.0008323746104118736,0.0,2600,2600,2600,2600,2600,2600,2600,2600,2600,2600,2600
GET,/predict?cb_nonce=22474,1,1,4769.517399952747,4769.517399952747,4769.517399952747,4769.517399952747,0.0,0.0008323746104118736,0.0008323746104118736,4800,4800,4800,4800,4800,4800,4800,4800,4800,4800,4800
GET,/predict?cb_nonce=224742,1,0,2629.5148000353947,2629.5148000353947,2629.5148000353947,2629.5148000353947,39.0,0.0008323746104118736,0.0,2600,2600,2600,2600,2600,2600,2600,2600,2600,2600,2600
GET,/predict?cb_nonce=224893,1,1,4092.9874998982996,4092.9874998982996,4092.9874998982996,4092.9874998982996,0.0,0.0008323746104118736,0.0008323746104118736,4100,4100,4100,4100,4100,4100,4100,4100,4100,4100,4100
GET,/predict?cb_nonce=225104,1,1,4133.454900002107,4133.454900002107,4133.454900002107,4133.454900002107,0.0,0.0008323746104118736,0.0008323746104118736,4100,4100,4100,4100,4100,4100,4100,4100,4100,4100,4100
GET,/predict?cb_nonce=225111,1,0,2120.1650999719277,2120.1650999719277,2120.1650999719277,2120.1650999719277,39.0,0.0008323746104118736,0.0,2100,2100,2100,2100,2100,2100,2100,2100,2100,2100,2100
GET,/predict?cb_nonce=225224,1,0,2035.0725000025705,2035.0725000025705,2035.0725000025705,2035.0725000025705,39.0,0.0008323746104118736,0.0,2000,2000,2000,2000,2000,2000,2000,2000,2000,2000,2000
GET,/predict?cb_nonce=225593,1,0,1543.0462999502197,1543.0462999502197,1543.0462999502197,1543.0462999502197,39.0,0.0008323746104118736,0.0,1500,1500,1500,1500,1500,1500,1500,1500,1500,1500,1500
GET,/predict?cb_nonce=226191,1,0,30079.729399993084,30079.729399993084,30079.729399993084,30079.729399993084,39.0,0.0008323746104118736,0.0,30000,30000,30000,30000,30000,30000,30000,30000,30000,30000,30000
GET,/predict?cb_nonce=226283,1,0,2181.303499964997,2181.303499964997,2181.303499964997,2181.303499964997,39.0,0.0008323746104118736,0.0,2200,2200,2200,2200,2200,2200,2200,2200,2200,2200,2200
GET,/predict?cb_nonce=226286,1,1,4932.41929996293,4932.41929996293,4932.41929996293,4932.41929996293,0.0,0.0008323746104118736,0.0008323746104118736,4900,4900,4900,4900,4900,4900,4900,4900,4900,4900,4900
GET,/predict?cb_nonce=226872,1,1,4073.836899944581,4073.836899944581,4073.836899944581,4073.836899944581,0.0,0.0008323746104118736,0.0008323746104118736,4100,4100,4100,4100,4100,4100,4100,4100,4100,4100,4100
GET,/predict?cb_nonce=227182,1,0,2180.584199959412,2180.584199959412,2180.584199959412,2180.584199959412,39.0,0.0008323746104118736,0.0,2200,2200,2200,2200,2200,2200,2200,2200,2200,2200,2200
GET,/predict?cb_nonce=227297,1,0,3100.0698999268934,3100.0698999268934,3100.0698999268934,3100.0698999268934,39.0,0.0008323746104118736,0.0,3100,3100,3100,3100,3100,3100,3100,3100,3100,3100,3100
GET,/predict?cb_nonce=228176,1,0,2499.5951999444515,2499.5951999444515,2499.5951999444515,2499.5951999444515,39.0,0.0008323746104118736,0.0,2500,2500,2500,2500,2500,2500,2500,2500,2500,2500,2500
GET,/predict?cb_nonce=228295,1,1,4074.5676999213174,4074.5676999213174,4074.5676999213174,4074.5676999213174,0.0,0.0008323746104118736,0.0008323746104118736,4100,4100,4100,4100,4100,4100,4100,4100,4100,4100,4100
GET,/predict?cb_nonce=230006,1,0,2320.5442000180483,2320.5442000180483,2320.5442000180483,2320.5442000180483,39.0,0.0008323746104118736,0.0,2300,2300,2300,2300,2300,2300,2300,2300,2300,2300,2300
GET,/predict?cb_nonce=230079,1,1,4071.444100001827,4071.444100001827,4071.444100001827,4071.444100001827,0.0,0.0008323746104118736,0.0008323746104118736,4100,4100,4100,4100,4100,4100,4100,4100,4100,4100,4100
GET,/predict?cb_nonce=230267,1,0,2809.2897000024095,2809.2897000024095,2809.2897000024095,2809.2897000024095,39.0,0.0008323746104118736,0.0,2800,2800,2800,2800,2800,2800,2800,2800,2800,2800,2800
GET,/predict?cb_nonce=230677,1,0,1679.8439000267535,1679.8439000267535,1679.8439000267535,1679.8439000267535,39.0,0.0008323746104118736,0.0,1700,1700,1700,1700,1700,1700,1700,1700,1700,1700,1700
GET,/predict?cb_nonce=230698,1,0,1426.639800076373,1426.639800076373,1426.639800076373,1426.639800076373,39.0,0.0008323746104118736,0.0,1400,1400,1400,1400,1400,1400,1400,1400,1400,1400,1400
GET,/predict?cb_nonce=231429,1,0,807.244100025855,807.244100025855,807.244100025855,807.244100025855,39.0,0.0008323746104118736,0.0,810,810,810,810,810,810,810,810,810,810,810
GET,/predict?cb_nonce=232305,1,1,4739.2812999896705,4739.2812999896705,4739.2812999896705,4739.2812999896705,0.0,0.0008323746104118736,0.0008323746104118736,4700,4700,4700,4700,4700,4700,4700,4700,4700,4700,4700
GET,/predict?cb_nonce=232535,1,0,2029.4321000110358,2029.4321000110358,2029.4321000110358,2029.4321000110358,39.0,0.0008323746104118736,0.0,2000,2000,2000,2000,2000,2000,2000,2000,2000,2000,2000
GET,/predict?cb_nonce=232585,1,0,2324.631999945268,2324.631999945268,2324.631999945268,2324.631999945268,39.0,0.0008323746104118736,0.0,2300,2300,2300,2300,2300,2300,2300,2300,2300,2300,2300
GET,/predict?cb_nonce=232620,1,0,2274.033399997279,2274.033399997279,2274.033399997279,2274.033399997279,39.0,0.0008323746104118736,0.0,2300,2300,2300,2300,2300,2300,2300,2300,2300,2300,2300
GET,/predict?cb_nonce=23286,1,0,2013.3110000751913,2013.3110000751913,2013.3110000751913,2013.3110000751913,39.0,0.0008323746104118736,0.0,2000,2000,2000,2000,2000,2000,2000,2000,2000,2000,2000
GET,/predict?cb_nonce=232915,1,1,4928.5036999499425,4928.5036999499425,4928.5036999499425,4928.5036999499425,0.0,0.0008323746104118736,0.0008323746104118736,4900,4900,4900,4900,4900,4900,4900,4900,4900,4900,4900
GET,/predict?cb_nonce=233209,1,1,4174.994799890555,4174.994799890555,4174.994799890555,4174.994799890555,0.0,0.0008323746104118736,0.0008323746104118736,4200,4200,4200,4200,4200,4200,4200,4200,4200,4200,4200
GET,/predict?cb_nonce=233438,1,0,38846.3136999635,38846.3136999635,38846.3136999635,38846.3136999635,39.0,0.0008323746104118736,0.0,39000,39000,39000,39000,39000,39000,39000,39000,39000,39000,39000
GET,/predict?cb_nonce=233777,1,1,4072.832499979995,4072.832499979995,4072.832499979995,4072.832499979995,0.0,0.0008323746104118736,0.0008323746104118736,4100,4100,4100,4100,4100,4100,4100,4100,4100,4100,4100
GET,/predict?cb_nonce=234303,1,0,2812.7838000655174,2812.7838000655174,2812.7838000655174,2812.7838000655174,39.0,0.0008323746104118736,0.0,2800,2800,2800,2800,2800,2800,2800,2800,2800,2800,2800
GET,/predict?cb_nonce=234473,1,0,1883.421799982898,1883.421799982898,1883.421799982898,1883.421799982898,39.0,0.0008323746104118736,0.0,1900,1900,1900,1900,1900,1900,1900,1900,1900,1900,1900
GET,/predict?cb_nonce=234686,1,1,4508.27059999574,4508.27059999574,4508.27059999574,4508.27059999574,0.0,0.0008323746104118736,0.0008323746104118736,4500,4500,4500,4500,4500,4500,4500,4500,4500,4500,4500
GET,/predict?cb_nonce=235200,1,0,2791.6399999521673,2791.6399999521673,2791.6399999521673,2791.6399999521673,39.0,0.0008323746104118736,0.0,2800,2800,2800,2800,2800,2800,2800,2800,2800,2800,2800
GET,/predict?cb_nonce=236270,1,0,2468.6964999418706,2468.6964999418706,2468.6964999418706,2468.6964999418706,39.0,0.0008323746104118736,0.0,2500,2500,2500,2500,2500,2500,2500,2500,2500,2500,2500
GET,/predict?cb_nonce=236628,1,0,2195.74090000242,2195.74090000242,2195.74090000242,2195.74090000242,39.0,0.0008323746104118736,0.0,2200,2200,2200,2200,2200,2200,2200,2200,2200,2200,2200
GET,/predict?cb_nonce=236782,1,0,2655.4632999468595,2655.4632999468595,2655.4632999468595,2655.4632999468595,39.0,0.0008323746104118736,0.0,2700,2700,2700,2700,2700,2700,2700,2700,2700,2700,2700
GET,/predict?cb_nonce=238491,1,1,4073.739100014791,4073.739100014791,4073.739100014791,4073.739100014791,0.0,0.0008323746104118736,0.0008323746104118736,4100,4100,4100,4100,4100,4100,4100,4100,4100,4100,4100
GET,/predict?cb_nonce=238709,1,1,4160.4541999986395,4160.4541999986395,4160.4541999986395,4160.4541999986395,0.0,0.0008323746104118736,0.0008323746104118736,4200,4200,4200,4200,4200,4200,4200,4200,4200,4200,4200
GET,/predict?cb_nonce=238887,1,1,4956.881499965675,4956.881499965675,4956.881499965675,4956.881499965675,0.0,0.0008323746104118736,0.0008323746104118736,5000,5000,5000,5000,5000,5000,5000,5000,5000,5000,5000
GET,/predict?cb_nonce=239119,1,1,4089.1318999929354,4089.1318999929354,4089.1318999929354,4089.1318999929354,0.0,0.0008323746104118736,0.0008323746104118736,4100,4100,4100,4100,4100,4100,4100,4100,4100,4100,4100
GET,/predict?cb_nonce=239645,1,0,2719.2185999592766,2719.2185999592766,2719.2185999592766,2719.2185999592766,39.0,0.0008323746104118736,0.0,2700,2700,2700,2700,2700,2700,2700,2700,2700,2700,2700
GET,/predict?cb_nonce=239681,1,0,2333.199799992144,2333.199799992144,2333.199799992144,2333.199799992144,39.0,0.0008323746104118736,0.0,2300,2300,2300,2300,2300,2300,2300,2300,2300,2300,2300
GET,/predict?cb_nonce=240327,1,0,2662.1052999980748,2662.1052999980748,2662.1052999980748,2662.1052999980748,39.0,0.0008323746104118736,0.0,2700,2700,2700,2700,2700,2700,2700,2700,2700,2700,2700
GET,/predict?cb_nonce=241043,1,1,5181.974399951287,5181.974399951287,5181.974399951287,5181.974399951287,0.0,0.0008323746104118736,0.0008323746104118736,5200,5200,5200,5200,5200,5200,5200,5200,5200,5200,5200
GET,/predict?cb_nonce=241618,1,1,4250.100499950349,4250.100499950349,4250.100499950349,4250.100499950349,0.0,0.0008323746104118736,0.0008323746104118736,4300,4300,4300,4300,4300,4300,4300,4300,4300,4300,4300
GET,/predict?cb_nonce=242063,1,1,4111.817199969664,4111.817199969664,4111.817199969664,4111.817199969664,0.0,0.0008323746104118736,0.0008323746104118736,4100,4100,4100,4100,4100,4100,4100,4100,4100,4100,4100
GET,/predict?cb_nonce=242088,1,0,32134.470500051975,32134.470500051975,32134.470500051975,32134.470500051975,39.0,0.0008323746104118736,0.0,32000,32000,32000,32000,32000,32000,32000,32000,32000,32000,32000
GET,/predict?cb_nonce=242326,1,1,4234.066499979235,4234.066499979235,4234.066499979235,4234.066499979235,0.0,0.0008323746104118736,0.0008323746104118736,4200,4200,4200,4200,4200,4200,4200,4200,4200,4200,4200
GET,/predict?cb_nonce=242629,1,0,1674.6565999928862,1674.6565999928862,1674.6565999928862,1674.6565999928862,39.0,0.0008323746104118736,0.0,1700,1700,1700,1700,1700,1700,1700,1700,1700,1700,1700
GET,/predict?cb_nonce=242937,1,1,4101.305799908005,4101.305799908005,4101.305799908005,4101.305799908005,0.0,0.0008323746104118736,0.0008323746104118736,4100,4100,4100,4100,4100,4100,4100,4100,4100,4100,4100
GET,/predict?cb_nonce=243105,1,1,4057.998099946417,4057.998099946417,4057.998099946417,4057.998099946417,0.0,0.0008323746104118736,0.0008323746104118736,4100,4100,4100,4100,4100,4100,4100,4100,4100,4100,4100
GET,/predict?cb_nonce=243398,1,0,2633.7092999601737,2633.7092999601737,2633.7092999601737,2633.7092999601737,39.0,0.0008323746104118736,0.0,2600,2600,2600,2600,2600,2600,2600,2600,2600,2600,2600
GET,/predict?cb_nonce=244968,1,0,3087.9510999657214,3087.9510999657214,3087.9510999657214,3087.9510999657214,39.0,0.0008323746104118736,0.0,3100,3100,3100,3100,3100,3100,3100,3100,3100,3100,3100
GET,/predict?cb_nonce=245182,1,0,1519.444499979727,1519.444499979727,1519.444499979727,1519.444499979727,39.0,0.0008323746104118736,0.0,1500,1500,1500,1500,1500,1500,1500,1500,1500,1500,1500
GET,/predict?cb_nonce=245290,1,0,15095.1730000088,15095.1730000088,15095.1730000088,15095.1730000088,39.0,0.0008323746104118736,0.0,15000,15000,15000,15000,15000,15000,15000,15000,15000,15000,15000
GET,/predict?cb_nonce=245308,1,0,2200.470600044355,2200.470600044355,2200.470600044355,2200.470600044355,39.0,0.0008323746104118736,0.0,2200,2200,2200,2200,2200,2200,2200,2200,2200,2200,2200
GET,/predict?cb_nonce=245909,1,0,1273.2772000599653,1273.2772000599653,1273.2772000599653,1273.2772000599653,39.0,0.0008323746104118736,0.0,1300,1300,1300,1300,1300,1300,1300,1300,1300,1300,1300
GET,/predict?cb_nonce=246179,1,0,2212.2577999252826,2212.2577999252826,2212.2577999252826,2212.2577999252826,39.0,0.0008323746104118736,0.0,2200,2200,2200,2200,2200,2200,2200,2200,2200,2200,2200
GET,/predict?cb_nonce=246698,1,0,2398.776700021699,2398.776700021699,2398.776700021699,2398.776700021699,39.0,0.0008323746104118736,0.0,2400,2400,2400,2400,2400,2400,2400,2400,2400,2400,2400
GET,/predict?cb_nonce=246952,1,1,5232.314100023359,5232.314100023359,5232.314100023359,5232.314100023359,0.0,0.0008323746104118736,0.0008323746104118736,5200,5200,5200,5200,5200,5200,5200,5200,5200,5200,5200
GET,/predict?cb_nonce=247176,1,0,2614.4026999827474,2614.4026999827474,2614.4026999827474,2614.4026999827474,39.0,0.0008323746104118736,0.0,2600,2600,2600,2600,2600,2600,2600,2600,2600,2600,2600
GET,/predict?cb_nonce=247251,1,1,4453.201700001955,4453.201700001955,4453.201700001955,4453.201700001955,0.0,0.0008323746104118736,0.0008323746104118736,4500,4500,4500,4500,4500,4500,4500,4500,4500,4500,4500
GET,/predict?cb_nonce=247416,1,0,2556.26810004469,2556.26810004469,2556.26810004469,2556.26810004469,39.0,0.0008323746104118736,0.0,2600,2600,2600,2600,2600,2600,2600,2600,2600,2600,2600
GET,/predict?cb_nonce=247679,1,0,3519.9941999744624,3519.9941999744624,3519.9941999744624,3519.9941999744624,39.0,0.0008323746104118736,0.0,3500,3500,3500,3500,3500,3500,3500,3500,3500,3500,3500
GET,/predict?cb_nonce=2480,1,1,4180.865799891762,4180.865799891762,4180.865799891762,4180.865799891762,0.0,0.0008323746104118736,0.0008323746104118736,4200,4200,4200,4200,4200,4200,4200,4200,4200,4200,4200
GET,/predict?cb_nonce=248025,1,0,2086.2021000357345,2086.2021000357345,2086.2021000357345,2086.2021000357345,39.0,0.0008323746104118736,0.0,2100,2100,2100,2100,2100,2100,2100,2100,2100,2100,2100
GET,/predict?cb_nonce=248122,1,0,1443.7273999210447,1443.7273999210447,1443.7273999210447,1443.7273999210447,39.0,0.0008323746104118736,0.0,1400,1400,1400,1400,1400,1400,1400,1400,1400,1400,1400
GET,/predict?cb_nonce=249941,1,0,1239.7911000298336,1239.7911000298336,1239.7911000298336,1239.7911000298336,39.0,0.0008323746104118736,0.0,1200,1200,1200,1200,1200,1200,1200,1200,1200,1200,1200
GET,/predict?cb_nonce=250296,1,0,2484.257800038904,2484.257800038904,2484.257800038904,2484.257800038904,39.0,0.0008323746104118736,0.0,2500,2500,2500,2500,2500,2500,2500,2500,2500,2500,2500
GET,/predict?cb_nonce=251004,1,1,4044.5823000045493,4044.5823000045493,4044.5823000045493,4044.5823000045493,0.0,0.0008323746104118736,0.0008323746104118736,4000,4000,4000,4000,4000,4000,4000,4000,4000,4000,4000
GET,/predict?cb_nonce=251281,1,0,3307.97999992501,3307.97999992501,3307.97999992501,3307.97999992501,39.0,0.0008323746104118736,0.0,3300,3300,3300,3300,3300,3300,3300,3300,3300,3300,3300
GET,/predict?cb_nonce=251603,1,0,22234.667200013064,22234.667200013064,22234.667200013064,22234.667200013064,39.0,0.0008323746104118736,0.0,22000,22000,22000,22000,22000,22000,22000,22000,22000,22000,22000
GET,/predict?cb_nonce=25161,1,0,74335.60150000267,74335.60150000267,74335.60150000267,74335.60150000267,39.0,0.0008323746104118736,0.0,74000,74000,74000,74000,74000,74000,74000,74000,74000,74000,74000
GET,/predict?cb_nonce=251748,1,0,2364.220399991609,2364.220399991609,2364.220399991609,2364.220399991609,39.0,0.0008323746104118736,0.0,2400,2400,2400,2400,2400,2400,2400,2400,2400,2400,2400
GET,/predict?cb_nonce=252397,1,0,1481.1320001026616,1481.1320001026616,1481.1320001026616,1481.1320001026616,39.0,0.0008323746104118736,0.0,1500,1500,1500,1500,1500,1500,1500,1500,1500,1500,1500
GET,/predict?cb_nonce=252459,1,1,4062.8446000628173,4062.8446000628173,4062.8446000628173,4062.8446000628173,0.0,0.0008323746104118736,0.0008323746104118736,4100,4100,4100,4100,4100,4100,4100,4100,4100,4100,4100
GET,/predict?cb_nonce=252499,1,0,95841.09200001694,95841.09200001694,95841.09200001694,95841.09200001694,39.0,0.0008323746104118736,0.0,96000,96000,96000,96000,96000,96000,96000,96000,96000,96000,96000
GET,/predict?cb_nonce=254128,1,1,4702.9339000582695,4702.9339000582695,4702.9339000582695,4702.9339000582695,0.0,0.0008323746104118736,0.0008323746104118736,4700,4700,4700,4700,4700,4700,4700,4700,4700,4700,4700
GET,/predict?cb_nonce=254538,1,1,5146.5737000107765,5146.5737000107765,5146.5737000107765,5146.5737000107765,0.0,0.0008323746104118736,0.0008323746104118736,5100,5100,5100,5100,5100,5100,5100,5100,5100,5100,5100
GET,/predict?cb_nonce=255060,1,1,4343.012200086378,4343.012200086378,4343.012200086378,4343.012200086378,0.0,0.0008323746104118736,0.0008323746104118736,4300,4300,4300,4300,4300,4300,4300,4300,4300,4300,4300
GET,/predict?cb_nonce=255505,1,0,12233.971899957396,12233.971899957396,12233.971899957396,12233.971899957396,39.0,0.0008323746104118736,0.0,12000,12000,12000,12000,12000,12000,12000,12000,12000,12000,12000
GET,/predict?cb_nonce=255840,1,1,4333.991699968465,4333.991699968465,4333.991699968465,4333.991699968465,0.0,0.0008323746104118736,0.0008323746104118736,4300,4300,4300,4300,4300,4300,4300,4300,4300,4300,4300
GET,/predict?cb_nonce=256386,1,1,4381.279999972321,4381.279999972321,4381.279999972321,4381.279999972321,0.0,0.0008323746104118736,0.0008323746104118736,4400,4400,4400,4400,4400,4400,4400,4400,4400,4400,4400
GET,/predict?cb_nonce=256522,1,0,3570.1884999871254,3570.1884999871254,3570.1884999871254,3570.1884999871254,39.0,0.0008323746104118736,0.0,3600,3600,3600,3600,3600,3600,3600,3600,3600,3600,3600
GET,/predict?cb_nonce=257065,1,0,6975.856199976988,6975.856199976988,6975.856199976988,6975.856199976988,39.0,0.0008323746104118736,0.0,7000,7000,7000,7000,7000,7000,7000,7000,7000,7000,7000
GET,/predict?cb_nonce=257207,1,0,1531.8260999629274,1531.8260999629274,1531.8260999629274,1531.8260999629274,39.0,0.0008323746104118736,0.0,1500,1500,1500,1500,1500,1500,1500,1500,1500,1500,1500
GET,/predict?cb_nonce=257302,1,0,2914.8836000822484,2914.8836000822484,2914.8836000822484,2914.8836000822484,39.0,0.0008323746104118736,0.0,2900,2900,2900,2900,2900,2900,2900,2900,2900,2900,2900
GET,/predict?cb_nonce=257307,1,0,1200.7978999754414,1200.7978999754414,1200.7978999754414,1200.7978999754414,39.0,0.0008323746104118736,0.0,1200,1200,1200,1200,1200,1200,1200,1200,1200,1200,1200
GET,/predict?cb_nonce=257634,1,1,5028.05389999412,5028.05389999412,5028.05389999412,5028.05389999412,0.0,0.0008323746104118736,0.0008323746104118736,5000,5000,5000,5000,5000,5000,5000,5000,5000,5000,5000
GET,/predict?cb_nonce=257751,1,0,69425.64819997642,69425.64819997642,69425.64819997642,69425.64819997642,39.0,0.0008323746104118736,0.0,69000,69000,69000,69000,69000,69000,69000,69000,69000,69000,69000
GET,/predict?cb_nonce=257887,1,0,2154.9348999978974,2154.9348999978974,2154.9348999978974,2154.9348999978974,39.0,0.0008323746104118736,0.0,2200,2200,2200,2200,2200,2200,2200,2200,2200,2200,2200
GET,/predict?cb_nonce=257894,1,1,4873.321300023235,4873.321300023235,4873.321300023235,4873.321300023235,0.0,0.0008323746104118736,0.0008323746104118736,4900,4900,4900,4900,4900,4900,4900,4900,4900,4900,4900
GET,/predict?cb_nonce=258449,1,0,2729.0670999791473,2729.0670999791473,2729.0670999791473,2729.0670999791473,39.0,0.0008323746104118736,0.0,2700,2700,2700,2700,2700,2700,2700,2700,2700,2700,2700
GET,/predict?cb_nonce=258870,1,1,5181.695200037211,5181.695200037211,5181.695200037211,5181.695200037211,0.0,0.0008323746104118736,0.0008323746104118736,5200,5200,5200,5200,5200,5200,5200,5200,5200,5200,5200
GET,/predict?cb_nonce=259916,1,0,47186.875400017016,47186.875400017016,47186.875400017016,47186.875400017016,39.0,0.0008323746104118736,0.0,47000,47000,47000,47000,47000,47000,47000,47000,47000,47000,47000
GET,/predict?cb_nonce=259985,1,0,2583.031399990432,2583.031399990432,2583.031399990432,2583.031399990432,39.0,0.0008323746104118736,0.0,2600,2600,2600,2600,2600,2600,2600,2600,2600,2600,2600
GET,/predict?cb_nonce=260070,1,1,4086.0355999320745,4086.0355999320745,4086.0355999320745,4086.0355999320745,0.0,0.0008323746104118736,0.0008323746104118736,4100,4100,4100,4100,4100,4100,4100,4100,4100,4100,4100
GET,/predict?cb_nonce=260355,1,0,2324.5476000010967,2324.5476000010967,2324.5476000010967,2324.5476000010967,39.0,0.0008323746104118736,0.0,2300,2300,2300,2300,2300,2300,2300,2300,2300,2300,2300
GET,/predict?cb_nonce=260395,1,0,1930.7789000449702,1930.7789000449702,1930.7789000449702,1930.7789000449702,39.0,0.0008323746104118736,0.0,1900,1900,1900,1900,1900,1900,1900,1900,1900,1900,1900
GET,/predict?cb_nonce=26053,1,1,4114.203799981624,4114.203799981624,4114.203799981624,4114.203799981624,0.0,0.0008323746104118736,0.0008323746104118736,4100,4100,4100,4100,4100,4100,4100,4100,4100,4100,4100
GET,/predict?cb_nonce=261077,1,1,4052.6940999552608,4052.6940999552608,4052.6940999552608,4052.6940999552608,0.0,0.0008323746104118736,0.0008323746104118736,4100,4100,4100,4100,4100,4100,4100,4100,4100,4100,4100
GET,/predict?cb_nonce=262211,1,1,4509.075799956918,4509.075799956918,4509.075799956918,4509.075799956918,0.0,0.0008323746104118736,0.0008323746104118736,4500,4500,4500,4500,4500,4500,4500,4500,4500,4500,4500
GET,/predict?cb_nonce=262446,1,1,4129.967199987732,4129.967199987732,4129.967199987732,4129.967199987732,0.0,0.0008323746104118736,0.0008323746104118736,4100,4100,4100,4100,4100,4100,4100,4100,4100,4100,4100
GET,/predict?cb_nonce=262795,1,0,1188.4075000416487,1188.4075000416487,1188.4075000416487,1188.4075000416487,39.0,0.0008323746104118736,0.0,1200,1200,1200,1200,1200,1200,1200,1200,1200,1200,1200
GET,/predict?cb_nonce=263275,1,0,1881.5612000180408,1881.5612000180408,1881.5612000180408,1881.5612000180408,39.0,0.0008323746104118736,0.0,1900,1900,1900,1900,1900,1900,1900,1900,1900,1900,1900
GET,/predict?cb_nonce=263399,1,0,6015.83920000121,6015.83920000121,6015.83920000121,6015.83920000121,39.0,0.0008323746104118736,0.0,6000,6000,6000,6000,6000,6000,6000,6000,6000,6000,6000
GET,/predict?cb_nonce=263463,1,1,4081.4001000253484,4081.4001000253484,4081.4001000253484,4081.4001000253484,0.0,0.0008323746104118736,0.0008323746104118736,4100,4100,4100,4100,4100,4100,4100,4100,4100,4100,4100
GET,/predict?cb_nonce=264326,1,0,89797.91089997161,89797.91089997161,89797.91089997161,89797.91089997161,39.0,0.0008323746104118736,0.0,90000,90000,90000,90000,90000,90000,90000,90000,90000,90000,90000
GET,/predict?cb_nonce=264353,1,0,2248.5045000212267,2248.5045000212267,2248.5045000212267,2248.5045000212267,39.0,0.0008323746104118736,0.0,2200,2200,2200,2200,2200,2200,2200,2200,2200,2200,2200
GET,/predict?cb_nonce=264376,1,1,4217.480899998918,4217.480899998918,4217.480899998918,4217.480899998918,0.0,0.0008323746104118736,0.0008323746104118736,4200,4200,4200,4200,4200,4200,4200,4200,4200,4200,4200
GET,/predict?cb_nonce=264637,1,0,1780.693699955009,1780.693699955009,1780.693699955009,1780.693699955009,39.0,0.0008323746104118736,0.0,1800,1800,1800,1800,1800,1800,1800,1800,1800,1800,1800
GET,/predict?cb_nonce=264745,1,0,2317.4242998939008,2317.4242998939008,2317.4242998939008,2317.4242998939008,39.0,0.0008323746104118736,0.0,2300,2300,2300,2300,2300,2300,2300,2300,2300,2300,2300
GET,/predict?cb_nonce=264784,1,0,1488.482299959287,1488.482299959287,1488.482299959287,1488.482299959287,39.0,0.0008323746104118736,0.0,1500,1500,1500,1500,1500,1500,1500,1500,1500,1500,1500
GET,/predict?cb_nonce=264874,1,1,4204.058800009079,4204.058800009079,4204.058800009079,4204.058800009079,0.0,0.0008323746104118736,0.0008323746104118736,4200,4200,4200,4200,4200,4200,4200,4200,4200,4200,4200
GET,/predict?cb_nonce=265177,1,1,4383.957299985923,4383.957299985923,4383.957299985923,4383.957299985923,0.0,0.0008323746104118736,0.0008323746104118736,4400,4400,4400,4400,4400,4400,4400,4400,4400,4400,4400
GET,/predict?cb_nonce=265332,1,0,20181.457700091414,20181.457700091414,20181.457700091414,20181.457700091414,39.0,0.0008323746104118736,0.0,20000,20000,20000,20000,20000,20000,20000,20000,20000,20000,20000
GET,/predict?cb_nonce=265480,1,1,4785.525900078937,4785.525900078937,4785.525900078937,4785.525900078937,0.0,0.0008323746104118736,0.0008323746104118736,4800,4800,4800,4800,4800,4800,4800,4800,4800,4800,4800
GET,/predict?cb_nonce=265717,1,1,4239.271000027657,4239.271000027657,4239.271000027657,4239.271000027657,0.0,0.0008323746104118736,0.0008323746104118736,4200,4200,4200,4200,4200,4200,4200,4200,4200,4200,4200
GET,/predict?cb_nonce=265975,1,0,2359.879700001329,2359.879700001329,2359.879700001329,2359.879700001329,39.0,0.0008323746104118736,0.0,2400,2400,2400,2400,2400,2400,2400,2400,2400,2400,2400
GET,/predict?cb_nonce=267016,1,1,4094.3598999874666,4094.3598999874666,4094.3598999874666,4094.3598999874666,0.0,0.0008323746104118736,0.0008323746104118736,4100,4100,4100,4100,4100,4100,4100,4100,4100,4100,4100
GET,/predict?cb_nonce=268706,1,1,4153.33580004517,4153.33580004517,4153.33580004517,4153.33580004517,0.0,0.0008323746104118736,0.0008323746104118736,4200,4200,4200,4200,4200,4200,4200,4200,4200,4200,4200
GET,/predict?cb_nonce=268939,1,1,4494.193100021221,4494.193100021221,4494.193100021221,4494.193100021221,0.0,0.0008323746104118736,0.0008323746104118736,4500,4500,4500,4500,4500,4500,4500,4500,4500,4500,4500
GET,/predict?cb_nonce=269106,1,0,1956.9868000689894,1956.9868000689894,1956.9868000689894,1956.9868000689894,39.0,0.0008323746104118736,0.0,2000,2000,2000,2000,2000,2000,2000,2000,2000,2000,2000
GET,/predict?cb_nonce=26912,1,0,2616.2240999983624,2616.2240999983624,2616.2240999983624,2616.2240999983624,39.0,0.0008323746104118736,0.0,2600,2600,2600,2600,2600,2600,2600,2600,2600,2600,2600
GET,/predict?cb_nonce=269693,1,0,22447.76729994919,22447.76729994919,22447.76729994919,22447.76729994919,39.0,0.0008323746104118736,0.0,22000,22000,22000,22000,22000,22000,22000,22000,22000,22000,22000
GET,/predict?cb_nonce=269974,1,0,1238.7182000093162,1238.7182000093162,1238.7182000093162,1238.7182000093162,39.0,0.0008323746104118736,0.0,1200,1200,1200,1200,1200,1200,1200,1200,1200,1200,1200
GET,/predict?cb_nonce=27038,1,0,1764.4357000244781,1764.4357000244781,1764.4357000244781,1764.4357000244781,39.0,0.0008323746104118736,0.0,1800,1800,1800,1800,1800,1800,1800,1800,1800,1800,1800
GET,/predict?cb_nonce=27125,1,1,5284.144100034609,5284.144100034609,5284.144100034609,5284.144100034609,0.0,0.0008323746104118736,0.0008323746104118736,5300,5300,5300,5300,5300,5300,5300,5300,5300,5300,5300
GET,/predict?cb_nonce=271307,1,1,4053.8848999422044,4053.8848999422044,4053.8848999422044,4053.8848999422044,0.0,0.0008323746104118736,0.0008323746104118736,4100,4100,4100,4100,4100,4100,4100,4100,4100,4100,4100
GET,/predict?cb_nonce=27238,1,1,4761.410100036301,4761.410100036301,4761.410100036301,4761.410100036301,0.0,0.0008323746104118736,0.0008323746104118736,4800,4800,4800,4800,4800,4800,4800,4800,4800,4800,4800
GET,/predict?cb_nonce=272451,1,1,4509.374300017953,4509.374300017953,4509.374300017953,4509.374300017953,0.0,0.0008323746104118736,0.0008323746104118736,4500,4500,4500,4500,4500,4500,4500,4500,4500,4500,4500
GET,/predict?cb_nonce=272587,1,0,1714.1442999709398,1714.1442999709398,1714.1442999709398,1714.1442999709398,39.0,0.0008323746104118736,0.0,1700,1700,1700,1700,1700,1700,1700,1700,1700,1700,1700
GET,/predict?cb_nonce=273356,1,1,4126.168000046164,4126.168000046164,4126.168000046164,4126.168000046164,0.0,0.0008323746104118736,0.0008323746104118736,4100,4100,4100,4100,4100,4100,4100,4100,4100,4100,4100
GET,/predict?cb_nonce=273401,1,0,1517.0913999900222,1517.0913999900222,1517.0913999900222,1517.0913999900222,39.0,0.0008323746104118736,0.0,1500,1500,1500,1500,1500,1500,1500,1500,1500,1500,1500
GET,/predict?cb_nonce=273435,1,0,1366.6674999985844,1366.6674999985844,1366.6674999985844,1366.6674999985844,39.0,0.0008323746104118736,0.0,1400,1400,1400,1400,1400,1400,1400,1400,1400,1400,1400
GET,/predict?cb_nonce=273755,1,0,3340.984800015576,3340.984800015576,3340.984800015576,3340.984800015576,39.0,0.0008323746104118736,0.0,3300,3300,3300,3300,3300,3300,3300,3300,3300,3300,3300
GET,/predict?cb_nonce=273897,1,0,29529.31430004537,29529.31430004537,29529.31430004537,29529.31430004537,39.0,0.0008323746104118736,0.0,30000,30000,30000,30000,30000,30000,30000,30000,30000,30000,30000
GET,/predict?cb_nonce=274046,1,0,7635.609299992211,7635.609299992211,7635.609299992211,7635.609299992211,39.0,0.0008323746104118736,0.0,7600,7600,7600,7600,7600,7600,7600,7600,7600,7600,7600
GET,/predict?cb_nonce=274281,1,0,70047.29869996663,70047.29869996663,70047.29869996663,70047.29869996663,39.0,0.0008323746104118736,0.0,70000,70000,70000,70000,70000,70000,70000,70000,70000,70000,70000
GET,/predict?cb_nonce=274444,1,0,2032.948200008832,2032.948200008832,2032.948200008832,2032.948200008832,39.0,0.0008323746104118736,0.0,2000,2000,2000,2000,2000,2000,2000,2000,2000,2000,2000
GET,/predict?cb_nonce=275793,1,1,4093.2962999213487,4093.2962999213487,4093.2962999213487,4093.2962999213487,0.0,0.0008323746104118736,0.0008323746104118736,4100,4100,4100,4100,4100,4100,4100,4100,4100,4100,4100
GET,/predict?cb_nonce=276466,1,0,35168.47690008581,35168.47690008581,35168.47690008581,35168.47690008581,39.0,0.0008323746104118736,0.0,35000,35000,35000,35000,35000,35000,35000,35000,35000,35000,35000
GET,/predict?cb_nonce=27656,1,1,4225.718699977733,4225.718699977733,4225.718699977733,4225.718699977733,0.0,0.0008323746104118736,0.0008323746104118736,4200,4200,4200,4200,4200,4200,4200,4200,4200,4200,4200
GET,/predict?cb_nonce=27740,1,0,1481.6045999759808,1481.6045999759808,1481.6045999759808,1481.6045999759808,39.0,0.0008323746104118736,0.0,1500,1500,1500,1500,1500,1500,1500,1500,1500,1500,1500
GET,/predict?cb_nonce=277434,1,1,4096.8894000397995,4096.8894000397995,4096.8894000397995,4096.8894000397995,0.0,0.0008323746104118736,0.0008323746104118736,4100,4100,4100,4100,4100,4100,4100,4100,4100,4100,4100
GET,/predict?cb_nonce=27855,1,0,2497.3641000688076,2497.3641000688076,2497.3641000688076,2497.3641000688076,39.0,0.0008323746104118736,0.0,2500,2500,2500,2500,2500,2500,2500,2500,2500,2500,2500
GET,/predict?cb_nonce=278778,1,0,593.1895000394434,593.1895000394434,593.1895000394434,593.1895000394434,39.0,0.0008323746104118736,0.0,590,590,590,590,590,590,590,590,590,590,590
GET,/predict?cb_nonce=279677,1,0,2682.9830000642687,2682.9830000642687,2682.9830000642687,2682.9830000642687,39.0,0.0008323746104118736,0.0,2700,2700,2700,2700,2700,2700,2700,2700,2700,2700,2700
GET,/predict?cb_nonce=279701,1,0,6200.285500031896,6200.285500031896,6200.285500031896,6200.285500031896,39.0,0.0008323746104118736,0.0,6200,6200,6200,6200,6200,6200,6200,6200,6200,6200,6200
GET,/predict?cb_nonce=279816,1,1,4220.322099979967,4220.322099979967,4220.322099979967,4220.322099979967,0.0,0.0008323746104118736,0.0008323746104118736,4200,4200,4200,4200,4200,4200,4200,4200,4200,4200,4200
GET,/predict?cb_nonce=280791,1,1,4074.7850000625476,4074.7850000625476,4074.7850000625476,4074.7850000625476,0.0,0.0008323746104118736,0.0008323746104118736,4100,4100,4100,4100,4100,4100,4100,4100,4100,4100,4100
GET,/predict?cb_nonce=281746,1,0,2567.58210004773,2567.58210004773,2567.58210004773,2567.58210004773,39.0,0.0008323746104118736,0.0,2600,2600,2600,2600,2600,2600,2600,2600,2600,2600,2600
GET,/predict?cb_nonce=282101,1,1,4226.39219998382,4226.39219998382,4226.39219998382,4226.39219998382,0.0,0.0008323746104118736,0.0008323746104118736,4200,4200,4200,4200,4200,4200,4200,4200,4200,4200,4200
GET,/predict?cb_nonce=282135,1,0,863.8405000092462,863.8405000092462,863.8405000092462,863.8405000092462,39.0,0.0008323746104118736,0.0,860,860,860,860,860,860,860,860,860,860,860
GET,/predict?cb_nonce=282256,1,0,989.655299927108,989.655299927108,989.655299927108,989.655299927108,39.0,0.0008323746104118736,0.0,990,990,990,990,990,990,990,990,990,990,990
GET,/predict?cb_nonce=28235,1,1,4638.624400016852,4638.624400016852,4638.624400016852,4638.624400016852,0.0,0.0008323746104118736,0.0008323746104118736,4600,4600,4600,4600,4600,4600,4600,4600,4600,4600,4600
GET,/predict?cb_nonce=282434,1,1,4300.165000022389,4300.165000022389,4300.165000022389,4300.165000022389,0.0,0.0008323746104118736,0.0008323746104118736,4300,4300,4300,4300,4300,4300,4300,4300,4300,4300,4300
GET,/predict?cb_nonce=282448,1,1,4184.2834000708535,4184.2834000708535,4184.2834000708535,4184.2834000708535,0.0,0.0008323746104118736,0.0008323746104118736,4200,4200,4200,4200,4200,4200,4200,4200,4200,4200,4200
GET,/predict?cb_nonce=282501,1,0,1628.1971000134945,1628.1971000134945,1628.1971000134945,1628.1971000134945,39.0,0.0008323746104118736,0.0,1600,1600,1600,1600,1600,1600,1600,1600,1600,1600,1600
GET,/predict?cb_nonce=282745,1,1,5321.400899905711,5321.400899905711,5321.400899905711,5321.400899905711,0.0,0.0008323746104118736,0.0008323746104118736,5300,5300,5300,5300,5300,5300,5300,5300,5300,5300,5300
GET,/predict?cb_nonce=28283,1,1,4271.759900031611,4271.759900031611,4271.759900031611,4271.759900031611,0.0,0.0008323746104118736,0.0008323746104118736,4300,4300,4300,4300,4300,4300,4300,4300,4300,4300,4300
GET,/predict?cb_nonce=282892,1,0,2553.2328999834135,2553.2328999834135,2553.2328999834135,2553.2328999834135,39.0,0.0008323746104118736,0.0,2600,2600,2600,2600,2600,2600,2600,2600,2600,2600,2600
GET,/predict?cb_nonce=283511,1,0,1475.9335999842733,1475.9335999842733,1475.9335999842733,1475.9335999842733,39.0,0.0008323746104118736,0.0,1500,1500,1500,1500,1500,1500,1500,1500,1500,1500,1500
GET,/predict?cb_nonce=283587,1,1,4139.116799924523,4139.116799924523,4139.116799924523,4139.116799924523,0.0,0.0008323746104118736,0.0008323746104118736,4100,4100,4100,4100,4100,4100,4100,4100,4100,4100,4100
GET,/predict?cb_nonce=284117,1,0,2401.737300097011,2401.737300097011,2401.737300097011,2401.737300097011,39.0,0.0008323746104118736,0.0,2400,2400,2400,2400,2400,2400,2400,2400,2400,2400,2400
GET,/predict?cb_nonce=284387,1,1,4221.495199948549,4221.495199948549,4221.495199948549,4221.495199948549,0.0,0.0008323746104118736,0.0008323746104118736,4200,4200,4200,4200,4200,4200,4200,4200,4200,4200,4200
GET,/predict?cb_nonce=28500,1,1,5352.059100056067,5352.059100056067,5352.059100056067,5352.059100056067,0.0,0.0008323746104118736,0.0008323746104118736,5400,5400,5400,5400,5400,5400,5400,5400,5400,5400,5400
GET,/predict?cb_nonce=285161,1,0,1931.4110000850633,1931.4110000850633,1931.4110000850633,1931.4110000850633,39.0,0.0008323746104118736,0.0,1900,1900,1900,1900,1900,1900,1900,1900,1900,1900,1900
GET,/predict?cb_nonce=286542,1,0,440.0221999967471,440.0221999967471,440.0221999967471,440.0221999967471,39.0,0.0008323746104118736,0.0,440,440,440,440,440,440,440,440,440,440,440
GET,/predict?cb_nonce=286646,1,0,1643.5868000844494,1643.5868000844494,1643.5868000844494,1643.5868000844494,39.0,0.0008323746104118736,0.0,1600,1600,1600,1600,1600,1600,1600,1600,1600,1600,1600
GET,/predict?cb_nonce=287413,1,1,4209.19349999167,4209.19349999167,4209.19349999167,4209.19349999167,0.0,0.0008323746104118736,0.0008323746104118736,4200,4200,4200,4200,4200,4200,4200,4200,4200,4200,4200
GET,/predict?cb_nonce=287835,1,0,2318.9759999513626,2318.9759999513626,2318.9759999513626,2318.9759999513626,39.0,0.0008323746104118736,0.0,2300,2300,2300,2300,2300,2300,2300,2300,2300,2300,2300
GET,/predict?cb_nonce=288338,1,1,4940.193900023587,4940.193900023587,4940.193900023587,4940.193900023587,0.0,0.0008323746104118736,0.0008323746104118736,4900,4900,4900,4900,4900,4900,4900,4900,4900,4900,4900
GET,/predict?cb_nonce=288424,1,1,4486.679799971171,4486.679799971171,4486.679799971171,4486.679799971171,0.0,0.0008323746104118736,0.0008323746104118736,4500,4500,4500,4500,4500,4500,4500,4500,4500,4500,4500
GET,/predict?cb_nonce=289460,1,0,8928.230099962093,8928.230099962093,8928.230099962093,8928.230099962093,39.0,0.0008323746104118736,0.0,8900,8900,8900,8900,8900,8900,8900,8900,8900,8900,8900
GET,/predict?cb_nonce=289972,1,1,4210.588899906725,4210.588899906725,4210.588899906725,4210.588899906725,0.0,0.0008323746104118736,0.0008323746104118736,4200,4200,4200,4200,4200,4200,4200,4200,4200,4200,4200
GET,/predict?cb_nonce=290192,1,1,4428.733100066893,4428.733100066893,4428.733100066893,4428.733100066893,0.0,0.0008323746104118736,0.0008323746104118736,4400,4400,4400,4400,4400,4400,4400,4400,4400,4400,4400
GET,/predict?cb_nonce=290621,1,1,4074.0936000365764,4074.0936000365764,4074.0936000365764,4074.0936000365764,0.0,0.0008323746104118736,0.0008323746104118736,4100,4100,4100,4100,4100,4100,4100,4100,4100,4100,4100
GET,/predict?cb_nonce=291353,1,0,2928.6336000077426,2928.6336000077426,2928.6336000077426,2928.6336000077426,39.0,0.0008323746104118736,0.0,2900,2900,2900,2900,2900,2900,2900,2900,2900,2900,2900
GET,/predict?cb_nonce=291820,1,0,2309.032400022261,2309.032400022261,2309.032400022261,2309.032400022261,39.0,0.0008323746104118736,0.0,2300,2300,2300,2300,2300,2300,2300,2300,2300,2300,2300
GET,/predict?cb_nonce=292627,1,0,1900.0474999193102,1900.0474999193102,1900.0474999193102,1900.0474999193102,39.0,0.0008323746104118736,0.0,1900,1900,1900,1900,1900,1900,1900,1900,1900,1900,1900
GET,/predict?cb_nonce=293088,1,1,4744.976199930534,4744.976199930534,4744.976199930534,4744.976199930534,0.0,0.0008323746104118736,0.0008323746104118736,4700,4700,4700,4700,4700,4700,4700,4700,4700,4700,4700
GET,/predict?cb_nonce=293266,1,0,2491.255500004627,2491.255500004627,2491.255500004627,2491.255500004627,39.0,0.0008323746104118736,0.0,2500,2500,2500,2500,2500,2500,2500,2500,2500,2500,2500
GET,/predict?cb_nonce=294048,1,1,4098.129100049846,4098.129100049846,4098.129100049846,4098.129100049846,0.0,0.0008323746104118736,0.0008323746104118736,4100,4100,4100,4100,4100,4100,4100,4100,4100,4100,4100
GET,/predict?cb_nonce=294686,1,1,4562.300699995831,4562.300699995831,4562.300699995831,4562.300699995831,0.0,0.0008323746104118736,0.0008323746104118736,4600,4600,4600,4600,4600,4600,4600,4600,4600,4600,4600
GET,/predict?cb_nonce=294806,1,0,1464.5702000707388,1464.5702000707388,1464.5702000707388,1464.5702000707388,39.0,0.0008323746104118736,0.0,1500,1500,1500,1500,1500,1500,1500,1500,1500,1500,1500
GET,/predict?cb_nonce=29509,1,1,4871.921999962069,4871.921999962069,4871.921999962069,4871.921999962069,0.0,0.0008323746104118736,0.0008323746104118736,4900,4900,4900,4900,4900,4900,4900,4900,4900,4900,4900
GET,/predict?cb_nonce=295750,1,1,4070.666900021024,4070.666900021024,4070.666900021024,4070.666900021024,0.0,0.0008323746104118736,0.0008323746104118736,4100,4100,4100,4100,4100,4100,4100,4100,4100,4100,4100
GET,/predict?cb_nonce=295853,1,1,4211.534000001848,4211.534000001848,4211.534000001848,4211.534000001848,0.0,0.0008323746104118736,0.0008323746104118736,4200,4200,4200,4200,4200,4200,4200,4200,4200,4200,4200
GET,/predict?cb_nonce=295856,1,1,4280.494100064971,4280.494100064971,4280.494100064971,4280.494100064971,0.0,0.0008323746104118736,0.0008323746104118736,4300,4300,4300,4300,4300,4300,4300,4300,4300,4300,4300
GET,/predict?cb_nonce=295943,1,1,4297.481000074185,4297.481000074185,4297.481000074185,4297.481000074185,0.0,0.0008323746104118736,0.0008323746104118736,4300,4300,4300,4300,4300,4300,4300,4300,4300,4300,4300
GET,/predict?cb_nonce=296299,1,0,14185.60460000299,14185.60460000299,14185.60460000299,14185.60460000299,39.0,0.0008323746104118736,0.0,14000,14000,14000,14000,14000,14000,14000,14000,14000,14000,14000
GET,/predict?cb_nonce=296431,1,0,1708.933599991724,1708.933599991724,1708.933599991724,1708.933599991724,39.0,0.0008323746104118736,0.0,1700,1700,1700,1700,1700,1700,1700,1700,1700,1700,1700
GET,/predict?cb_nonce=297351,1,0,923.3785000396892,923.3785000396892,923.3785000396892,923.3785000396892,39.0,0.0008323746104118736,0.0,920,920,920,920,920,920,920,920,920,920,920
GET,/predict?cb_nonce=298961,1,1,4204.625700018369,4204.625700018369,4204.625700018369,4204.625700018369,0.0,0.0008323746104118736,0.0008323746104118736,4200,4200,4200,4200,4200,4200,4200,4200,4200,4200,4200
GET,/predict?cb_nonce=300170,1,0,2412.86400007084,2412.86400007084,2412.86400007084,2412.86400007084,39.0,0.0008323746104118736,0.0,2400,2400,2400,2400,2400,2400,2400,2400,2400,2400,2400
GET,/predict?cb_nonce=300494,1,0,1124.0973999956623,1124.0973999956623,1124.0973999956623,1124.0973999956623,39.0,0.0008323746104118736,0.0,1100,1100,1100,1100,1100,1100,1100,1100,1100,1100,1100
GET,/predict?cb_nonce=300545,1,1,4071.7136999592185,4071.7136999592185,4071.7136999592185,4071.7136999592185,0.0,0.0008323746104118736,0.0008323746104118736,4100,4100,4100,4100,4100,4100,4100,4100,4100,4100,4100
GET,/predict?cb_nonce=300597,1,1,4534.84929993283,4534.84929993283,4534.84929993283,4534.84929993283,0.0,0.0008323746104118736,0.0008323746104118736,4500,4500,4500,4500,4500,4500,4500,4500,4500,4500,4500
GET,/predict?cb_nonce=300765,1,0,3025.0540000852197,3025.0540000852197,3025.0540000852197,3025.0540000852197,39.0,0.0008323746104118736,0.0,3000,3000,3000,3000,3000,3000,3000,3000,3000,3000,3000
GET,/predict?cb_nonce=302470,1,1,4070.0780999613926,4070.0780999613926,4070.0780999613926,4070.0780999613926,0.0,0.0008323746104118736,0.0008323746104118736,4100,4100,4100,4100,4100,4100,4100,4100,4100,4100,4100
GET,/predict?cb_nonce=302519,1,1,4109.369799960405,4109.369799960405,4109.369799960405,4109.369799960405,0.0,0.0008323746104118736,0.0008323746104118736,4100,4100,4100,4100,4100,4100,4100,4100,4100,4100,4100
GET,/predict?cb_nonce=302663,1,1,4513.5816999245435,4513.5816999245435,4513.5816999245435,4513.5816999245435,0.0,0.0008323746104118736,0.0008323746104118736,4500,4500,4500,4500,4500,4500,4500,4500,4500,4500,4500
GET,/predict?cb_nonce=302915,1,1,4116.698099998757,4116.698099998757,4116.698099998757,4116.698099998757,0.0,0.0008323746104118736,0.0008323746104118736,4100,4100,4100,4100,4100,4100,4100,4100,4100,4100,4100
GET,/predict?cb_nonce=303243,1,0,24052.202200051397,24052.202200051397,24052.202200051397,24052.202200051397,39.0,0.0008323746104118736,0.0,24000,24000,24000,24000,24000,24000,24000,24000,24000,24000,24000
GET,/predict?cb_nonce=303667,1,1,4100.869000074454,4100.869000074454,4100.869000074454,4100.869000074454,0.0,0.0008323746104118736,0.0008323746104118736,4100,4100,4100,4100,4100,4100,4100,4100,4100,4100,4100
GET,/predict?cb_nonce=30405,1,0,1296.3812000816688,1296.3812000816688,1296.3812000816688,1296.3812000816688,39.0,0.0008323746104118736,0.0,1300,1300,1300,1300,1300,1300,1300,1300,1300,1300,1300
GET,/predict?cb_nonce=304559,1,1,4942.7893999964,4942.7893999964,4942.7893999964,4942.7893999964,0.0,0.0008323746104118736,0.0008323746104118736,4900,4900,4900,4900,4900,4900,4900,4900,4900,4900,4900
GET,/predict?cb_nonce=304694,1,0,2870.5228000180796,2870.5228000180796,2870.5228000180796,2870.5228000180796,39.0,0.0008323746104118736,0.0,2900,2900,2900,2900,2900,2900,2900,2900,2900,2900,2900
GET,/predict?cb_nonce=304896,1,1,4203.21069995407,4203.21069995407,4203.21069995407,4203.21069995407,0.0,0.0008323746104118736,0.0008323746104118736,4200,4200,4200,4200,4200,4200,4200,4200,4200,4200,4200
GET,/predict?cb_nonce=306917,1,0,2702.20049994532,2702.20049994532,2702.20049994532,2702.20049994532,39.0,0.0008323746104118736,0.0,2700,2700,2700,2700,2700,2700,2700,2700,2700,2700,2700
GET,/predict?cb_nonce=307054,1,0,2211.890900041908,2211.890900041908,2211.890900041908,2211.890900041908,39.0,0.0008323746104118736,0.0,2200,2200,2200,2200,2200,2200,2200,2200,2200,2200,2200
GET,/predict?cb_nonce=307523,1,0,2635.4495000559837,2635.4495000559837,2635.4495000559837,2635.4495000559837,39.0,0.0008323746104118736,0.0,2600,2600,2600,2600,2600,2600,2600,2600,2600,2600,2600
GET,/predict?cb_nonce=30755,1,0,18103.327100048773,18103.327100048773,18103.327100048773,18103.327100048773,39.0,0.0008323746104118736,0.0,18000,18000,18000,18000,18000,18000,18000,18000,18000,18000,18000
GET,/predict?cb_nonce=307706,1,0,2430.4834000067785,2430.4834000067785,2430.4834000067785,2430.4834000067785,39.0,0.0008323746104118736,0.0,2400,2400,2400,2400,2400,2400,2400,2400,2400,2400,2400
GET,/predict?cb_nonce=308676,1,1,4533.011300023645,4533.011300023645,4533.011300023645,4533.011300023645,0.0,0.0008323746104118736,0.0008323746104118736,4500,4500,4500,4500,4500,4500,4500,4500,4500,4500,4500
GET,/predict?cb_nonce=308810,1,0,2198.1386000989005,2198.1386000989005,2198.1386000989005,2198.1386000989005,39.0,0.0008323746104118736,0.0,2200,2200,2200,2200,2200,2200,2200,2200,2200,2200,2200
GET,/predict?cb_nonce=310098,1,0,1348.6086999764666,1348.6086999764666,1348.6086999764666,1348.6086999764666,39.0,0.0008323746104118736,0.0,1300,1300,1300,1300,1300,1300,1300,1300,1300,1300,1300
GET,/predict?cb_nonce=310793,1,0,2266.6724999435246,2266.6724999435246,2266.6724999435246,2266.6724999435246,39.0,0.0008323746104118736,0.0,2300,2300,2300,2300,2300,2300,2300,2300,2300,2300,2300
GET,/predict?cb_nonce=31082,1,0,7919.195199967362,7919.195199967362,7919.195199967362,7919.195199967362,39.0,0.0008323746104118736,0.0,7900,7900,7900,7900,7900,7900,7900,7900,7900,7900,7900
GET,/predict?cb_nonce=310992,1,1,4074.9959000386298,4074.9959000386298,4074.9959000386298,4074.9959000386298,0.0,0.0008323746104118736,0.0008323746104118736,4100,4100,4100,4100,4100,4100,4100,4100,4100,4100,4100
GET,/predict?cb_nonce=311567,1,1,4785.173499956727,4785.173499956727,4785.173499956727,4785.173499956727,0.0,0.0008323746104118736,0.0008323746104118736,4800,4800,4800,4800,4800,4800,4800,4800,4800,4800,4800
GET,/predict?cb_nonce=311682,1,1,4096.857300028205,4096.857300028205,4096.857300028205,4096.857300028205,0.0,0.0008323746104118736,0.0008323746104118736,4100,4100,4100,4100,4100,4100,4100,4100,4100,4100,4100
GET,/predict?cb_nonce=311813,1,1,4467.583699966781,4467.583699966781,4467.583699966781,4467.583699966781,0.0,0.0008323746104118736,0.0008323746104118736,4500,4500,4500,4500,4500,4500,4500,4500,4500,4500,4500
GET,/predict?cb_nonce=312368,1,1,5531.193600036204,5531.193600036204,5531.193600036204,5531.193600036204,0.0,0.0008323746104118736,0.0008323746104118736,5500,5500,5500,5500,5500,5500,5500,5500,5500,5500,5500
GET,/predict?cb_nonce=312694,1,0,2451.450200052932,2451.450200052932,2451.450200052932,2451.450200052932,39.0,0.0008323746104118736,0.0,2500,2500,2500,2500,2500,2500,2500,2500,2500,2500,2500
GET,/predict?cb_nonce=3133,1,0,2621.2946999585256,2621.2946999585256,2621.2946999585256,2621.2946999585256,39.0,0.0008323746104118736,0.0,2600,2600,2600,2600,2600,2600,2600,2600,2600,2600,2600
GET,/predict?cb_nonce=31375,1,1,4147.689100005664,4147.689100005664,4147.689100005664,4147.689100005664,0.0,0.0008323746104118736,0.0008323746104118736,4100,4100,4100,4100,4100,4100,4100,4100,4100,4100,4100
GET,/predict?cb_nonce=314025,1,0,2138.308900059201,2138.308900059201,2138.308900059201,2138.308900059201,39.0,0.0008323746104118736,0.0,2100,2100,2100,2100,2100,2100,2100,2100,2100,2100,2100
GET,/predict?cb_nonce=31458,1,0,45071.07389997691,45071.07389997691,45071.07389997691,45071.07389997691,39.0,0.0008323746104118736,0.0,45000,45000,45000,45000,45000,45000,45000,45000,45000,45000,45000
GET,/predict?cb_nonce=31481,1,1,4574.005499947816,4574.005499947816,4574.005499947816,4574.005499947816,0.0,0.0008323746104118736,0.0008323746104118736,4600,4600,4600,4600,4600,4600,4600,4600,4600,4600,4600
GET,/predict?cb_nonce=315096,1,0,74067.41520005744,74067.41520005744,74067.41520005744,74067.41520005744,39.0,0.0008323746104118736,0.0,74000,74000,74000,74000,74000,74000,74000,74000,74000,74000,74000
GET,/predict?cb_nonce=3162,1,1,5165.065599954687,5165.065599954687,5165.065599954687,5165.065599954687,0.0,0.0008323746104118736,0.0008323746104118736,5200,5200,5200,5200,5200,5200,5200,5200,5200,5200,5200
GET,/predict?cb_nonce=317062,2,1,1117.8107999730855,2591.3038999424316,1117.8107999730855,4064.7969999117777,19.5,0.0016647492208237472,0.0008323746104118736,4100,4100,4100,4100,4100,4100,4100,4100,4100,4100,4100
GET,/predict?cb_nonce=317419,1,0,1544.9488000012934,1544.9488000012934,1544.9488000012934,1544.9488000012934,39.0,0.0008323746104118736,0.0,1500,1500,1500,1500,1500,1500,1500,1500,1500,1500,1500
GET,/predict?cb_nonce=317596,1,0,1292.1158000826836,1292.1158000826836,1292.1158000826836,1292.1158000826836,39.0,0.0008323746104118736,0.0,1300,1300,1300,1300,1300,1300,1300,1300,1300,1300,1300
GET,/predict?cb_nonce=317608,1,0,2568.0929999798536,2568.0929999798536,2568.0929999798536,2568.0929999798536,39.0,0.0008323746104118736,0.0,2600,2600,2600,2600,2600,2600,2600,2600,2600,2600,2600
GET,/predict?cb_nonce=318002,1,0,2577.0169000606984,2577.0169000606984,2577.0169000606984,2577.0169000606984,39.0,0.0008323746104118736,0.0,2600,2600,2600,2600,2600,2600,2600,2600,2600,2600,2600
GET,/predict?cb_nonce=318139,1,0,2356.890599941835,2356.890599941835,2356.890599941835,2356.890599941835,39.0,0.0008323746104118736,0.0,2400,2400,2400,2400,2400,2400,2400,2400,2400,2400,2400
GET,/predict?cb_nonce=318236,1,1,4086.2105999840423,4086.2105999840423,4086.2105999840423,4086.2105999840423,0.0,0.0008323746104118736,0.0008323746104118736,4100,4100,4100,4100,4100,4100,4100,4100,4100,4100,4100
GET,/predict?cb_nonce=318340,1,0,1614.4825000083074,1614.4825000083074,1614.4825000083074,1614.4825000083074,39.0,0.0008323746104118736,0.0,1600,1600,1600,1600,1600,1600,1600,1600,1600,1600,1600
GET,/predict?cb_nonce=318730,1,0,27560.42630004231,27560.42630004231,27560.42630004231,27560.42630004231,39.0,0.0008323746104118736,0.0,28000,28000,28000,28000,28000,28000,28000,28000,28000,28000,28000
GET,/predict?cb_nonce=318805,1,1,4113.256799988449,4113.256799988449,4113.256799988449,4113.256799988449,0.0,0.0008323746104118736,0.0008323746104118736,4100,4100,4100,4100,4100,4100,4100,4100,4100,4100,4100
GET,/predict?cb_nonce=31920,1,1,4565.129599999636,4565.129599999636,4565.129599999636,4565.129599999636,0.0,0.0008323746104118736,0.0008323746104118736,4600,4600,4600,4600,4600,4600,4600,4600,4600,4600,4600
GET,/predict?cb_nonce=319392,1,0,27162.941500078887,27162.941500078887,27162.941500078887,27162.941500078887,39.0,0.0008323746104118736,0.0,27000,27000,27000,27000,27000,27000,27000,27000,27000,27000,27000
GET,/predict?cb_nonce=319476,1,0,2557.4660000856966,2557.4660000856966,2557.4660000856966,2557.4660000856966,39.0,0.0008323746104118736,0.0,2600,2600,2600,2600,2600,2600,2600,2600,2600,2600,2600
GET,/predict?cb_nonce=31973,1,1,4175.0477000605315,4175.0477000605315,4175.0477000605315,4175.0477000605315,0.0,0.0008323746104118736,0.0008323746104118736,4200,4200,4200,4200,4200,4200,4200,4200,4200,4200,4200
GET,/predict?cb_nonce=32073,1,0,2865.7288000686094,2865.7288000686094,2865.7288000686094,2865.7288000686094,39.0,0.0008323746104118736,0.0,2900,2900,2900,2900,2900,2900,2900,2900,2900,2900,2900
GET,/predict?cb_nonce=320964,1,0,2686.142300022766,2686.142300022766,2686.142300022766,2686.142300022766,39.0,0.0008323746104118736,0.0,2700,2700,2700,2700,2700,2700,2700,2700,2700,2700,2700
GET,/predict?cb_nonce=321332,1,1,4083.8610000209883,4083.8610000209883,4083.8610000209883,4083.8610000209883,0.0,0.0008323746104118736,0.0008323746104118736,4100,4100,4100,4100,4100,4100,4100,4100,4100,4100,4100
GET,/predict?cb_nonce=321668,1,0,7025.816099951044,7025.816099951044,7025.816099951044,7025.816099951044,39.0,0.0008323746104118736,0.0,7000,7000,7000,7000,7000,7000,7000,7000,7000,7000,7000
GET,/predict?cb_nonce=322083,1,0,32653.629999957047,32653.629999957047,32653.629999957047,32653.629999957047,39.0,0.0008323746104118736,0.0,33000,33000,33000,33000,33000,33000,33000,33000,33000,33000,33000
GET,/predict?cb_nonce=322279,1,0,1130.5915999691933,1130.5915999691933,1130.5915999691933,1130.5915999691933,39.0,0.0008323746104118736,0.0,1100,1100,1100,1100,1100,1100,1100,1100,1100,1100,1100
GET,/predict?cb_nonce=322296,1,0,1320.7403999986127,1320.7403999986127,1320.7403999986127,1320.7403999986127,39.0,0.0008323746104118736,0.0,1300,1300,1300,1300,1300,1300,1300,1300,1300,1300,1300
GET,/predict?cb_nonce=322802,1,1,4701.415399904363,4701.415399904363,4701.415399904363,4701.415399904363,0.0,0.0008323746104118736,0.0008323746104118736,4700,4700,4700,4700,4700,4700,4700,4700,4700,4700,4700
GET,/predict?cb_nonce=323417,1,0,2698.503899970092,2698.503899970092,2698.503899970092,2698.503899970092,39.0,0.0008323746104118736,0.0,2700,2700,2700,2700,2700,2700,2700,2700,2700,2700,2700
GET,/predict?cb_nonce=323435,1,0,2303.622500039637,2303.622500039637,2303.622500039637,2303.622500039637,39.0,0.0008323746104118736,0.0,2300,2300,2300,2300,2300,2300,2300,2300,2300,2300,2300
GET,/predict?cb_nonce=323442,1,0,2543.5374999651685,2543.5374999651685,2543.5374999651685,2543.5374999651685,39.0,0.0008323746104118736,0.0,2500,2500,2500,2500,2500,2500,2500,2500,2500,2500,2500
GET,/predict?cb_nonce=323724,1,0,2511.4234999055043,2511.4234999055043,2511.4234999055043,2511.4234999055043,39.0,0.0008323746104118736,0.0,2500,2500,2500,2500,2500,2500,2500,2500,2500,2500,2500
GET,/predict?cb_nonce=323915,1,1,4494.729100028053,4494.729100028053,4494.729100028053,4494.729100028053,0.0,0.0008323746104118736,0.0008323746104118736,4500,4500,4500,4500,4500,4500,4500,4500,4500,4500,4500
GET,/predict?cb_nonce=324840,1,0,2564.61850006599,2564.61850006599,2564.61850006599,2564.61850006599,39.0,0.0008323746104118736,0.0,2600,2600,2600,2600,2600,2600,2600,2600,2600,2600,2600
GET,/predict?cb_nonce=325875,1,0,24275.627000024542,24275.627000024542,24275.627000024542,24275.627000024542,39.0,0.0008323746104118736,0.0,24000,24000,24000,24000,24000,24000,24000,24000,24000,24000,24000
GET,/predict?cb_nonce=32623,1,0,2737.9195999819785,2737.9195999819785,2737.9195999819785,2737.9195999819785,39.0,0.0008323746104118736,0.0,2700,2700,2700,2700,2700,2700,2700,2700,2700,2700,2700
GET,/predict?cb_nonce=326234,1,0,959.1689000371844,959.1689000371844,959.1689000371844,959.1689000371844,39.0,0.0008323746104118736,0.0,960,960,960,960,960,960,960,960,960,960,960
GET,/predict?cb_nonce=326419,1,0,2670.0795999495313,2670.0795999495313,2670.0795999495313,2670.0795999495313,39.0,0.0008323746104118736,0.0,2700,2700,2700,2700,2700,2700,2700,2700,2700,2700,2700
GET,/predict?cb_nonce=326471,1,0,2466.4464000379667,2466.4464000379667,2466.4464000379667,2466.4464000379667,39.0,0.0008323746104118736,0.0,2500,2500,2500,2500,2500,2500,2500,2500,2500,2500,2500
GET,/predict?cb_nonce=326652,1,1,4105.218999902718,4105.218999902718,4105.218999902718,4105.218999902718,0.0,0.0008323746104118736,0.0008323746104118736,4100,4100,4100,4100,4100,4100,4100,4100,4100,4100,4100
GET,/predict?cb_nonce=327213,1,1,4129.552199970931,4129.552199970931,4129.552199970931,4129.552199970931,0.0,0.0008323746104118736,0.0008323746104118736,4100,4100,4100,4100,4100,4100,4100,4100,4100,4100,4100
GET,/predict?cb_nonce=328281,1,1,4560.252100112848,4560.252100112848,4560.252100112848,4560.252100112848,0.0,0.0008323746104118736,0.0008323746104118736,4600,4600,4600,4600,4600,4600,4600,4600,4600,4600,4600
GET,/predict?cb_nonce=328326,1,0,1613.4788000490516,1613.4788000490516,1613.4788000490516,1613.4788000490516,39.0,0.0008323746104118736,0.0,1600,1600,1600,1600,1600,1600,1600,1600,1600,1600,1600
GET,/predict?cb_nonce=328339,1,0,2031.8358999211341,2031.8358999211341,2031.8358999211341,2031.8358999211341,39.0,0.0008323746104118736,0.0,2000,2000,2000,2000,2000,2000,2000,2000,2000,2000,2000
GET,/predict?cb_nonce=328560,1,1,4094.820099999197,4094.820099999197,4094.820099999197,4094.820099999197,0.0,0.0008323746104118736,0.0008323746104118736,4100,4100,4100,4100,4100,4100,4100,4100,4100,4100,4100
GET,/predict?cb_nonce=329287,1,1,4086.031400016509,4086.031400016509,4086.031400016509,4086.031400016509,0.0,0.0008323746104118736,0.0008323746104118736,4100,4100,4100,4100,4100,4100,4100,4100,4100,4100,4100
GET,/predict?cb_nonce=329472,1,0,2249.349100049585,2249.349100049585,2249.349100049585,2249.349100049585,39.0,0.0008323746104118736,0.0,2200,2200,2200,2200,2200,2200,2200,2200,2200,2200,2200
GET,/predict?cb_nonce=330229,1,0,2716.409799992107,2716.409799992107,2716.409799992107,2716.409799992107,39.0,0.0008323746104118736,0.0,2700,2700,2700,2700,2700,2700,2700,2700,2700,2700,2700
GET,/predict?cb_nonce=330456,1,1,4113.2306000217795,4113.2306000217795,4113.2306000217795,4113.2306000217795,0.0,0.0008323746104118736,0.0008323746104118736,4100,4100,4100,4100,4100,4100,4100,4100,4100,4100,4100
GET,/predict?cb_nonce=330746,1,0,2700.5168999312446,2700.5168999312446,2700.5168999312446,2700.5168999312446,39.0,0.0008323746104118736,0.0,2700,2700,2700,2700,2700,2700,2700,2700,2700,2700,2700
GET,/predict?cb_nonce=331367,1,0,2869.766899966635,2869.766899966635,2869.766899966635,2869.766899966635,39.0,0.0008323746104118736,0.0,2900,2900,2900,2900,2900,2900,2900,2900,2900,2900,2900
GET,/predict?cb_nonce=331891,1,0,1488.9635000145063,1488.9635000145063,1488.9635000145063,1488.9635000145063,39.0,0.0008323746104118736,0.0,1500,1500,1500,1500,1500,1500,1500,1500,1500,1500,1500
GET,/predict?cb_nonce=33207,1,1,4264.616500004195,4264.616500004195,4264.616500004195,4264.616500004195,0.0,0.0008323746104118736,0.0008323746104118736,4300,4300,4300,4300,4300,4300,4300,4300,4300,4300,4300
GET,/predict?cb_nonce=332090,1,0,1747.4127999739721,1747.4127999739721,1747.4127999739721,1747.4127999739721,39.0,0.0008323746104118736,0.0,1700,1700,1700,1700,1700,1700,1700,1700,1700,1700,1700
GET,/predict?cb_nonce=332175,1,0,2144.5275000296533,2144.5275000296533,2144.5275000296533,2144.5275000296533,39.0,0.0008323746104118736,0.0,2100,2100,2100,2100,2100,2100,2100,2100,2100,2100,2100
GET,/predict?cb_nonce=332435,1,0,992.74339992553,992.74339992553,992.74339992553,992.74339992553,39.0,0.0008323746104118736,0.0,990,990,990,990,990,990,990,990,990,990,990
GET,/predict?cb_nonce=333418,1,0,2121.310899965465,2121.310899965465,2121.310899965465,2121.310899965465,39.0,0.0008323746104118736,0.0,2100,2100,2100,2100,2100,2100,2100,2100,2100,2100,2100
GET,/predict?cb_nonce=334420,1,0,1158.8596000801772,1158.8596000801772,1158.8596000801772,1158.8596000801772,39.0,0.0008323746104118736,0.0,1200,1200,1200,1200,1200,1200,1200,1200,1200,1200,1200
GET,/predict?cb_nonce=33589,1,1,4080.1932000322267,4080.1932000322267,4080.1932000322267,4080.1932000322267,0.0,0.0008323746104118736,0.0008323746104118736,4100,4100,4100,4100,4100,4100,4100,4100,4100,4100,4100
GET,/predict?cb_nonce=337202,1,0,2000.2554999664426,2000.2554999664426,2000.2554999664426,2000.2554999664426,39.0,0.0008323746104118736,0.0,2000,2000,2000,2000,2000,2000,2000,2000,2000,2000,2000
GET,/predict?cb_nonce=338933,1,0,1987.706599989906,1987.706599989906,1987.706599989906,1987.706599989906,39.0,0.0008323746104118736,0.0,2000,2000,2000,2000,2000,2000,2000,2000,2000,2000,2000
GET,/predict?cb_nonce=339026,1,1,4530.819300096482,4530.819300096482,4530.819300096482,4530.819300096482,0.0,0.0008323746104118736,0.0008323746104118736,4500,4500,4500,4500,4500,4500,4500,4500,4500,4500,4500
GET,/predict?cb_nonce=33928,1,0,1219.61959998589,1219.61959998589,1219.61959998589,1219.61959998589,39.0,0.0008323746104118736,0.0,1200,1200,1200,1200,1200,1200,1200,1200,1200,1200,1200
GET,/predict?cb_nonce=341040,1,1,4143.7071999534965,4143.7071999534965,4143.7071999534965,4143.7071999534965,0.0,0.0008323746104118736,0.0008323746104118736,4100,4100,4100,4100,4100,4100,4100,4100,4100,4100,4100
GET,/predict?cb_nonce=341261,1,0,2781.3694999786094,2781.3694999786094,2781.3694999786094,2781.3694999786094,39.0,0.0008323746104118736,0.0,2800,2800,2800,2800,2800,2800,2800,2800,2800,2800,2800
GET,/predict?cb_nonce=341405,1,0,1640.3406999306753,1640.3406999306753,1640.3406999306753,1640.3406999306753,39.0,0.0008323746104118736,0.0,1600,1600,1600,1600,1600,1600,1600,1600,1600,1600,1600
GET,/predict?cb_nonce=341797,1,1,4789.49090000242,4789.49090000242,4789.49090000242,4789.49090000242,0.0,0.0008323746104118736,0.0008323746104118736,4800,4800,4800,4800,4800,4800,4800,4800,4800,4800,4800
GET,/predict?cb_nonce=341862,1,1,4108.190699946135,4108.190699946135,4108.190699946135,4108.190699946135,0.0,0.0008323746104118736,0.0008323746104118736,4100,4100,4100,4100,4100,4100,4100,4100,4100,4100,4100
GET,/predict?cb_nonce=341882,1,0,2750.3263999242336,2750.3263999242336,2750.3263999242336,2750.3263999242336,39.0,0.0008323746104118736,0.0,2800,2800,2800,2800,2800,2800,2800,2800,2800,2800,2800
GET,/predict?cb_nonce=341943,1,0,28601.800499949604,28601.800499949604,28601.800499949604,28601.800499949604,39.0,0.0008323746104118736,0.0,29000,29000,29000,29000,29000,29000,29000,29000,29000,29000,29000
GET,/predict?cb_nonce=342074,1,1,4074.497300083749,4074.497300083749,4074.497300083749,4074.497300083749,0.0,0.0008323746104118736,0.0008323746104118736,4100,4100,4100,4100,4100,4100,4100,4100,4100,4100,4100
GET,/predict?cb_nonce=342794,1,0,329.3092999374494,329.3092999374494,329.3092999374494,329.3092999374494,39.0,0.0008323746104118736,0.0,330,330,330,330,330,330,330,330,330,330,330
GET,/predict?cb_nonce=342903,1,1,4470.037500024773,4470.037500024773,4470.037500024773,4470.037500024773,0.0,0.0008323746104118736,0.0008323746104118736,4500,4500,4500,4500,4500,4500,4500,4500,4500,4500,4500
GET,/predict?cb_nonce=343042,1,1,4091.0843999590725,4091.0843999590725,4091.0843999590725,4091.0843999590725,0.0,0.0008323746104118736,0.0008323746104118736,4100,4100,4100,4100,4100,4100,4100,4100,4100,4100,4100
GET,/predict?cb_nonce=343099,1,0,2491.6001999517903,2491.6001999517903,2491.6001999517903,2491.6001999517903,39.0,0.0008323746104118736,0.0,2500,2500,2500,2500,2500,2500,2500,2500,2500,2500,2500
GET,/predict?cb_nonce=343351,1,0,1410.5207999236882,1410.5207999236882,1410.5207999236882,1410.5207999236882,39.0,0.0008323746104118736,0.0,1400,1400,1400,1400,1400,1400,1400,1400,1400,1400,1400
GET,/predict?cb_nonce=344254,1,0,1603.417299920693,1603.417299920693,1603.417299920693,1603.417299920693,39.0,0.0008323746104118736,0.0,1600,1600,1600,1600,1600,1600,1600,1600,1600,1600,1600
GET,/predict?cb_nonce=344459,1,1,4763.5045000351965,4763.5045000351965,4763.5045000351965,4763.5045000351965,0.0,0.0008323746104118736,0.0008323746104118736,4800,4800,4800,4800,4800,4800,4800,4800,4800,4800,4800
GET,/predict?cb_nonce=344589,1,0,2782.173099927604,2782.173099927604,2782.173099927604,2782.173099927604,39.0,0.0008323746104118736,0.0,2800,2800,2800,2800,2800,2800,2800,2800,2800,2800,2800
GET,/predict?cb_nonce=344809,1,0,2591.368499910459,2591.368499910459,2591.368499910459,2591.368499910459,39.0,0.0008323746104118736,0.0,2600,2600,2600,2600,2600,2600,2600,2600,2600,2600,2600
GET,/predict?cb_nonce=344864,1,0,2403.019900084473,2403.019900084473,2403.019900084473,2403.019900084473,39.0,0.0008323746104118736,0.0,2400,2400,2400,2400,2400,2400,2400,2400,2400,2400,2400
GET,/predict?cb_nonce=345696,1,1,4264.20989993494,4264.20989993494,4264.20989993494,4264.20989993494,0.0,0.0008323746104118736,0.0008323746104118736,4300,4300,4300,4300,4300,4300,4300,4300,4300,4300,4300
GET,/predict?cb_nonce=345756,1,1,4104.871199931949,4104.871199931949,4104.871199931949,4104.871199931949,0.0,0.0008323746104118736,0.0008323746104118736,4100,4100,4100,4100,4100,4100,4100,4100,4100,4100,4100
GET,/predict?cb_nonce=346014,1,0,2532.9760999884456,2532.9760999884456,2532.9760999884456,2532.9760999884456,39.0,0.0008323746104118736,0.0,2500,2500,2500,2500,2500,2500,2500,2500,2500,2500,2500
GET,/predict?cb_nonce=346561,1,0,2198.228499968536,2198.228499968536,2198.228499968536,2198.228499968536,39.0,0.0008323746104118736,0.0,2200,2200,2200,2200,2200,2200,2200,2200,2200,2200,2200
GET,/predict?cb_nonce=346643,1,0,218.2421999750659,218.2421999750659,218.2421999750659,218.2421999750659,39.0,0.0008323746104118736,0.0,220,220,220,220,220,220,220,220,220,220,220
GET,/predict?cb_nonce=347152,1,1,4349.743700004183,4349.743700004183,4349.743700004183,4349.743700004183,0.0,0.0008323746104118736,0.0008323746104118736,4300,4300,4300,4300,4300,4300,4300,4300,4300,4300,4300
GET,/predict?cb_nonce=347390,1,0,1735.9625999815762,1735.9625999815762,1735.9625999815762,1735.9625999815762,39.0,0.0008323746104118736,0.0,1700,1700,1700,1700,1700,1700,1700,1700,1700,1700,1700
GET,/predict?cb_nonce=347615,1,0,1014.5999999949709,1014.5999999949709,1014.5999999949709,1014.5999999949709,39.0,0.0008323746104118736,0.0,1000,1000,1000,1000,1000,1000,1000,1000,1000,1000,1000
GET,/predict?cb_nonce=349094,1,1,4275.059500010684,4275.059500010684,4275.059500010684,4275.059500010684,0.0,0.0008323746104118736,0.0008323746104118736,4300,4300,4300,4300,4300,4300,4300,4300,4300,4300,4300
GET,/predict?cb_nonce=349209,1,1,4883.933399920352,4883.933399920352,4883.933399920352,4883.933399920352,0.0,0.0008323746104118736,0.0008323746104118736,4900,4900,4900,4900,4900,4900,4900,4900,4900,4900,4900
GET,/predict?cb_nonce=349259,1,1,4571.070899954066,4571.070899954066,4571.070899954066,4571.070899954066,0.0,0.0008323746104118736,0.0008323746104118736,4600,4600,4600,4600,4600,4600,4600,4600,4600,4600,4600
GET,/predict?cb_nonce=349614,1,0,2007.3008999461308,2007.3008999461308,2007.3008999461308,2007.3008999461308,39.0,0.0008323746104118736,0.0,2000,2000,2000,2000,2000,2000,2000,2000,2000,2000,2000
GET,/predict?cb_nonce=350139,1,1,4175.774900009856,4175.774900009856,4175.774900009856,4175.774900009856,0.0,0.0008323746104118736,0.0008323746104118736,4200,4200,4200,4200,4200,4200,4200,4200,4200,4200,4200
GET,/predict?cb_nonce=350556,1,0,2552.7323000133038,2552.7323000133038,2552.7323000133038,2552.7323000133038,39.0,0.0008323746104118736,0.0,2600,2600,2600,2600,2600,2600,2600,2600,2600,2600,2600
GET,/predict?cb_nonce=351532,1,0,1394.3259000079706,1394.3259000079706,1394.3259000079706,1394.3259000079706,39.0,0.0008323746104118736,0.0,1400,1400,1400,1400,1400,1400,1400,1400,1400,1400,1400
GET,/predict?cb_nonce=351871,1,1,5533.223200007342,5533.223200007342,5533.223200007342,5533.223200007342,0.0,0.0008323746104118736,0.0008323746104118736,5500,5500,5500,5500,5500,5500,5500,5500,5500,5500,5500
GET,/predict?cb_nonce=352015,1,0,2073.0611999752,2073.0611999752,2073.0611999752,2073.0611999752,39.0,0.0008323746104118736,0.0,2100,2100,2100,2100,2100,2100,2100,2100,2100,2100,2100
GET,/predict?cb_nonce=352075,1,0,2336.3213000120595,2336.3213000120595,2336.3213000120595,2336.3213000120595,39.0,0.0008323746104118736,0.0,2300,2300,2300,2300,2300,2300,2300,2300,2300,2300,2300
GET,/predict?cb_nonce=352560,1,0,1460.0519000086933,1460.0519000086933,1460.0519000086933,1460.0519000086933,39.0,0.0008323746104118736,0.0,1500,1500,1500,1500,1500,1500,1500,1500,1500,1500,1500
GET,/predict?cb_nonce=354238,1,0,2881.5602998947725,2881.5602998947725,2881.5602998947725,2881.5602998947725,39.0,0.0008323746104118736,0.0,2900,2900,2900,2900,2900,2900,2900,2900,2900,2900,2900
GET,/predict?cb_nonce=354771,1,1,4879.055699915625,4879.055699915625,4879.055699915625,4879.055699915625,0.0,0.0008323746104118736,0.0008323746104118736,4900,4900,4900,4900,4900,4900,4900,4900,4900,4900,4900
GET,/predict?cb_nonce=35496,1,0,52101.7462000018,52101.7462000018,52101.7462000018,52101.7462000018,39.0,0.0008323746104118736,0.0,52000,52000,52000,52000,52000,52000,52000,52000,52000,52000,52000
GET,/predict?cb_nonce=355665,1,0,1556.4687000587583,1556.4687000587583,1556.4687000587583,1556.4687000587583,39.0,0.0008323746104118736,0.0,1600,1600,1600,1600,1600,1600,1600,1600,1600,1600,1600
GET,/predict?cb_nonce=357466,1,0,2345.3843999886885,2345.3843999886885,2345.3843999886885,2345.3843999886885,39.0,0.0008323746104118736,0.0,2300,2300,2300,2300,2300,2300,2300,2300,2300,2300,2300
GET,/predict?cb_nonce=35748,1,0,1710.3848999831825,1710.3848999831825,1710.3848999831825,1710.3848999831825,39.0,0.0008323746104118736,0.0,1700,1700,1700,1700,1700,1700,1700,1700,1700,1700,1700
GET,/predict?cb_nonce=360353,1,1,4264.156399993226,4264.156399993226,4264.156399993226,4264.156399993226,0.0,0.0008323746104118736,0.0008323746104118736,4300,4300,4300,4300,4300,4300,4300,4300,4300,4300,4300
GET,/predict?cb_nonce=36077,1,1,4105.128900031559,4105.128900031559,4105.128900031559,4105.128900031559,0.0,0.0008323746104118736,0.0008323746104118736,4100,4100,4100,4100,4100,4100,4100,4100,4100,4100,4100
GET,/predict?cb_nonce=360898,1,0,2313.5884000221267,2313.5884000221267,2313.5884000221267,2313.5884000221267,39.0,0.0008323746104118736,0.0,2300,2300,2300,2300,2300,2300,2300,2300,2300,2300,2300
GET,/predict?cb_nonce=361044,1,0,1572.8007999714464,1572.8007999714464,1572.8007999714464,1572.8007999714464,39.0,0.0008323746104118736,0.0,1600,1600,1600,1600,1600,1600,1600,1600,1600,1600,1600
GET,/predict?cb_nonce=361164,1,0,2654.313000035472,2654.313000035472,2654.313000035472,2654.313000035472,39.0,0.0008323746104118736,0.0,2700,2700,2700,2700,2700,2700,2700,2700,2700,2700,2700
GET,/predict?cb_nonce=361280,1,0,2784.652700065635,2784.652700065635,2784.652700065635,2784.652700065635,39.0,0.0008323746104118736,0.0,2800,2800,2800,2800,2800,2800,2800,2800,2800,2800,2800
GET,/predict?cb_nonce=361455,1,0,2233.660100027919,2233.660100027919,2233.660100027919,2233.660100027919,39.0,0.0008323746104118736,0.0,2200,2200,2200,2200,2200,2200,2200,2200,2200,2200,2200
GET,/predict?cb_nonce=364001,1,1,4090.4393000528216,4090.4393000528216,4090.4393000528216,4090.4393000528216,0.0,0.0008323746104118736,0.0008323746104118736,4100,4100,4100,4100,4100,4100,4100,4100,4100,4100,4100
GET,/predict?cb_nonce=364238,1,0,1988.577299984172,1988.577299984172,1988.577299984172,1988.577299984172,39.0,0.0008323746104118736,0.0,2000,2000,2000,2000,2000,2000,2000,2000,2000,2000,2000
GET,/predict?cb_nonce=364503,1,1,4410.231500049122,4410.231500049122,4410.231500049122,4410.231500049122,0.0,0.0008323746104118736,0.0008323746104118736,4400,4400,4400,4400,4400,4400,4400,4400,4400,4400,4400
GET,/predict?cb_nonce=36467,1,1,4092.986400006339,4092.986400006339,4092.986400006339,4092.986400006339,0.0,0.0008323746104118736,0.0008323746104118736,4100,4100,4100,4100,4100,4100,4100,4100,4100,4100,4100
GET,/predict?cb_nonce=364988,1,1,4131.76569994539,4131.76569994539,4131.76569994539,4131.76569994539,0.0,0.0008323746104118736,0.0008323746104118736,4100,4100,4100,4100,4100,4100,4100,4100,4100,4100,4100
GET,/predict?cb_nonce=365185,1,0,1523.728600004688,1523.728600004688,1523.728600004688,1523.728600004688,39.0,0.0008323746104118736,0.0,1500,1500,1500,1500,1500,1500,1500,1500,1500,1500,1500
GET,/predict?cb_nonce=36541,1,0,2417.4501999514177,2417.4501999514177,2417.4501999514177,2417.4501999514177,39.0,0.0008323746104118736,0.0,2400,2400,2400,2400,2400,2400,2400,2400,2400,2400,2400
GET,/predict?cb_nonce=365448,1,1,4148.047899943776,4148.047899943776,4148.047899943776,4148.047899943776,0.0,0.0008323746104118736,0.0008323746104118736,4100,4100,4100,4100,4100,4100,4100,4100,4100,4100,4100
GET,/predict?cb_nonce=36560,1,0,48581.026699976064,48581.026699976064,48581.026699976064,48581.026699976064,39.0,0.0008323746104118736,0.0,49000,49000,49000,49000,49000,49000,49000,49000,49000,49000,49000
GET,/predict?cb_nonce=365601,1,0,2156.6644000122324,2156.6644000122324,2156.6644000122324,2156.6644000122324,39.0,0.0008323746104118736,0.0,2200,2200,2200,2200,2200,2200,2200,2200,2200,2200,2200
GET,/predict?cb_nonce=36572,1,1,4086.3639999879524,4086.3639999879524,4086.3639999879524,4086.3639999879524,0.0,0.0008323746104118736,0.0008323746104118736,4100,4100,4100,4100,4100,4100,4100,4100,4100,4100,4100
GET,/predict?cb_nonce=366081,1,0,2314.5228000357747,2314.5228000357747,2314.5228000357747,2314.5228000357747,39.0,0.0008323746104118736,0.0,2300,2300,2300,2300,2300,2300,2300,2300,2300,2300,2300
GET,/predict?cb_nonce=366255,1,0,2229.232000070624,2229.232000070624,2229.232000070624,2229.232000070624,39.0,0.0008323746104118736,0.0,2200,2200,2200,2200,2200,2200,2200,2200,2200,2200,2200
GET,/predict?cb_nonce=36641,1,1,5233.450299943797,5233.450299943797,5233.450299943797,5233.450299943797,0.0,0.0008323746104118736,0.0008323746104118736,5200,5200,5200,5200,5200,5200,5200,5200,5200,5200,5200
GET,/predict?cb_nonce=366595,1,1,5457.777400035411,5457.777400035411,5457.777400035411,5457.777400035411,0.0,0.0008323746104118736,0.0008323746104118736,5500,5500,5500,5500,5500,5500,5500,5500,5500,5500,5500
GET,/predict?cb_nonce=3668,1,0,2367.02649993822,2367.02649993822,2367.02649993822,2367.02649993822,39.0,0.0008323746104118736,0.0,2400,2400,2400,2400,2400,2400,2400,2400,2400,2400,2400
GET,/predict?cb_nonce=367334,1,0,2272.5304000778124,2272.5304000778124,2272.5304000778124,2272.5304000778124,39.0,0.0008323746104118736,0.0,2300,2300,2300,2300,2300,2300,2300,2300,2300,2300,2300
GET,/predict?cb_nonce=367841,1,0,2031.6767001058906,2031.6767001058906,2031.6767001058906,2031.6767001058906,39.0,0.0008323746104118736,0.0,2000,2000,2000,2000,2000,2000,2000,2000,2000,2000,2000
GET,/predict?cb_nonce=367907,1,0,48613.51679998916,48613.51679998916,48613.51679998916,48613.51679998916,39.0,0.0008323746104118736,0.0,49000,49000,49000,49000,49000,49000,49000,49000,49000,49000,49000
GET,/predict?cb_nonce=368015,1,0,7091.69919998385,7091.69919998385,7091.69919998385,7091.69919998385,39.0,0.0008323746104118736,0.0,7100,7100,7100,7100,7100,7100,7100,7100,7100,7100,7100
GET,/predict?cb_nonce=368449,1,1,4441.575099946931,4441.575099946931,4441.575099946931,4441.575099946931,0.0,0.0008323746104118736,0.0008323746104118736,4400,4400,4400,4400,4400,4400,4400,4400,4400,4400,4400
GET,/predict?cb_nonce=369462,1,1,4063.7205000966787,4063.7205000966787,4063.7205000966787,4063.7205000966787,0.0,0.0008323746104118736,0.0008323746104118736,4100,4100,4100,4100,4100,4100,4100,4100,4100,4100,4100
GET,/predict?cb_nonce=369720,1,0,2306.1437000287697,2306.1437000287697,2306.1437000287697,2306.1437000287697,39.0,0.0008323746104118736,0.0,2300,2300,2300,2300,2300,2300,2300,2300,2300,2300,2300
GET,/predict?cb_nonce=369843,1,0,2157.017400022596,2157.017400022596,2157.017400022596,2157.017400022596,39.0,0.0008323746104118736,0.0,2200,2200,2200,2200,2200,2200,2200,2200,2200,2200,2200
GET,/predict?cb_nonce=370014,1,0,2379.362600040622,2379.362600040622,2379.362600040622,2379.362600040622,39.0,0.0008323746104118736,0.0,2400,2400,2400,2400,2400,2400,2400,2400,2400,2400,2400
GET,/predict?cb_nonce=370095,1,0,2903.353000059724,2903.353000059724,2903.353000059724,2903.353000059724,39.0,0.0008323746104118736,0.0,2900,2900,2900,2900,2900,2900,2900,2900,2900,2900,2900
GET,/predict?cb_nonce=370199,1,1,4089.8977000033483,4089.8977000033483,4089.8977000033483,4089.8977000033483,0.0,0.0008323746104118736,0.0008323746104118736,4100,4100,4100,4100,4100,4100,4100,4100,4100,4100,4100
GET,/predict?cb_nonce=370301,1,1,4335.450800019316,4335.450800019316,4335.450800019316,4335.450800019316,0.0,0.0008323746104118736,0.0008323746104118736,4300,4300,4300,4300,4300,4300,4300,4300,4300,4300,4300
GET,/predict?cb_nonce=370417,1,1,5232.36669995822,5232.36669995822,5232.36669995822,5232.36669995822,0.0,0.0008323746104118736,0.0008323746104118736,5200,5200,5200,5200,5200,5200,5200,5200,5200,5200,5200
GET,/predict?cb_nonce=370862,1,1,4298.501699930057,4298.501699930057,4298.501699930057,4298.501699930057,0.0,0.0008323746104118736,0.0008323746104118736,4300,4300,4300,4300,4300,4300,4300,4300,4300,4300,4300
GET,/predict?cb_nonce=371338,1,0,24419.741100049578,24419.741100049578,24419.741100049578,24419.741100049578,39.0,0.0008323746104118736,0.0,24000,24000,24000,24000,24000,24000,24000,24000,24000,24000,24000
GET,/predict?cb_nonce=372304,1,0,2346.832300070673,2346.832300070673,2346.832300070673,2346.832300070673,39.0,0.0008323746104118736,0.0,2300,2300,2300,2300,2300,2300,2300,2300,2300,2300,2300
GET,/predict?cb_nonce=372518,1,1,4084.639700013213,4084.639700013213,4084.639700013213,4084.639700013213,0.0,0.0008323746104118736,0.0008323746104118736,4100,4100,4100,4100,4100,4100,4100,4100,4100,4100,4100
GET,/predict?cb_nonce=372655,1,1,5531.504600076005,5531.504600076005,5531.504600076005,5531.504600076005,0.0,0.0008323746104118736,0.0008323746104118736,5500,5500,5500,5500,5500,5500,5500,5500,5500,5500,5500
GET,/predict?cb_nonce=37328,1,0,1585.2521000197157,1585.2521000197157,1585.2521000197157,1585.2521000197157,39.0,0.0008323746104118736,0.0,1600,1600,1600,1600,1600,1600,1600,1600,1600,1600,1600
GET,/predict?cb_nonce=374202,1,0,2470.002399990335,2470.002399990335,2470.002399990335,2470.002399990335,39.0,0.0008323746104118736,0.0,2500,2500,2500,2500,2500,2500,2500,2500,2500,2500,2500
GET,/predict?cb_nonce=375049,1,0,2577.0398998865858,2577.0398998865858,2577.0398998865858,2577.0398998865858,39.0,0.0008323746104118736,0.0,2600,2600,2600,2600,2600,2600,2600,2600,2600,2600,2600
GET,/predict?cb_nonce=375348,1,1,4496.006599976681,4496.006599976681,4496.006599976681,4496.006599976681,0.0,0.0008323746104118736,0.0008323746104118736,4500,4500,4500,4500,4500,4500,4500,4500,4500,4500,4500
GET,/predict?cb_nonce=375490,1,0,1443.3087999932468,1443.3087999932468,1443.3087999932468,1443.3087999932468,39.0,0.0008323746104118736,0.0,1400,1400,1400,1400,1400,1400,1400,1400,1400,1400,1400
GET,/predict?cb_nonce=376131,1,1,4638.028200017288,4638.028200017288,4638.028200017288,4638.028200017288,0.0,0.0008323746104118736,0.0008323746104118736,4600,4600,4600,4600,4600,4600,4600,4600,4600,4600,4600
GET,/predict?cb_nonce=376441,1,0,33634.09029995091,33634.09029995091,33634.09029995091,33634.09029995091,39.0,0.0008323746104118736,0.0,34000,34000,34000,34000,34000,34000,34000,34000,34000,34000,34000
GET,/predict?cb_nonce=376466,1,0,1362.7859000116587,1362.7859000116587,1362.7859000116587,1362.7859000116587,39.0,0.0008323746104118736,0.0,1400,1400,1400,1400,1400,1400,1400,1400,1400,1400,1400
GET,/predict?cb_nonce=376505,1,0,2034.49550003279,2034.49550003279,2034.49550003279,2034.49550003279,39.0,0.0008323746104118736,0.0,2000,2000,2000,2000,2000,2000,2000,2000,2000,2000,2000
GET,/predict?cb_nonce=377270,1,0,2491.9878999935463,2491.9878999935463,2491.9878999935463,2491.9878999935463,39.0,0.0008323746104118736,0.0,2500,2500,2500,2500,2500,2500,2500,2500,2500,2500,2500
GET,/predict?cb_nonce=377310,1,1,4092.020899988711,4092.020899988711,4092.020899988711,4092.020899988711,0.0,0.0008323746104118736,0.0008323746104118736,4100,4100,4100,4100,4100,4100,4100,4100,4100,4100,4100
GET,/predict?cb_nonce=377915,1,1,4530.615499941632,4530.615499941632,4530.615499941632,4530.615499941632,0.0,0.0008323746104118736,0.0008323746104118736,4500,4500,4500,4500,4500,4500,4500,4500,4500,4500,4500
GET,/predict?cb_nonce=378059,1,0,1780.9656000463292,1780.9656000463292,1780.9656000463292,1780.9656000463292,39.0,0.0008323746104118736,0.0,1800,1800,1800,1800,1800,1800,1800,1800,1800,1800,1800
GET,/predict?cb_nonce=378196,1,1,4152.190100052394,4152.190100052394,4152.190100052394,4152.190100052394,0.0,0.0008323746104118736,0.0008323746104118736,4200,4200,4200,4200,4200,4200,4200,4200,4200,4200,4200
GET,/predict?cb_nonce=378506,1,0,2884.1457000235096,2884.1457000235096,2884.1457000235096,2884.1457000235096,39.0,0.0008323746104118736,0.0,2900,2900,2900,2900,2900,2900,2900,2900,2900,2900,2900
GET,/predict?cb_nonce=378531,1,1,4154.956300044432,4154.956300044432,4154.956300044432,4154.956300044432,0.0,0.0008323746104118736,0.0008323746104118736,4200,4200,4200,4200,4200,4200,4200,4200,4200,4200,4200
GET,/predict?cb_nonce=378973,1,1,4233.71960001532,4233.71960001532,4233.71960001532,4233.71960001532,0.0,0.0008323746104118736,0.0008323746104118736,4200,4200,4200,4200,4200,4200,4200,4200,4200,4200,4200
GET,/predict?cb_nonce=379501,1,1,4786.008499911986,4786.008499911986,4786.008499911986,4786.008499911986,0.0,0.0008323746104118736,0.0008323746104118736,4800,4800,4800,4800,4800,4800,4800,4800,4800,4800,4800
GET,/predict?cb_nonce=380450,1,0,2333.546799956821,2333.546799956821,2333.546799956821,2333.546799956821,39.0,0.0008323746104118736,0.0,2300,2300,2300,2300,2300,2300,2300,2300,2300,2300,2300
GET,/predict?cb_nonce=380631,1,0,966.0252999747172,966.0252999747172,966.0252999747172,966.0252999747172,39.0,0.0008323746104118736,0.0,970,970,970,970,970,970,970,970,970,970,970
GET,/predict?cb_nonce=381037,1,1,4342.564400052652,4342.564400052652,4342.564400052652,4342.564400052652,0.0,0.0008323746104118736,0.0008323746104118736,4300,4300,4300,4300,4300,4300,4300,4300,4300,4300,4300
GET,/predict?cb_nonce=382102,1,0,2311.9605000829324,2311.9605000829324,2311.9605000829324,2311.9605000829324,39.0,0.0008323746104118736,0.0,2300,2300,2300,2300,2300,2300,2300,2300,2300,2300,2300
GET,/predict?cb_nonce=382384,1,1,4845.028599957004,4845.028599957004,4845.028599957004,4845.028599957004,0.0,0.0008323746104118736,0.0008323746104118736,4800,4800,4800,4800,4800,4800,4800,4800,4800,4800,4800
GET,/predict?cb_nonce=383121,1,0,1808.4426000714302,1808.4426000714302,1808.4426000714302,1808.4426000714302,39.0,0.0008323746104118736,0.0,1800,1800,1800,1800,1800,1800,1800,1800,1800,1800,1800
GET,/predict?cb_nonce=383256,1,1,4127.905500004999,4127.905500004999,4127.905500004999,4127.905500004999,0.0,0.0008323746104118736,0.0008323746104118736,4100,4100,4100,4100,4100,4100,4100,4100,4100,4100,4100
GET,/predict?cb_nonce=383447,1,0,2574.4127000216395,2574.4127000216395,2574.4127000216395,2574.4127000216395,39.0,0.0008323746104118736,0.0,2600,2600,2600,2600,2600,2600,2600,2600,2600,2600,2600
GET,/predict?cb_nonce=383817,1,0,2576.268200064078,2576.268200064078,2576.268200064078,2576.268200064078,39.0,0.0008323746104118736,0.0,2600,2600,2600,2600,2600,2600,2600,2600,2600,2600,2600
GET,/predict?cb_nonce=383824,1,0,2246.9330999301746,2246.9330999301746,2246.9330999301746,2246.9330999301746,39.0,0.0008323746104118736,0.0,2200,2200,2200,2200,2200,2200,2200,2200,2200,2200,2200
GET,/predict?cb_nonce=384677,1,0,1415.7731999875978,1415.7731999875978,1415.7731999875978,1415.7731999875978,39.0,0.0008323746104118736,0.0,1400,1400,1400,1400,1400,1400,1400,1400,1400,1400,1400
GET,/predict?cb_nonce=385138,1,0,10572.195200016722,10572.195200016722,10572.195200016722,10572.195200016722,39.0,0.0008323746104118736,0.0,11000,11000,11000,11000,11000,11000,11000,11000,11000,11000,11000
GET,/predict?cb_nonce=385221,1,1,4157.741499948315,4157.741499948315,4157.741499948315,4157.741499948315,0.0,0.0008323746104118736,0.0008323746104118736,4200,4200,4200,4200,4200,4200,4200,4200,4200,4200,4200
GET,/predict?cb_nonce=385371,1,1,4064.911000081338,4064.911000081338,4064.911000081338,4064.911000081338,0.0,0.0008323746104118736,0.0008323746104118736,4100,4100,4100,4100,4100,4100,4100,4100,4100,4100,4100
GET,/predict?cb_nonce=385385,1,1,4890.1914000744,4890.1914000744,4890.1914000744,4890.1914000744,0.0,0.0008323746104118736,0.0008323746104118736,4900,4900,4900,4900,4900,4900,4900,4900,4900,4900,4900
GET,/predict?cb_nonce=386910,1,0,2444.2145000211895,2444.2145000211895,2444.2145000211895,2444.2145000211895,39.0,0.0008323746104118736,0.0,2400,2400,2400,2400,2400,2400,2400,2400,2400,2400,2400
GET,/predict?cb_nonce=38693,1,0,2264.8316000122577,2264.8316000122577,2264.8316000122577,2264.8316000122577,39.0,0.0008323746104118736,0.0,2300,2300,2300,2300,2300,2300,2300,2300,2300,2300,2300
GET,/predict?cb_nonce=387114,1,1,4785.392999998294,4785.392999998294,4785.392999998294,4785.392999998294,0.0,0.0008323746104118736,0.0008323746104118736,4800,4800,4800,4800,4800,4800,4800,4800,4800,4800,4800
GET,/predict?cb_nonce=387378,1,1,4085.5923999333754,4085.5923999333754,4085.5923999333754,4085.5923999333754,0.0,0.0008323746104118736,0.0008323746104118736,4100,4100,4100,4100,4100,4100,4100,4100,4100,4100,4100
GET,/predict?cb_nonce=387504,1,0,47216.342200059444,47216.342200059444,47216.342200059444,47216.342200059444,39.0,0.0008323746104118736,0.0,47000,47000,47000,47000,47000,47000,47000,47000,47000,47000,47000
GET,/predict?cb_nonce=387690,1,1,4215.3558999998495,4215.3558999998495,4215.3558999998495,4215.3558999998495,0.0,0.0008323746104118736,0.0008323746104118736,4200,4200,4200,4200,4200,4200,4200,4200,4200,4200,4200
GET,/predict?cb_nonce=387823,1,0,935.6522000161931,935.6522000161931,935.6522000161931,935.6522000161931,39.0,0.0008323746104118736,0.0,940,940,940,940,940,940,940,940,940,940,940
GET,/predict?cb_nonce=389028,1,0,2316.706500016153,2316.706500016153,2316.706500016153,2316.706500016153,39.0,0.0008323746104118736,0.0,2300,2300,2300,2300,2300,2300,2300,2300,2300,2300,2300
GET,/predict?cb_nonce=389953,1,1,4068.53669998236,4068.53669998236,4068.53669998236,4068.53669998236,0.0,0.0008323746104118736,0.0008323746104118736,4100,4100,4100,4100,4100,4100,4100,4100,4100,4100,4100
GET,/predict?cb_nonce=390229,1,0,2649.51610006392,2649.51610006392,2649.51610006392,2649.51610006392,39.0,0.0008323746104118736,0.0,2600,2600,2600,2600,2600,2600,2600,2600,2600,2600,2600
GET,/predict?cb_nonce=390383,1,0,1664.2441999865696,1664.2441999865696,1664.2441999865696,1664.2441999865696,39.0,0.0008323746104118736,0.0,1700,1700,1700,1700,1700,1700,1700,1700,1700,1700,1700
GET,/predict?cb_nonce=390554,1,1,5183.377699926496,5183.377699926496,5183.377699926496,5183.377699926496,0.0,0.0008323746104118736,0.0008323746104118736,5200,5200,5200,5200,5200,5200,5200,5200,5200,5200,5200
GET,/predict?cb_nonce=390769,1,1,4533.200600068085,4533.200600068085,4533.200600068085,4533.200600068085,0.0,0.0008323746104118736,0.0008323746104118736,4500,4500,4500,4500,4500,4500,4500,4500,4500,4500,4500
GET,/predict?cb_nonce=391033,1,0,1623.6133999191225,1623.6133999191225,1623.6133999191225,1623.6133999191225,39.0,0.0008323746104118736,0.0,1600,1600,1600,1600,1600,1600,1600,1600,1600,1600,1600
GET,/predict?cb_nonce=392625,1,0,2306.772100040689,2306.772100040689,2306.772100040689,2306.772100040689,39.0,0.0008323746104118736,0.0,2300,2300,2300,2300,2300,2300,2300,2300,2300,2300,2300
GET,/predict?cb_nonce=393197,1,0,2079.4973999727517,2079.4973999727517,2079.4973999727517,2079.4973999727517,39.0,0.0008323746104118736,0.0,2100,2100,2100,2100,2100,2100,2100,2100,2100,2100,2100
GET,/predict?cb_nonce=393571,1,0,35330.26229997631,35330.26229997631,35330.26229997631,35330.26229997631,39.0,0.0008323746104118736,0.0,35000,35000,35000,35000,35000,35000,35000,35000,35000,35000,35000
GET,/predict?cb_nonce=393694,1,1,4085.3124000132084,4085.3124000132084,4085.3124000132084,4085.3124000132084,0.0,0.0008323746104118736,0.0008323746104118736,4100,4100,4100,4100,4100,4100,4100,4100,4100,4100,4100
GET,/predict?cb_nonce=394777,1,1,4073.5292999306694,4073.5292999306694,4073.5292999306694,4073.5292999306694,0.0,0.0008323746104118736,0.0008323746104118736,4100,4100,4100,4100,4100,4100,4100,4100,4100,4100,4100
GET,/predict?cb_nonce=394913,1,0,1362.245799973607,1362.245799973607,1362.245799973607,1362.245799973607,39.0,0.0008323746104118736,0.0,1400,1400,1400,1400,1400,1400,1400,1400,1400,1400,1400
GET,/predict?cb_nonce=395363,1,1,5539.7807999979705,5539.7807999979705,5539.7807999979705,5539.7807999979705,0.0,0.0008323746104118736,0.0008323746104118736,5500,5500,5500,5500,5500,5500,5500,5500,5500,5500,5500
GET,/predict?cb_nonce=395621,1,1,5414.479900035076,5414.479900035076,5414.479900035076,5414.479900035076,0.0,0.0008323746104118736,0.0008323746104118736,5400,5400,5400,5400,5400,5400,5400,5400,5400,5400,5400
GET,/predict?cb_nonce=396067,1,1,4060.581599944271,4060.581599944271,4060.581599944271,4060.581599944271,0.0,0.0008323746104118736,0.0008323746104118736,4100,4100,4100,4100,4100,4100,4100,4100,4100,4100,4100
GET,/predict?cb_nonce=396690,1,0,27318.011799943633,27318.011799943633,27318.011799943633,27318.011799943633,39.0,0.0008323746104118736,0.0,27000,27000,27000,27000,27000,27000,27000,27000,27000,27000,27000
GET,/predict?cb_nonce=396749,1,1,4628.868699888699,4628.868699888699,4628.868699888699,4628.868699888699,0.0,0.0008323746104118736,0.0008323746104118736,4600,4600,4600,4600,4600,4600,4600,4600,4600,4600,4600
GET,/predict?cb_nonce=396751,1,0,1883.8808999862522,1883.8808999862522,1883.8808999862522,1883.8808999862522,39.0,0.0008323746104118736,0.0,1900,1900,1900,1900,1900,1900,1900,1900,1900,1900,1900
GET,/predict?cb_nonce=397408,1,0,19886.233299970627,19886.233299970627,19886.233299970627,19886.233299970627,39.0,0.0008323746104118736,0.0,20000,20000,20000,20000,20000,20000,20000,20000,20000,20000,20000
GET,/predict?cb_nonce=397454,1,0,2827.663999982178,2827.663999982178,2827.663999982178,2827.663999982178,39.0,0.0008323746104118736,0.0,2800,2800,2800,2800,2800,2800,2800,2800,2800,2800,2800
GET,/predict?cb_nonce=397788,1,1,4273.660600068979,4273.660600068979,4273.660600068979,4273.660600068979,0.0,0.0008323746104118736,0.0008323746104118736,4300,4300,4300,4300,4300,4300,4300,4300,4300,4300,4300
GET,/predict?cb_nonce=398053,1,1,4057.5781000079587,4057.5781000079587,4057.5781000079587,4057.5781000079587,0.0,0.0008323746104118736,0.0008323746104118736,4100,4100,4100,4100,4100,4100,4100,4100,4100,4100,4100
GET,/predict?cb_nonce=398300,1,0,2471.9024000223726,2471.9024000223726,2471.9024000223726,2471.9024000223726,39.0,0.0008323746104118736,0.0,2500,2500,2500,2500,2500,2500,2500,2500,2500,2500,2500
GET,/predict?cb_nonce=399413,1,0,2291.4358000271022,2291.4358000271022,2291.4358000271022,2291.4358000271022,39.0,0.0008323746104118736,0.0,2300,2300,2300,2300,2300,2300,2300,2300,2300,2300,2300
GET,/predict?cb_nonce=399484,1,1,4186.8230000836775,4186.8230000836775,4186.8230000836775,4186.8230000836775,0.0,0.0008323746104118736,0.0008323746104118736,4200,4200,4200,4200,4200,4200,4200,4200,4200,4200,4200
GET,/predict?cb_nonce=399534,1,1,4460.09900001809,4460.09900001809,4460.09900001809,4460.09900001809,0.0,0.0008323746104118736,0.0008323746104118736,4500,4500,4500,4500,4500,4500,4500,4500,4500,4500,4500
GET,/predict?cb_nonce=399721,1,1,4632.024700054899,4632.024700054899,4632.024700054899,4632.024700054899,0.0,0.0008323746104118736,0.0008323746104118736,4600,4600,4600,4600,4600,4600,4600,4600,4600,4600,4600
GET,/predict?cb_nonce=401554,1,0,2700.8759999880567,2700.8759999880567,2700.8759999880567,2700.8759999880567,39.0,0.0008323746104118736,0.0,2700,2700,2700,2700,2700,2700,2700,2700,2700,2700,2700
GET,/predict?cb_nonce=402641,1,0,876.817399985157,876.817399985157,876.817399985157,876.817399985157,39.0,0.0008323746104118736,0.0,880,880,880,880,880,880,880,880,880,880,880
GET,/predict?cb_nonce=403231,1,1,4070.433499990031,4070.433499990031,4070.433499990031,4070.433499990031,0.0,0.0008323746104118736,0.0008323746104118736,4100,4100,4100,4100,4100,4100,4100,4100,4100,4100,4100
GET,/predict?cb_nonce=403477,1,0,56792.42109996267,56792.42109996267,56792.42109996267,56792.42109996267,39.0,0.0008323746104118736,0.0,57000,57000,57000,57000,57000,57000,57000,57000,57000,57000,57000
GET,/predict?cb_nonce=403532,1,1,4194.4861999945715,4194.4861999945715,4194.4861999945715,4194.4861999945715,0.0,0.0008323746104118736,0.0008323746104118736,4200,4200,4200,4200,4200,4200,4200,4200,4200,4200,4200
GET,/predict?cb_nonce=403690,1,1,4100.940500036813,4100.940500036813,4100.940500036813,4100.940500036813,0.0,0.0008323746104118736,0.0008323746104118736,4100,4100,4100,4100,4100,4100,4100,4100,4100,4100,4100
GET,/predict?cb_nonce=405070,1,0,2094.97440000996,2094.97440000996,2094.97440000996,2094.97440000996,39.0,0.0008323746104118736,0.0,2100,2100,2100,2100,2100,2100,2100,2100,2100,2100,2100
GET,/predict?cb_nonce=405353,1,0,8446.677299914882,8446.677299914882,8446.677299914882,8446.677299914882,39.0,0.0008323746104118736,0.0,8400,8400,8400,8400,8400,8400,8400,8400,8400,8400,8400
GET,/predict?cb_nonce=405456,1,0,2465.341300005093,2465.341300005093,2465.341300005093,2465.341300005093,39.0,0.0008323746104118736,0.0,2500,2500,2500,2500,2500,2500,2500,2500,2500,2500,2500
GET,/predict?cb_nonce=406822,1,1,4074.2376999696717,4074.2376999696717,4074.2376999696717,4074.2376999696717,0.0,0.0008323746104118736,0.0008323746104118736,4100,4100,4100,4100,4100,4100,4100,4100,4100,4100,4100
GET,/predict?cb_nonce=407555,1,1,4170.227800030261,4170.227800030261,4170.227800030261,4170.227800030261,0.0,0.0008323746104118736,0.0008323746104118736,4200,4200,4200,4200,4200,4200,4200,4200,4200,4200,4200
GET,/predict?cb_nonce=408310,1,0,24286.42649995163,24286.42649995163,24286.42649995163,24286.42649995163,39.0,0.0008323746104118736,0.0,24000,24000,24000,24000,24000,24000,24000,24000,24000,24000,24000
GET,/predict?cb_nonce=408450,1,0,1556.8598000099882,1556.8598000099882,1556.8598000099882,1556.8598000099882,39.0,0.0008323746104118736,0.0,1600,1600,1600,1600,1600,1600,1600,1600,1600,1600,1600
GET,/predict?cb_nonce=408520,1,1,4440.228700055741,4440.228700055741,4440.228700055741,4440.228700055741,0.0,0.0008323746104118736,0.0008323746104118736,4400,4400,4400,4400,4400,4400,4400,4400,4400,4400,4400
GET,/predict?cb_nonce=409357,1,0,1959.3400000594556,1959.3400000594556,1959.3400000594556,1959.3400000594556,39.0,0.0008323746104118736,0.0,2000,2000,2000,2000,2000,2000,2000,2000,2000,2000,2000
GET,/predict?cb_nonce=409802,1,0,2591.455199988559,2591.455199988559,2591.455199988559,2591.455199988559,39.0,0.0008323746104118736,0.0,2600,2600,2600,2600,2600,2600,2600,2600,2600,2600,2600
GET,/predict?cb_nonce=410572,1,1,4932.768399943598,4932.768399943598,4932.768399943598,4932.768399943598,0.0,0.0008323746104118736,0.0008323746104118736,4900,4900,4900,4900,4900,4900,4900,4900,4900,4900,4900
GET,/predict?cb_nonce=411454,1,0,872.7888999274,872.7888999274,872.7888999274,872.7888999274,39.0,0.0008323746104118736,0.0,870,870,870,870,870,870,870,870,870,870,870
GET,/predict?cb_nonce=412120,1,0,1286.168699967675,1286.168699967675,1286.168699967675,1286.168699967675,39.0,0.0008323746104118736,0.0,1300,1300,1300,1300,1300,1300,1300,1300,1300,1300,1300
GET,/predict?cb_nonce=412187,1,0,3093.688299995847,3093.688299995847,3093.688299995847,3093.688299995847,39.0,0.0008323746104118736,0.0,3100,3100,3100,3100,3100,3100,3100,3100,3100,3100,3100
GET,/predict?cb_nonce=412518,1,1,4104.105600039475,4104.105600039475,4104.105600039475,4104.105600039475,0.0,0.0008323746104118736,0.0008323746104118736,4100,4100,4100,4100,4100,4100,4100,4100,4100,4100,4100
GET,/predict?cb_nonce=41327,1,0,1943.5146000469103,1943.5146000469103,1943.5146000469103,1943.5146000469103,39.0,0.0008323746104118736,0.0,1900,1900,1900,1900,1900,1900,1900,1900,1900,1900,1900
GET,/predict?cb_nonce=413829,1,0,79654.41179997288,79654.41179997288,79654.41179997288,79654.41179997288,39.0,0.0008323746104118736,0.0,80000,80000,80000,80000,80000,80000,80000,80000,80000,80000,80000
GET,/predict?cb_nonce=414635,1,0,2316.019400022924,2316.019400022924,2316.019400022924,2316.019400022924,39.0,0.0008323746104118736,0.0,2300,2300,2300,2300,2300,2300,2300,2300,2300,2300,2300
GET,/predict?cb_nonce=414805,1,0,2611.6928999545053,2611.6928999545053,2611.6928999545053,2611.6928999545053,39.0,0.0008323746104118736,0.0,2600,2600,2600,2600,2600,2600,2600,2600,2600,2600,2600
GET,/predict?cb_nonce=415588,1,1,4092.216399963945,4092.216399963945,4092.216399963945,4092.216399963945,0.0,0.0008323746104118736,0.0008323746104118736,4100,4100,4100,4100,4100,4100,4100,4100,4100,4100,4100
GET,/predict?cb_nonce=416142,1,0,2295.4150000587106,2295.4150000587106,2295.4150000587106,2295.4150000587106,39.0,0.0008323746104118736,0.0,2300,2300,2300,2300,2300,2300,2300,2300,2300,2300,2300
GET,/predict?cb_nonce=416526,1,0,2340.3668999671936,2340.3668999671936,2340.3668999671936,2340.3668999671936,39.0,0.0008323746104118736,0.0,2300,2300,2300,2300,2300,2300,2300,2300,2300,2300,2300
GET,/predict?cb_nonce=416924,1,1,4768.751599942334,4768.751599942334,4768.751599942334,4768.751599942334,0.0,0.0008323746104118736,0.0008323746104118736,4800,4800,4800,4800,4800,4800,4800,4800,4800,4800,4800
GET,/predict?cb_nonce=417240,1,1,5497.235600021668,5497.235600021668,5497.235600021668,5497.235600021668,0.0,0.0008323746104118736,0.0008323746104118736,5500,5500,5500,5500,5500,5500,5500,5500,5500,5500,5500
GET,/predict?cb_nonce=417332,1,0,12719.097699970007,12719.097699970007,12719.097699970007,12719.097699970007,39.0,0.0008323746104118736,0.0,13000,13000,13000,13000,13000,13000,13000,13000,13000,13000,13000
GET,/predict?cb_nonce=417413,1,0,2664.6940000355244,2664.6940000355244,2664.6940000355244,2664.6940000355244,39.0,0.0008323746104118736,0.0,2700,2700,2700,2700,2700,2700,2700,2700,2700,2700,2700
GET,/predict?cb_nonce=418124,1,0,1621.369499946013,1621.369499946013,1621.369499946013,1621.369499946013,39.0,0.0008323746104118736,0.0,1600,1600,1600,1600,1600,1600,1600,1600,1600,1600,1600
GET,/predict?cb_nonce=418132,1,0,2398.934799944982,2398.934799944982,2398.934799944982,2398.934799944982,39.0,0.0008323746104118736,0.0,2400,2400,2400,2400,2400,2400,2400,2400,2400,2400,2400
GET,/predict?cb_nonce=418202,1,1,4171.580599970184,4171.580599970184,4171.580599970184,4171.580599970184,0.0,0.0008323746104118736,0.0008323746104118736,4200,4200,4200,4200,4200,4200,4200,4200,4200,4200,4200
GET,/predict?cb_nonce=418678,1,1,4067.252999986522,4067.252999986522,4067.252999986522,4067.252999986522,0.0,0.0008323746104118736,0.0008323746104118736,4100,4100,4100,4100,4100,4100,4100,4100,4100,4100,4100
GET,/predict?cb_nonce=418755,1,0,2783.696600003168,2783.696600003168,2783.696600003168,2783.696600003168,39.0,0.0008323746104118736,0.0,2800,2800,2800,2800,2800,2800,2800,2800,2800,2800,2800
GET,/predict?cb_nonce=419370,1,1,4080.7119999080896,4080.7119999080896,4080.7119999080896,4080.7119999080896,0.0,0.0008323746104118736,0.0008323746104118736,4100,4100,4100,4100,4100,4100,4100,4100,4100,4100,4100
GET,/predict?cb_nonce=419544,1,0,1543.5325000435114,1543.5325000435114,1543.5325000435114,1543.5325000435114,39.0,0.0008323746104118736,0.0,1500,1500,1500,1500,1500,1500,1500,1500,1500,1500,1500
GET,/predict?cb_nonce=42009,1,0,2699.514999985695,2699.514999985695,2699.514999985695,2699.514999985695,39.0,0.0008323746104118736,0.0,2700,2700,2700,2700,2700,2700,2700,2700,2700,2700,2700
GET,/predict?cb_nonce=420648,1,0,33588.06280000135,33588.06280000135,33588.06280000135,33588.06280000135,39.0,0.0008323746104118736,0.0,34000,34000,34000,34000,34000,34000,34000,34000,34000,34000,34000
GET,/predict?cb_nonce=420658,1,1,4124.48110000696,4124.48110000696,4124.48110000696,4124.48110000696,0.0,0.0008323746104118736,0.0008323746104118736,4100,4100,4100,4100,4100,4100,4100,4100,4100,4100,4100
GET,/predict?cb_nonce=420794,1,1,4479.854799923487,4479.854799923487,4479.854799923487,4479.854799923487,0.0,0.0008323746104118736,0.0008323746104118736,4500,4500,4500,4500,4500,4500,4500,4500,4500,4500,4500
GET,/predict?cb_nonce=421153,1,0,2691.8409999925643,2691.8409999925643,2691.8409999925643,2691.8409999925643,39.0,0.0008323746104118736,0.0,2700,2700,2700,2700,2700,2700,2700,2700,2700,2700,2700
GET,/predict?cb_nonce=421203,1,1,4176.267800037749,4176.267800037749,4176.267800037749,4176.267800037749,0.0,0.0008323746104118736,0.0008323746104118736,4200,4200,4200,4200,4200,4200,4200,4200,4200,4200,4200
GET,/predict?cb_nonce=421210,1,0,2446.2393999565393,2446.2393999565393,2446.2393999565393,2446.2393999565393,39.0,0.0008323746104118736,0.0,2400,2400,2400,2400,2400,2400,2400,2400,2400,2400,2400
GET,/predict?cb_nonce=421350,1,1,4865.410800091922,4865.410800091922,4865.410800091922,4865.410800091922,0.0,0.0008323746104118736,0.0008323746104118736,4900,4900,4900,4900,4900,4900,4900,4900,4900,4900,4900
GET,/predict?cb_nonce=42154,1,1,4634.19549993705,4634.19549993705,4634.19549993705,4634.19549993705,0.0,0.0008323746104118736,0.0008323746104118736,4600,4600,4600,4600,4600,4600,4600,4600,4600,4600,4600
GET,/predict?cb_nonce=421775,1,1,4086.0165000194684,4086.0165000194684,4086.0165000194684,4086.0165000194684,0.0,0.0008323746104118736,0.0008323746104118736,4100,4100,4100,4100,4100,4100,4100,4100,4100,4100,4100
GET,/predict?cb_nonce=422476,1,0,2239.31650002487,2239.31650002487,2239.31650002487,2239.31650002487,39.0,0.0008323746104118736,0.0,2200,2200,2200,2200,2200,2200,2200,2200,2200,2200,2200
GET,/predict?cb_nonce=422750,1,1,4121.378300013021,4121.378300013021,4121.378300013021,4121.378300013021,0.0,0.0008323746104118736,0.0008323746104118736,4100,4100,4100,4100,4100,4100,4100,4100,4100,4100,4100
GET,/predict?cb_nonce=423201,1,1,4414.773000054993,4414.773000054993,4414.773000054993,4414.773000054993,0.0,0.0008323746104118736,0.0008323746104118736,4400,4400,4400,4400,4400,4400,4400,4400,4400,4400,4400
GET,/predict?cb_nonce=423444,1,0,3078.1917000422254,3078.1917000422254,3078.1917000422254,3078.1917000422254,39.0,0.0008323746104118736,0.0,3100,3100,3100,3100,3100,3100,3100,3100,3100,3100,3100
GET,/predict?cb_nonce=423531,1,0,3050.4470000742003,3050.4470000742003,3050.4470000742003,3050.4470000742003,39.0,0.0008323746104118736,0.0,3100,3100,3100,3100,3100,3100,3100,3100,3100,3100,3100
GET,/predict?cb_nonce=423923,1,1,4307.992000016384,4307.992000016384,4307.992000016384,4307.992000016384,0.0,0.0008323746104118736,0.0008323746104118736,4300,4300,4300,4300,4300,4300,4300,4300,4300,4300,4300
GET,/predict?cb_nonce=42403,1,0,54029.57210002933,54029.57210002933,54029.57210002933,54029.57210002933,39.0,0.0008323746104118736,0.0,54000,54000,54000,54000,54000,54000,54000,54000,54000,54000,54000
GET,/predict?cb_nonce=424085,1,1,4065.8717000624165,4065.8717000624165,4065.8717000624165,4065.8717000624165,0.0,0.0008323746104118736,0.0008323746104118736,4100,4100,4100,4100,4100,4100,4100,4100,4100,4100,4100
GET,/predict?cb_nonce=425221,1,0,2143.4862000169232,2143.4862000169232,2143.4862000169232,2143.4862000169232,39.0,0.0008323746104118736,0.0,2100,2100,2100,2100,2100,2100,2100,2100,2100,2100,2100
GET,/predict?cb_nonce=425323,1,0,35054.59200008772,35054.59200008772,35054.59200008772,35054.59200008772,39.0,0.0008323746104118736,0.0,35000,35000,35000,35000,35000,35000,35000,35000,35000,35000,35000
GET,/predict?cb_nonce=425461,1,0,2164.1596999252215,2164.1596999252215,2164.1596999252215,2164.1596999252215,39.0,0.0008323746104118736,0.0,2200,2200,2200,2200,2200,2200,2200,2200,2200,2200,2200
GET,/predict?cb_nonce=425486,1,0,2863.057199981995,2863.057199981995,2863.057199981995,2863.057199981995,39.0,0.0008323746104118736,0.0,2900,2900,2900,2900,2900,2900,2900,2900,2900,2900,2900
GET,/predict?cb_nonce=425904,1,0,2382.3474999517202,2382.3474999517202,2382.3474999517202,2382.3474999517202,39.0,0.0008323746104118736,0.0,2400,2400,2400,2400,2400,2400,2400,2400,2400,2400,2400
GET,/predict?cb_nonce=426534,1,1,5196.114200050943,5196.114200050943,5196.114200050943,5196.114200050943,0.0,0.0008323746104118736,0.0008323746104118736,5200,5200,5200,5200,5200,5200,5200,5200,5200,5200,5200
GET,/predict?cb_nonce=426608,1,1,4178.227899945341,4178.227899945341,4178.227899945341,4178.227899945341,0.0,0.0008323746104118736,0.0008323746104118736,4200,4200,4200,4200,4200,4200,4200,4200,4200,4200,4200
GET,/predict?cb_nonce=427104,1,1,4381.000299938023,4381.000299938023,4381.000299938023,4381.000299938023,0.0,0.0008323746104118736,0.0008323746104118736,4400,4400,4400,4400,4400,4400,4400,4400,4400,4400,4400
GET,/predict?cb_nonce=42732,1,0,8445.783999981359,8445.783999981359,8445.783999981359,8445.783999981359,39.0,0.0008323746104118736,0.0,8400,8400,8400,8400,8400,8400,8400,8400,8400,8400,8400
GET,/predict?cb_nonce=427649,1,1,4303.514400031418,4303.514400031418,4303.514400031418,4303.514400031418,0.0,0.0008323746104118736,0.0008323746104118736,4300,4300,4300,4300,4300,4300,4300,4300,4300,4300,4300
GET,/predict?cb_nonce=427889,1,0,1032.906400039792,1032.906400039792,1032.906400039792,1032.906400039792,39.0,0.0008323746104118736,0.0,1000,1000,1000,1000,1000,1000,1000,1000,1000,1000,1000
GET,/predict?cb_nonce=428157,1,1,4226.184800034389,4226.184800034389,4226.184800034389,4226.184800034389,0.0,0.0008323746104118736,0.0008323746104118736,4200,4200,4200,4200,4200,4200,4200,4200,4200,4200,4200
GET,/predict?cb_nonce=428380,1,1,4093.3525000000373,4093.3525000000373,4093.3525000000373,4093.3525000000373,0.0,0.0008323746104118736,0.0008323746104118736,4100,4100,4100,4100,4100,4100,4100,4100,4100,4100,4100
GET,/predict?cb_nonce=428671,1,0,2139.777300064452,2139.777300064452,2139.777300064452,2139.777300064452,39.0,0.0008323746104118736,0.0,2100,2100,2100,2100,2100,2100,2100,2100,2100,2100,2100
GET,/predict?cb_nonce=428858,1,1,4119.220900000073,4119.220900000073,4119.220900000073,4119.220900000073,0.0,0.0008323746104118736,0.0008323746104118736,4100,4100,4100,4100,4100,4100,4100,4100,4100,4100,4100
GET,/predict?cb_nonce=428940,1,1,4188.029899960384,4188.029899960384,4188.029899960384,4188.029899960384,0.0,0.0008323746104118736,0.0008323746104118736,4200,4200,4200,4200,4200,4200,4200,4200,4200,4200,4200
GET,/predict?cb_nonce=429437,1,1,4222.650400013663,4222.650400013663,4222.650400013663,4222.650400013663,0.0,0.0008323746104118736,0.0008323746104118736,4200,4200,4200,4200,4200,4200,4200,4200,4200,4200,4200
GET,/predict?cb_nonce=429805,1,0,470.1804999494925,470.1804999494925,470.1804999494925,470.1804999494925,39.0,0.0008323746104118736,0.0,470,470,470,470,470,470,470,470,470,470,470
GET,/predict?cb_nonce=429876,1,1,4168.072800035588,4168.072800035588,4168.072800035588,4168.072800035588,0.0,0.0008323746104118736,0.0008323746104118736,4200,4200,4200,4200,4200,4200,4200,4200,4200,4200,4200
GET,/predict?cb_nonce=431159,1,1,4271.278599975631,4271.278599975631,4271.278599975631,4271.278599975631,0.0,0.0008323746104118736,0.0008323746104118736,4300,4300,4300,4300,4300,4300,4300,4300,4300,4300,4300
GET,/predict?cb_nonce=43146,1,0,2637.8522000741214,2637.8522000741214,2637.8522000741214,2637.8522000741214,39.0,0.0008323746104118736,0.0,2600,2600,2600,2600,2600,2600,2600,2600,2600,2600,2600
GET,/predict?cb_nonce=431741,1,1,5039.058899972588,5039.058899972588,5039.058899972588,5039.058899972588,0.0,0.0008323746104118736,0.0008323746104118736,5000,5000,5000,5000,5000,5000,5000,5000,5000,5000,5000
GET,/predict?cb_nonce=432277,1,0,19918.208499904722,19918.208499904722,19918.208499904722,19918.208499904722,39.0,0.0008323746104118736,0.0,20000,20000,20000,20000,20000,20000,20000,20000,20000,20000,20000
GET,/predict?cb_nonce=432332,1,1,4318.372799898498,4318.372799898498,4318.372799898498,4318.372799898498,0.0,0.0008323746104118736,0.0008323746104118736,4300,4300,4300,4300,4300,4300,4300,4300,4300,4300,4300
GET,/predict?cb_nonce=43299,1,0,2392.7963000023738,2392.7963000023738,2392.7963000023738,2392.7963000023738,39.0,0.0008323746104118736,0.0,2400,2400,2400,2400,2400,2400,2400,2400,2400,2400,2400
GET,/predict?cb_nonce=433377,1,0,2629.865700029768,2629.865700029768,2629.865700029768,2629.865700029768,39.0,0.0008323746104118736,0.0,2600,2600,2600,2600,2600,2600,2600,2600,2600,2600,2600
GET,/predict?cb_nonce=433936,1,0,36877.57100001909,36877.57100001909,36877.57100001909,36877.57100001909,39.0,0.0008323746104118736,0.0,37000,37000,37000,37000,37000,37000,37000,37000,37000,37000,37000
GET,/predict?cb_nonce=434025,1,0,2670.3358000377193,2670.3358000377193,2670.3358000377193,2670.3358000377193,39.0,0.0008323746104118736,0.0,2700,2700,2700,2700,2700,2700,2700,2700,2700,2700,2700
GET,/predict?cb_nonce=434781,1,0,1858.3978000096977,1858.3978000096977,1858.3978000096977,1858.3978000096977,39.0,0.0008323746104118736,0.0,1900,1900,1900,1900,1900,1900,1900,1900,1900,1900,1900
GET,/predict?cb_nonce=435060,1,1,4297.956099966541,4297.956099966541,4297.956099966541,4297.956099966541,0.0,0.0008323746104118736,0.0008323746104118736,4300,4300,4300,4300,4300,4300,4300,4300,4300,4300,4300
GET,/predict?cb_nonce=435343,1,0,7427.444200031459,7427.444200031459,7427.444200031459,7427.444200031459,39.0,0.0008323746104118736,0.0,7400,7400,7400,7400,7400,7400,7400,7400,7400,7400,7400
GET,/predict?cb_nonce=435421,1,1,4412.416899926029,4412.416899926029,4412.416899926029,4412.416899926029,0.0,0.0008323746104118736,0.0008323746104118736,4400,4400,4400,4400,4400,4400,4400,4400,4400,4400,4400
GET,/predict?cb_nonce=436115,1,0,2405.562900006771,2405.562900006771,2405.562900006771,2405.562900006771,39.0,0.0008323746104118736,0.0,2400,2400,2400,2400,2400,2400,2400,2400,2400,2400,2400
GET,/predict?cb_nonce=436177,1,0,2348.8076000940055,2348.8076000940055,2348.8076000940055,2348.8076000940055,39.0,0.0008323746104118736,0.0,2300,2300,2300,2300,2300,2300,2300,2300,2300,2300,2300
GET,/predict?cb_nonce=436326,1,0,1777.5746999541298,1777.5746999541298,1777.5746999541298,1777.5746999541298,39.0,0.0008323746104118736,0.0,1800,1800,1800,1800,1800,1800,1800,1800,1800,1800,1800
GET,/predict?cb_nonce=436515,1,1,5343.147800071165,5343.147800071165,5343.147800071165,5343.147800071165,0.0,0.0008323746104118736,0.0008323746104118736,5300,5300,5300,5300,5300,5300,5300,5300,5300,5300,5300
GET,/predict?cb_nonce=43736,1,1,4101.891900063492,4101.891900063492,4101.891900063492,4101.891900063492,0.0,0.0008323746104118736,0.0008323746104118736,4100,4100,4100,4100,4100,4100,4100,4100,4100,4100,4100
GET,/predict?cb_nonce=437460,1,0,2443.34770005662,2443.34770005662,2443.34770005662,2443.34770005662,39.0,0.0008323746104118736,0.0,2400,2400,2400,2400,2400,2400,2400,2400,2400,2400,2400
GET,/predict?cb_nonce=43804,1,0,1730.5418000323698,1730.5418000323698,1730.5418000323698,1730.5418000323698,39.0,0.0008323746104118736,0.0,1700,1700,1700,1700,1700,1700,1700,1700,1700,1700,1700
GET,/predict?cb_nonce=438043,1,0,1891.1264000926167,1891.1264000926167,1891.1264000926167,1891.1264000926167,39.0,0.0008323746104118736,0.0,1900,1900,1900,1900,1900,1900,1900,1900,1900,1900,1900
GET,/predict?cb_nonce=439677,1,0,773.8241999177262,773.8241999177262,773.8241999177262,773.8241999177262,39.0,0.0008323746104118736,0.0,770,770,770,770,770,770,770,770,770,770,770
GET,/predict?cb_nonce=439679,1,0,2133.71940003708,2133.71940003708,2133.71940003708,2133.71940003708,39.0,0.0008323746104118736,0.0,2100,2100,2100,2100,2100,2100,2100,2100,2100,2100,2100
GET,/predict?cb_nonce=440156,1,1,4125.102999969386,4125.102999969386,4125.102999969386,4125.102999969386,0.0,0.0008323746104118736,0.0008323746104118736,4100,4100,4100,4100,4100,4100,4100,4100,4100,4100,4100
GET,/predict?cb_nonce=440281,1,0,2479.284100001678,2479.284100001678,2479.284100001678,2479.284100001678,39.0,0.0008323746104118736,0.0,2500,2500,2500,2500,2500,2500,2500,2500,2500,2500,2500
GET,/predict?cb_nonce=440446,1,0,1873.4895999077708,1873.4895999077708,1873.4895999077708,1873.4895999077708,39.0,0.0008323746104118736,0.0,1900,1900,1900,1900,1900,1900,1900,1900,1900,1900,1900
GET,/predict?cb_nonce=4406,1,1,4069.514299975708,4069.514299975708,4069.514299975708,4069.514299975708,0.0,0.0008323746104118736,0.0008323746104118736,4100,4100,4100,4100,4100,4100,4100,4100,4100,4100,4100
GET,/predict?cb_nonce=440738,1,0,1422.984499949962,1422.984499949962,1422.984499949962,1422.984499949962,39.0,0.0008323746104118736,0.0,1400,1400,1400,1400,1400,1400,1400,1400,1400,1400,1400
GET,/predict?cb_nonce=441027,1,0,2319.4387999828905,2319.4387999828905,2319.4387999828905,2319.4387999828905,39.0,0.0008323746104118736,0.0,2300,2300,2300,2300,2300,2300,2300,2300,2300,2300,2300
GET,/predict?cb_nonce=441146,1,0,27361.176799982786,27361.176799982786,27361.176799982786,27361.176799982786,39.0,0.0008323746104118736,0.0,27000,27000,27000,27000,27000,27000,27000,27000,27000,27000,27000
GET,/predict?cb_nonce=441749,1,0,2297.297100070864,2297.297100070864,2297.297100070864,2297.297100070864,39.0,0.0008323746104118736,0.0,2300,2300,2300,2300,2300,2300,2300,2300,2300,2300,2300
GET,/predict?cb_nonce=441865,1,0,57399.86169990152,57399.86169990152,57399.86169990152,57399.86169990152,39.0,0.0008323746104118736,0.0,57000,57000,57000,57000,57000,57000,57000,57000,57000,57000,57000
GET,/predict?cb_nonce=442543,1,0,1363.3270000573248,1363.3270000573248,1363.3270000573248,1363.3270000573248,39.0,0.0008323746104118736,0.0,1400,1400,1400,1400,1400,1400,1400,1400,1400,1400,1400
GET,/predict?cb_nonce=44272,1,0,41098.70620002039,41098.70620002039,41098.70620002039,41098.70620002039,39.0,0.0008323746104118736,0.0,41000,41000,41000,41000,41000,41000,41000,41000,41000,41000,41000
GET,/predict?cb_nonce=442770,1,0,29489.314200007357,29489.314200007357,29489.314200007357,29489.314200007357,39.0,0.0008323746104118736,0.0,29000,29000,29000,29000,29000,29000,29000,29000,29000,29000,29000
GET,/predict?cb_nonce=444591,1,0,2495.5182999838144,2495.5182999838144,2495.5182999838144,2495.5182999838144,39.0,0.0008323746104118736,0.0,2500,2500,2500,2500,2500,2500,2500,2500,2500,2500,2500
GET,/predict?cb_nonce=445100,1,1,5502.079500001855,5502.079500001855,5502.079500001855,5502.079500001855,0.0,0.0008323746104118736,0.0008323746104118736,5500,5500,5500,5500,5500,5500,5500,5500,5500,5500,5500
GET,/predict?cb_nonce=445268,1,0,1471.9628000166267,1471.9628000166267,1471.9628000166267,1471.9628000166267,39.0,0.0008323746104118736,0.0,1500,1500,1500,1500,1500,1500,1500,1500,1500,1500,1500
GET,/predict?cb_nonce=445619,1,0,2380.055799963884,2380.055799963884,2380.055799963884,2380.055799963884,39.0,0.0008323746104118736,0.0,2400,2400,2400,2400,2400,2400,2400,2400,2400,2400,2400
GET,/predict?cb_nonce=445646,1,0,1553.7100000074133,1553.7100000074133,1553.7100000074133,1553.7100000074133,39.0,0.0008323746104118736,0.0,1600,1600,1600,1600,1600,1600,1600,1600,1600,1600,1600
GET,/predict?cb_nonce=446208,1,0,2304.2053000535816,2304.2053000535816,2304.2053000535816,2304.2053000535816,39.0,0.0008323746104118736,0.0,2300,2300,2300,2300,2300,2300,2300,2300,2300,2300,2300
GET,/predict?cb_nonce=447089,1,1,5039.515299955383,5039.515299955383,5039.515299955383,5039.515299955383,0.0,0.0008323746104118736,0.0008323746104118736,5000,5000,5000,5000,5000,5000,5000,5000,5000,5000,5000
GET,/predict?cb_nonce=447114,1,0,2342.637100024149,2342.637100024149,2342.637100024149,2342.637100024149,39.0,0.0008323746104118736,0.0,2300,2300,2300,2300,2300,2300,2300,2300,2300,2300,2300
GET,/predict?cb_nonce=447409,1,1,4053.7292999215424,4053.7292999215424,4053.7292999215424,4053.7292999215424,0.0,0.0008323746104118736,0.0008323746104118736,4100,4100,4100,4100,4100,4100,4100,4100,4100,4100,4100
GET,/predict?cb_nonce=447742,1,1,5432.228500023484,5432.228500023484,5432.228500023484,5432.228500023484,0.0,0.0008323746104118736,0.0008323746104118736,5400,5400,5400,5400,5400,5400,5400,5400,5400,5400,5400
GET,/predict?cb_nonce=44791,1,1,4294.690300012007,4294.690300012007,4294.690300012007,4294.690300012007,0.0,0.0008323746104118736,0.0008323746104118736,4300,4300,4300,4300,4300,4300,4300,4300,4300,4300,4300
GET,/predict?cb_nonce=447994,1,1,4435.842899954878,4435.842899954878,4435.842899954878,4435.842899954878,0.0,0.0008323746104118736,0.0008323746104118736,4400,4400,4400,4400,4400,4400,4400,4400,4400,4400,4400
GET,/predict?cb_nonce=448402,1,0,2726.9532000645995,2726.9532000645995,2726.9532000645995,2726.9532000645995,39.0,0.0008323746104118736,0.0,2700,2700,2700,2700,2700,2700,2700,2700,2700,2700,2700
GET,/predict?cb_nonce=448639,1,1,4053.539799991995,4053.539799991995,4053.539799991995,4053.539799991995,0.0,0.0008323746104118736,0.0008323746104118736,4100,4100,4100,4100,4100,4100,4100,4100,4100,4100,4100
GET,/predict?cb_nonce=448810,1,0,2317.4364001024514,2317.4364001024514,2317.4364001024514,2317.4364001024514,39.0,0.0008323746104118736,0.0,2300,2300,2300,2300,2300,2300,2300,2300,2300,2300,2300
GET,/predict?cb_nonce=44884,1,1,4217.999899992719,4217.999899992719,4217.999899992719,4217.999899992719,0.0,0.0008323746104118736,0.0008323746104118736,4200,4200,4200,4200,4200,4200,4200,4200,4200,4200,4200
GET,/predict?cb_nonce=448860,1,1,4308.354799984954,4308.354799984954,4308.354799984954,4308.354799984954,0.0,0.0008323746104118736,0.0008323746104118736,4300,4300,4300,4300,4300,4300,4300,4300,4300,4300,4300
GET,/predict?cb_nonce=449557,1,1,4275.148099986836,4275.148099986836,4275.148099986836,4275.148099986836,0.0,0.0008323746104118736,0.0008323746104118736,4300,4300,4300,4300,4300,4300,4300,4300,4300,4300,4300
GET,/predict?cb_nonce=449689,1,0,1569.2214999580756,1569.2214999580756,1569.2214999580756,1569.2214999580756,39.0,0.0008323746104118736,0.0,1600,1600,1600,1600,1600,1600,1600,1600,1600,1600,1600
GET,/predict?cb_nonce=45019,1,0,1228.540699928999,1228.540699928999,1228.540699928999,1228.540699928999,39.0,0.0008323746104118736,0.0,1200,1200,1200,1200,1200,1200,1200,1200,1200,1200,1200
GET,/predict?cb_nonce=450475,1,0,1946.3337000925094,1946.3337000925094,1946.3337000925094,1946.3337000925094,39.0,0.0008323746104118736,0.0,1900,1900,1900,1900,1900,1900,1900,1900,1900,1900,1900
GET,/predict?cb_nonce=45090,1,0,2716.408699983731,2716.408699983731,2716.408699983731,2716.408699983731,39.0,0.0008323746104118736,0.0,2700,2700,2700,2700,2700,2700,2700,2700,2700,2700,2700
GET,/predict?cb_nonce=450992,1,1,4137.913399958052,4137.913399958052,4137.913399958052,4137.913399958052,0.0,0.0008323746104118736,0.0008323746104118736,4100,4100,4100,4100,4100,4100,4100,4100,4100,4100,4100
GET,/predict?cb_nonce=451288,1,1,4750.420900061727,4750.420900061727,4750.420900061727,4750.420900061727,0.0,0.0008323746104118736,0.0008323746104118736,4800,4800,4800,4800,4800,4800,4800,4800,4800,4800,4800
GET,/predict?cb_nonce=452696,1,0,2595.971000031568,2595.971000031568,2595.971000031568,2595.971000031568,39.0,0.0008323746104118736,0.0,2600,2600,2600,2600,2600,2600,2600,2600,2600,2600,2600
GET,/predict?cb_nonce=452809,1,1,4104.590300004929,4104.590300004929,4104.590300004929,4104.590300004929,0.0,0.0008323746104118736,0.0008323746104118736,4100,4100,4100,4100,4100,4100,4100,4100,4100,4100,4100
GET,/predict?cb_nonce=452931,1,1,5128.640800016001,5128.640800016001,5128.640800016001,5128.640800016001,0.0,0.0008323746104118736,0.0008323746104118736,5100,5100,5100,5100,5100,5100,5100,5100,5100,5100,5100
GET,/predict?cb_nonce=453832,1,1,5133.4954999620095,5133.4954999620095,5133.4954999620095,5133.4954999620095,0.0,0.0008323746104118736,0.0008323746104118736,5100,5100,5100,5100,5100,5100,5100,5100,5100,5100,5100
GET,/predict?cb_nonce=453881,1,0,2552.531599998474,2552.531599998474,2552.531599998474,2552.531599998474,39.0,0.0008323746104118736,0.0,2600,2600,2600,2600,2600,2600,2600,2600,2600,2600,2600
GET,/predict?cb_nonce=453912,1,0,1732.11620002985,1732.11620002985,1732.11620002985,1732.11620002985,39.0,0.0008323746104118736,0.0,1700,1700,1700,1700,1700,1700,1700,1700,1700,1700,1700
GET,/predict?cb_nonce=453998,1,0,2558.147899922915,2558.147899922915,2558.147899922915,2558.147899922915,39.0,0.0008323746104118736,0.0,2600,2600,2600,2600,2600,2600,2600,2600,2600,2600,2600
GET,/predict?cb_nonce=454142,1,1,4593.66879996378,4593.66879996378,4593.66879996378,4593.66879996378,0.0,0.0008323746104118736,0.0008323746104118736,4600,4600,4600,4600,4600,4600,4600,4600,4600,4600,4600
GET,/predict?cb_nonce=454632,1,0,1526.0371000040323,1526.0371000040323,1526.0371000040323,1526.0371000040323,39.0,0.0008323746104118736,0.0,1500,1500,1500,1500,1500,1500,1500,1500,1500,1500,1500
GET,/predict?cb_nonce=454854,1,0,1754.13859996479,1754.13859996479,1754.13859996479,1754.13859996479,39.0,0.0008323746104118736,0.0,1800,1800,1800,1800,1800,1800,1800,1800,1800,1800,1800
GET,/predict?cb_nonce=454867,1,0,2505.8886000188068,2505.8886000188068,2505.8886000188068,2505.8886000188068,39.0,0.0008323746104118736,0.0,2500,2500,2500,2500,2500,2500,2500,2500,2500,2500,2500
GET,/predict?cb_nonce=456198,1,1,4143.206899985671,4143.206899985671,4143.206899985671,4143.206899985671,0.0,0.0008323746104118736,0.0008323746104118736,4100,4100,4100,4100,4100,4100,4100,4100,4100,4100,4100
GET,/predict?cb_nonce=456512,1,0,1510.5282999575138,1510.5282999575138,1510.5282999575138,1510.5282999575138,39.0,0.0008323746104118736,0.0,1500,1500,1500,1500,1500,1500,1500,1500,1500,1500,1500
GET,/predict?cb_nonce=457666,1,1,4088.824999984354,4088.824999984354,4088.824999984354,4088.824999984354,0.0,0.0008323746104118736,0.0008323746104118736,4100,4100,4100,4100,4100,4100,4100,4100,4100,4100,4100
GET,/predict?cb_nonce=457938,1,0,48048.76969999168,48048.76969999168,48048.76969999168,48048.76969999168,39.0,0.0008323746104118736,0.0,48000,48000,48000,48000,48000,48000,48000,48000,48000,48000,48000
GET,/predict?cb_nonce=458131,1,0,1331.8198000779375,1331.8198000779375,1331.8198000779375,1331.8198000779375,39.0,0.0008323746104118736,0.0,1300,1300,1300,1300,1300,1300,1300,1300,1300,1300,1300
GET,/predict?cb_nonce=459261,1,0,2608.735099900514,2608.735099900514,2608.735099900514,2608.735099900514,39.0,0.0008323746104118736,0.0,2600,2600,2600,2600,2600,2600,2600,2600,2600,2600,2600
GET,/predict?cb_nonce=459917,1,0,56217.099600005895,56217.099600005895,56217.099600005895,56217.099600005895,39.0,0.0008323746104118736,0.0,56000,56000,56000,56000,56000,56000,56000,56000,56000,56000,56000
GET,/predict?cb_nonce=45995,1,0,57580.711199902,57580.711199902,57580.711199902,57580.711199902,39.0,0.0008323746104118736,0.0,58000,58000,58000,58000,58000,58000,58000,58000,58000,58000,58000
GET,/predict?cb_nonce=460632,1,1,4306.2612999929115,4306.2612999929115,4306.2612999929115,4306.2612999929115,0.0,0.0008323746104118736,0.0008323746104118736,4300,4300,4300,4300,4300,4300,4300,4300,4300,4300,4300
GET,/predict?cb_nonce=462649,1,1,4768.435499980114,4768.435499980114,4768.435499980114,4768.435499980114,0.0,0.0008323746104118736,0.0008323746104118736,4800,4800,4800,4800,4800,4800,4800,4800,4800,4800,4800
GET,/predict?cb_nonce=462750,1,0,2096.3052000151947,2096.3052000151947,2096.3052000151947,2096.3052000151947,39.0,0.0008323746104118736,0.0,2100,2100,2100,2100,2100,2100,2100,2100,2100,2100,2100
GET,/predict?cb_nonce=462994,1,0,2338.5680000064895,2338.5680000064895,2338.5680000064895,2338.5680000064895,39.0,0.0008323746104118736,0.0,2300,2300,2300,2300,2300,2300,2300,2300,2300,2300,2300
GET,/predict?cb_nonce=463130,1,1,4096.910399966873,4096.910399966873,4096.910399966873,4096.910399966873,0.0,0.0008323746104118736,0.0008323746104118736,4100,4100,4100,4100,4100,4100,4100,4100,4100,4100,4100
GET,/predict?cb_nonce=463449,1,0,1304.316999972798,1304.316999972798,1304.316999972798,1304.316999972798,39.0,0.0008323746104118736,0.0,1300,1300,1300,1300,1300,1300,1300,1300,1300,1300,1300
GET,/predict?cb_nonce=463768,1,0,2148.489599931054,2148.489599931054,2148.489599931054,2148.489599931054,39.0,0.0008323746104118736,0.0,2100,2100,2100,2100,2100,2100,2100,2100,2100,2100,2100
GET,/predict?cb_nonce=464625,1,0,2652.5813000043854,2652.5813000043854,2652.5813000043854,2652.5813000043854,39.0,0.0008323746104118736,0.0,2700,2700,2700,2700,2700,2700,2700,2700,2700,2700,2700
GET,/predict?cb_nonce=465692,1,1,4281.938100000843,4281.938100000843,4281.938100000843,4281.938100000843,0.0,0.0008323746104118736,0.0008323746104118736,4300,4300,4300,4300,4300,4300,4300,4300,4300,4300,4300
GET,/predict?cb_nonce=465909,1,0,2109.875699970871,2109.875699970871,2109.875699970871,2109.875699970871,39.0,0.0008323746104118736,0.0,2100,2100,2100,2100,2100,2100,2100,2100,2100,2100,2100
GET,/predict?cb_nonce=465962,1,1,4211.217200034298,4211.217200034298,4211.217200034298,4211.217200034298,0.0,0.0008323746104118736,0.0008323746104118736,4200,4200,4200,4200,4200,4200,4200,4200,4200,4200,4200
GET,/predict?cb_nonce=466125,1,0,2261.6569999372587,2261.6569999372587,2261.6569999372587,2261.6569999372587,39.0,0.0008323746104118736,0.0,2300,2300,2300,2300,2300,2300,2300,2300,2300,2300,2300
GET,/predict?cb_nonce=46617,1,0,2513.973699999042,2513.973699999042,2513.973699999042,2513.973699999042,39.0,0.0008323746104118736,0.0,2500,2500,2500,2500,2500,2500,2500,2500,2500,2500,2500
GET,/predict?cb_nonce=466561,1,1,4283.494500094093,4283.494500094093,4283.494500094093,4283.494500094093,0.0,0.0008323746104118736,0.0008323746104118736,4300,4300,4300,4300,4300,4300,4300,4300,4300,4300,4300
GET,/predict?cb_nonce=466727,1,0,2044.592299964279,2044.592299964279,2044.592299964279,2044.592299964279,39.0,0.0008323746104118736,0.0,2000,2000,2000,2000,2000,2000,2000,2000,2000,2000,2000
GET,/predict?cb_nonce=466793,1,1,4238.118900102563,4238.118900102563,4238.118900102563,4238.118900102563,0.0,0.0008323746104118736,0.0008323746104118736,4200,4200,4200,4200,4200,4200,4200,4200,4200,4200,4200
GET,/predict?cb_nonce=46685,1,0,2442.254399997182,2442.254399997182,2442.254399997182,2442.254399997182,39.0,0.0008323746104118736,0.0,2400,2400,2400,2400,2400,2400,2400,2400,2400,2400,2400
GET,/predict?cb_nonce=467856,1,0,1678.042299929075,1678.042299929075,1678.042299929075,1678.042299929075,39.0,0.0008323746104118736,0.0,1700,1700,1700,1700,1700,1700,1700,1700,1700,1700,1700
GET,/predict?cb_nonce=46837,1,1,4050.9888000087813,4050.9888000087813,4050.9888000087813,4050.9888000087813,0.0,0.0008323746104118736,0.0008323746104118736,4100,4100,4100,4100,4100,4100,4100,4100,4100,4100,4100
GET,/predict?cb_nonce=468677,1,1,4841.066800057888,4841.066800057888,4841.066800057888,4841.066800057888,0.0,0.0008323746104118736,0.0008323746104118736,4800,4800,4800,4800,4800,4800,4800,4800,4800,4800,4800
GET,/predict?cb_nonce=469008,1,1,4176.041700062342,4176.041700062342,4176.041700062342,4176.041700062342,0.0,0.0008323746104118736,0.0008323746104118736,4200,4200,4200,4200,4200,4200,4200,4200,4200,4200,4200
GET,/predict?cb_nonce=469242,1,0,2237.554599996656,2237.554599996656,2237.554599996656,2237.554599996656,39.0,0.0008323746104118736,0.0,2200,2200,2200,2200,2200,2200,2200,2200,2200,2200,2200
GET,/predict?cb_nonce=469264,1,1,4357.440900057554,4357.440900057554,4357.440900057554,4357.440900057554,0.0,0.0008323746104118736,0.0008323746104118736,4400,4400,4400,4400,4400,4400,4400,4400,4400,4400,4400
GET,/predict?cb_nonce=469692,1,1,5004.451899905689,5004.451899905689,5004.451899905689,5004.451899905689,0.0,0.0008323746104118736,0.0008323746104118736,5000,5000,5000,5000,5000,5000,5000,5000,5000,5000,5000
GET,/predict?cb_nonce=469793,1,0,29639.67359997332,29639.67359997332,29639.67359997332,29639.67359997332,39.0,0.0008323746104118736,0.0,30000,30000,30000,30000,30000,30000,30000,30000,30000,30000,30000
GET,/predict?cb_nonce=470111,1,0,58877.57769995369,58877.57769995369,58877.57769995369,58877.57769995369,39.0,0.0008323746104118736,0.0,59000,59000,59000,59000,59000,59000,59000,59000,59000,59000,59000
GET,/predict?cb_nonce=470448,1,0,47398.96150003187,47398.96150003187,47398.96150003187,47398.96150003187,39.0,0.0008323746104118736,0.0,47000,47000,47000,47000,47000,47000,47000,47000,47000,47000,47000
GET,/predict?cb_nonce=470531,1,1,4167.793500004336,4167.793500004336,4167.793500004336,4167.793500004336,0.0,0.0008323746104118736,0.0008323746104118736,4200,4200,4200,4200,4200,4200,4200,4200,4200,4200,4200
GET,/predict?cb_nonce=470562,1,1,4361.584600061178,4361.584600061178,4361.584600061178,4361.584600061178,0.0,0.0008323746104118736,0.0008323746104118736,4400,4400,4400,4400,4400,4400,4400,4400,4400,4400,4400
GET,/predict?cb_nonce=470899,1,1,4902.370599913411,4902.370599913411,4902.370599913411,4902.370599913411,0.0,0.0008323746104118736,0.0008323746104118736,4900,4900,4900,4900,4900,4900,4900,4900,4900,4900,4900
GET,/predict?cb_nonce=470981,1,1,4078.4339000238106,4078.4339000238106,4078.4339000238106,4078.4339000238106,0.0,0.0008323746104118736,0.0008323746104118736,4100,4100,4100,4100,4100,4100,4100,4100,4100,4100,4100
GET,/predict?cb_nonce=471449,1,0,38611.390299978666,38611.390299978666,38611.390299978666,38611.390299978666,39.0,0.0008323746104118736,0.0,39000,39000,39000,39000,39000,39000,39000,39000,39000,39000,39000
GET,/predict?cb_nonce=471487,1,0,2533.135800040327,2533.135800040327,2533.135800040327,2533.135800040327,39.0,0.0008323746104118736,0.0,2500,2500,2500,2500,2500,2500,2500,2500,2500,2500,2500
GET,/predict?cb_nonce=472947,1,0,2665.882400004193,2665.882400004193,2665.882400004193,2665.882400004193,39.0,0.0008323746104118736,0.0,2700,2700,2700,2700,2700,2700,2700,2700,2700,2700,2700
GET,/predict?cb_nonce=472956,1,0,2530.050899949856,2530.050899949856,2530.050899949856,2530.050899949856,39.0,0.0008323746104118736,0.0,2500,2500,2500,2500,2500,2500,2500,2500,2500,2500,2500
GET,/predict?cb_nonce=47304,1,1,5608.180499984883,5608.180499984883,5608.180499984883,5608.180499984883,0.0,0.0008323746104118736,0.0008323746104118736,5600,5600,5600,5600,5600,5600,5600,5600,5600,5600,5600
GET,/predict?cb_nonce=474358,1,1,4233.642400009558,4233.642400009558,4233.642400009558,4233.642400009558,0.0,0.0008323746104118736,0.0008323746104118736,4200,4200,4200,4200,4200,4200,4200,4200,4200,4200,4200
GET,/predict?cb_nonce=474389,1,0,2498.8452000543475,2498.8452000543475,2498.8452000543475,2498.8452000543475,39.0,0.0008323746104118736,0.0,2500,2500,2500,2500,2500,2500,2500,2500,2500,2500,2500
GET,/predict?cb_nonce=474635,1,0,2532.154400018044,2532.154400018044,2532.154400018044,2532.154400018044,39.0,0.0008323746104118736,0.0,2500,2500,2500,2500,2500,2500,2500,2500,2500,2500,2500
GET,/predict?cb_nonce=474883,1,1,4121.106200036593,4121.106200036593,4121.106200036593,4121.106200036593,0.0,0.0008323746104118736,0.0008323746104118736,4100,4100,4100,4100,4100,4100,4100,4100,4100,4100,4100
GET,/predict?cb_nonce=477122,1,1,4082.0217999862507,4082.0217999862507,4082.0217999862507,4082.0217999862507,0.0,0.0008323746104118736,0.0008323746104118736,4100,4100,4100,4100,4100,4100,4100,4100,4100,4100,4100
GET,/predict?cb_nonce=477341,1,1,4175.069599994458,4175.069599994458,4175.069599994458,4175.069599994458,0.0,0.0008323746104118736,0.0008323746104118736,4200,4200,4200,4200,4200,4200,4200,4200,4200,4200,4200
GET,/predict?cb_nonce=477814,1,1,4068.6251999577507,4068.6251999577507,4068.6251999577507,4068.6251999577507,0.0,0.0008323746104118736,0.0008323746104118736,4100,4100,4100,4100,4100,4100,4100,4100,4100,4100,4100
GET,/predict?cb_nonce=478088,1,0,1441.656600101851,1441.656600101851,1441.656600101851,1441.656600101851,39.0,0.0008323746104118736,0.0,1400,1400,1400,1400,1400,1400,1400,1400,1400,1400,1400
GET,/predict?cb_nonce=478112,1,1,4178.859300096519,4178.859300096519,4178.859300096519,4178.859300096519,0.0,0.0008323746104118736,0.0008323746104118736,4200,4200,4200,4200,4200,4200,4200,4200,4200,4200,4200
GET,/predict?cb_nonce=478146,1,1,4563.568299985491,4563.568299985491,4563.568299985491,4563.568299985491,0.0,0.0008323746104118736,0.0008323746104118736,4600,4600,4600,4600,4600,4600,4600,4600,4600,4600,4600
GET,/predict?cb_nonce=478492,1,0,1418.9187999581918,1418.9187999581918,1418.9187999581918,1418.9187999581918,39.0,0.0008323746104118736,0.0,1400,1400,1400,1400,1400,1400,1400,1400,1400,1400,1400
GET,/predict?cb_nonce=478900,1,1,4935.527099994943,4935.527099994943,4935.527099994943,4935.527099994943,0.0,0.0008323746104118736,0.0008323746104118736,4900,4900,4900,4900,4900,4900,4900,4900,4900,4900,4900
GET,/predict?cb_nonce=478984,1,1,5180.295499972999,5180.295499972999,5180.295499972999,5180.295499972999,0.0,0.0008323746104118736,0.0008323746104118736,5200,5200,5200,5200,5200,5200,5200,5200,5200,5200,5200
GET,/predict?cb_nonce=479112,1,0,13291.647300007753,13291.647300007753,13291.647300007753,13291.647300007753,39.0,0.0008323746104118736,0.0,13000,13000,13000,13000,13000,13000,13000,13000,13000,13000,13000
GET,/predict?cb_nonce=479621,1,1,4849.112099967897,4849.112099967897,4849.112099967897,4849.112099967897,0.0,0.0008323746104118736,0.0008323746104118736,4800,4800,4800,4800,4800,4800,4800,4800,4800,4800,4800
GET,/predict?cb_nonce=479626,1,0,2555.740399984643,2555.740399984643,2555.740399984643,2555.740399984643,39.0,0.0008323746104118736,0.0,2600,2600,2600,2600,2600,2600,2600,2600,2600,2600,2600
GET,/predict?cb_nonce=479717,1,0,1577.1213999250904,1577.1213999250904,1577.1213999250904,1577.1213999250904,39.0,0.0008323746104118736,0.0,1600,1600,1600,1600,1600,1600,1600,1600,1600,1600,1600
GET,/predict?cb_nonce=481464,1,0,1721.9485000241548,1721.9485000241548,1721.9485000241548,1721.9485000241548,39.0,0.0008323746104118736,0.0,1700,1700,1700,1700,1700,1700,1700,1700,1700,1700,1700
GET,/predict?cb_nonce=482874,1,0,1772.4234000779688,1772.4234000779688,1772.4234000779688,1772.4234000779688,39.0,0.0008323746104118736,0.0,1800,1800,1800,1800,1800,1800,1800,1800,1800,1800,1800
GET,/predict?cb_nonce=482877,1,0,2155.630400055088,2155.630400055088,2155.630400055088,2155.630400055088,39.0,0.0008323746104118736,0.0,2200,2200,2200,2200,2200,2200,2200,2200,2200,2200,2200
GET,/predict?cb_nonce=482942,1,1,5198.527900036424,5198.527900036424,5198.527900036424,5198.527900036424,0.0,0.0008323746104118736,0.0008323746104118736,5200,5200,5200,5200,5200,5200,5200,5200,5200,5200,5200
GET,/predict?cb_nonce=48300,1,1,4114.128199988045,4114.128199988045,4114.128199988045,4114.128199988045,0.0,0.0008323746104118736,0.0008323746104118736,4100,4100,4100,4100,4100,4100,4100,4100,4100,4100,4100
GET,/predict?cb_nonce=483240,1,1,4090.7646999694407,4090.7646999694407,4090.7646999694407,4090.7646999694407,0.0,0.0008323746104118736,0.0008323746104118736,4100,4100,4100,4100,4100,4100,4100,4100,4100,4100,4100
GET,/predict?cb_nonce=4837,1,0,1824.6935999486595,1824.6935999486595,1824.6935999486595,1824.6935999486595,39.0,0.0008323746104118736,0.0,1800,1800,1800,1800,1800,1800,1800,1800,1800,1800,1800
GET,/predict?cb_nonce=48394,1,0,1282.689500018023,1282.689500018023,1282.689500018023,1282.689500018023,39.0,0.0008323746104118736,0.0,1300,1300,1300,1300,1300,1300,1300,1300,1300,1300,1300
GET,/predict?cb_nonce=484256,1,0,2322.699400014244,2322.699400014244,2322.699400014244,2322.699400014244,39.0,0.0008323746104118736,0.0,2300,2300,2300,2300,2300,2300,2300,2300,2300,2300,2300
GET,/predict?cb_nonce=485202,1,0,2453.147399937734,2453.147399937734,2453.147399937734,2453.147399937734,39.0,0.0008323746104118736,0.0,2500,2500,2500,2500,2500,2500,2500,2500,2500,2500,2500
GET,/predict?cb_nonce=48539,1,0,3398.9259999943897,3398.9259999943897,3398.9259999943897,3398.9259999943897,39.0,0.0008323746104118736,0.0,3400,3400,3400,3400,3400,3400,3400,3400,3400,3400,3400
GET,/predict?cb_nonce=486073,1,0,2521.676899981685,2521.676899981685,2521.676899981685,2521.676899981685,39.0,0.0008323746104118736,0.0,2500,2500,2500,2500,2500,2500,2500,2500,2500,2500,2500
GET,/predict?cb_nonce=486178,1,0,2207.313399994746,2207.313399994746,2207.313399994746,2207.313399994746,39.0,0.0008323746104118736,0.0,2200,2200,2200,2200,2200,2200,2200,2200,2200,2200,2200
GET,/predict?cb_nonce=486505,1,1,4262.816800037399,4262.816800037399,4262.816800037399,4262.816800037399,0.0,0.0008323746104118736,0.0008323746104118736,4300,4300,4300,4300,4300,4300,4300,4300,4300,4300,4300
GET,/predict?cb_nonce=486604,1,0,24055.337599944323,24055.337599944323,24055.337599944323,24055.337599944323,39.0,0.0008323746104118736,0.0,24000,24000,24000,24000,24000,24000,24000,24000,24000,24000,24000
GET,/predict?cb_nonce=486684,1,0,1691.752800019458,1691.752800019458,1691.752800019458,1691.752800019458,39.0,0.0008323746104118736,0.0,1700,1700,1700,1700,1700,1700,1700,1700,1700,1700,1700
GET,/predict?cb_nonce=486715,1,1,5370.169900008477,5370.169900008477,5370.169900008477,5370.169900008477,0.0,0.0008323746104118736,0.0008323746104118736,5400,5400,5400,5400,5400,5400,5400,5400,5400,5400,5400
GET,/predict?cb_nonce=486857,1,0,1748.968300060369,1748.968300060369,1748.968300060369,1748.968300060369,39.0,0.0008323746104118736,0.0,1700,1700,1700,1700,1700,1700,1700,1700,1700,1700,1700
GET,/predict?cb_nonce=488121,1,0,2379.0776999667287,2379.0776999667287,2379.0776999667287,2379.0776999667287,39.0,0.0008323746104118736,0.0,2400,2400,2400,2400,2400,2400,2400,2400,2400,2400,2400
GET,/predict?cb_nonce=48816,1,0,1610.3400000138208,1610.3400000138208,1610.3400000138208,1610.3400000138208,39.0,0.0008323746104118736,0.0,1600,1600,1600,1600,1600,1600,1600,1600,1600,1600,1600
GET,/predict?cb_nonce=488286,1,1,4121.160700102337,4121.160700102337,4121.160700102337,4121.160700102337,0.0,0.0008323746104118736,0.0008323746104118736,4100,4100,4100,4100,4100,4100,4100,4100,4100,4100,4100
GET,/predict?cb_nonce=489194,1,1,4670.591100002639,4670.591100002639,4670.591100002639,4670.591100002639,0.0,0.0008323746104118736,0.0008323746104118736,4700,4700,4700,4700,4700,4700,4700,4700,4700,4700,4700
GET,/predict?cb_nonce=489464,1,1,4570.218199980445,4570.218199980445,4570.218199980445,4570.218199980445,0.0,0.0008323746104118736,0.0008323746104118736,4600,4600,4600,4600,4600,4600,4600,4600,4600,4600,4600
GET,/predict?cb_nonce=489805,1,0,1707.6509000035003,1707.6509000035003,1707.6509000035003,1707.6509000035003,39.0,0.0008323746104118736,0.0,1700,1700,1700,1700,1700,1700,1700,1700,1700,1700,1700
GET,/predict?cb_nonce=489959,1,1,4056.360899936408,4056.360899936408,4056.360899936408,4056.360899936408,0.0,0.0008323746104118736,0.0008323746104118736,4100,4100,4100,4100,4100,4100,4100,4100,4100,4100,4100
GET,/predict?cb_nonce=490542,1,1,4232.129300013185,4232.129300013185,4232.129300013185,4232.129300013185,0.0,0.0008323746104118736,0.0008323746104118736,4200,4200,4200,4200,4200,4200,4200,4200,4200,4200,4200
GET,/predict?cb_nonce=490733,1,0,2783.2807999802753,2783.2807999802753,2783.2807999802753,2783.2807999802753,39.0,0.0008323746104118736,0.0,2800,2800,2800,2800,2800,2800,2800,2800,2800,2800,2800
GET,/predict?cb_nonce=491306,1,0,95629.49339998886,95629.49339998886,95629.49339998886,95629.49339998886,39.0,0.0008323746104118736,0.0,96000,96000,96000,96000,96000,96000,96000,96000,96000,96000,96000
GET,/predict?cb_nonce=491811,1,0,229.14670000318438,229.14670000318438,229.14670000318438,229.14670000318438,39.0,0.0008323746104118736,0.0,230,230,230,230,230,230,230,230,230,230,230
GET,/predict?cb_nonce=491853,1,1,5047.669099993072,5047.669099993072,5047.669099993072,5047.669099993072,0.0,0.0008323746104118736,0.0008323746104118736,5000,5000,5000,5000,5000,5000,5000,5000,5000,5000,5000
GET,/predict?cb_nonce=492204,1,0,1367.943900055252,1367.943900055252,1367.943900055252,1367.943900055252,39.0,0.0008323746104118736,0.0,1400,1400,1400,1400,1400,1400,1400,1400,1400,1400,1400
GET,/predict?cb_nonce=49224,1,1,4632.3133000405505,4632.3133000405505,4632.3133000405505,4632.3133000405505,0.0,0.0008323746104118736,0.0008323746104118736,4600,4600,4600,4600,4600,4600,4600,4600,4600,4600,4600
GET,/predict?cb_nonce=492262,1,0,1954.233399941586,1954.233399941586,1954.233399941586,1954.233399941586,39.0,0.0008323746104118736,0.0,2000,2000,2000,2000,2000,2000,2000,2000,2000,2000,2000
GET,/predict?cb_nonce=492701,1,0,2618.3608999708667,2618.3608999708667,2618.3608999708667,2618.3608999708667,39.0,0.0008323746104118736,0.0,2600,2600,2600,2600,2600,2600,2600,2600,2600,2600,2600
GET,/predict?cb_nonce=492903,1,0,2357.1399999782443,2357.1399999782443,2357.1399999782443,2357.1399999782443,39.0,0.0008323746104118736,0.0,2400,2400,2400,2400,2400,2400,2400,2400,2400,2400,2400
GET,/predict?cb_nonce=493077,1,1,4232.856399961747,4232.856399961747,4232.856399961747,4232.856399961747,0.0,0.0008323746104118736,0.0008323746104118736,4200,4200,4200,4200,4200,4200,4200,4200,4200,4200,4200
GET,/predict?cb_nonce=493310,1,0,3624.9526999890804,3624.9526999890804,3624.9526999890804,3624.9526999890804,39.0,0.0008323746104118736,0.0,3600,3600,3600,3600,3600,3600,3600,3600,3600,3600,3600
GET,/predict?cb_nonce=493450,1,1,4228.773800074123,4228.773800074123,4228.773800074123,4228.773800074123,0.0,0.0008323746104118736,0.0008323746104118736,4200,4200,4200,4200,4200,4200,4200,4200,4200,4200,4200
GET,/predict?cb_nonce=495502,1,0,2484.870000043884,2484.870000043884,2484.870000043884,2484.870000043884,39.0,0.0008323746104118736,0.0,2500,2500,2500,2500,2500,2500,2500,2500,2500,2500,2500
GET,/predict?cb_nonce=495763,1,1,4263.937899959274,4263.937899959274,4263.937899959274,4263.937899959274,0.0,0.0008323746104118736,0.0008323746104118736,4300,4300,4300,4300,4300,4300,4300,4300,4300,4300,4300
GET,/predict?cb_nonce=496118,1,0,824.5454999851063,824.5454999851063,824.5454999851063,824.5454999851063,39.0,0.0008323746104118736,0.0,820,820,820,820,820,820,820,820,820,820,820
GET,/predict?cb_nonce=497517,1,0,2218.990500085056,2218.990500085056,2218.990500085056,2218.990500085056,39.0,0.0008323746104118736,0.0,2200,2200,2200,2200,2200,2200,2200,2200,2200,2200,2200
GET,/predict?cb_nonce=4982,1,0,3427.944600000046,3427.944600000046,3427.944600000046,3427.944600000046,39.0,0.0008323746104118736,0.0,3400,3400,3400,3400,3400,3400,3400,3400,3400,3400,3400
GET,/predict?cb_nonce=498419,1,0,1350.2849999349564,1350.2849999349564,1350.2849999349564,1350.2849999349564,39.0,0.0008323746104118736,0.0,1400,1400,1400,1400,1400,1400,1400,1400,1400,1400,1400
GET,/predict?cb_nonce=498488,1,1,4124.932500068098,4124.932500068098,4124.932500068098,4124.932500068098,0.0,0.0008323746104118736,0.0008323746104118736,4100,4100,4100,4100,4100,4100,4100,4100,4100,4100,4100
GET,/predict?cb_nonce=498977,1,0,1208.5402999073267,1208.5402999073267,1208.5402999073267,1208.5402999073267,39.0,0.0008323746104118736,0.0,1200,1200,1200,1200,1200,1200,1200,1200,1200,1200,1200
GET,/predict?cb_nonce=499679,1,1,4882.085100049153,4882.085100049153,4882.085100049153,4882.085100049153,0.0,0.0008323746104118736,0.0008323746104118736,4900,4900,4900,4900,4900,4900,4900,4900,4900,4900,4900
GET,/predict?cb_nonce=499773,1,0,1252.6945000281557,1252.6945000281557,1252.6945000281557,1252.6945000281557,39.0,0.0008323746104118736,0.0,1300,1300,1300,1300,1300,1300,1300,1300,1300,1300,1300
GET,/predict?cb_nonce=500954,1,1,4403.662699973211,4403.662699973211,4403.662699973211,4403.662699973211,0.0,0.0008323746104118736,0.0008323746104118736,4400,4400,4400,4400,4400,4400,4400,4400,4400,4400,4400
GET,/predict?cb_nonce=501735,1,0,2881.763899931684,2881.763899931684,2881.763899931684,2881.763899931684,39.0,0.0008323746104118736,0.0,2900,2900,2900,2900,2900,2900,2900,2900,2900,2900,2900
GET,/predict?cb_nonce=501935,1,0,2144.235400017351,2144.235400017351,2144.235400017351,2144.235400017351,39.0,0.0008323746104118736,0.0,2100,2100,2100,2100,2100,2100,2100,2100,2100,2100,2100
GET,/predict?cb_nonce=502620,1,1,4258.603399968706,4258.603399968706,4258.603399968706,4258.603399968706,0.0,0.0008323746104118736,0.0008323746104118736,4300,4300,4300,4300,4300,4300,4300,4300,4300,4300,4300
GET,/predict?cb_nonce=503432,1,1,4095.257299952209,4095.257299952209,4095.257299952209,4095.257299952209,0.0,0.0008323746104118736,0.0008323746104118736,4100,4100,4100,4100,4100,4100,4100,4100,4100,4100,4100
GET,/predict?cb_nonce=504790,1,0,1332.492999965325,1332.492999965325,1332.492999965325,1332.492999965325,39.0,0.0008323746104118736,0.0,1300,1300,1300,1300,1300,1300,1300,1300,1300,1300,1300
GET,/predict?cb_nonce=50486,1,0,1893.5985999414697,1893.5985999414697,1893.5985999414697,1893.5985999414697,39.0,0.0008323746104118736,0.0,1900,1900,1900,1900,1900,1900,1900,1900,1900,1900,1900
GET,/predict?cb_nonce=50498,1,0,2300.714200013317,2300.714200013317,2300.714200013317,2300.714200013317,39.0,0.0008323746104118736,0.0,2300,2300,2300,2300,2300,2300,2300,2300,2300,2300,2300
GET,/predict?cb_nonce=505220,1,1,4347.908600000665,4347.908600000665,4347.908600000665,4347.908600000665,0.0,0.0008323746104118736,0.0008323746104118736,4300,4300,4300,4300,4300,4300,4300,4300,4300,4300,4300
GET,/predict?cb_nonce=506416,1,1,4075.7149999262765,4075.7149999262765,4075.7149999262765,4075.7149999262765,0.0,0.0008323746104118736,0.0008323746104118736,4100,4100,4100,4100,4100,4100,4100,4100,4100,4100,4100
GET,/predict?cb_nonce=506819,1,1,4219.879299984314,4219.879299984314,4219.879299984314,4219.879299984314,0.0,0.0008323746104118736,0.0008323746104118736,4200,4200,4200,4200,4200,4200,4200,4200,4200,4200,4200
GET,/predict?cb_nonce=506957,1,1,4505.453500081785,4505.453500081785,4505.453500081785,4505.453500081785,0.0,0.0008323746104118736,0.0008323746104118736,4500,4500,4500,4500,4500,4500,4500,4500,4500,4500,4500
GET,/predict?cb_nonce=50748,1,0,20023.5242000781,20023.5242000781,20023.5242000781,20023.5242000781,39.0,0.0008323746104118736,0.0,20000,20000,20000,20000,20000,20000,20000,20000,20000,20000,20000
GET,/predict?cb_nonce=507525,1,1,4531.003799987957,4531.003799987957,4531.003799987957,4531.003799987957,0.0,0.0008323746104118736,0.0008323746104118736,4500,4500,4500,4500,4500,4500,4500,4500,4500,4500,4500
GET,/predict?cb_nonce=507899,1,0,1366.9155000243336,1366.9155000243336,1366.9155000243336,1366.9155000243336,39.0,0.0008323746104118736,0.0,1400,1400,1400,1400,1400,1400,1400,1400,1400,1400,1400
GET,/predict?cb_nonce=508507,1,0,1851.9183000316843,1851.9183000316843,1851.9183000316843,1851.9183000316843,39.0,0.0008323746104118736,0.0,1900,1900,1900,1900,1900,1900,1900,1900,1900,1900,1900
GET,/predict?cb_nonce=508533,1,0,2863.782100030221,2863.782100030221,2863.782100030221,2863.782100030221,39.0,0.0008323746104118736,0.0,2900,2900,2900,2900,2900,2900,2900,2900,2900,2900,2900
GET,/predict?cb_nonce=508707,1,1,4086.3432000624016,4086.3432000624016,4086.3432000624016,4086.3432000624016,0.0,0.0008323746104118736,0.0008323746104118736,4100,4100,4100,4100,4100,4100,4100,4100,4100,4100,4100
GET,/predict?cb_nonce=509156,1,1,4072.3289999878034,4072.3289999878034,4072.3289999878034,4072.3289999878034,0.0,0.0008323746104118736,0.0008323746104118736,4100,4100,4100,4100,4100,4100,4100,4100,4100,4100,4100
GET,/predict?cb_nonce=509601,1,0,2228.606800083071,2228.606800083071,2228.606800083071,2228.606800083071,39.0,0.0008323746104118736,0.0,2200,2200,2200,2200,2200,2200,2200,2200,2200,2200,2200
GET,/predict?cb_nonce=510260,1,1,4055.545900017023,4055.545900017023,4055.545900017023,4055.545900017023,0.0,0.0008323746104118736,0.0008323746104118736,4100,4100,4100,4100,4100,4100,4100,4100,4100,4100,4100
GET,/predict?cb_nonce=510364,1,0,2173.4381000278518,2173.4381000278518,2173.4381000278518,2173.4381000278518,39.0,0.0008323746104118736,0.0,2200,2200,2200,2200,2200,2200,2200,2200,2200,2200,2200
GET,/predict?cb_nonce=510458,1,1,4308.281100005843,4308.281100005843,4308.281100005843,4308.281100005843,0.0,0.0008323746104118736,0.0008323746104118736,4300,4300,4300,4300,4300,4300,4300,4300,4300,4300,4300
GET,/predict?cb_nonce=511037,1,1,4221.267400076613,4221.267400076613,4221.267400076613,4221.267400076613,0.0,0.0008323746104118736,0.0008323746104118736,4200,4200,4200,4200,4200,4200,4200,4200,4200,4200,4200
GET,/predict?cb_nonce=511689,1,0,1378.730299999006,1378.730299999006,1378.730299999006,1378.730299999006,39.0,0.0008323746104118736,0.0,1400,1400,1400,1400,1400,1400,1400,1400,1400,1400,1400
GET,/predict?cb_nonce=511820,1,0,2862.6760999904945,2862.6760999904945,2862.6760999904945,2862.6760999904945,39.0,0.0008323746104118736,0.0,2900,2900,2900,2900,2900,2900,2900,2900,2900,2900,2900
GET,/predict?cb_nonce=51229,1,0,2713.5982000036165,2713.5982000036165,2713.5982000036165,2713.5982000036165,39.0,0.0008323746104118736,0.0,2700,2700,2700,2700,2700,2700,2700,2700,2700,2700,2700
GET,/predict?cb_nonce=512429,1,0,1975.1664000796154,1975.1664000796154,1975.1664000796154,1975.1664000796154,39.0,0.0008323746104118736,0.0,2000,2000,2000,2000,2000,2000,2000,2000,2000,2000,2000
GET,/predict?cb_nonce=513189,1,0,30300.93130003661,30300.93130003661,30300.93130003661,30300.93130003661,39.0,0.0008323746104118736,0.0,30000,30000,30000,30000,30000,30000,30000,30000,30000,30000,30000
GET,/predict?cb_nonce=51398,1,1,4181.99780001305,4181.99780001305,4181.99780001305,4181.99780001305,0.0,0.0008323746104118736,0.0008323746104118736,4200,4200,4200,4200,4200,4200,4200,4200,4200,4200,4200
GET,/predict?cb_nonce=514294,1,0,2703.8394999690354,2703.8394999690354,2703.8394999690354,2703.8394999690354,39.0,0.0008323746104118736,0.0,2700,2700,2700,2700,2700,2700,2700,2700,2700,2700,2700
GET,/predict?cb_nonce=515041,1,0,2091.3602999644354,2091.3602999644354,2091.3602999644354,2091.3602999644354,39.0,0.0008323746104118736,0.0,2100,2100,2100,2100,2100,2100,2100,2100,2100,2100,2100
GET,/predict?cb_nonce=515043,1,1,5231.4173999475315,5231.4173999475315,5231.4173999475315,5231.4173999475315,0.0,0.0008323746104118736,0.0008323746104118736,5200,5200,5200,5200,5200,5200,5200,5200,5200,5200,5200
GET,/predict?cb_nonce=515070,1,1,4310.032600071281,4310.032600071281,4310.032600071281,4310.032600071281,0.0,0.0008323746104118736,0.0008323746104118736,4300,4300,4300,4300,4300,4300,4300,4300,4300,4300,4300
GET,/predict?cb_nonce=515508,1,0,1509.5253000035882,1509.5253000035882,1509.5253000035882,1509.5253000035882,39.0,0.0008323746104118736,0.0,1500,1500,1500,1500,1500,1500,1500,1500,1500,1500,1500
GET,/predict?cb_nonce=515517,1,1,4126.87909998931,4126.87909998931,4126.87909998931,4126.87909998931,0.0,0.0008323746104118736,0.0008323746104118736,4100,4100,4100,4100,4100,4100,4100,4100,4100,4100,4100
GET,/predict?cb_nonce=515834,1,0,2642.7803999977186,2642.7803999977186,2642.7803999977186,2642.7803999977186,39.0,0.0008323746104118736,0.0,2600,2600,2600,2600,2600,2600,2600,2600,2600,2600,2600
GET,/predict?cb_nonce=515941,1,1,4187.647099955939,4187.647099955939,4187.647099955939,4187.647099955939,0.0,0.0008323746104118736,0.0008323746104118736,4200,4200,4200,4200,4200,4200,4200,4200,4200,4200,4200
GET,/predict?cb_nonce=516393,1,0,2708.596399985254,2708.596399985254,2708.596399985254,2708.596399985254,39.0,0.0008323746104118736,0.0,2700,2700,2700,2700,2700,2700,2700,2700,2700,2700,2700
GET,/predict?cb_nonce=517294,1,0,2365.4943000292405,2365.4943000292405,2365.4943000292405,2365.4943000292405,39.0,0.0008323746104118736,0.0,2400,2400,2400,2400,2400,2400,2400,2400,2400,2400,2400
GET,/predict?cb_nonce=517485,1,0,2485.308100003749,2485.308100003749,2485.308100003749,2485.308100003749,39.0,0.0008323746104118736,0.0,2500,2500,2500,2500,2500,2500,2500,2500,2500,2500,2500
GET,/predict?cb_nonce=517780,1,0,1856.5185000188649,1856.5185000188649,1856.5185000188649,1856.5185000188649,39.0,0.0008323746104118736,0.0,1900,1900,1900,1900,1900,1900,1900,1900,1900,1900,1900
GET,/predict?cb_nonce=517961,1,1,4072.3415999673307,4072.3415999673307,4072.3415999673307,4072.3415999673307,0.0,0.0008323746104118736,0.0008323746104118736,4100,4100,4100,4100,4100,4100,4100,4100,4100,4100,4100
GET,/predict?cb_nonce=518428,1,0,2085.8443001052365,2085.8443001052365,2085.8443001052365,2085.8443001052365,39.0,0.0008323746104118736,0.0,2100,2100,2100,2100,2100,2100,2100,2100,2100,2100,2100
GET,/predict?cb_nonce=518514,1,0,1838.802200043574,1838.802200043574,1838.802200043574,1838.802200043574,39.0,0.0008323746104118736,0.0,1800,1800,1800,1800,1800,1800,1800,1800,1800,1800,1800
GET,/predict?cb_nonce=518748,1,1,5036.668899934739,5036.668899934739,5036.668899934739,5036.668899934739,0.0,0.0008323746104118736,0.0008323746104118736,5000,5000,5000,5000,5000,5000,5000,5000,5000,5000,5000
GET,/predict?cb_nonce=519087,1,0,29616.308900061995,29616.308900061995,29616.308900061995,29616.308900061995,39.0,0.0008323746104118736,0.0,30000,30000,30000,30000,30000,30000,30000,30000,30000,30000,30000
GET,/predict?cb_nonce=519426,1,0,71834.52210004907,71834.52210004907,71834.52210004907,71834.52210004907,39.0,0.0008323746104118736,0.0,72000,72000,72000,72000,72000,72000,72000,72000,72000,72000,72000
GET,/predict?cb_nonce=519684,1,0,2368.091599899344,2368.091599899344,2368.091599899344,2368.091599899344,39.0,0.0008323746104118736,0.0,2400,2400,2400,2400,2400,2400,2400,2400,2400,2400,2400
GET,/predict?cb_nonce=519888,1,0,2264.6915999939665,2264.6915999939665,2264.6915999939665,2264.6915999939665,39.0,0.0008323746104118736,0.0,2300,2300,2300,2300,2300,2300,2300,2300,2300,2300,2300
GET,/predict?cb_nonce=520856,1,1,4250.094600021839,4250.094600021839,4250.094600021839,4250.094600021839,0.0,0.0008323746104118736,0.0008323746104118736,4300,4300,4300,4300,4300,4300,4300,4300,4300,4300,4300
GET,/predict?cb_nonce=521030,1,0,1289.1286999220029,1289.1286999220029,1289.1286999220029,1289.1286999220029,39.0,0.0008323746104118736,0.0,1300,1300,1300,1300,1300,1300,1300,1300,1300,1300,1300
GET,/predict?cb_nonce=521088,1,0,1490.7593000680208,1490.7593000680208,1490.7593000680208,1490.7593000680208,39.0,0.0008323746104118736,0.0,1500,1500,1500,1500,1500,1500,1500,1500,1500,1500,1500
GET,/predict?cb_nonce=521306,1,0,70046.88630008604,70046.88630008604,70046.88630008604,70046.88630008604,39.0,0.0008323746104118736,0.0,70000,70000,70000,70000,70000,70000,70000,70000,70000,70000,70000
GET,/predict?cb_nonce=522110,1,1,4363.120099995285,4363.120099995285,4363.120099995285,4363.120099995285,0.0,0.0008323746104118736,0.0008323746104118736,4400,4400,4400,4400,4400,4400,4400,4400,4400,4400,4400
GET,/predict?cb_nonce=522291,1,0,2513.418900081888,2513.418900081888,2513.418900081888,2513.418900081888,39.0,0.0008323746104118736,0.0,2500,2500,2500,2500,2500,2500,2500,2500,2500,2500,2500
GET,/predict?cb_nonce=522402,1,1,5198.506399989128,5198.506399989128,5198.506399989128,5198.506399989128,0.0,0.0008323746104118736,0.0008323746104118736,5200,5200,5200,5200,5200,5200,5200,5200,5200,5200,5200
GET,/predict?cb_nonce=522597,1,0,1247.4871999584138,1247.4871999584138,1247.4871999584138,1247.4871999584138,39.0,0.0008323746104118736,0.0,1200,1200,1200,1200,1200,1200,1200,1200,1200,1200,1200
GET,/predict?cb_nonce=523355,1,1,4770.607899990864,4770.607899990864,4770.607899990864,4770.607899990864,0.0,0.0008323746104118736,0.0008323746104118736,4800,4800,4800,4800,4800,4800,4800,4800,4800,4800,4800
GET,/predict?cb_nonce=524417,1,1,4288.727000006475,4288.727000006475,4288.727000006475,4288.727000006475,0.0,0.0008323746104118736,0.0008323746104118736,4300,4300,4300,4300,4300,4300,4300,4300,4300,4300,4300
GET,/predict?cb_nonce=524479,1,0,1187.6675001112744,1187.6675001112744,1187.6675001112744,1187.6675001112744,39.0,0.0008323746104118736,0.0,1200,1200,1200,1200,1200,1200,1200,1200,1200,1200,1200
GET,/predict?cb_nonce=525217,1,0,1303.4862000495195,1303.4862000495195,1303.4862000495195,1303.4862000495195,39.0,0.0008323746104118736,0.0,1300,1300,1300,1300,1300,1300,1300,1300,1300,1300,1300
GET,/predict?cb_nonce=525304,1,1,4228.824599995278,4228.824599995278,4228.824599995278,4228.824599995278,0.0,0.0008323746104118736,0.0008323746104118736,4200,4200,4200,4200,4200,4200,4200,4200,4200,4200,4200
GET,/predict?cb_nonce=525597,1,1,4092.426300048828,4092.426300048828,4092.426300048828,4092.426300048828,0.0,0.0008323746104118736,0.0008323746104118736,4100,4100,4100,4100,4100,4100,4100,4100,4100,4100,4100
GET,/predict?cb_nonce=525778,1,0,1060.8146999729797,1060.8146999729797,1060.8146999729797,1060.8146999729797,39.0,0.0008323746104118736,0.0,1100,1100,1100,1100,1100,1100,1100,1100,1100,1100,1100
GET,/predict?cb_nonce=526798,1,1,4100.321399979293,4100.321399979293,4100.321399979293,4100.321399979293,0.0,0.0008323746104118736,0.0008323746104118736,4100,4100,4100,4100,4100,4100,4100,4100,4100,4100,4100
GET,/predict?cb_nonce=527252,1,0,2700.1550999702886,2700.1550999702886,2700.1550999702886,2700.1550999702886,39.0,0.0008323746104118736,0.0,2700,2700,2700,2700,2700,2700,2700,2700,2700,2700,2700
GET,/predict?cb_nonce=527592,1,0,18176.928299944848,18176.928299944848,18176.928299944848,18176.928299944848,39.0,0.0008323746104118736,0.0,18000,18000,18000,18000,18000,18000,18000,18000,18000,18000,18000
GET,/predict?cb_nonce=527738,1,0,1439.350500004366,1439.350500004366,1439.350500004366,1439.350500004366,39.0,0.0008323746104118736,0.0,1400,1400,1400,1400,1400,1400,1400,1400,1400,1400,1400
GET,/predict?cb_nonce=528135,1,0,27144.348299945705,27144.348299945705,27144.348299945705,27144.348299945705,39.0,0.0008323746104118736,0.0,27000,27000,27000,27000,27000,27000,27000,27000,27000,27000,27000
GET,/predict?cb_nonce=528255,1,0,71694.24610002898,71694.24610002898,71694.24610002898,71694.24610002898,39.0,0.0008323746104118736,0.0,72000,72000,72000,72000,72000,72000,72000,72000,72000,72000,72000
GET,/predict?cb_nonce=528314,1,0,2343.4126999927685,2343.4126999927685,2343.4126999927685,2343.4126999927685,39.0,0.0008323746104118736,0.0,2300,2300,2300,2300,2300,2300,2300,2300,2300,2300,2300
GET,/predict?cb_nonce=528686,1,0,36577.57210009731,36577.57210009731,36577.57210009731,36577.57210009731,39.0,0.0008323746104118736,0.0,37000,37000,37000,37000,37000,37000,37000,37000,37000,37000,37000
GET,/predict?cb_nonce=528943,1,1,4231.878099963069,4231.878099963069,4231.878099963069,4231.878099963069,0.0,0.0008323746104118736,0.0008323746104118736,4200,4200,4200,4200,4200,4200,4200,4200,4200,4200,4200
GET,/predict?cb_nonce=529841,1,1,4104.55649998039,4104.55649998039,4104.55649998039,4104.55649998039,0.0,0.0008323746104118736,0.0008323746104118736,4100,4100,4100,4100,4100,4100,4100,4100,4100,4100,4100
GET,/predict?cb_nonce=529857,1,0,2530.4914999287575,2530.4914999287575,2530.4914999287575,2530.4914999287575,39.0,0.0008323746104118736,0.0,2500,2500,2500,2500,2500,2500,2500,2500,2500,2500,2500
GET,/predict?cb_nonce=52994,1,0,28230.603899923153,28230.603899923153,28230.603899923153,28230.603899923153,39.0,0.0008323746104118736,0.0,28000,28000,28000,28000,28000,28000,28000,28000,28000,28000,28000
GET,/predict?cb_nonce=530065,1,1,4154.111600015312,4154.111600015312,4154.111600015312,4154.111600015312,0.0,0.0008323746104118736,0.0008323746104118736,4200,4200,4200,4200,4200,4200,4200,4200,4200,4200,4200
GET,/predict?cb_nonce=530309,1,1,4072.0675999764353,4072.0675999764353,4072.0675999764353,4072.0675999764353,0.0,0.0008323746104118736,0.0008323746104118736,4100,4100,4100,4100,4100,4100,4100,4100,4100,4100,4100
GET,/predict?cb_nonce=53052,1,1,4100.932499975897,4100.932499975897,4100.932499975897,4100.932499975897,0.0,0.0008323746104118736,0.0008323746104118736,4100,4100,4100,4100,4100,4100,4100,4100,4100,4100,4100
GET,/predict?cb_nonce=531484,1,0,1422.2265999997035,1422.2265999997035,1422.2265999997035,1422.2265999997035,39.0,0.0008323746104118736,0.0,1400,1400,1400,1400,1400,1400,1400,1400,1400,1400,1400
GET,/predict?cb_nonce=531846,1,0,1408.6280000628904,1408.6280000628904,1408.6280000628904,1408.6280000628904,39.0,0.0008323746104118736,0.0,1400,1400,1400,1400,1400,1400,1400,1400,1400,1400,1400
GET,/predict?cb_nonce=532011,1,1,4210.942800040357,4210.942800040357,4210.942800040357,4210.942800040357,0.0,0.0008323746104118736,0.0008323746104118736,4200,4200,4200,4200,4200,4200,4200,4200,4200,4200,4200
GET,/predict?cb_nonce=53226,1,1,4092.740899999626,4092.740899999626,4092.740899999626,4092.740899999626,0.0,0.0008323746104118736,0.0008323746104118736,4100,4100,4100,4100,4100,4100,4100,4100,4100,4100,4100
GET,/predict?cb_nonce=532565,1,1,4102.1374999545515,4102.1374999545515,4102.1374999545515,4102.1374999545515,0.0,0.0008323746104118736,0.0008323746104118736,4100,4100,4100,4100,4100,4100,4100,4100,4100,4100,4100
GET,/predict?cb_nonce=532758,1,0,2042.3866999335587,2042.3866999335587,2042.3866999335587,2042.3866999335587,39.0,0.0008323746104118736,0.0,2000,2000,2000,2000,2000,2000,2000,2000,2000,2000,2000
GET,/predict?cb_nonce=533363,1,0,2396.978999953717,2396.978999953717,2396.978999953717,2396.978999953717,39.0,0.0008323746104118736,0.0,2400,2400,2400,2400,2400,2400,2400,2400,2400,2400,2400
GET,/predict?cb_nonce=534137,1,1,4106.764100026339,4106.764100026339,4106.764100026339,4106.764100026339,0.0,0.0008323746104118736,0.0008323746104118736,4100,4100,4100,4100,4100,4100,4100,4100,4100,4100,4100
GET,/predict?cb_nonce=534915,1,0,1656.4363000215963,1656.4363000215963,1656.4363000215963,1656.4363000215963,39.0,0.0008323746104118736,0.0,1700,1700,1700,1700,1700,1700,1700,1700,1700,1700,1700
GET,/predict?cb_nonce=53532,1,1,4329.681699979119,4329.681699979119,4329.681699979119,4329.681699979119,0.0,0.0008323746104118736,0.0008323746104118736,4300,4300,4300,4300,4300,4300,4300,4300,4300,4300,4300
GET,/predict?cb_nonce=535320,1,0,1863.9875000808388,1863.9875000808388,1863.9875000808388,1863.9875000808388,39.0,0.0008323746104118736,0.0,1900,1900,1900,1900,1900,1900,1900,1900,1900,1900,1900
GET,/predict?cb_nonce=536339,1,0,1470.685499953106,1470.685499953106,1470.685499953106,1470.685499953106,39.0,0.0008323746104118736,0.0,1500,1500,1500,1500,1500,1500,1500,1500,1500,1500,1500
GET,/predict?cb_nonce=537569,1,0,1421.792900073342,1421.792900073342,1421.792900073342,1421.792900073342,39.0,0.0008323746104118736,0.0,1400,1400,1400,1400,1400,1400,1400,1400,1400,1400,1400
GET,/predict?cb_nonce=537870,1,0,2286.539900000207,2286.539900000207,2286.539900000207,2286.539900000207,39.0,0.0008323746104118736,0.0,2300,2300,2300,2300,2300,2300,2300,2300,2300,2300,2300
GET,/predict?cb_nonce=538181,1,1,4377.114000031725,4377.114000031725,4377.114000031725,4377.114000031725,0.0,0.0008323746104118736,0.0008323746104118736,4400,4400,4400,4400,4400,4400,4400,4400,4400,4400,4400
GET,/predict?cb_nonce=538359,1,0,1670.7056999439374,1670.7056999439374,1670.7056999439374,1670.7056999439374,39.0,0.0008323746104118736,0.0,1700,1700,1700,1700,1700,1700,1700,1700,1700,1700,1700
GET,/predict?cb_nonce=538377,1,1,4477.026000036858,4477.026000036858,4477.026000036858,4477.026000036858,0.0,0.0008323746104118736,0.0008323746104118736,4500,4500,4500,4500,4500,4500,4500,4500,4500,4500,4500
GET,/predict?cb_nonce=538419,1,1,4216.61490004044,4216.61490004044,4216.61490004044,4216.61490004044,0.0,0.0008323746104118736,0.0008323746104118736,4200,4200,4200,4200,4200,4200,4200,4200,4200,4200,4200
GET,/predict?cb_nonce=539032,1,1,5513.282899977639,5513.282899977639,5513.282899977639,5513.282899977639,0.0,0.0008323746104118736,0.0008323746104118736,5500,5500,5500,5500,5500,5500,5500,5500,5500,5500,5500
GET,/predict?cb_nonce=539064,1,1,4166.131499921903,4166.131499921903,4166.131499921903,4166.131499921903,0.0,0.0008323746104118736,0.0008323746104118736,4200,4200,4200,4200,4200,4200,4200,4200,4200,4200,4200
GET,/predict?cb_nonce=539768,1,1,4174.287099973299,4174.287099973299,4174.287099973299,4174.287099973299,0.0,0.0008323746104118736,0.0008323746104118736,4200,4200,4200,4200,4200,4200,4200,4200,4200,4200,4200
GET,/predict?cb_nonce=54088,1,1,4318.891400005668,4318.891400005668,4318.891400005668,4318.891400005668,0.0,0.0008323746104118736,0.0008323746104118736,4300,4300,4300,4300,4300,4300,4300,4300,4300,4300,4300
GET,/predict?cb_nonce=541372,1,1,4196.334300097078,4196.334300097078,4196.334300097078,4196.334300097078,0.0,0.0008323746104118736,0.0008323746104118736,4200,4200,4200,4200,4200,4200,4200,4200,4200,4200,4200
GET,/predict?cb_nonce=5417,1,0,1578.1759000383317,1578.1759000383317,1578.1759000383317,1578.1759000383317,39.0,0.0008323746104118736,0.0,1600,1600,1600,1600,1600,1600,1600,1600,1600,1600,1600
GET,/predict?cb_nonce=542453,1,1,4077.1729999687523,4077.1729999687523,4077.1729999687523,4077.1729999687523,0.0,0.0008323746104118736,0.0008323746104118736,4100,4100,4100,4100,4100,4100,4100,4100,4100,4100,4100
GET,/predict?cb_nonce=542563,1,1,5206.880599958822,5206.880599958822,5206.880599958822,5206.880599958822,0.0,0.0008323746104118736,0.0008323746104118736,5200,5200,5200,5200,5200,5200,5200,5200,5200,5200,5200
GET,/predict?cb_nonce=542830,1,1,4072.997200069949,4072.997200069949,4072.997200069949,4072.997200069949,0.0,0.0008323746104118736,0.0008323746104118736,4100,4100,4100,4100,4100,4100,4100,4100,4100,4100,4100
GET,/predict?cb_nonce=543586,1,0,2433.0332999816164,2433.0332999816164,2433.0332999816164,2433.0332999816164,39.0,0.0008323746104118736,0.0,2400,2400,2400,2400,2400,2400,2400,2400,2400,2400,2400
GET,/predict?cb_nonce=543747,1,0,2484.3732999870554,2484.3732999870554,2484.3732999870554,2484.3732999870554,39.0,0.0008323746104118736,0.0,2500,2500,2500,2500,2500,2500,2500,2500,2500,2500,2500
GET,/predict?cb_nonce=54375,1,1,4097.409300040454,4097.409300040454,4097.409300040454,4097.409300040454,0.0,0.0008323746104118736,0.0008323746104118736,4100,4100,4100,4100,4100,4100,4100,4100,4100,4100,4100
GET,/predict?cb_nonce=543787,1,1,5410.414400044829,5410.414400044829,5410.414400044829,5410.414400044829,0.0,0.0008323746104118736,0.0008323746104118736,5400,5400,5400,5400,5400,5400,5400,5400,5400,5400,5400
GET,/predict?cb_nonce=5445,1,0,2621.054199989885,2621.054199989885,2621.054199989885,2621.054199989885,39.0,0.0008323746104118736,0.0,2600,2600,2600,2600,2600,2600,2600,2600,2600,2600,2600
GET,/predict?cb_nonce=544552,1,1,4493.751699919812,4493.751699919812,4493.751699919812,4493.751699919812,0.0,0.0008323746104118736,0.0008323746104118736,4500,4500,4500,4500,4500,4500,4500,4500,4500,4500,4500
GET,/predict?cb_nonce=545175,1,1,4139.656999963336,4139.656999963336,4139.656999963336,4139.656999963336,0.0,0.0008323746104118736,0.0008323746104118736,4100,4100,4100,4100,4100,4100,4100,4100,4100,4100,4100
GET,/predict?cb_nonce=545468,1,0,1799.561299965717,1799.561299965717,1799.561299965717,1799.561299965717,39.0,0.0008323746104118736,0.0,1800,1800,1800,1800,1800,1800,1800,1800,1800,1800,1800
GET,/predict?cb_nonce=546482,1,0,1760.6122000142932,1760.6122000142932,1760.6122000142932,1760.6122000142932,39.0,0.0008323746104118736,0.0,1800,1800,1800,1800,1800,1800,1800,1800,1800,1800,1800
GET,/predict?cb_nonce=546702,1,0,1903.1493000220507,1903.1493000220507,1903.1493000220507,1903.1493000220507,39.0,0.0008323746104118736,0.0,1900,1900,1900,1900,1900,1900,1900,1900,1900,1900,1900
GET,/predict?cb_nonce=547539,1,1,4292.055600089952,4292.055600089952,4292.055600089952,4292.055600089952,0.0,0.0008323746104118736,0.0008323746104118736,4300,4300,4300,4300,4300,4300,4300,4300,4300,4300,4300
GET,/predict?cb_nonce=547717,1,0,17956.671499996446,17956.671499996446,17956.671499996446,17956.671499996446,39.0,0.0008323746104118736,0.0,18000,18000,18000,18000,18000,18000,18000,18000,18000,18000,18000
GET,/predict?cb_nonce=548119,1,1,4228.939899941906,4228.939899941906,4228.939899941906,4228.939899941906,0.0,0.0008323746104118736,0.0008323746104118736,4200,4200,4200,4200,4200,4200,4200,4200,4200,4200,4200
GET,/predict?cb_nonce=548546,1,1,4289.8897000122815,4289.8897000122815,4289.8897000122815,4289.8897000122815,0.0,0.0008323746104118736,0.0008323746104118736,4300,4300,4300,4300,4300,4300,4300,4300,4300,4300,4300
GET,/predict?cb_nonce=548597,1,0,2329.2728000087664,2329.2728000087664,2329.2728000087664,2329.2728000087664,39.0,0.0008323746104118736,0.0,2300,2300,2300,2300,2300,2300,2300,2300,2300,2300,2300
GET,/predict?cb_nonce=548854,1,1,5127.689899993129,5127.689899993129,5127.689899993129,5127.689899993129,0.0,0.0008323746104118736,0.0008323746104118736,5100,5100,5100,5100,5100,5100,5100,5100,5100,5100,5100
GET,/predict?cb_nonce=549082,1,0,1692.3685999354348,1692.3685999354348,1692.3685999354348,1692.3685999354348,39.0,0.0008323746104118736,0.0,1700,1700,1700,1700,1700,1700,1700,1700,1700,1700,1700
GET,/predict?cb_nonce=549783,1,0,2839.1569999512285,2839.1569999512285,2839.1569999512285,2839.1569999512285,39.0,0.0008323746104118736,0.0,2800,2800,2800,2800,2800,2800,2800,2800,2800,2800,2800
GET,/predict?cb_nonce=550890,1,0,47231.83960001916,47231.83960001916,47231.83960001916,47231.83960001916,39.0,0.0008323746104118736,0.0,47000,47000,47000,47000,47000,47000,47000,47000,47000,47000,47000
GET,/predict?cb_nonce=551193,1,0,1435.613099951297,1435.613099951297,1435.613099951297,1435.613099951297,39.0,0.0008323746104118736,0.0,1400,1400,1400,1400,1400,1400,1400,1400,1400,1400,1400
GET,/predict?cb_nonce=551268,1,0,1577.1516999229789,1577.1516999229789,1577.1516999229789,1577.1516999229789,39.0,0.0008323746104118736,0.0,1600,1600,1600,1600,1600,1600,1600,1600,1600,1600,1600
GET,/predict?cb_nonce=551621,1,1,4215.355199994519,4215.355199994519,4215.355199994519,4215.355199994519,0.0,0.0008323746104118736,0.0008323746104118736,4200,4200,4200,4200,4200,4200,4200,4200,4200,4200,4200
GET,/predict?cb_nonce=55174,1,0,12219.571499968879,12219.571499968879,12219.571499968879,12219.571499968879,39.0,0.0008323746104118736,0.0,12000,12000,12000,12000,12000,12000,12000,12000,12000,12000,12000
GET,/predict?cb_nonce=551981,1,1,4380.705400020815,4380.705400020815,4380.705400020815,4380.705400020815,0.0,0.0008323746104118736,0.0008323746104118736,4400,4400,4400,4400,4400,4400,4400,4400,4400,4400,4400
GET,/predict?cb_nonce=552175,1,0,1472.4920000880957,1472.4920000880957,1472.4920000880957,1472.4920000880957,39.0,0.0008323746104118736,0.0,1500,1500,1500,1500,1500,1500,1500,1500,1500,1500,1500
GET,/predict?cb_nonce=552928,1,0,1319.8512000963092,1319.8512000963092,1319.8512000963092,1319.8512000963092,39.0,0.0008323746104118736,0.0,1300,1300,1300,1300,1300,1300,1300,1300,1300,1300,1300
GET,/predict?cb_nonce=553852,1,0,2160.4181999573484,2160.4181999573484,2160.4181999573484,2160.4181999573484,39.0,0.0008323746104118736,0.0,2200,2200,2200,2200,2200,2200,2200,2200,2200,2200,2200
GET,/predict?cb_nonce=553864,1,0,1458.2638000138104,1458.2638000138104,1458.2638000138104,1458.2638000138104,39.0,0.0008323746104118736,0.0,1500,1500,1500,1500,1500,1500,1500,1500,1500,1500,1500
GET,/predict?cb_nonce=554222,1,0,12152.613800019026,12152.613800019026,12152.613800019026,12152.613800019026,39.0,0.0008323746104118736,0.0,12000,12000,12000,12000,12000,12000,12000,12000,12000,12000,12000
GET,/predict?cb_nonce=554359,1,1,4076.7470999853685,4076.7470999853685,4076.7470999853685,4076.7470999853685,0.0,0.0008323746104118736,0.0008323746104118736,4100,4100,4100,4100,4100,4100,4100,4100,4100,4100,4100
GET,/predict?cb_nonce=554655,1,1,4053.2196999993175,4053.2196999993175,4053.2196999993175,4053.2196999993175,0.0,0.0008323746104118736,0.0008323746104118736,4100,4100,4100,4100,4100,4100,4100,4100,4100,4100,4100
GET,/predict?cb_nonce=554908,1,1,4102.435700013302,4102.435700013302,4102.435700013302,4102.435700013302,0.0,0.0008323746104118736,0.0008323746104118736,4100,4100,4100,4100,4100,4100,4100,4100,4100,4100,4100
GET,/predict?cb_nonce=555151,1,1,4082.564399926923,4082.564399926923,4082.564399926923,4082.564399926923,0.0,0.0008323746104118736,0.0008323746104118736,4100,4100,4100,4100,4100,4100,4100,4100,4100,4100,4100
GET,/predict?cb_nonce=556002,1,0,1711.8290999205783,1711.8290999205783,1711.8290999205783,1711.8290999205783,39.0,0.0008323746104118736,0.0,1700,1700,1700,1700,1700,1700,1700,1700,1700,1700,1700
GET,/predict?cb_nonce=556005,1,0,1672.7422999683768,1672.7422999683768,1672.7422999683768,1672.7422999683768,39.0,0.0008323746104118736,0.0,1700,1700,1700,1700,1700,1700,1700,1700,1700,1700,1700
GET,/predict?cb_nonce=556111,1,1,5197.919399943203,5197.919399943203,5197.919399943203,5197.919399943203,0.0,0.0008323746104118736,0.0008323746104118736,5200,5200,5200,5200,5200,5200,5200,5200,5200,5200,5200
GET,/predict?cb_nonce=556182,1,0,1974.5830999454483,1974.5830999454483,1974.5830999454483,1974.5830999454483,39.0,0.0008323746104118736,0.0,2000,2000,2000,2000,2000,2000,2000,2000,2000,2000,2000
GET,/predict?cb_nonce=556183,1,0,1148.2651999685913,1148.2651999685913,1148.2651999685913,1148.2651999685913,39.0,0.0008323746104118736,0.0,1100,1100,1100,1100,1100,1100,1100,1100,1100,1100,1100
GET,/predict?cb_nonce=556344,1,1,4483.479200047441,4483.479200047441,4483.479200047441,4483.479200047441,0.0,0.0008323746104118736,0.0008323746104118736,4500,4500,4500,4500,4500,4500,4500,4500,4500,4500,4500
GET,/predict?cb_nonce=557613,1,1,4059.2174000339583,4059.2174000339583,4059.2174000339583,4059.2174000339583,0.0,0.0008323746104118736,0.0008323746104118736,4100,4100,4100,4100,4100,4100,4100,4100,4100,4100,4100
GET,/predict?cb_nonce=557742,1,1,4335.020900005475,4335.020900005475,4335.020900005475,4335.020900005475,0.0,0.0008323746104118736,0.0008323746104118736,4300,4300,4300,4300,4300,4300,4300,4300,4300,4300,4300
GET,/predict?cb_nonce=557953,1,1,4190.099700004794,4190.099700004794,4190.099700004794,4190.099700004794,0.0,0.0008323746104118736,0.0008323746104118736,4200,4200,4200,4200,4200,4200,4200,4200,4200,4200,4200
GET,/predict?cb_nonce=558804,1,0,9213.326700031757,9213.326700031757,9213.326700031757,9213.326700031757,39.0,0.0008323746104118736,0.0,9200,9200,9200,9200,9200,9200,9200,9200,9200,9200,9200
GET,/predict?cb_nonce=559089,1,0,2474.2074999958277,2474.2074999958277,2474.2074999958277,2474.2074999958277,39.0,0.0008323746104118736,0.0,2500,2500,2500,2500,2500,2500,2500,2500,2500,2500,2500
GET,/predict?cb_nonce=559647,1,0,1362.204600009136,1362.204600009136,1362.204600009136,1362.204600009136,39.0,0.0008323746104118736,0.0,1400,1400,1400,1400,1400,1400,1400,1400,1400,1400,1400
GET,/predict?cb_nonce=560287,1,0,15018.374299979769,15018.374299979769,15018.374299979769,15018.374299979769,39.0,0.0008323746104118736,0.0,15000,15000,15000,15000,15000,15000,15000,15000,15000,15000,15000
GET,/predict?cb_nonce=560439,1,0,2193.6369999311864,2193.6369999311864,2193.6369999311864,2193.6369999311864,39.0,0.0008323746104118736,0.0,2200,2200,2200,2200,2200,2200,2200,2200,2200,2200,2200
GET,/predict?cb_nonce=560881,1,1,4267.157200025395,4267.157200025395,4267.157200025395,4267.157200025395,0.0,0.0008323746104118736,0.0008323746104118736,4300,4300,4300,4300,4300,4300,4300,4300,4300,4300,4300
GET,/predict?cb_nonce=561567,1,0,2407.505299896002,2407.505299896002,2407.505299896002,2407.505299896002,39.0,0.0008323746104118736,0.0,2400,2400,2400,2400,2400,2400,2400,2400,2400,2400,2400
GET,/predict?cb_nonce=561700,1,0,46925.87340006139,46925.87340006139,46925.87340006139,46925.87340006139,39.0,0.0008323746104118736,0.0,47000,47000,47000,47000,47000,47000,47000,47000,47000,47000,47000
GET,/predict?cb_nonce=562361,1,1,5080.057599931024,5080.057599931024,5080.057599931024,5080.057599931024,0.0,0.0008323746104118736,0.0008323746104118736,5100,5100,5100,5100,5100,5100,5100,5100,5100,5100,5100
GET,/predict?cb_nonce=563013,1,1,5047.807900002226,5047.807900002226,5047.807900002226,5047.807900002226,0.0,0.0008323746104118736,0.0008323746104118736,5000,5000,5000,5000,5000,5000,5000,5000,5000,5000,5000
GET,/predict?cb_nonce=5631,1,1,4438.738099997863,4438.738099997863,4438.738099997863,4438.738099997863,0.0,0.0008323746104118736,0.0008323746104118736,4400,4400,4400,4400,4400,4400,4400,4400,4400,4400,4400
GET,/predict?cb_nonce=563308,1,1,4098.680299939588,4098.680299939588,4098.680299939588,4098.680299939588,0.0,0.0008323746104118736,0.0008323746104118736,4100,4100,4100,4100,4100,4100,4100,4100,4100,4100,4100
GET,/predict?cb_nonce=563799,1,0,2386.8808000115678,2386.8808000115678,2386.8808000115678,2386.8808000115678,39.0,0.0008323746104118736,0.0,2400,2400,2400,2400,2400,2400,2400,2400,2400,2400,2400
GET,/predict?cb_nonce=563803,1,0,2546.7944000847638,2546.7944000847638,2546.7944000847638,2546.7944000847638,39.0,0.0008323746104118736,0.0,2500,2500,2500,2500,2500,2500,2500,2500,2500,2500,2500
GET,/predict?cb_nonce=563852,1,1,5120.751200011,5120.751200011,5120.751200011,5120.751200011,0.0,0.0008323746104118736,0.0008323746104118736,5100,5100,5100,5100,5100,5100,5100,5100,5100,5100,5100
GET,/predict?cb_nonce=564407,1,0,2359.1180000221357,2359.1180000221357,2359.1180000221357,2359.1180000221357,39.0,0.0008323746104118736,0.0,2400,2400,2400,2400,2400,2400,2400,2400,2400,2400,2400
GET,/predict?cb_nonce=564751,1,0,2278.570199967362,2278.570199967362,2278.570199967362,2278.570199967362,39.0,0.0008323746104118736,0.0,2300,2300,2300,2300,2300,2300,2300,2300,2300,2300,2300
GET,/predict?cb_nonce=564816,1,0,1652.3211000021547,1652.3211000021547,1652.3211000021547,1652.3211000021547,39.0,0.0008323746104118736,0.0,1700,1700,1700,1700,1700,1700,1700,1700,1700,1700,1700
GET,/predict?cb_nonce=564878,1,1,5219.287100015208,5219.287100015208,5219.287100015208,5219.287100015208,0.0,0.0008323746104118736,0.0008323746104118736,5200,5200,5200,5200,5200,5200,5200,5200,5200,5200,5200
GET,/predict?cb_nonce=564985,1,1,4277.888900018297,4277.888900018297,4277.888900018297,4277.888900018297,0.0,0.0008323746104118736,0.0008323746104118736,4300,4300,4300,4300,4300,4300,4300,4300,4300,4300,4300
GET,/predict?cb_nonce=565045,1,1,4216.558499960229,4216.558499960229,4216.558499960229,4216.558499960229,0.0,0.0008323746104118736,0.0008323746104118736,4200,4200,4200,4200,4200,4200,4200,4200,4200,4200,4200
GET,/predict?cb_nonce=565052,1,1,4511.680600000545,4511.680600000545,4511.680600000545,4511.680600000545,0.0,0.0008323746104118736,0.0008323746104118736,4500,4500,4500,4500,4500,4500,4500,4500,4500,4500,4500
GET,/predict?cb_nonce=566162,1,0,2255.723400041461,2255.723400041461,2255.723400041461,2255.723400041461,39.0,0.0008323746104118736,0.0,2300,2300,2300,2300,2300,2300,2300,2300,2300,2300,2300
GET,/predict?cb_nonce=567276,1,0,35154.55179999117,35154.55179999117,35154.55179999117,35154.55179999117,39.0,0.0008323746104118736,0.0,35000,35000,35000,35000,35000,35000,35000,35000,35000,35000,35000
GET,/predict?cb_nonce=567483,1,0,1268.4361999854445,1268.4361999854445,1268.4361999854445,1268.4361999854445,39.0,0.0008323746104118736,0.0,1300,1300,1300,1300,1300,1300,1300,1300,1300,1300,1300
GET,/predict?cb_nonce=567936,1,0,2750.527699943632,2750.527699943632,2750.527699943632,2750.527699943632,39.0,0.0008323746104118736,0.0,2800,2800,2800,2800,2800,2800,2800,2800,2800,2800,2800
GET,/predict?cb_nonce=568003,1,0,773.8374000182375,773.8374000182375,773.8374000182375,773.8374000182375,39.0,0.0008323746104118736,0.0,770,770,770,770,770,770,770,770,770,770,770
GET,/predict?cb_nonce=568868,1,0,2424.272699980065,2424.272699980065,2424.272699980065,2424.272699980065,39.0,0.0008323746104118736,0.0,2400,2400,2400,2400,2400,2400,2400,2400,2400,2400,2400
GET,/predict?cb_nonce=569371,1,0,2492.8279999876395,2492.8279999876395,2492.8279999876395,2492.8279999876395,39.0,0.0008323746104118736,0.0,2500,2500,2500,2500,2500,2500,2500,2500,2500,2500,2500
GET,/predict?cb_nonce=569395,1,0,30268.387599964626,30268.387599964626,30268.387599964626,30268.387599964626,39.0,0.0008323746104118736,0.0,30000,30000,30000,30000,30000,30000,30000,30000,30000,30000,30000
GET,/predict?cb_nonce=569529,1,1,4083.8196999393404,4083.8196999393404,4083.8196999393404,4083.8196999393404,0.0,0.0008323746104118736,0.0008323746104118736,4100,4100,4100,4100,4100,4100,4100,4100,4100,4100,4100
GET,/predict?cb_nonce=570392,1,0,1800.7599000120535,1800.7599000120535,1800.7599000120535,1800.7599000120535,39.0,0.0008323746104118736,0.0,1800,1800,1800,1800,1800,1800,1800,1800,1800,1800,1800
GET,/predict?cb_nonce=570887,1,1,4071.086799958721,4071.086799958721,4071.086799958721,4071.086799958721,0.0,0.0008323746104118736,0.0008323746104118736,4100,4100,4100,4100,4100,4100,4100,4100,4100,4100,4100
GET,/predict?cb_nonce=570937,1,0,2175.546500016935,2175.546500016935,2175.546500016935,2175.546500016935,39.0,0.0008323746104118736,0.0,2200,2200,2200,2200,2200,2200,2200,2200,2200,2200,2200
GET,/predict?cb_nonce=571383,1,0,1203.9285000646487,1203.9285000646487,1203.9285000646487,1203.9285000646487,39.0,0.0008323746104118736,0.0,1200,1200,1200,1200,1200,1200,1200,1200,1200,1200,1200
GET,/predict?cb_nonce=571485,1,1,4281.172799994238,4281.172799994238,4281.172799994238,4281.172799994238,0.0,0.0008323746104118736,0.0008323746104118736,4300,4300,4300,4300,4300,4300,4300,4300,4300,4300,4300
GET,/predict?cb_nonce=571775,1,1,4119.143499992788,4119.143499992788,4119.143499992788,4119.143499992788,0.0,0.0008323746104118736,0.0008323746104118736,4100,4100,4100,4100,4100,4100,4100,4100,4100,4100,4100
GET,/predict?cb_nonce=572352,1,0,2521.7945999465883,2521.7945999465883,2521.7945999465883,2521.7945999465883,39.0,0.0008323746104118736,0.0,2500,2500,2500,2500,2500,2500,2500,2500,2500,2500,2500
GET,/predict?cb_nonce=572426,1,1,4046.788099920377,4046.788099920377,4046.788099920377,4046.788099920377,0.0,0.0008323746104118736,0.0008323746104118736,4000,4000,4000,4000,4000,4000,4000,4000,4000,4000,4000
GET,/predict?cb_nonce=57245,1,1,5218.065699911676,5218.065699911676,5218.065699911676,5218.065699911676,0.0,0.0008323746104118736,0.0008323746104118736,5200,5200,5200,5200,5200,5200,5200,5200,5200,5200,5200
GET,/predict?cb_nonce=572485,1,0,1395.7484000129625,1395.7484000129625,1395.7484000129625,1395.7484000129625,39.0,0.0008323746104118736,0.0,1400,1400,1400,1400,1400,1400,1400,1400,1400,1400,1400
GET,/predict?cb_nonce=572622,1,1,4081.8493999540806,4081.8493999540806,4081.8493999540806,4081.8493999540806,0.0,0.0008323746104118736,0.0008323746104118736,4100,4100,4100,4100,4100,4100,4100,4100,4100,4100,4100
GET,/predict?cb_nonce=573248,1,1,4911.862600012682,4911.862600012682,4911.862600012682,4911.862600012682,0.0,0.0008323746104118736,0.0008323746104118736,4900,4900,4900,4900,4900,4900,4900,4900,4900,4900,4900
GET,/predict?cb_nonce=573294,1,1,4215.513200033456,4215.513200033456,4215.513200033456,4215.513200033456,0.0,0.0008323746104118736,0.0008323746104118736,4200,4200,4200,4200,4200,4200,4200,4200,4200,4200,4200
GET,/predict?cb_nonce=574437,1,0,2656.5879000118002,2656.5879000118002,2656.5879000118002,2656.5879000118002,39.0,0.0008323746104118736,0.0,2700,2700,2700,2700,2700,2700,2700,2700,2700,2700,2700
GET,/predict?cb_nonce=57455,1,1,4594.8631999781355,4594.8631999781355,4594.8631999781355,4594.8631999781355,0.0,0.0008323746104118736,0.0008323746104118736,4600,4600,4600,4600,4600,4600,4600,4600,4600,4600,4600
GET,/predict?cb_nonce=57514,1,0,1593.0360000347719,1593.0360000347719,1593.0360000347719,1593.0360000347719,39.0,0.0008323746104118736,0.0,1600,1600,1600,1600,1600,1600,1600,1600,1600,1600,1600
GET,/predict?cb_nonce=575193,1,0,2793.624500045553,2793.624500045553,2793.624500045553,2793.624500045553,39.0,0.0008323746104118736,0.0,2800,2800,2800,2800,2800,2800,2800,2800,2800,2800,2800
GET,/predict?cb_nonce=57529,1,1,5126.963000046089,5126.963000046089,5126.963000046089,5126.963000046089,0.0,0.0008323746104118736,0.0008323746104118736,5100,5100,5100,5100,5100,5100,5100,5100,5100,5100,5100
GET,/predict?cb_nonce=575746,1,0,1999.763600062579,1999.763600062579,1999.763600062579,1999.763600062579,39.0,0.0008323746104118736,0.0,2000,2000,2000,2000,2000,2000,2000,2000,2000,2000,2000
GET,/predict?cb_nonce=577104,1,0,2216.190700070001,2216.190700070001,2216.190700070001,2216.190700070001,39.0,0.0008323746104118736,0.0,2200,2200,2200,2200,2200,2200,2200,2200,2200,2200,2200
GET,/predict?cb_nonce=577527,1,1,4058.6427999660373,4058.6427999660373,4058.6427999660373,4058.6427999660373,0.0,0.0008323746104118736,0.0008323746104118736,4100,4100,4100,4100,4100,4100,4100,4100,4100,4100,4100
GET,/predict?cb_nonce=577710,1,1,4281.590100028552,4281.590100028552,4281.590100028552,4281.590100028552,0.0,0.0008323746104118736,0.0008323746104118736,4300,4300,4300,4300,4300,4300,4300,4300,4300,4300,4300
GET,/predict?cb_nonce=577758,1,0,3829.6315000625327,3829.6315000625327,3829.6315000625327,3829.6315000625327,39.0,0.0008323746104118736,0.0,3800,3800,3800,3800,3800,3800,3800,3800,3800,3800,3800
GET,/predict?cb_nonce=577916,1,1,4945.206900010817,4945.206900010817,4945.206900010817,4945.206900010817,0.0,0.0008323746104118736,0.0008323746104118736,4900,4900,4900,4900,4900,4900,4900,4900,4900,4900,4900
GET,/predict?cb_nonce=578544,1,1,4072.614400065504,4072.614400065504,4072.614400065504,4072.614400065504,0.0,0.0008323746104118736,0.0008323746104118736,4100,4100,4100,4100,4100,4100,4100,4100,4100,4100,4100
GET,/predict?cb_nonce=57938,1,1,4076.7913999734446,4076.7913999734446,4076.7913999734446,4076.7913999734446,0.0,0.0008323746104118736,0.0008323746104118736,4100,4100,4100,4100,4100,4100,4100,4100,4100,4100,4100
GET,/predict?cb_nonce=579991,1,1,5181.615200010128,5181.615200010128,5181.615200010128,5181.615200010128,0.0,0.0008323746104118736,0.0008323746104118736,5200,5200,5200,5200,5200,5200,5200,5200,5200,5200,5200
GET,/predict?cb_nonce=580076,1,1,5109.015500056557,5109.015500056557,5109.015500056557,5109.015500056557,0.0,0.0008323746104118736,0.0008323746104118736,5100,5100,5100,5100,5100,5100,5100,5100,5100,5100,5100
GET,/predict?cb_nonce=58008,1,1,4058.2971000112593,4058.2971000112593,4058.2971000112593,4058.2971000112593,0.0,0.0008323746104118736,0.0008323746104118736,4100,4100,4100,4100,4100,4100,4100,4100,4100,4100,4100
GET,/predict?cb_nonce=580101,1,1,4234.112899983302,4234.112899983302,4234.112899983302,4234.112899983302,0.0,0.0008323746104118736,0.0008323746104118736,4200,4200,4200,4200,4200,4200,4200,4200,4200,4200,4200
GET,/predict?cb_nonce=580409,1,0,2778.000600053929,2778.000600053929,2778.000600053929,2778.000600053929,39.0,0.0008323746104118736,0.0,2800,2800,2800,2800,2800,2800,2800,2800,2800,2800,2800
GET,/predict?cb_nonce=580886,1,1,4271.8637000070885,4271.8637000070885,4271.8637000070885,4271.8637000070885,0.0,0.0008323746104118736,0.0008323746104118736,4300,4300,4300,4300,4300,4300,4300,4300,4300,4300,4300
GET,/predict?cb_nonce=581945,1,1,5080.897599924356,5080.897599924356,5080.897599924356,5080.897599924356,0.0,0.0008323746104118736,0.0008323746104118736,5100,5100,5100,5100,5100,5100,5100,5100,5100,5100,5100
GET,/predict?cb_nonce=58201,1,1,4094.842799939215,4094.842799939215,4094.842799939215,4094.842799939215,0.0,0.0008323746104118736,0.0008323746104118736,4100,4100,4100,4100,4100,4100,4100,4100,4100,4100,4100
GET,/predict?cb_nonce=582036,1,1,5182.126600062475,5182.126600062475,5182.126600062475,5182.126600062475,0.0,0.0008323746104118736,0.0008323746104118736,5200,5200,5200,5200,5200,5200,5200,5200,5200,5200,5200
GET,/predict?cb_nonce=582753,1,0,1120.5726999323815,1120.5726999323815,1120.5726999323815,1120.5726999323815,39.0,0.0008323746104118736,0.0,1100,1100,1100,1100,1100,1100,1100,1100,1100,1100,1100
GET,/predict?cb_nonce=582817,1,0,2223.5223999014124,2223.5223999014124,2223.5223999014124,2223.5223999014124,39.0,0.0008323746104118736,0.0,2200,2200,2200,2200,2200,2200,2200,2200,2200,2200,2200
GET,/predict?cb_nonce=58345,1,0,2578.8742000004277,2578.8742000004277,2578.8742000004277,2578.8742000004277,39.0,0.0008323746104118736,0.0,2600,2600,2600,2600,2600,2600,2600,2600,2600,2600,2600
GET,/predict?cb_nonce=583575,1,1,4200.822900049388,4200.822900049388,4200.822900049388,4200.822900049388,0.0,0.0008323746104118736,0.0008323746104118736,4200,4200,4200,4200,4200,4200,4200,4200,4200,4200,4200
GET,/predict?cb_nonce=583675,1,0,2264.6388999419287,2264.6388999419287,2264.6388999419287,2264.6388999419287,39.0,0.0008323746104118736,0.0,2300,2300,2300,2300,2300,2300,2300,2300,2300,2300,2300
GET,/predict?cb_nonce=583853,1,1,4501.376200001687,4501.376200001687,4501.376200001687,4501.376200001687,0.0,0.0008323746104118736,0.0008323746104118736,4500,4500,4500,4500,4500,4500,4500,4500,4500,4500,4500
GET,/predict?cb_nonce=58404,1,1,4377.500499947928,4377.500499947928,4377.500499947928,4377.500499947928,0.0,0.0008323746104118736,0.0008323746104118736,4400,4400,4400,4400,4400,4400,4400,4400,4400,4400,4400
GET,/predict?cb_nonce=585171,1,0,2609.1517000459135,2609.1517000459135,2609.1517000459135,2609.1517000459135,39.0,0.0008323746104118736,0.0,2600,2600,2600,2600,2600,2600,2600,2600,2600,2600,2600
GET,/predict?cb_nonce=585283,1,1,4167.2365999547765,4167.2365999547765,4167.2365999547765,4167.2365999547765,0.0,0.0008323746104118736,0.0008323746104118736,4200,4200,4200,4200,4200,4200,4200,4200,4200,4200,4200
GET,/predict?cb_nonce=58554,1,1,4219.528999994509,4219.528999994509,4219.528999994509,4219.528999994509,0.0,0.0008323746104118736,0.0008323746104118736,4200,4200,4200,4200,4200,4200,4200,4200,4200,4200,4200
GET,/predict?cb_nonce=585742,1,1,5373.222999973223,5373.222999973223,5373.222999973223,5373.222999973223,0.0,0.0008323746104118736,0.0008323746104118736,5400,5400,5400,5400,5400,5400,5400,5400,5400,5400,5400
GET,/predict?cb_nonce=586003,1,0,2428.242199937813,2428.242199937813,2428.242199937813,2428.242199937813,39.0,0.0008323746104118736,0.0,2400,2400,2400,2400,2400,2400,2400,2400,2400,2400,2400
GET,/predict?cb_nonce=586048,1,0,2339.378400007263,2339.378400007263,2339.378400007263,2339.378400007263,39.0,0.0008323746104118736,0.0,2300,2300,2300,2300,2300,2300,2300,2300,2300,2300,2300
GET,/predict?cb_nonce=586581,1,1,4654.383999994025,4654.383999994025,4654.383999994025,4654.383999994025,0.0,0.0008323746104118736,0.0008323746104118736,4700,4700,4700,4700,4700,4700,4700,4700,4700,4700,4700
GET,/predict?cb_nonce=588327,1,1,4091.445600031875,4091.445600031875,4091.445600031875,4091.445600031875,0.0,0.0008323746104118736,0.0008323746104118736,4100,4100,4100,4100,4100,4100,4100,4100,4100,4100,4100
GET,/predict?cb_nonce=588798,1,0,2325.5620999261737,2325.5620999261737,2325.5620999261737,2325.5620999261737,39.0,0.0008323746104118736,0.0,2300,2300,2300,2300,2300,2300,2300,2300,2300,2300,2300
GET,/predict?cb_nonce=589060,1,1,5294.925800058991,5294.925800058991,5294.925800058991,5294.925800058991,0.0,0.0008323746104118736,0.0008323746104118736,5300,5300,5300,5300,5300,5300,5300,5300,5300,5300,5300
GET,/predict?cb_nonce=589511,1,0,1650.6167000625283,1650.6167000625283,1650.6167000625283,1650.6167000625283,39.0,0.0008323746104118736,0.0,1700,1700,1700,1700,1700,1700,1700,1700,1700,1700,1700
GET,/predict?cb_nonce=589851,1,0,2519.3548999959603,2519.3548999959603,2519.3548999959603,2519.3548999959603,39.0,0.0008323746104118736,0.0,2500,2500,2500,2500,2500,2500,2500,2500,2500,2500,2500
GET,/predict?cb_nonce=590214,1,1,4770.6104998942465,4770.6104998942465,4770.6104998942465,4770.6104998942465,0.0,0.0008323746104118736,0.0008323746104118736,4800,4800,4800,4800,4800,4800,4800,4800,4800,4800,4800
GET,/predict?cb_nonce=590310,1,1,5236.715800012462,5236.715800012462,5236.715800012462,5236.715800012462,0.0,0.0008323746104118736,0.0008323746104118736,5200,5200,5200,5200,5200,5200,5200,5200,5200,5200,5200
GET,/predict?cb_nonce=591305,1,0,1435.3851999621838,1435.3851999621838,1435.3851999621838,1435.3851999621838,39.0,0.0008323746104118736,0.0,1400,1400,1400,1400,1400,1400,1400,1400,1400,1400,1400
GET,/predict?cb_nonce=591582,1,0,27158.839200041257,27158.839200041257,27158.839200041257,27158.839200041257,39.0,0.0008323746104118736,0.0,27000,27000,27000,27000,27000,27000,27000,27000,27000,27000,27000
GET,/predict?cb_nonce=591834,1,1,4161.004900000989,4161.004900000989,4161.004900000989,4161.004900000989,0.0,0.0008323746104118736,0.0008323746104118736,4200,4200,4200,4200,4200,4200,4200,4200,4200,4200,4200
GET,/predict?cb_nonce=592460,1,0,3276.2188999913633,3276.2188999913633,3276.2188999913633,3276.2188999913633,39.0,0.0008323746104118736,0.0,3300,3300,3300,3300,3300,3300,3300,3300,3300,3300,3300
GET,/predict?cb_nonce=592461,1,0,1555.406600004062,1555.406600004062,1555.406600004062,1555.406600004062,39.0,0.0008323746104118736,0.0,1600,1600,1600,1600,1600,1600,1600,1600,1600,1600,1600
GET,/predict?cb_nonce=593113,1,0,2479.9168999306858,2479.9168999306858,2479.9168999306858,2479.9168999306858,39.0,0.0008323746104118736,0.0,2500,2500,2500,2500,2500,2500,2500,2500,2500,2500,2500
GET,/predict?cb_nonce=593273,1,0,2699.4513999670744,2699.4513999670744,2699.4513999670744,2699.4513999670744,39.0,0.0008323746104118736,0.0,2700,2700,2700,2700,2700,2700,2700,2700,2700,2700,2700
GET,/predict?cb_nonce=594407,1,0,16812.30999995023,16812.30999995023,16812.30999995023,16812.30999995023,39.0,0.0008323746104118736,0.0,17000,17000,17000,17000,17000,17000,17000,17000,17000,17000,17000
GET,/predict?cb_nonce=594755,1,1,4201.984200044535,4201.984200044535,4201.984200044535,4201.984200044535,0.0,0.0008323746104118736,0.0008323746104118736,4200,4200,4200,4200,4200,4200,4200,4200,4200,4200,4200
GET,/predict?cb_nonce=594813,1,0,1639.930900069885,1639.930900069885,1639.930900069885,1639.930900069885,39.0,0.0008323746104118736,0.0,1600,1600,1600,1600,1600,1600,1600,1600,1600,1600,1600
GET,/predict?cb_nonce=595221,1,0,2098.6200999468565,2098.6200999468565,2098.6200999468565,2098.6200999468565,39.0,0.0008323746104118736,0.0,2100,2100,2100,2100,2100,2100,2100,2100,2100,2100,2100
GET,/predict?cb_nonce=595251,1,1,4307.303500012495,4307.303500012495,4307.303500012495,4307.303500012495,0.0,0.0008323746104118736,0.0008323746104118736,4300,4300,4300,4300,4300,4300,4300,4300,4300,4300,4300
GET,/predict?cb_nonce=596084,1,0,1549.932900001295,1549.932900001295,1549.932900001295,1549.932900001295,39.0,0.0008323746104118736,0.0,1500,1500,1500,1500,1500,1500,1500,1500,1500,1500,1500
GET,/predict?cb_nonce=59696,1,1,4074.8760000569746,4074.8760000569746,4074.8760000569746,4074.8760000569746,0.0,0.0008323746104118736,0.0008323746104118736,4100,4100,4100,4100,4100,4100,4100,4100,4100,4100,4100
GET,/predict?cb_nonce=597090,1,0,1535.7012000167742,1535.7012000167742,1535.7012000167742,1535.7012000167742,39.0,0.0008323746104118736,0.0,1500,1500,1500,1500,1500,1500,1500,1500,1500,1500,1500
GET,/predict?cb_nonce=597449,1,0,2861.237100092694,2861.237100092694,2861.237100092694,2861.237100092694,39.0,0.0008323746104118736,0.0,2900,2900,2900,2900,2900,2900,2900,2900,2900,2900,2900
GET,/predict?cb_nonce=597663,1,1,4566.612199996598,4566.612199996598,4566.612199996598,4566.612199996598,0.0,0.0008323746104118736,0.0008323746104118736,4600,4600,4600,4600,4600,4600,4600,4600,4600,4600,4600
GET,/predict?cb_nonce=598205,1,0,2405.3464999888092,2405.3464999888092,2405.3464999888092,2405.3464999888092,39.0,0.0008323746104118736,0.0,2400,2400,2400,2400,2400,2400,2400,2400,2400,2400,2400
GET,/predict?cb_nonce=598525,1,1,4114.953099982813,4114.953099982813,4114.953099982813,4114.953099982813,0.0,0.0008323746104118736,0.0008323746104118736,4100,4100,4100,4100,4100,4100,4100,4100,4100,4100,4100
GET,/predict?cb_nonce=598890,1,0,1310.8446999685839,1310.8446999685839,1310.8446999685839,1310.8446999685839,39.0,0.0008323746104118736,0.0,1300,1300,1300,1300,1300,1300,1300,1300,1300,1300,1300
GET,/predict?cb_nonce=599308,1,1,4156.455399934202,4156.455399934202,4156.455399934202,4156.455399934202,0.0,0.0008323746104118736,0.0008323746104118736,4200,4200,4200,4200,4200,4200,4200,4200,4200,4200,4200
GET,/predict?cb_nonce=60036,1,0,1551.6828999388963,1551.6828999388963,1551.6828999388963,1551.6828999388963,39.0,0.0008323746104118736,0.0,1600,1600,1600,1600,1600,1600,1600,1600,1600,1600,1600
GET,/predict?cb_nonce=601093,1,1,4076.7536000348628,4076.7536000348628,4076.7536000348628,4076.7536000348628,0.0,0.0008323746104118736,0.0008323746104118736,4100,4100,4100,4100,4100,4100,4100,4100,4100,4100,4100
GET,/predict?cb_nonce=601742,1,0,1750.1037999754772,1750.1037999754772,1750.1037999754772,1750.1037999754772,39.0,0.0008323746104118736,0.0,1800,1800,1800,1800,1800,1800,1800,1800,1800,1800,1800
GET,/predict?cb_nonce=601747,1,1,4324.061099905521,4324.061099905521,4324.061099905521,4324.061099905521,0.0,0.0008323746104118736,0.0008323746104118736,4300,4300,4300,4300,4300,4300,4300,4300,4300,4300,4300
GET,/predict?cb_nonce=60194,1,0,2626.9451999105513,2626.9451999105513,2626.9451999105513,2626.9451999105513,39.0,0.0008323746104118736,0.0,2600,2600,2600,2600,2600,2600,2600,2600,2600,2600,2600
GET,/predict?cb_nonce=602528,1,0,2479.8161999788135,2479.8161999788135,2479.8161999788135,2479.8161999788135,39.0,0.0008323746104118736,0.0,2500,2500,2500,2500,2500,2500,2500,2500,2500,2500,2500
GET,/predict?cb_nonce=603348,1,1,4104.271800024435,4104.271800024435,4104.271800024435,4104.271800024435,0.0,0.0008323746104118736,0.0008323746104118736,4100,4100,4100,4100,4100,4100,4100,4100,4100,4100,4100
GET,/predict?cb_nonce=60371,1,0,1674.1895000450313,1674.1895000450313,1674.1895000450313,1674.1895000450313,39.0,0.0008323746104118736,0.0,1700,1700,1700,1700,1700,1700,1700,1700,1700,1700,1700
GET,/predict?cb_nonce=60576,1,1,4086.3458999665454,4086.3458999665454,4086.3458999665454,4086.3458999665454,0.0,0.0008323746104118736,0.0008323746104118736,4100,4100,4100,4100,4100,4100,4100,4100,4100,4100,4100
GET,/predict?cb_nonce=60577,1,1,4173.11459989287,4173.11459989287,4173.11459989287,4173.11459989287,0.0,0.0008323746104118736,0.0008323746104118736,4200,4200,4200,4200,4200,4200,4200,4200,4200,4200,4200
GET,/predict?cb_nonce=605771,1,1,4083.7872999254614,4083.7872999254614,4083.7872999254614,4083.7872999254614,0.0,0.0008323746104118736,0.0008323746104118736,4100,4100,4100,4100,4100,4100,4100,4100,4100,4100,4100
GET,/predict?cb_nonce=606393,1,1,4085.2657000068575,4085.2657000068575,4085.2657000068575,4085.2657000068575,0.0,0.0008323746104118736,0.0008323746104118736,4100,4100,4100,4100,4100,4100,4100,4100,4100,4100,4100
GET,/predict?cb_nonce=607136,1,1,4225.324899889529,4225.324899889529,4225.324899889529,4225.324899889529,0.0,0.0008323746104118736,0.0008323746104118736,4200,4200,4200,4200,4200,4200,4200,4200,4200,4200,4200
GET,/predict?cb_nonce=607284,1,1,4293.226100038737,4293.226100038737,4293.226100038737,4293.226100038737,0.0,0.0008323746104118736,0.0008323746104118736,4300,4300,4300,4300,4300,4300,4300,4300,4300,4300,4300
GET,/predict?cb_nonce=607697,1,0,33866.619100095704,33866.619100095704,33866.619100095704,33866.619100095704,39.0,0.0008323746104118736,0.0,34000,34000,34000,34000,34000,34000,34000,34000,34000,34000,34000
GET,/predict?cb_nonce=607902,1,1,4198.024800047278,4198.024800047278,4198.024800047278,4198.024800047278,0.0,0.0008323746104118736,0.0008323746104118736,4200,4200,4200,4200,4200,4200,4200,4200,4200,4200,4200
GET,/predict?cb_nonce=608893,1,1,4065.546100027859,4065.546100027859,4065.546100027859,4065.546100027859,0.0,0.0008323746104118736,0.0008323746104118736,4100,4100,4100,4100,4100,4100,4100,4100,4100,4100,4100
GET,/predict?cb_nonce=608984,1,1,4162.158099934459,4162.158099934459,4162.158099934459,4162.158099934459,0.0,0.0008323746104118736,0.0008323746104118736,4200,4200,4200,4200,4200,4200,4200,4200,4200,4200,4200
GET,/predict?cb_nonce=609052,1,1,4632.956999936141,4632.956999936141,4632.956999936141,4632.956999936141,0.0,0.0008323746104118736,0.0008323746104118736,4600,4600,4600,4600,4600,4600,4600,4600,4600,4600,4600
GET,/predict?cb_nonce=609208,1,0,1609.7275000065565,1609.7275000065565,1609.7275000065565,1609.7275000065565,39.0,0.0008323746104118736,0.0,1600,1600,1600,1600,1600,1600,1600,1600,1600,1600,1600
GET,/predict?cb_nonce=609394,1,0,2943.423500051722,2943.423500051722,2943.423500051722,2943.423500051722,39.0,0.0008323746104118736,0.0,2900,2900,2900,2900,2900,2900,2900,2900,2900,2900,2900
GET,/predict?cb_nonce=609438,1,1,4780.545499990694,4780.545499990694,4780.545499990694,4780.545499990694,0.0,0.0008323746104118736,0.0008323746104118736,4800,4800,4800,4800,4800,4800,4800,4800,4800,4800,4800
GET,/predict?cb_nonce=610078,1,0,1409.294999903068,1409.294999903068,1409.294999903068,1409.294999903068,39.0,0.0008323746104118736,0.0,1400,1400,1400,1400,1400,1400,1400,1400,1400,1400,1400
GET,/predict?cb_nonce=611172,1,1,4375.046900007874,4375.046900007874,4375.046900007874,4375.046900007874,0.0,0.0008323746104118736,0.0008323746104118736,4400,4400,4400,4400,4400,4400,4400,4400,4400,4400,4400
GET,/predict?cb_nonce=613119,1,0,1722.0823999959975,1722.0823999959975,1722.0823999959975,1722.0823999959975,39.0,0.0008323746104118736,0.0,1700,1700,1700,1700,1700,1700,1700,1700,1700,1700,1700
GET,/predict?cb_nonce=613451,1,0,3561.2946000183,3561.2946000183,3561.2946000183,3561.2946000183,39.0,0.0008323746104118736,0.0,3600,3600,3600,3600,3600,3600,3600,3600,3600,3600,3600
GET,/predict?cb_nonce=613880,1,0,1987.4929999932647,1987.4929999932647,1987.4929999932647,1987.4929999932647,39.0,0.0008323746104118736,0.0,2000,2000,2000,2000,2000,2000,2000,2000,2000,2000,2000
GET,/predict?cb_nonce=613974,1,1,4128.776099998504,4128.776099998504,4128.776099998504,4128.776099998504,0.0,0.0008323746104118736,0.0008323746104118736,4100,4100,4100,4100,4100,4100,4100,4100,4100,4100,4100
GET,/predict?cb_nonce=614,1,1,4063.5067999828607,4063.5067999828607,4063.5067999828607,4063.5067999828607,0.0,0.0008323746104118736,0.0008323746104118736,4100,4100,4100,4100,4100,4100,4100,4100,4100,4100,4100
GET,/predict?cb_nonce=614155,1,0,2516.321799950674,2516.321799950674,2516.321799950674,2516.321799950674,39.0,0.0008323746104118736,0.0,2500,2500,2500,2500,2500,2500,2500,2500,2500,2500,2500
GET,/predict?cb_nonce=614282,1,1,4262.026499956846,4262.026499956846,4262.026499956846,4262.026499956846,0.0,0.0008323746104118736,0.0008323746104118736,4300,4300,4300,4300,4300,4300,4300,4300,4300,4300,4300
GET,/predict?cb_nonce=614302,1,0,2017.4781000241637,2017.4781000241637,2017.4781000241637,2017.4781000241637,39.0,0.0008323746104118736,0.0,2000,2000,2000,2000,2000,2000,2000,2000,2000,2000,2000
GET,/predict?cb_nonce=614330,1,0,2313.1073000840843,2313.1073000840843,2313.1073000840843,2313.1073000840843,39.0,0.0008323746104118736,0.0,2300,2300,2300,2300,2300,2300,2300,2300,2300,2300,2300
GET,/predict?cb_nonce=614617,1,1,4438.06209997274,4438.06209997274,4438.06209997274,4438.06209997274,0.0,0.0008323746104118736,0.0008323746104118736,4400,4400,4400,4400,4400,4400,4400,4400,4400,4400,4400
GET,/predict?cb_nonce=614935,1,0,2174.556899932213,2174.556899932213,2174.556899932213,2174.556899932213,39.0,0.0008323746104118736,0.0,2200,2200,2200,2200,2200,2200,2200,2200,2200,2200,2200
GET,/predict?cb_nonce=614969,1,1,4188.1170000415295,4188.1170000415295,4188.1170000415295,4188.1170000415295,0.0,0.0008323746104118736,0.0008323746104118736,4200,4200,4200,4200,4200,4200,4200,4200,4200,4200,4200
GET,/predict?cb_nonce=614980,1,0,16202.115599997342,16202.115599997342,16202.115599997342,16202.115599997342,39.0,0.0008323746104118736,0.0,16000,16000,16000,16000,16000,16000,16000,16000,16000,16000,16000
GET,/predict?cb_nonce=615158,1,0,47065.12980000116,47065.12980000116,47065.12980000116,47065.12980000116,39.0,0.0008323746104118736,0.0,47000,47000,47000,47000,47000,47000,47000,47000,47000,47000,47000
GET,/predict?cb_nonce=615343,1,1,4172.098699957132,4172.098699957132,4172.098699957132,4172.098699957132,0.0,0.0008323746104118736,0.0008323746104118736,4200,4200,4200,4200,4200,4200,4200,4200,4200,4200,4200
GET,/predict?cb_nonce=616563,1,1,4669.008300057612,4669.008300057612,4669.008300057612,4669.008300057612,0.0,0.0008323746104118736,0.0008323746104118736,4700,4700,4700,4700,4700,4700,4700,4700,4700,4700,4700
GET,/predict?cb_nonce=616673,1,0,28267.75480003562,28267.75480003562,28267.75480003562,28267.75480003562,39.0,0.0008323746104118736,0.0,28000,28000,28000,28000,28000,28000,28000,28000,28000,28000,28000
GET,/predict?cb_nonce=616956,1,0,2524.282299913466,2524.282299913466,2524.282299913466,2524.282299913466,39.0,0.0008323746104118736,0.0,2500,2500,2500,2500,2500,2500,2500,2500,2500,2500,2500
GET,/predict?cb_nonce=617637,1,1,4489.046500064433,4489.046500064433,4489.046500064433,4489.046500064433,0.0,0.0008323746104118736,0.0008323746104118736,4500,4500,4500,4500,4500,4500,4500,4500,4500,4500,4500
GET,/predict?cb_nonce=618549,1,0,1789.5781999686733,1789.5781999686733,1789.5781999686733,1789.5781999686733,39.0,0.0008323746104118736,0.0,1800,1800,1800,1800,1800,1800,1800,1800,1800,1800,1800
GET,/predict?cb_nonce=618581,1,1,4356.709499959834,4356.709499959834,4356.709499959834,4356.709499959834,0.0,0.0008323746104118736,0.0008323746104118736,4400,4400,4400,4400,4400,4400,4400,4400,4400,4400,4400
GET,/predict?cb_nonce=618840,1,0,2211.3047000020742,2211.3047000020742,2211.3047000020742,2211.3047000020742,39.0,0.0008323746104118736,0.0,2200,2200,2200,2200,2200,2200,2200,2200,2200,2200,2200
GET,/predict?cb_nonce=619878,1,0,1633.9084000792354,1633.9084000792354,1633.9084000792354,1633.9084000792354,39.0,0.0008323746104118736,0.0,1600,1600,1600,1600,1600,1600,1600,1600,1600,1600,1600
GET,/predict?cb_nonce=620059,1,1,4674.4408999802545,4674.4408999802545,4674.4408999802545,4674.4408999802545,0.0,0.0008323746104118736,0.0008323746104118736,4700,4700,4700,4700,4700,4700,4700,4700,4700,4700,4700
GET,/predict?cb_nonce=620372,1,0,1793.9261000137776,1793.9261000137776,1793.9261000137776,1793.9261000137776,39.0,0.0008323746104118736,0.0,1800,1800,1800,1800,1800,1800,1800,1800,1800,1800,1800
GET,/predict?cb_nonce=620918,1,0,1932.1023999946192,1932.1023999946192,1932.1023999946192,1932.1023999946192,39.0,0.0008323746104118736,0.0,1900,1900,1900,1900,1900,1900,1900,1900,1900,1900,1900
GET,/predict?cb_nonce=620938,1,0,1784.1549000004306,1784.1549000004306,1784.1549000004306,1784.1549000004306,39.0,0.0008323746104118736,0.0,1800,1800,1800,1800,1800,1800,1800,1800,1800,1800,1800
GET,/predict?cb_nonce=6213,1,1,4272.53750001546,4272.53750001546,4272.53750001546,4272.53750001546,0.0,0.0008323746104118736,0.0008323746104118736,4300,4300,4300,4300,4300,4300,4300,4300,4300,4300,4300
GET,/predict?cb_nonce=621611,1,1,4203.637499944307,4203.637499944307,4203.637499944307,4203.637499944307,0.0,0.0008323746104118736,0.0008323746104118736,4200,4200,4200,4200,4200,4200,4200,4200,4200,4200,4200
GET,/predict?cb_nonce=622354,1,0,2287.449400057085,2287.449400057085,2287.449400057085,2287.449400057085,39.0,0.0008323746104118736,0.0,2300,2300,2300,2300,2300,2300,2300,2300,2300,2300,2300
GET,/predict?cb_nonce=622616,1,1,4551.028499961831,4551.028499961831,4551.028499961831,4551.028499961831,0.0,0.0008323746104118736,0.0008323746104118736,4600,4600,4600,4600,4600,4600,4600,4600,4600,4600,4600
GET,/predict?cb_nonce=622712,1,0,35107.91700007394,35107.91700007394,35107.91700007394,35107.91700007394,39.0,0.0008323746104118736,0.0,35000,35000,35000,35000,35000,35000,35000,35000,35000,35000,35000
GET,/predict?cb_nonce=622869,1,0,3291.4663000265136,3291.4663000265136,3291.4663000265136,3291.4663000265136,39.0,0.0008323746104118736,0.0,3300,3300,3300,3300,3300,3300,3300,3300,3300,3300,3300
GET,/predict?cb_nonce=623027,1,1,4532.135899993591,4532.135899993591,4532.135899993591,4532.135899993591,0.0,0.0008323746104118736,0.0008323746104118736,4500,4500,4500,4500,4500,4500,4500,4500,4500,4500,4500
GET,/predict?cb_nonce=623968,1,0,1389.0143000753596,1389.0143000753596,1389.0143000753596,1389.0143000753596,39.0,0.0008323746104118736,0.0,1400,1400,1400,1400,1400,1400,1400,1400,1400,1400,1400
GET,/predict?cb_nonce=624656,1,1,4082.7428000047803,4082.7428000047803,4082.7428000047803,4082.7428000047803,0.0,0.0008323746104118736,0.0008323746104118736,4100,4100,4100,4100,4100,4100,4100,4100,4100,4100,4100
GET,/predict?cb_nonce=62550,1,0,1493.4020000509918,1493.4020000509918,1493.4020000509918,1493.4020000509918,39.0,0.0008323746104118736,0.0,1500,1500,1500,1500,1500,1500,1500,1500,1500,1500,1500
GET,/predict?cb_nonce=62573,1,0,2039.8064999608323,2039.8064999608323,2039.8064999608323,2039.8064999608323,39.0,0.0008323746104118736,0.0,2000,2000,2000,2000,2000,2000,2000,2000,2000,2000,2000
GET,/predict?cb_nonce=625806,1,0,10489.474800066091,10489.474800066091,10489.474800066091,10489.474800066091,39.0,0.0008323746104118736,0.0,10000,10000,10000,10000,10000,10000,10000,10000,10000,10000,10000
GET,/predict?cb_nonce=627205,1,0,1517.9197000106797,1517.9197000106797,1517.9197000106797,1517.9197000106797,39.0,0.0008323746104118736,0.0,1500,1500,1500,1500,1500,1500,1500,1500,1500,1500,1500
GET,/predict?cb_nonce=627551,1,1,4086.404199944809,4086.404199944809,4086.404199944809,4086.404199944809,0.0,0.0008323746104118736,0.0008323746104118736,4100,4100,4100,4100,4100,4100,4100,4100,4100,4100,4100
GET,/predict?cb_nonce=627653,1,0,3117.8731000982225,3117.8731000982225,3117.8731000982225,3117.8731000982225,39.0,0.0008323746104118736,0.0,3100,3100,3100,3100,3100,3100,3100,3100,3100,3100,3100
GET,/predict?cb_nonce=628377,1,1,4101.1816000100225,4101.1816000100225,4101.1816000100225,4101.1816000100225,0.0,0.0008323746104118736,0.0008323746104118736,4100,4100,4100,4100,4100,4100,4100,4100,4100,4100,4100
GET,/predict?cb_nonce=629172,1,0,2366.1662000231445,2366.1662000231445,2366.1662000231445,2366.1662000231445,39.0,0.0008323746104118736,0.0,2400,2400,2400,2400,2400,2400,2400,2400,2400,2400,2400
GET,/predict?cb_nonce=629357,1,0,2554.721099906601,2554.721099906601,2554.721099906601,2554.721099906601,39.0,0.0008323746104118736,0.0,2600,2600,2600,2600,2600,2600,2600,2600,2600,2600,2600
GET,/predict?cb_nonce=630097,1,0,1352.3386999731883,1352.3386999731883,1352.3386999731883,1352.3386999731883,39.0,0.0008323746104118736,0.0,1400,1400,1400,1400,1400,1400,1400,1400,1400,1400,1400
GET,/predict?cb_nonce=630133,1,1,4416.375100030564,4416.375100030564,4416.375100030564,4416.375100030564,0.0,0.0008323746104118736,0.0008323746104118736,4400,4400,4400,4400,4400,4400,4400,4400,4400,4400,4400
GET,/predict?cb_nonce=630172,1,0,1458.7963999947533,1458.7963999947533,1458.7963999947533,1458.7963999947533,39.0,0.0008323746104118736,0.0,1500,1500,1500,1500,1500,1500,1500,1500,1500,1500,1500
GET,/predict?cb_nonce=630235,1,1,4127.105199964717,4127.105199964717,4127.105199964717,4127.105199964717,0.0,0.0008323746104118736,0.0008323746104118736,4100,4100,4100,4100,4100,4100,4100,4100,4100,4100,4100
GET,/predict?cb_nonce=631,1,0,2655.052699963562,2655.052699963562,2655.052699963562,2655.052699963562,39.0,0.0008323746104118736,0.0,2700,2700,2700,2700,2700,2700,2700,2700,2700,2700,2700
GET,/predict?cb_nonce=631028,1,0,1157.6520000817254,1157.6520000817254,1157.6520000817254,1157.6520000817254,39.0,0.0008323746104118736,0.0,1200,1200,1200,1200,1200,1200,1200,1200,1200,1200,1200
GET,/predict?cb_nonce=631293,1,1,4107.815600000322,4107.815600000322,4107.815600000322,4107.815600000322,0.0,0.0008323746104118736,0.0008323746104118736,4100,4100,4100,4100,4100,4100,4100,4100,4100,4100,4100
GET,/predict?cb_nonce=631830,1,0,2759.487200062722,2759.487200062722,2759.487200062722,2759.487200062722,39.0,0.0008323746104118736,0.0,2800,2800,2800,2800,2800,2800,2800,2800,2800,2800,2800
GET,/predict?cb_nonce=631935,1,0,1581.7610999802127,1581.7610999802127,1581.7610999802127,1581.7610999802127,39.0,0.0008323746104118736,0.0,1600,1600,1600,1600,1600,1600,1600,1600,1600,1600,1600
GET,/predict?cb_nonce=632066,1,0,2368.7505000270903,2368.7505000270903,2368.7505000270903,2368.7505000270903,39.0,0.0008323746104118736,0.0,2400,2400,2400,2400,2400,2400,2400,2400,2400,2400,2400
GET,/predict?cb_nonce=632348,1,0,1969.2632999503985,1969.2632999503985,1969.2632999503985,1969.2632999503985,39.0,0.0008323746104118736,0.0,2000,2000,2000,2000,2000,2000,2000,2000,2000,2000,2000
GET,/predict?cb_nonce=632795,1,0,2438.194499933161,2438.194499933161,2438.194499933161,2438.194499933161,39.0,0.0008323746104118736,0.0,2400,2400,2400,2400,2400,2400,2400,2400,2400,2400,2400
GET,/predict?cb_nonce=633587,1,1,5222.050600103103,5222.050600103103,5222.050600103103,5222.050600103103,0.0,0.0008323746104118736,0.0008323746104118736,5200,5200,5200,5200,5200,5200,5200,5200,5200,5200,5200
GET,/predict?cb_nonce=634355,1,0,2208.802599925548,2208.802599925548,2208.802599925548,2208.802599925548,39.0,0.0008323746104118736,0.0,2200,2200,2200,2200,2200,2200,2200,2200,2200,2200,2200
GET,/predict?cb_nonce=634471,1,0,2176.7940000863746,2176.7940000863746,2176.7940000863746,2176.7940000863746,39.0,0.0008323746104118736,0.0,2200,2200,2200,2200,2200,2200,2200,2200,2200,2200,2200
GET,/predict?cb_nonce=634660,1,1,4388.871099916287,4388.871099916287,4388.871099916287,4388.871099916287,0.0,0.0008323746104118736,0.0008323746104118736,4400,4400,4400,4400,4400,4400,4400,4400,4400,4400,4400
GET,/predict?cb_nonce=635268,1,1,4632.075400091708,4632.075400091708,4632.075400091708,4632.075400091708,0.0,0.0008323746104118736,0.0008323746104118736,4600,4600,4600,4600,4600,4600,4600,4600,4600,4600,4600
GET,/predict?cb_nonce=635320,1,0,2110.154699999839,2110.154699999839,2110.154699999839,2110.154699999839,39.0,0.0008323746104118736,0.0,2100,2100,2100,2100,2100,2100,2100,2100,2100,2100,2100
GET,/predict?cb_nonce=635417,1,1,4103.204999933951,4103.204999933951,4103.204999933951,4103.204999933951,0.0,0.0008323746104118736,0.0008323746104118736,4100,4100,4100,4100,4100,4100,4100,4100,4100,4100,4100
GET,/predict?cb_nonce=635501,1,1,4205.884300055914,4205.884300055914,4205.884300055914,4205.884300055914,0.0,0.0008323746104118736,0.0008323746104118736,4200,4200,4200,4200,4200,4200,4200,4200,4200,4200,4200
GET,/predict?cb_nonce=636046,1,1,4332.625600043684,4332.625600043684,4332.625600043684,4332.625600043684,0.0,0.0008323746104118736,0.0008323746104118736,4300,4300,4300,4300,4300,4300,4300,4300,4300,4300,4300
GET,/predict?cb_nonce=636054,1,0,1312.2091999975964,1312.2091999975964,1312.2091999975964,1312.2091999975964,39.0,0.0008323746104118736,0.0,1300,1300,1300,1300,1300,1300,1300,1300,1300,1300,1300
GET,/predict?cb_nonce=636605,1,1,4127.331400057301,4127.331400057301,4127.331400057301,4127.331400057301,0.0,0.0008323746104118736,0.0008323746104118736,4100,4100,4100,4100,4100,4100,4100,4100,4100,4100,4100
GET,/predict?cb_nonce=636611,1,1,4063.029899960384,4063.029899960384,4063.029899960384,4063.029899960384,0.0,0.0008323746104118736,0.0008323746104118736,4100,4100,4100,4100,4100,4100,4100,4100,4100,4100,4100
GET,/predict?cb_nonce=636708,1,0,2186.9545999215916,2186.9545999215916,2186.9545999215916,2186.9545999215916,39.0,0.0008323746104118736,0.0,2200,2200,2200,2200,2200,2200,2200,2200,2200,2200,2200
GET,/predict?cb_nonce=637362,1,0,10592.848500004038,10592.848500004038,10592.848500004038,10592.848500004038,39.0,0.0008323746104118736,0.0,11000,11000,11000,11000,11000,11000,11000,11000,11000,11000,11000
GET,/predict?cb_nonce=637613,1,1,4220.717199961655,4220.717199961655,4220.717199961655,4220.717199961655,0.0,0.0008323746104118736,0.0008323746104118736,4200,4200,4200,4200,4200,4200,4200,4200,4200,4200,4200
GET,/predict?cb_nonce=637874,1,1,5123.291999916546,5123.291999916546,5123.291999916546,5123.291999916546,0.0,0.0008323746104118736,0.0008323746104118736,5100,5100,5100,5100,5100,5100,5100,5100,5100,5100,5100
GET,/predict?cb_nonce=638022,1,0,1883.8869000319391,1883.8869000319391,1883.8869000319391,1883.8869000319391,39.0,0.0008323746104118736,0.0,1900,1900,1900,1900,1900,1900,1900,1900,1900,1900,1900
GET,/predict?cb_nonce=638996,1,0,40165.701500023715,40165.701500023715,40165.701500023715,40165.701500023715,39.0,0.0008323746104118736,0.0,40000,40000,40000,40000,40000,40000,40000,40000,40000,40000,40000
GET,/predict?cb_nonce=639002,1,1,4111.32979998365,4111.32979998365,4111.32979998365,4111.32979998365,0.0,0.0008323746104118736,0.0008323746104118736,4100,4100,4100,4100,4100,4100,4100,4100,4100,4100,4100
GET,/predict?cb_nonce=639149,1,1,5573.798800003715,5573.798800003715,5573.798800003715,5573.798800003715,0.0,0.0008323746104118736,0.0008323746104118736,5600,5600,5600,5600,5600,5600,5600,5600,5600,5600,5600
GET,/predict?cb_nonce=639554,1,0,2712.8453000914305,2712.8453000914305,2712.8453000914305,2712.8453000914305,39.0,0.0008323746104118736,0.0,2700,2700,2700,2700,2700,2700,2700,2700,2700,2700,2700
GET,/predict?cb_nonce=639604,1,0,2244.752799975686,2244.752799975686,2244.752799975686,2244.752799975686,39.0,0.0008323746104118736,0.0,2200,2200,2200,2200,2200,2200,2200,2200,2200,2200,2200
GET,/predict?cb_nonce=639748,1,0,47992.27940000128,47992.27940000128,47992.27940000128,47992.27940000128,39.0,0.0008323746104118736,0.0,48000,48000,48000,48000,48000,48000,48000,48000,48000,48000,48000
GET,/predict?cb_nonce=640347,1,0,2799.426899990067,2799.426899990067,2799.426899990067,2799.426899990067,39.0,0.0008323746104118736,0.0,2800,2800,2800,2800,2800,2800,2800,2800,2800,2800,2800
GET,/predict?cb_nonce=640703,1,0,1266.720600076951,1266.720600076951,1266.720600076951,1266.720600076951,39.0,0.0008323746104118736,0.0,1300,1300,1300,1300,1300,1300,1300,1300,1300,1300,1300
GET,/predict?cb_nonce=64095,1,1,4838.070599944331,4838.070599944331,4838.070599944331,4838.070599944331,0.0,0.0008323746104118736,0.0008323746104118736,4800,4800,4800,4800,4800,4800,4800,4800,4800,4800,4800
GET,/predict?cb_nonce=642644,1,0,722.8873000713065,722.8873000713065,722.8873000713065,722.8873000713065,39.0,0.0008323746104118736,0.0,720,720,720,720,720,720,720,720,720,720,720
GET,/predict?cb_nonce=643329,1,1,5206.141400034539,5206.141400034539,5206.141400034539,5206.141400034539,0.0,0.0008323746104118736,0.0008323746104118736,5200,5200,5200,5200,5200,5200,5200,5200,5200,5200,5200
GET,/predict?cb_nonce=643409,1,0,1553.843199973926,1553.843199973926,1553.843199973926,1553.843199973926,39.0,0.0008323746104118736,0.0,1600,1600,1600,1600,1600,1600,1600,1600,1600,1600,1600
GET,/predict?cb_nonce=644442,1,1,4656.3630000455305,4656.3630000455305,4656.3630000455305,4656.3630000455305,0.0,0.0008323746104118736,0.0008323746104118736,4700,4700,4700,4700,4700,4700,4700,4700,4700,4700,4700
GET,/predict?cb_nonce=644789,1,0,6100.465800031088,6100.465800031088,6100.465800031088,6100.465800031088,39.0,0.0008323746104118736,0.0,6100,6100,6100,6100,6100,6100,6100,6100,6100,6100,6100
GET,/predict?cb_nonce=645941,1,1,5188.96830000449,5188.96830000449,5188.96830000449,5188.96830000449,0.0,0.0008323746104118736,0.0008323746104118736,5200,5200,5200,5200,5200,5200,5200,5200,5200,5200,5200
GET,/predict?cb_nonce=646743,1,0,1418.3901000069454,1418.3901000069454,1418.3901000069454,1418.3901000069454,39.0,0.0008323746104118736,0.0,1400,1400,1400,1400,1400,1400,1400,1400,1400,1400,1400
GET,/predict?cb_nonce=646886,1,0,2383.0822999589145,2383.0822999589145,2383.0822999589145,2383.0822999589145,39.0,0.0008323746104118736,0.0,2400,2400,2400,2400,2400,2400,2400,2400,2400,2400,2400
GET,/predict?cb_nonce=648292,1,1,4227.353400085121,4227.353400085121,4227.353400085121,4227.353400085121,0.0,0.0008323746104118736,0.0008323746104118736,4200,4200,4200,4200,4200,4200,4200,4200,4200,4200,4200
GET,/predict?cb_nonce=648398,1,1,4158.128899987787,4158.128899987787,4158.128899987787,4158.128899987787,0.0,0.0008323746104118736,0.0008323746104118736,4200,4200,4200,4200,4200,4200,4200,4200,4200,4200,4200
GET,/predict?cb_nonce=649113,1,1,4657.291500014253,4657.291500014253,4657.291500014253,4657.291500014253,0.0,0.0008323746104118736,0.0008323746104118736,4700,4700,4700,4700,4700,4700,4700,4700,4700,4700,4700
GET,/predict?cb_nonce=649192,1,0,2475.3905000397936,2475.3905000397936,2475.3905000397936,2475.3905000397936,39.0,0.0008323746104118736,0.0,2500,2500,2500,2500,2500,2500,2500,2500,2500,2500,2500
GET,/predict?cb_nonce=64924,1,1,4781.409700051881,4781.409700051881,4781.409700051881,4781.409700051881,0.0,0.0008323746104118736,0.0008323746104118736,4800,4800,4800,4800,4800,4800,4800,4800,4800,4800,4800
GET,/predict?cb_nonce=649783,1,1,5128.305199905299,5128.305199905299,5128.305199905299,5128.305199905299,0.0,0.0008323746104118736,0.0008323746104118736,5100,5100,5100,5100,5100,5100,5100,5100,5100,5100,5100
GET,/predict?cb_nonce=651455,1,0,2184.030400007032,2184.030400007032,2184.030400007032,2184.030400007032,39.0,0.0008323746104118736,0.0,2200,2200,2200,2200,2200,2200,2200,2200,2200,2200,2200
GET,/predict?cb_nonce=651477,1,1,4964.80039996095,4964.80039996095,4964.80039996095,4964.80039996095,0.0,0.0008323746104118736,0.0008323746104118736,5000,5000,5000,5000,5000,5000,5000,5000,5000,5000,5000
GET,/predict?cb_nonce=651691,1,1,4092.9268000181764,4092.9268000181764,4092.9268000181764,4092.9268000181764,0.0,0.0008323746104118736,0.0008323746104118736,4100,4100,4100,4100,4100,4100,4100,4100,4100,4100,4100
GET,/predict?cb_nonce=652707,1,0,1584.3070999253541,1584.3070999253541,1584.3070999253541,1584.3070999253541,39.0,0.0008323746104118736,0.0,1600,1600,1600,1600,1600,1600,1600,1600,1600,1600,1600
GET,/predict?cb_nonce=652861,1,0,1651.3734000036493,1651.3734000036493,1651.3734000036493,1651.3734000036493,39.0,0.0008323746104118736,0.0,1700,1700,1700,1700,1700,1700,1700,1700,1700,1700,1700
GET,/predict?cb_nonce=653094,1,0,1627.631300012581,1627.631300012581,1627.631300012581,1627.631300012581,39.0,0.0008323746104118736,0.0,1600,1600,1600,1600,1600,1600,1600,1600,1600,1600,1600
GET,/predict?cb_nonce=65338,1,1,4239.6822000155225,4239.6822000155225,4239.6822000155225,4239.6822000155225,0.0,0.0008323746104118736,0.0008323746104118736,4200,4200,4200,4200,4200,4200,4200,4200,4200,4200,4200
GET,/predict?cb_nonce=653556,1,0,1584.5202000346035,1584.5202000346035,1584.5202000346035,1584.5202000346035,39.0,0.0008323746104118736,0.0,1600,1600,1600,1600,1600,1600,1600,1600,1600,1600,1600
GET,/predict?cb_nonce=654476,1,0,1828.5861000185832,1828.5861000185832,1828.5861000185832,1828.5861000185832,39.0,0.0008323746104118736,0.0,1800,1800,1800,1800,1800,1800,1800,1800,1800,1800,1800
GET,/predict?cb_nonce=65452,1,1,4385.387699934654,4385.387699934654,4385.387699934654,4385.387699934654,0.0,0.0008323746104118736,0.0008323746104118736,4400,4400,4400,4400,4400,4400,4400,4400,4400,4400,4400
GET,/predict?cb_nonce=654812,1,0,27400.81480005756,27400.81480005756,27400.81480005756,27400.81480005756,39.0,0.0008323746104118736,0.0,27000,27000,27000,27000,27000,27000,27000,27000,27000,27000,27000
GET,/predict?cb_nonce=65500,1,0,2101.46540007554,2101.46540007554,2101.46540007554,2101.46540007554,39.0,0.0008323746104118736,0.0,2100,2100,2100,2100,2100,2100,2100,2100,2100,2100,2100
GET,/predict?cb_nonce=65517,1,1,5164.57210003864,5164.57210003864,5164.57210003864,5164.57210003864,0.0,0.0008323746104118736,0.0008323746104118736,5200,5200,5200,5200,5200,5200,5200,5200,5200,5200,5200
GET,/predict?cb_nonce=655665,1,0,1623.5195000190288,1623.5195000190288,1623.5195000190288,1623.5195000190288,39.0,0.0008323746104118736,0.0,1600,1600,1600,1600,1600,1600,1600,1600,1600,1600,1600
GET,/predict?cb_nonce=655983,1,0,1453.95830005873,1453.95830005873,1453.95830005873,1453.95830005873,39.0,0.0008323746104118736,0.0,1500,1500,1500,1500,1500,1500,1500,1500,1500,1500,1500
GET,/predict?cb_nonce=656092,1,0,1674.6626999229193,1674.6626999229193,1674.6626999229193,1674.6626999229193,39.0,0.0008323746104118736,0.0,1700,1700,1700,1700,1700,1700,1700,1700,1700,1700,1700
GET,/predict?cb_nonce=656327,1,1,4295.306200045161,4295.306200045161,4295.306200045161,4295.306200045161,0.0,0.0008323746104118736,0.0008323746104118736,4300,4300,4300,4300,4300,4300,4300,4300,4300,4300,4300
GET,/predict?cb_nonce=656610,1,1,5260.119799990207,5260.119799990207,5260.119799990207,5260.119799990207,0.0,0.0008323746104118736,0.0008323746104118736,5300,5300,5300,5300,5300,5300,5300,5300,5300,5300,5300
GET,/predict?cb_nonce=656614,1,0,31716.388099943288,31716.388099943288,31716.388099943288,31716.388099943288,39.0,0.0008323746104118736,0.0,32000,32000,32000,32000,32000,32000,32000,32000,32000,32000,32000
GET,/predict?cb_nonce=656871,1,0,1900.6082999985665,1900.6082999985665,1900.6082999985665,1900.6082999985665,39.0,0.0008323746104118736,0.0,1900,1900,1900,1900,1900,1900,1900,1900,1900,1900,1900
GET,/predict?cb_nonce=657810,1,1,4066.232100012712,4066.232100012712,4066.232100012712,4066.232100012712,0.0,0.0008323746104118736,0.0008323746104118736,4100,4100,4100,4100,4100,4100,4100,4100,4100,4100,4100
GET,/predict?cb_nonce=657829,1,1,4198.066100012511,4198.066100012511,4198.066100012511,4198.066100012511,0.0,0.0008323746104118736,0.0008323746104118736,4200,4200,4200,4200,4200,4200,4200,4200,4200,4200,4200
GET,/predict?cb_nonce=657868,1,1,5056.195600074716,5056.195600074716,5056.195600074716,5056.195600074716,0.0,0.0008323746104118736,0.0008323746104118736,5100,5100,5100,5100,5100,5100,5100,5100,5100,5100,5100
GET,/predict?cb_nonce=658185,1,0,2303.0113999266177,2303.0113999266177,2303.0113999266177,2303.0113999266177,39.0,0.0008323746104118736,0.0,2300,2300,2300,2300,2300,2300,2300,2300,2300,2300,2300
GET,/predict?cb_nonce=659145,1,1,4073.2620999915525,4073.2620999915525,4073.2620999915525,4073.2620999915525,0.0,0.0008323746104118736,0.0008323746104118736,4100,4100,4100,4100,4100,4100,4100,4100,4100,4100,4100
GET,/predict?cb_nonce=659514,1,1,4669.518599985167,4669.518599985167,4669.518599985167,4669.518599985167,0.0,0.0008323746104118736,0.0008323746104118736,4700,4700,4700,4700,4700,4700,4700,4700,4700,4700,4700
GET,/predict?cb_nonce=66,1,0,2325.9356000926346,2325.9356000926346,2325.9356000926346,2325.9356000926346,39.0,0.0008323746104118736,0.0,2300,2300,2300,2300,2300,2300,2300,2300,2300,2300,2300
GET,/predict?cb_nonce=660427,1,1,4328.858399996534,4328.858399996534,4328.858399996534,4328.858399996534,0.0,0.0008323746104118736,0.0008323746104118736,4300,4300,4300,4300,4300,4300,4300,4300,4300,4300,4300
GET,/predict?cb_nonce=660904,1,1,4285.2625999366865,4285.2625999366865,4285.2625999366865,4285.2625999366865,0.0,0.0008323746104118736,0.0008323746104118736,4300,4300,4300,4300,4300,4300,4300,4300,4300,4300,4300
GET,/predict?cb_nonce=661001,1,1,4098.521700012498,4098.521700012498,4098.521700012498,4098.521700012498,0.0,0.0008323746104118736,0.0008323746104118736,4100,4100,4100,4100,4100,4100,4100,4100,4100,4100,4100
GET,/predict?cb_nonce=662359,1,1,4313.849100028165,4313.849100028165,4313.849100028165,4313.849100028165,0.0,0.0008323746104118736,0.0008323746104118736,4300,4300,4300,4300,4300,4300,4300,4300,4300,4300,4300
GET,/predict?cb_nonce=662775,1,1,4223.358900053427,4223.358900053427,4223.358900053427,4223.358900053427,0.0,0.0008323746104118736,0.0008323746104118736,4200,4200,4200,4200,4200,4200,4200,4200,4200,4200,4200
GET,/predict?cb_nonce=663000,1,0,2749.813099973835,2749.813099973835,2749.813099973835,2749.813099973835,39.0,0.0008323746104118736,0.0,2700,2700,2700,2700,2700,2700,2700,2700,2700,2700,2700
GET,/predict?cb_nonce=663634,1,0,1445.2091999119148,1445.2091999119148,1445.2091999119148,1445.2091999119148,39.0,0.0008323746104118736,0.0,1400,1400,1400,1400,1400,1400,1400,1400,1400,1400,1400
GET,/predict?cb_nonce=664636,1,0,2766.3877999875695,2766.3877999875695,2766.3877999875695,2766.3877999875695,39.0,0.0008323746104118736,0.0,2800,2800,2800,2800,2800,2800,2800,2800,2800,2800,2800
GET,/predict?cb_nonce=66497,1,0,2769.847400020808,2769.847400020808,2769.847400020808,2769.847400020808,39.0,0.0008323746104118736,0.0,2800,2800,2800,2800,2800,2800,2800,2800,2800,2800,2800
GET,/predict?cb_nonce=665214,1,1,4085.2679999079555,4085.2679999079555,4085.2679999079555,4085.2679999079555,0.0,0.0008323746104118736,0.0008323746104118736,4100,4100,4100,4100,4100,4100,4100,4100,4100,4100,4100
GET,/predict?cb_nonce=665361,1,1,4302.050500060432,4302.050500060432,4302.050500060432,4302.050500060432,0.0,0.0008323746104118736,0.0008323746104118736,4300,4300,4300,4300,4300,4300,4300,4300,4300,4300,4300
GET,/predict?cb_nonce=66586,1,0,1796.6927000088617,1796.6927000088617,1796.6927000088617,1796.6927000088617,39.0,0.0008323746104118736,0.0,1800,1800,1800,1800,1800,1800,1800,1800,1800,1800,1800
GET,/predict?cb_nonce=665924,1,1,4534.923100029118,4534.923100029118,4534.923100029118,4534.923100029118,0.0,0.0008323746104118736,0.0008323746104118736,4500,4500,4500,4500,4500,4500,4500,4500,4500,4500,4500
GET,/predict?cb_nonce=666087,1,0,1246.5315000154078,1246.5315000154078,1246.5315000154078,1246.5315000154078,39.0,0.0008323746104118736,0.0,1200,1200,1200,1200,1200,1200,1200,1200,1200,1200,1200
GET,/predict?cb_nonce=667093,1,1,4228.911499958485,4228.911499958485,4228.911499958485,4228.911499958485,0.0,0.0008323746104118736,0.0008323746104118736,4200,4200,4200,4200,4200,4200,4200,4200,4200,4200,4200
GET,/predict?cb_nonce=66882,1,1,4107.521599973552,4107.521599973552,4107.521599973552,4107.521599973552,0.0,0.0008323746104118736,0.0008323746104118736,4100,4100,4100,4100,4100,4100,4100,4100,4100,4100,4100
GET,/predict?cb_nonce=669810,1,1,4089.1401999397203,4089.1401999397203,4089.1401999397203,4089.1401999397203,0.0,0.0008323746104118736,0.0008323746104118736,4100,4100,4100,4100,4100,4100,4100,4100,4100,4100,4100
GET,/predict?cb_nonce=670862,1,1,4095.4025000100955,4095.4025000100955,4095.4025000100955,4095.4025000100955,0.0,0.0008323746104118736,0.0008323746104118736,4100,4100,4100,4100,4100,4100,4100,4100,4100,4100,4100
GET,/predict?cb_nonce=672255,1,0,28870.326400035992,28870.326400035992,28870.326400035992,28870.326400035992,39.0,0.0008323746104118736,0.0,29000,29000,29000,29000,29000,29000,29000,29000,29000,29000,29000
GET,/predict?cb_nonce=672511,1,1,4290.888200048357,4290.888200048357,4290.888200048357,4290.888200048357,0.0,0.0008323746104118736,0.0008323746104118736,4300,4300,4300,4300,4300,4300,4300,4300,4300,4300,4300
GET,/predict?cb_nonce=672642,1,0,2723.1259000254795,2723.1259000254795,2723.1259000254795,2723.1259000254795,39.0,0.0008323746104118736,0.0,2700,2700,2700,2700,2700,2700,2700,2700,2700,2700,2700
GET,/predict?cb_nonce=672826,1,1,4296.158600016497,4296.158600016497,4296.158600016497,4296.158600016497,0.0,0.0008323746104118736,0.0008323746104118736,4300,4300,4300,4300,4300,4300,4300,4300,4300,4300,4300
GET,/predict?cb_nonce=672948,1,0,38626.23050005641,38626.23050005641,38626.23050005641,38626.23050005641,39.0,0.0008323746104118736,0.0,39000,39000,39000,39000,39000,39000,39000,39000,39000,39000,39000
GET,/predict?cb_nonce=673126,1,1,4129.59910009522,4129.59910009522,4129.59910009522,4129.59910009522,0.0,0.0008323746104118736,0.0008323746104118736,4100,4100,4100,4100,4100,4100,4100,4100,4100,4100,4100
GET,/predict?cb_nonce=674251,1,1,4194.078599917702,4194.078599917702,4194.078599917702,4194.078599917702,0.0,0.0008323746104118736,0.0008323746104118736,4200,4200,4200,4200,4200,4200,4200,4200,4200,4200,4200
GET,/predict?cb_nonce=674431,1,0,1855.7145999511704,1855.7145999511704,1855.7145999511704,1855.7145999511704,39.0,0.0008323746104118736,0.0,1900,1900,1900,1900,1900,1900,1900,1900,1900,1900,1900
GET,/predict?cb_nonce=674471,1,0,2580.46430000104,2580.46430000104,2580.46430000104,2580.46430000104,39.0,0.0008323746104118736,0.0,2600,2600,2600,2600,2600,2600,2600,2600,2600,2600,2600
GET,/predict?cb_nonce=675462,1,0,934.0865999693051,934.0865999693051,934.0865999693051,934.0865999693051,39.0,0.0008323746104118736,0.0,930,930,930,930,930,930,930,930,930,930,930
GET,/predict?cb_nonce=675934,1,0,2342.620400013402,2342.620400013402,2342.620400013402,2342.620400013402,39.0,0.0008323746104118736,0.0,2300,2300,2300,2300,2300,2300,2300,2300,2300,2300,2300
GET,/predict?cb_nonce=676347,1,0,46958.07430008426,46958.07430008426,46958.07430008426,46958.07430008426,39.0,0.0008323746104118736,0.0,47000,47000,47000,47000,47000,47000,47000,47000,47000,47000,47000
GET,/predict?cb_nonce=676469,1,1,4097.84300008323,4097.84300008323,4097.84300008323,4097.84300008323,0.0,0.0008323746104118736,0.0008323746104118736,4100,4100,4100,4100,4100,4100,4100,4100,4100,4100,4100
GET,/predict?cb_nonce=67729,1,0,1205.4838999174535,1205.4838999174535,1205.4838999174535,1205.4838999174535,39.0,0.0008323746104118736,0.0,1200,1200,1200,1200,1200,1200,1200,1200,1200,1200,1200
GET,/predict?cb_nonce=677471,1,0,38626.989000011235,38626.989000011235,38626.989000011235,38626.989000011235,39.0,0.0008323746104118736,0.0,39000,39000,39000,39000,39000,39000,39000,39000,39000,39000,39000
GET,/predict?cb_nonce=677774,1,0,1756.6185999894515,1756.6185999894515,1756.6185999894515,1756.6185999894515,39.0,0.0008323746104118736,0.0,1800,1800,1800,1800,1800,1800,1800,1800,1800,1800,1800
GET,/predict?cb_nonce=678041,1,1,4087.6958000008017,4087.6958000008017,4087.6958000008017,4087.6958000008017,0.0,0.0008323746104118736,0.0008323746104118736,4100,4100,4100,4100,4100,4100,4100,4100,4100,4100,4100
GET,/predict?cb_nonce=678660,1,0,1948.8324000267312,1948.8324000267312,1948.8324000267312,1948.8324000267312,39.0,0.0008323746104118736,0.0,1900,1900,1900,1900,1900,1900,1900,1900,1900,1900,1900
GET,/predict?cb_nonce=678781,1,0,2153.908899985254,2153.908899985254,2153.908899985254,2153.908899985254,39.0,0.0008323746104118736,0.0,2200,2200,2200,2200,2200,2200,2200,2200,2200,2200,2200
GET,/predict?cb_nonce=678877,1,0,2607.944800052792,2607.944800052792,2607.944800052792,2607.944800052792,39.0,0.0008323746104118736,0.0,2600,2600,2600,2600,2600,2600,2600,2600,2600,2600,2600
GET,/predict?cb_nonce=6789,1,0,1555.461399955675,1555.461399955675,1555.461399955675,1555.461399955675,39.0,0.0008323746104118736,0.0,1600,1600,1600,1600,1600,1600,1600,1600,1600,1600,1600
GET,/predict?cb_nonce=679236,1,0,2423.2332999818027,2423.2332999818027,2423.2332999818027,2423.2332999818027,39.0,0.0008323746104118736,0.0,2400,2400,2400,2400,2400,2400,2400,2400,2400,2400,2400
GET,/predict?cb_nonce=680691,1,0,2501.2359999818727,2501.2359999818727,2501.2359999818727,2501.2359999818727,39.0,0.0008323746104118736,0.0,2500,2500,2500,2500,2500,2500,2500,2500,2500,2500,2500
GET,/predict?cb_nonce=680724,1,0,1571.2491000303999,1571.2491000303999,1571.2491000303999,1571.2491000303999,39.0,0.0008323746104118736,0.0,1600,1600,1600,1600,1600,1600,1600,1600,1600,1600,1600
GET,/predict?cb_nonce=681262,1,1,4265.070499968715,4265.070499968715,4265.070499968715,4265.070499968715,0.0,0.0008323746104118736,0.0008323746104118736,4300,4300,4300,4300,4300,4300,4300,4300,4300,4300,4300
GET,/predict?cb_nonce=681878,1,0,1422.0598000101745,1422.0598000101745,1422.0598000101745,1422.0598000101745,39.0,0.0008323746104118736,0.0,1400,1400,1400,1400,1400,1400,1400,1400,1400,1400,1400
GET,/predict?cb_nonce=682200,1,0,2321.9999000430107,2321.9999000430107,2321.9999000430107,2321.9999000430107,39.0,0.0008323746104118736,0.0,2300,2300,2300,2300,2300,2300,2300,2300,2300,2300,2300
GET,/predict?cb_nonce=682451,1,0,1420.326399966143,1420.326399966143,1420.326399966143,1420.326399966143,39.0,0.0008323746104118736,0.0,1400,1400,1400,1400,1400,1400,1400,1400,1400,1400,1400
GET,/predict?cb_nonce=682561,1,0,1599.899800028652,1599.899800028652,1599.899800028652,1599.899800028652,39.0,0.0008323746104118736,0.0,1600,1600,1600,1600,1600,1600,1600,1600,1600,1600,1600
GET,/predict?cb_nonce=682695,1,0,2245.1495000859722,2245.1495000859722,2245.1495000859722,2245.1495000859722,39.0,0.0008323746104118736,0.0,2200,2200,2200,2200,2200,2200,2200,2200,2200,2200,2200
GET,/predict?cb_nonce=68311,1,0,1237.9324999637902,1237.9324999637902,1237.9324999637902,1237.9324999637902,39.0,0.0008323746104118736,0.0,1200,1200,1200,1200,1200,1200,1200,1200,1200,1200,1200
GET,/predict?cb_nonce=683150,1,1,4071.0371000459418,4071.0371000459418,4071.0371000459418,4071.0371000459418,0.0,0.0008323746104118736,0.0008323746104118736,4100,4100,4100,4100,4100,4100,4100,4100,4100,4100,4100
GET,/predict?cb_nonce=684028,1,1,5347.873700084165,5347.873700084165,5347.873700084165,5347.873700084165,0.0,0.0008323746104118736,0.0008323746104118736,5300,5300,5300,5300,5300,5300,5300,5300,5300,5300,5300
GET,/predict?cb_nonce=684126,1,1,4074.895399971865,4074.895399971865,4074.895399971865,4074.895399971865,0.0,0.0008323746104118736,0.0008323746104118736,4100,4100,4100,4100,4100,4100,4100,4100,4100,4100,4100
GET,/predict?cb_nonce=684211,1,1,4293.8364000292495,4293.8364000292495,4293.8364000292495,4293.8364000292495,0.0,0.0008323746104118736,0.0008323746104118736,4300,4300,4300,4300,4300,4300,4300,4300,4300,4300,4300
GET,/predict?cb_nonce=684300,1,1,5101.72589996364,5101.72589996364,5101.72589996364,5101.72589996364,0.0,0.0008323746104118736,0.0008323746104118736,5100,5100,5100,5100,5100,5100,5100,5100,5100,5100,5100
GET,/predict?cb_nonce=684763,1,0,2538.4150000754744,2538.4150000754744,2538.4150000754744,2538.4150000754744,39.0,0.0008323746104118736,0.0,2500,2500,2500,2500,2500,2500,2500,2500,2500,2500,2500
GET,/predict?cb_nonce=685093,1,0,1478.3966999966651,1478.3966999966651,1478.3966999966651,1478.3966999966651,39.0,0.0008323746104118736,0.0,1500,1500,1500,1500,1500,1500,1500,1500,1500,1500,1500
GET,/predict?cb_nonce=685216,1,0,2364.988400018774,2364.988400018774,2364.988400018774,2364.988400018774,39.0,0.0008323746104118736,0.0,2400,2400,2400,2400,2400,2400,2400,2400,2400,2400,2400
GET,/predict?cb_nonce=685431,1,1,4243.872300023213,4243.872300023213,4243.872300023213,4243.872300023213,0.0,0.0008323746104118736,0.0008323746104118736,4200,4200,4200,4200,4200,4200,4200,4200,4200,4200,4200
GET,/predict?cb_nonce=685747,1,0,2116.4164999499917,2116.4164999499917,2116.4164999499917,2116.4164999499917,39.0,0.0008323746104118736,0.0,2100,2100,2100,2100,2100,2100,2100,2100,2100,2100,2100
GET,/predict?cb_nonce=685872,1,0,1643.4241000097245,1643.4241000097245,1643.4241000097245,1643.4241000097245,39.0,0.0008323746104118736,0.0,1600,1600,1600,1600,1600,1600,1600,1600,1600,1600,1600
GET,/predict?cb_nonce=685990,1,0,2915.5233000637963,2915.5233000637963,2915.5233000637963,2915.5233000637963,39.0,0.0008323746104118736,0.0,2900,2900,2900,2900,2900,2900,2900,2900,2900,2900,2900
GET,/predict?cb_nonce=686182,1,0,2632.140100002289,2632.140100002289,2632.140100002289,2632.140100002289,39.0,0.0008323746104118736,0.0,2600,2600,2600,2600,2600,2600,2600,2600,2600,2600,2600
GET,/predict?cb_nonce=686729,1,1,4088.0825999192894,4088.0825999192894,4088.0825999192894,4088.0825999192894,0.0,0.0008323746104118736,0.0008323746104118736,4100,4100,4100,4100,4100,4100,4100,4100,4100,4100,4100
GET,/predict?cb_nonce=688303,1,1,4377.072000061162,4377.072000061162,4377.072000061162,4377.072000061162,0.0,0.0008323746104118736,0.0008323746104118736,4400,4400,4400,4400,4400,4400,4400,4400,4400,4400,4400
GET,/predict?cb_nonce=688744,1,1,5043.1636000284925,5043.1636000284925,5043.1636000284925,5043.1636000284925,0.0,0.0008323746104118736,0.0008323746104118736,5000,5000,5000,5000,5000,5000,5000,5000,5000,5000,5000
GET,/predict?cb_nonce=688759,1,1,4216.856500017457,4216.856500017457,4216.856500017457,4216.856500017457,0.0,0.0008323746104118736,0.0008323746104118736,4200,4200,4200,4200,4200,4200,4200,4200,4200,4200,4200
GET,/predict?cb_nonce=688966,1,1,4081.934200017713,4081.934200017713,4081.934200017713,4081.934200017713,0.0,0.0008323746104118736,0.0008323746104118736,4100,4100,4100,4100,4100,4100,4100,4100,4100,4100,4100
GET,/predict?cb_nonce=689088,1,1,4066.7370000155643,4066.7370000155643,4066.7370000155643,4066.7370000155643,0.0,0.0008323746104118736,0.0008323746104118736,4100,4100,4100,4100,4100,4100,4100,4100,4100,4100,4100
GET,/predict?cb_nonce=689545,1,1,4053.060800069943,4053.060800069943,4053.060800069943,4053.060800069943,0.0,0.0008323746104118736,0.0008323746104118736,4100,4100,4100,4100,4100,4100,4100,4100,4100,4100,4100
GET,/predict?cb_nonce=689780,1,1,4584.935799939558,4584.935799939558,4584.935799939558,4584.935799939558,0.0,0.0008323746104118736,0.0008323746104118736,4600,4600,4600,4600,4600,4600,4600,4600,4600,4600,4600
GET,/predict?cb_nonce=690573,1,0,1523.4168000752106,1523.4168000752106,1523.4168000752106,1523.4168000752106,39.0,0.0008323746104118736,0.0,1500,1500,1500,1500,1500,1500,1500,1500,1500,1500,1500
GET,/predict?cb_nonce=690647,1,0,2134.543800028041,2134.543800028041,2134.543800028041,2134.543800028041,39.0,0.0008323746104118736,0.0,2100,2100,2100,2100,2100,2100,2100,2100,2100,2100,2100
GET,/predict?cb_nonce=690816,1,1,4116.246699937619,4116.246699937619,4116.246699937619,4116.246699937619,0.0,0.0008323746104118736,0.0008323746104118736,4100,4100,4100,4100,4100,4100,4100,4100,4100,4100,4100
GET,/predict?cb_nonce=690994,1,0,1691.0641000140458,1691.0641000140458,1691.0641000140458,1691.0641000140458,39.0,0.0008323746104118736,0.0,1700,1700,1700,1700,1700,1700,1700,1700,1700,1700,1700
GET,/predict?cb_nonce=691223,1,1,4178.086099913344,4178.086099913344,4178.086099913344,4178.086099913344,0.0,0.0008323746104118736,0.0008323746104118736,4200,4200,4200,4200,4200,4200,4200,4200,4200,4200,4200
GET,/predict?cb_nonce=691509,1,0,60143.9710999839,60143.9710999839,60143.9710999839,60143.9710999839,39.0,0.0008323746104118736,0.0,60000,60000,60000,60000,60000,60000,60000,60000,60000,60000,60000
GET,/predict?cb_nonce=692080,1,0,9972.772400011308,9972.772400011308,9972.772400011308,9972.772400011308,39.0,0.0008323746104118736,0.0,10000,10000,10000,10000,10000,10000,10000,10000,10000,10000,10000
GET,/predict?cb_nonce=693253,1,1,4074.201999930665,4074.201999930665,4074.201999930665,4074.201999930665,0.0,0.0008323746104118736,0.0008323746104118736,4100,4100,4100,4100,4100,4100,4100,4100,4100,4100,4100
GET,/predict?cb_nonce=693491,1,0,2150.626599905081,2150.626599905081,2150.626599905081,2150.626599905081,39.0,0.0008323746104118736,0.0,2200,2200,2200,2200,2200,2200,2200,2200,2200,2200,2200
GET,/predict?cb_nonce=693756,1,1,5279.879800044,5279.879800044,5279.879800044,5279.879800044,0.0,0.0008323746104118736,0.0008323746104118736,5300,5300,5300,5300,5300,5300,5300,5300,5300,5300,5300
GET,/predict?cb_nonce=694095,1,1,4708.32320000045,4708.32320000045,4708.32320000045,4708.32320000045,0.0,0.0008323746104118736,0.0008323746104118736,4700,4700,4700,4700,4700,4700,4700,4700,4700,4700,4700
GET,/predict?cb_nonce=694585,1,1,4589.722500066273,4589.722500066273,4589.722500066273,4589.722500066273,0.0,0.0008323746104118736,0.0008323746104118736,4600,4600,4600,4600,4600,4600,4600,4600,4600,4600,4600
GET,/predict?cb_nonce=694847,1,0,1907.2837999556214,1907.2837999556214,1907.2837999556214,1907.2837999556214,39.0,0.0008323746104118736,0.0,1900,1900,1900,1900,1900,1900,1900,1900,1900,1900,1900
GET,/predict?cb_nonce=694961,1,1,4529.089999967255,4529.089999967255,4529.089999967255,4529.089999967255,0.0,0.0008323746104118736,0.0008323746104118736,4500,4500,4500,4500,4500,4500,4500,4500,4500,4500,4500
GET,/predict?cb_nonce=695603,1,0,2271.3004000252113,2271.3004000252113,2271.3004000252113,2271.3004000252113,39.0,0.0008323746104118736,0.0,2300,2300,2300,2300,2300,2300,2300,2300,2300,2300,2300
GET,/predict?cb_nonce=695687,1,1,4061.3644000841305,4061.3644000841305,4061.3644000841305,4061.3644000841305,0.0,0.0008323746104118736,0.0008323746104118736,4100,4100,4100,4100,4100,4100,4100,4100,4100,4100,4100
GET,/predict?cb_nonce=695755,1,1,4099.86099996604,4099.86099996604,4099.86099996604,4099.86099996604,0.0,0.0008323746104118736,0.0008323746104118736,4100,4100,4100,4100,4100,4100,4100,4100,4100,4100,4100
GET,/predict?cb_nonce=697147,1,0,1469.1292000934482,1469.1292000934482,1469.1292000934482,1469.1292000934482,39.0,0.0008323746104118736,0.0,1500,1500,1500,1500,1500,1500,1500,1500,1500,1500,1500
GET,/predict?cb_nonce=697204,1,1,4418.190199998207,4418.190199998207,4418.190199998207,4418.190199998207,0.0,0.0008323746104118736,0.0008323746104118736,4400,4400,4400,4400,4400,4400,4400,4400,4400,4400,4400
GET,/predict?cb_nonce=697621,1,0,1330.2097000414506,1330.2097000414506,1330.2097000414506,1330.2097000414506,39.0,0.0008323746104118736,0.0,1300,1300,1300,1300,1300,1300,1300,1300,1300,1300,1300
GET,/predict?cb_nonce=697679,1,1,4081.5943999914452,4081.5943999914452,4081.5943999914452,4081.5943999914452,0.0,0.0008323746104118736,0.0008323746104118736,4100,4100,4100,4100,4100,4100,4100,4100,4100,4100,4100
GET,/predict?cb_nonce=698965,1,1,4690.902599948458,4690.902599948458,4690.902599948458,4690.902599948458,0.0,0.0008323746104118736,0.0008323746104118736,4700,4700,4700,4700,4700,4700,4700,4700,4700,4700,4700
GET,/predict?cb_nonce=699213,1,1,4101.462500053458,4101.462500053458,4101.462500053458,4101.462500053458,0.0,0.0008323746104118736,0.0008323746104118736,4100,4100,4100,4100,4100,4100,4100,4100,4100,4100,4100
GET,/predict?cb_nonce=700261,1,0,2420.5489000305533,2420.5489000305533,2420.5489000305533,2420.5489000305533,39.0,0.0008323746104118736,0.0,2400,2400,2400,2400,2400,2400,2400,2400,2400,2400,2400
GET,/predict?cb_nonce=700517,1,0,2779.41269997973,2779.41269997973,2779.41269997973,2779.41269997973,39.0,0.0008323746104118736,0.0,2800,2800,2800,2800,2800,2800,2800,2800,2800,2800,2800
GET,/predict?cb_nonce=700575,1,1,4075.1648999284953,4075.1648999284953,4075.1648999284953,4075.1648999284953,0.0,0.0008323746104118736,0.0008323746104118736,4100,4100,4100,4100,4100,4100,4100,4100,4100,4100,4100
GET,/predict?cb_nonce=700947,1,0,2382.943300064653,2382.943300064653,2382.943300064653,2382.943300064653,39.0,0.0008323746104118736,0.0,2400,2400,2400,2400,2400,2400,2400,2400,2400,2400,2400
GET,/predict?cb_nonce=701001,1,0,348.60029991250485,348.60029991250485,348.60029991250485,348.60029991250485,39.0,0.0008323746104118736,0.0,350,350,350,350,350,350,350,350,350,350,350
GET,/predict?cb_nonce=701061,1,1,4785.441600019112,4785.441600019112,4785.441600019112,4785.441600019112,0.0,0.0008323746104118736,0.0008323746104118736,4800,4800,4800,4800,4800,4800,4800,4800,4800,4800,4800
GET,/predict?cb_nonce=701769,1,1,4583.9990000240505,4583.9990000240505,4583.9990000240505,4583.9990000240505,0.0,0.0008323746104118736,0.0008323746104118736,4600,4600,4600,4600,4600,4600,4600,4600,4600,4600,4600
GET,/predict?cb_nonce=701990,1,0,2601.7848000628874,2601.7848000628874,2601.7848000628874,2601.7848000628874,39.0,0.0008323746104118736,0.0,2600,2600,2600,2600,2600,2600,2600,2600,2600,2600,2600
GET,/predict?cb_nonce=702968,1,0,1492.9871000349522,1492.9871000349522,1492.9871000349522,1492.9871000349522,39.0,0.0008323746104118736,0.0,1500,1500,1500,1500,1500,1500,1500,1500,1500,1500,1500
GET,/predict?cb_nonce=703232,1,0,1394.4468999980018,1394.4468999980018,1394.4468999980018,1394.4468999980018,39.0,0.0008323746104118736,0.0,1400,1400,1400,1400,1400,1400,1400,1400,1400,1400,1400
GET,/predict?cb_nonce=703589,1,0,1468.4081000741571,1468.4081000741571,1468.4081000741571,1468.4081000741571,39.0,0.0008323746104118736,0.0,1500,1500,1500,1500,1500,1500,1500,1500,1500,1500,1500
GET,/predict?cb_nonce=703910,1,1,4081.6318000433967,4081.6318000433967,4081.6318000433967,4081.6318000433967,0.0,0.0008323746104118736,0.0008323746104118736,4100,4100,4100,4100,4100,4100,4100,4100,4100,4100,4100
GET,/predict?cb_nonce=70410,1,1,4073.1118000112474,4073.1118000112474,4073.1118000112474,4073.1118000112474,0.0,0.0008323746104118736,0.0008323746104118736,4100,4100,4100,4100,4100,4100,4100,4100,4100,4100,4100
GET,/predict?cb_nonce=704366,1,0,2073.2947000069544,2073.2947000069544,2073.2947000069544,2073.2947000069544,39.0,0.0008323746104118736,0.0,2100,2100,2100,2100,2100,2100,2100,2100,2100,2100,2100
GET,/predict?cb_nonce=705117,1,0,2081.0586999868974,2081.0586999868974,2081.0586999868974,2081.0586999868974,39.0,0.0008323746104118736,0.0,2100,2100,2100,2100,2100,2100,2100,2100,2100,2100,2100
GET,/predict?cb_nonce=705234,1,1,4219.663899973966,4219.663899973966,4219.663899973966,4219.663899973966,0.0,0.0008323746104118736,0.0008323746104118736,4200,4200,4200,4200,4200,4200,4200,4200,4200,4200,4200
GET,/predict?cb_nonce=705590,1,0,1564.8763000499457,1564.8763000499457,1564.8763000499457,1564.8763000499457,39.0,0.0008323746104118736,0.0,1600,1600,1600,1600,1600,1600,1600,1600,1600,1600,1600
GET,/predict?cb_nonce=705683,1,0,2316.570800030604,2316.570800030604,2316.570800030604,2316.570800030604,39.0,0.0008323746104118736,0.0,2300,2300,2300,2300,2300,2300,2300,2300,2300,2300,2300
GET,/predict?cb_nonce=706239,1,0,2744.69019996468,2744.69019996468,2744.69019996468,2744.69019996468,39.0,0.0008323746104118736,0.0,2700,2700,2700,2700,2700,2700,2700,2700,2700,2700,2700
GET,/predict?cb_nonce=706502,1,1,4073.741899919696,4073.741899919696,4073.741899919696,4073.741899919696,0.0,0.0008323746104118736,0.0008323746104118736,4100,4100,4100,4100,4100,4100,4100,4100,4100,4100,4100
GET,/predict?cb_nonce=706527,1,0,1571.0093000670895,1571.0093000670895,1571.0093000670895,1571.0093000670895,39.0,0.0008323746104118736,0.0,1600,1600,1600,1600,1600,1600,1600,1600,1600,1600,1600
GET,/predict?cb_nonce=706859,1,0,2070.964499958791,2070.964499958791,2070.964499958791,2070.964499958791,39.0,0.0008323746104118736,0.0,2100,2100,2100,2100,2100,2100,2100,2100,2100,2100,2100
GET,/predict?cb_nonce=707155,1,1,4073.1626000488177,4073.1626000488177,4073.1626000488177,4073.1626000488177,0.0,0.0008323746104118736,0.0008323746104118736,4100,4100,4100,4100,4100,4100,4100,4100,4100,4100,4100
GET,/predict?cb_nonce=707443,1,1,4246.39240000397,4246.39240000397,4246.39240000397,4246.39240000397,0.0,0.0008323746104118736,0.0008323746104118736,4200,4200,4200,4200,4200,4200,4200,4200,4200,4200,4200
GET,/predict?cb_nonce=707613,1,0,2019.447400001809,2019.447400001809,2019.447400001809,2019.447400001809,39.0,0.0008323746104118736,0.0,2000,2000,2000,2000,2000,2000,2000,2000,2000,2000,2000
GET,/predict?cb_nonce=708172,1,1,4237.601900007576,4237.601900007576,4237.601900007576,4237.601900007576,0.0,0.0008323746104118736,0.0008323746104118736,4200,4200,4200,4200,4200,4200,4200,4200,4200,4200,4200
GET,/predict?cb_nonce=70849,1,1,4075.9684999939054,4075.9684999939054,4075.9684999939054,4075.9684999939054,0.0,0.0008323746104118736,0.0008323746104118736,4100,4100,4100,4100,4100,4100,4100,4100,4100,4100,4100
GET,/predict?cb_nonce=708560,1,0,5507.431900012307,5507.431900012307,5507.431900012307,5507.431900012307,39.0,0.0008323746104118736,0.0,5500,5500,5500,5500,5500,5500,5500,5500,5500,5500,5500
GET,/predict?cb_nonce=709142,1,0,1681.1383999884129,1681.1383999884129,1681.1383999884129,1681.1383999884129,39.0,0.0008323746104118736,0.0,1700,1700,1700,1700,1700,1700,1700,1700,1700,1700,1700
GET,/predict?cb_nonce=709506,1,0,2001.2113000266254,2001.2113000266254,2001.2113000266254,2001.2113000266254,39.0,0.0008323746104118736,0.0,2000,2000,2000,2000,2000,2000,2000,2000,2000,2000,2000
GET,/predict?cb_nonce=709877,1,0,2224.91660004016,2224.91660004016,2224.91660004016,2224.91660004016,39.0,0.0008323746104118736,0.0,2200,2200,2200,2200,2200,2200,2200,2200,2200,2200,2200
GET,/predict?cb_nonce=710045,1,0,20218.752200016752,20218.752200016752,20218.752200016752,20218.752200016752,39.0,0.0008323746104118736,0.0,20000,20000,20000,20000,20000,20000,20000,20000,20000,20000,20000
GET,/predict?cb_nonce=710270,1,0,2301.2931999983266,2301.2931999983266,2301.2931999983266,2301.2931999983266,39.0,0.0008323746104118736,0.0,2300,2300,2300,2300,2300,2300,2300,2300,2300,2300,2300
GET,/predict?cb_nonce=710292,1,0,1972.0933999633417,1972.0933999633417,1972.0933999633417,1972.0933999633417,39.0,0.0008323746104118736,0.0,2000,2000,2000,2000,2000,2000,2000,2000,2000,2000,2000
GET,/predict?cb_nonce=710421,1,0,2398.1934000039473,2398.1934000039473,2398.1934000039473,2398.1934000039473,39.0,0.0008323746104118736,0.0,2400,2400,2400,2400,2400,2400,2400,2400,2400,2400,2400
GET,/predict?cb_nonce=711132,1,1,4280.262699932791,4280.262699932791,4280.262699932791,4280.262699932791,0.0,0.0008323746104118736,0.0008323746104118736,4300,4300,4300,4300,4300,4300,4300,4300,4300,4300,4300
GET,/predict?cb_nonce=711724,1,0,1665.8933999715373,1665.8933999715373,1665.8933999715373,1665.8933999715373,39.0,0.0008323746104118736,0.0,1700,1700,1700,1700,1700,1700,1700,1700,1700,1700,1700
GET,/predict?cb_nonce=712320,1,0,1457.6856000348926,1457.6856000348926,1457.6856000348926,1457.6856000348926,39.0,0.0008323746104118736,0.0,1500,1500,1500,1500,1500,1500,1500,1500,1500,1500,1500
GET,/predict?cb_nonce=712901,1,0,2191.942400066182,2191.942400066182,2191.942400066182,2191.942400066182,39.0,0.0008323746104118736,0.0,2200,2200,2200,2200,2200,2200,2200,2200,2200,2200,2200
GET,/predict?cb_nonce=713115,1,0,2196.1234000045806,2196.1234000045806,2196.1234000045806,2196.1234000045806,39.0,0.0008323746104118736,0.0,2200,2200,2200,2200,2200,2200,2200,2200,2200,2200,2200
GET,/predict?cb_nonce=713287,1,1,4067.574099986814,4067.574099986814,4067.574099986814,4067.574099986814,0.0,0.0008323746104118736,0.0008323746104118736,4100,4100,4100,4100,4100,4100,4100,4100,4100,4100,4100
GET,/predict?cb_nonce=713681,1,0,2546.7123000416905,2546.7123000416905,2546.7123000416905,2546.7123000416905,39.0,0.0008323746104118736,0.0,2500,2500,2500,2500,2500,2500,2500,2500,2500,2500,2500
GET,/predict?cb_nonce=714044,1,1,4331.376999965869,4331.376999965869,4331.376999965869,4331.376999965869,0.0,0.0008323746104118736,0.0008323746104118736,4300,4300,4300,4300,4300,4300,4300,4300,4300,4300,4300
GET,/predict?cb_nonce=71422,1,0,2389.1104999929667,2389.1104999929667,2389.1104999929667,2389.1104999929667,39.0,0.0008323746104118736,0.0,2400,2400,2400,2400,2400,2400,2400,2400,2400,2400,2400
GET,/predict?cb_nonce=714461,1,1,4163.748899940401,4163.748899940401,4163.748899940401,4163.748899940401,0.0,0.0008323746104118736,0.0008323746104118736,4200,4200,4200,4200,4200,4200,4200,4200,4200,4200,4200
GET,/predict?cb_nonce=714530,1,0,2418.724099989049,2418.724099989049,2418.724099989049,2418.724099989049,39.0,0.0008323746104118736,0.0,2400,2400,2400,2400,2400,2400,2400,2400,2400,2400,2400
GET,/predict?cb_nonce=714914,1,1,4284.773799940012,4284.773799940012,4284.773799940012,4284.773799940012,0.0,0.0008323746104118736,0.0008323746104118736,4300,4300,4300,4300,4300,4300,4300,4300,4300,4300,4300
GET,/predict?cb_nonce=714997,1,0,2354.1199000319466,2354.1199000319466,2354.1199000319466,2354.1199000319466,39.0,0.0008323746104118736,0.0,2400,2400,2400,2400,2400,2400,2400,2400,2400,2400,2400
GET,/predict?cb_nonce=715151,1,0,2312.2016000561416,2312.2016000561416,2312.2016000561416,2312.2016000561416,39.0,0.0008323746104118736,0.0,2300,2300,2300,2300,2300,2300,2300,2300,2300,2300,2300
GET,/predict?cb_nonce=715276,1,1,4127.846900024451,4127.846900024451,4127.846900024451,4127.846900024451,0.0,0.0008323746104118736,0.0008323746104118736,4100,4100,4100,4100,4100,4100,4100,4100,4100,4100,4100
GET,/predict?cb_nonce=715282,1,1,4089.8906000657007,4089.8906000657007,4089.8906000657007,4089.8906000657007,0.0,0.0008323746104118736,0.0008323746104118736,4100,4100,4100,4100,4100,4100,4100,4100,4100,4100,4100
GET,/predict?cb_nonce=715413,1,0,2805.9623999288306,2805.9623999288306,2805.9623999288306,2805.9623999288306,39.0,0.0008323746104118736,0.0,2800,2800,2800,2800,2800,2800,2800,2800,2800,2800,2800
GET,/predict?cb_nonce=715418,1,0,17122.806499945,17122.806499945,17122.806499945,17122.806499945,39.0,0.0008323746104118736,0.0,17000,17000,17000,17000,17000,17000,17000,17000,17000,17000,17000
GET,/predict?cb_nonce=716230,1,0,2495.8774000406265,2495.8774000406265,2495.8774000406265,2495.8774000406265,39.0,0.0008323746104118736,0.0,2500,2500,2500,2500,2500,2500,2500,2500,2500,2500,2500
GET,/predict?cb_nonce=716405,1,0,894.4129999727011,894.4129999727011,894.4129999727011,894.4129999727011,39.0,0.0008323746104118736,0.0,890,890,890,890,890,890,890,890,890,890,890
GET,/predict?cb_nonce=716443,1,1,4269.712500041351,4269.712500041351,4269.712500041351,4269.712500041351,0.0,0.0008323746104118736,0.0008323746104118736,4300,4300,4300,4300,4300,4300,4300,4300,4300,4300,4300
GET,/predict?cb_nonce=71655,1,0,2287.7679000375792,2287.7679000375792,2287.7679000375792,2287.7679000375792,39.0,0.0008323746104118736,0.0,2300,2300,2300,2300,2300,2300,2300,2300,2300,2300,2300
GET,/predict?cb_nonce=716607,1,0,2588.220000034198,2588.220000034198,2588.220000034198,2588.220000034198,39.0,0.0008323746104118736,0.0,2600,2600,2600,2600,2600,2600,2600,2600,2600,2600,2600
GET,/predict?cb_nonce=717137,1,0,2824.2065999656916,2824.2065999656916,2824.2065999656916,2824.2065999656916,39.0,0.0008323746104118736,0.0,2800,2800,2800,2800,2800,2800,2800,2800,2800,2800,2800
GET,/predict?cb_nonce=717400,1,1,4212.609100039117,4212.609100039117,4212.609100039117,4212.609100039117,0.0,0.0008323746104118736,0.0008323746104118736,4200,4200,4200,4200,4200,4200,4200,4200,4200,4200,4200
GET,/predict?cb_nonce=717577,1,1,4088.475800002925,4088.475800002925,4088.475800002925,4088.475800002925,0.0,0.0008323746104118736,0.0008323746104118736,4100,4100,4100,4100,4100,4100,4100,4100,4100,4100,4100
GET,/predict?cb_nonce=717713,1,0,2247.1208000788465,2247.1208000788465,2247.1208000788465,2247.1208000788465,39.0,0.0008323746104118736,0.0,2200,2200,2200,2200,2200,2200,2200,2200,2200,2200,2200
GET,/predict?cb_nonce=717930,1,1,4054.6547999838367,4054.6547999838367,4054.6547999838367,4054.6547999838367,0.0,0.0008323746104118736,0.0008323746104118736,4100,4100,4100,4100,4100,4100,4100,4100,4100,4100,4100
GET,/predict?cb_nonce=718103,1,0,2187.430200050585,2187.430200050585,2187.430200050585,2187.430200050585,39.0,0.0008323746104118736,0.0,2200,2200,2200,2200,2200,2200,2200,2200,2200,2200,2200
GET,/predict?cb_nonce=718392,1,1,4104.048399953172,4104.048399953172,4104.048399953172,4104.048399953172,0.0,0.0008323746104118736,0.0008323746104118736,4100,4100,4100,4100,4100,4100,4100,4100,4100,4100,4100
GET,/predict?cb_nonce=718423,1,1,4169.578499975614,4169.578499975614,4169.578499975614,4169.578499975614,0.0,0.0008323746104118736,0.0008323746104118736,4200,4200,4200,4200,4200,4200,4200,4200,4200,4200,4200
GET,/predict?cb_nonce=718428,1,1,5182.3752000927925,5182.3752000927925,5182.3752000927925,5182.3752000927925,0.0,0.0008323746104118736,0.0008323746104118736,5200,5200,5200,5200,5200,5200,5200,5200,5200,5200,5200
GET,/predict?cb_nonce=718653,1,0,2040.977600030601,2040.977600030601,2040.977600030601,2040.977600030601,39.0,0.0008323746104118736,0.0,2000,2000,2000,2000,2000,2000,2000,2000,2000,2000,2000
GET,/predict?cb_nonce=719658,1,0,1158.2863999065012,1158.2863999065012,1158.2863999065012,1158.2863999065012,39.0,0.0008323746104118736,0.0,1200,1200,1200,1200,1200,1200,1200,1200,1200,1200,1200
GET,/predict?cb_nonce=720071,1,0,1357.605900033377,1357.605900033377,1357.605900033377,1357.605900033377,39.0,0.0008323746104118736,0.0,1400,1400,1400,1400,1400,1400,1400,1400,1400,1400,1400
GET,/predict?cb_nonce=720713,1,1,4266.130400006659,4266.130400006659,4266.130400006659,4266.130400006659,0.0,0.0008323746104118736,0.0008323746104118736,4300,4300,4300,4300,4300,4300,4300,4300,4300,4300,4300
GET,/predict?cb_nonce=721075,1,1,4187.201299937442,4187.201299937442,4187.201299937442,4187.201299937442,0.0,0.0008323746104118736,0.0008323746104118736,4200,4200,4200,4200,4200,4200,4200,4200,4200,4200,4200
GET,/predict?cb_nonce=721536,1,0,8818.014400079846,8818.014400079846,8818.014400079846,8818.014400079846,39.0,0.0008323746104118736,0.0,8800,8800,8800,8800,8800,8800,8800,8800,8800,8800,8800
GET,/predict?cb_nonce=721623,1,0,2303.947400068864,2303.947400068864,2303.947400068864,2303.947400068864,39.0,0.0008323746104118736,0.0,2300,2300,2300,2300,2300,2300,2300,2300,2300,2300,2300
GET,/predict?cb_nonce=721945,1,0,2578.0099000548944,2578.0099000548944,2578.0099000548944,2578.0099000548944,39.0,0.0008323746104118736,0.0,2600,2600,2600,2600,2600,2600,2600,2600,2600,2600,2600
GET,/predict?cb_nonce=722523,1,0,1644.5710000116378,1644.5710000116378,1644.5710000116378,1644.5710000116378,39.0,0.0008323746104118736,0.0,1600,1600,1600,1600,1600,1600,1600,1600,1600,1600,1600
GET,/predict?cb_nonce=723011,1,1,4070.828100084327,4070.828100084327,4070.828100084327,4070.828100084327,0.0,0.0008323746104118736,0.0008323746104118736,4100,4100,4100,4100,4100,4100,4100,4100,4100,4100,4100
GET,/predict?cb_nonce=723298,1,0,2657.638599979691,2657.638599979691,2657.638599979691,2657.638599979691,39.0,0.0008323746104118736,0.0,2700,2700,2700,2700,2700,2700,2700,2700,2700,2700,2700
GET,/predict?cb_nonce=724073,1,1,4057.113299961202,4057.113299961202,4057.113299961202,4057.113299961202,0.0,0.0008323746104118736,0.0008323746104118736,4100,4100,4100,4100,4100,4100,4100,4100,4100,4100,4100
GET,/predict?cb_nonce=725867,1,1,4177.870000014082,4177.870000014082,4177.870000014082,4177.870000014082,0.0,0.0008323746104118736,0.0008323746104118736,4200,4200,4200,4200,4200,4200,4200,4200,4200,4200,4200
GET,/predict?cb_nonce=726626,1,0,2680.3898999933153,2680.3898999933153,2680.3898999933153,2680.3898999933153,39.0,0.0008323746104118736,0.0,2700,2700,2700,2700,2700,2700,2700,2700,2700,2700,2700
GET,/predict?cb_nonce=726880,1,0,1806.8495000479743,1806.8495000479743,1806.8495000479743,1806.8495000479743,39.0,0.0008323746104118736,0.0,1800,1800,1800,1800,1800,1800,1800,1800,1800,1800,1800
GET,/predict?cb_nonce=727002,1,1,4211.709899944253,4211.709899944253,4211.709899944253,4211.709899944253,0.0,0.0008323746104118736,0.0008323746104118736,4200,4200,4200,4200,4200,4200,4200,4200,4200,4200,4200
GET,/predict?cb_nonce=727234,1,1,4230.075900093652,4230.075900093652,4230.075900093652,4230.075900093652,0.0,0.0008323746104118736,0.0008323746104118736,4200,4200,4200,4200,4200,4200,4200,4200,4200,4200,4200
GET,/predict?cb_nonce=728318,1,0,1535.9836999559775,1535.9836999559775,1535.9836999559775,1535.9836999559775,39.0,0.0008323746104118736,0.0,1500,1500,1500,1500,1500,1500,1500,1500,1500,1500,1500
GET,/predict?cb_nonce=728701,1,0,2371.198400040157,2371.198400040157,2371.198400040157,2371.198400040157,39.0,0.0008323746104118736,0.0,2400,2400,2400,2400,2400,2400,2400,2400,2400,2400,2400
GET,/predict?cb_nonce=729236,1,0,2391.928399913013,2391.928399913013,2391.928399913013,2391.928399913013,39.0,0.0008323746104118736,0.0,2400,2400,2400,2400,2400,2400,2400,2400,2400,2400,2400
GET,/predict?cb_nonce=729249,1,0,27382.266200031154,27382.266200031154,27382.266200031154,27382.266200031154,39.0,0.0008323746104118736,0.0,27000,27000,27000,27000,27000,27000,27000,27000,27000,27000,27000
GET,/predict?cb_nonce=729459,1,0,2149.390700040385,2149.390700040385,2149.390700040385,2149.390700040385,39.0,0.0008323746104118736,0.0,2100,2100,2100,2100,2100,2100,2100,2100,2100,2100,2100
GET,/predict?cb_nonce=729665,1,0,69679.66880009044,69679.66880009044,69679.66880009044,69679.66880009044,39.0,0.0008323746104118736,0.0,70000,70000,70000,70000,70000,70000,70000,70000,70000,70000,70000
GET,/predict?cb_nonce=729901,1,1,4092.9205999709666,4092.9205999709666,4092.9205999709666,4092.9205999709666,0.0,0.0008323746104118736,0.0008323746104118736,4100,4100,4100,4100,4100,4100,4100,4100,4100,4100,4100
GET,/predict?cb_nonce=730164,1,1,4102.305500069633,4102.305500069633,4102.305500069633,4102.305500069633,0.0,0.0008323746104118736,0.0008323746104118736,4100,4100,4100,4100,4100,4100,4100,4100,4100,4100,4100
GET,/predict?cb_nonce=730248,1,1,4086.928099975921,4086.928099975921,4086.928099975921,4086.928099975921,0.0,0.0008323746104118736,0.0008323746104118736,4100,4100,4100,4100,4100,4100,4100,4100,4100,4100,4100
GET,/predict?cb_nonce=730308,1,1,4077.226800029166,4077.226800029166,4077.226800029166,4077.226800029166,0.0,0.0008323746104118736,0.0008323746104118736,4100,4100,4100,4100,4100,4100,4100,4100,4100,4100,4100
GET,/predict?cb_nonce=730753,1,1,5631.066799978726,5631.066799978726,5631.066799978726,5631.066799978726,0.0,0.0008323746104118736,0.0008323746104118736,5600,5600,5600,5600,5600,5600,5600,5600,5600,5600,5600
GET,/predict?cb_nonce=730890,1,0,2163.541299989447,2163.541299989447,2163.541299989447,2163.541299989447,39.0,0.0008323746104118736,0.0,2200,2200,2200,2200,2200,2200,2200,2200,2200,2200,2200
GET,/predict?cb_nonce=730958,1,0,2340.447700000368,2340.447700000368,2340.447700000368,2340.447700000368,39.0,0.0008323746104118736,0.0,2300,2300,2300,2300,2300,2300,2300,2300,2300,2300,2300
GET,/predict?cb_nonce=73098,1,1,4173.173499992117,4173.173499992117,4173.173499992117,4173.173499992117,0.0,0.0008323746104118736,0.0008323746104118736,4200,4200,4200,4200,4200,4200,4200,4200,4200,4200,4200
GET,/predict?cb_nonce=731053,1,0,1203.5306000616401,1203.5306000616401,1203.5306000616401,1203.5306000616401,39.0,0.0008323746104118736,0.0,1200,1200,1200,1200,1200,1200,1200,1200,1200,1200,1200
GET,/predict?cb_nonce=731824,1,0,1729.627599939704,1729.627599939704,1729.627599939704,1729.627599939704,39.0,0.0008323746104118736,0.0,1700,1700,1700,1700,1700,1700,1700,1700,1700,1700,1700
GET,/predict?cb_nonce=732167,1,0,1945.1798999216408,1945.1798999216408,1945.1798999216408,1945.1798999216408,39.0,0.0008323746104118736,0.0,1900,1900,1900,1900,1900,1900,1900,1900,1900,1900,1900
GET,/predict?cb_nonce=732279,1,0,2158.3279999904335,2158.3279999904335,2158.3279999904335,2158.3279999904335,39.0,0.0008323746104118736,0.0,2200,2200,2200,2200,2200,2200,2200,2200,2200,2200,2200
GET,/predict?cb_nonce=732934,1,1,4123.290100018494,4123.290100018494,4123.290100018494,4123.290100018494,0.0,0.0008323746104118736,0.0008323746104118736,4100,4100,4100,4100,4100,4100,4100,4100,4100,4100,4100
GET,/predict?cb_nonce=732970,1,1,4397.981700021774,4397.981700021774,4397.981700021774,4397.981700021774,0.0,0.0008323746104118736,0.0008323746104118736,4400,4400,4400,4400,4400,4400,4400,4400,4400,4400,4400
GET,/predict?cb_nonce=733384,1,1,4085.5562000069767,4085.5562000069767,4085.5562000069767,4085.5562000069767,0.0,0.0008323746104118736,0.0008323746104118736,4100,4100,4100,4100,4100,4100,4100,4100,4100,4100,4100
GET,/predict?cb_nonce=733542,1,1,4414.180199964903,4414.180199964903,4414.180199964903,4414.180199964903,0.0,0.0008323746104118736,0.0008323746104118736,4400,4400,4400,4400,4400,4400,4400,4400,4400,4400,4400
GET,/predict?cb_nonce=73436,1,0,1099.7949000447989,1099.7949000447989,1099.7949000447989,1099.7949000447989,39.0,0.0008323746104118736,0.0,1100,1100,1100,1100,1100,1100,1100,1100,1100,1100,1100
GET,/predict?cb_nonce=734879,1,0,1029.3719000183046,1029.3719000183046,1029.3719000183046,1029.3719000183046,39.0,0.0008323746104118736,0.0,1000,1000,1000,1000,1000,1000,1000,1000,1000,1000,1000
GET,/predict?cb_nonce=735664,1,0,1645.6513999728486,1645.6513999728486,1645.6513999728486,1645.6513999728486,39.0,0.0008323746104118736,0.0,1600,1600,1600,1600,1600,1600,1600,1600,1600,1600,1600
GET,/predict?cb_nonce=736023,1,0,1281.738799996674,1281.738799996674,1281.738799996674,1281.738799996674,39.0,0.0008323746104118736,0.0,1300,1300,1300,1300,1300,1300,1300,1300,1300,1300,1300
GET,/predict?cb_nonce=736086,1,0,2950.292899971828,2950.292899971828,2950.292899971828,2950.292899971828,39.0,0.0008323746104118736,0.0,3000,3000,3000,3000,3000,3000,3000,3000,3000,3000,3000
GET,/predict?cb_nonce=736669,1,1,4327.693199971691,4327.693199971691,4327.693199971691,4327.693199971691,0.0,0.0008323746104118736,0.0008323746104118736,4300,4300,4300,4300,4300,4300,4300,4300,4300,4300,4300
GET,/predict?cb_nonce=736774,1,0,1972.6570999482647,1972.6570999482647,1972.6570999482647,1972.6570999482647,39.0,0.0008323746104118736,0.0,2000,2000,2000,2000,2000,2000,2000,2000,2000,2000,2000
GET,/predict?cb_nonce=737358,1,1,4134.378300048411,4134.378300048411,4134.378300048411,4134.378300048411,0.0,0.0008323746104118736,0.0008323746104118736,4100,4100,4100,4100,4100,4100,4100,4100,4100,4100,4100
GET,/predict?cb_nonce=737862,1,1,4342.61679998599,4342.61679998599,4342.61679998599,4342.61679998599,0.0,0.0008323746104118736,0.0008323746104118736,4300,4300,4300,4300,4300,4300,4300,4300,4300,4300,4300
GET,/predict?cb_nonce=738394,1,1,4533.346300013363,4533.346300013363,4533.346300013363,4533.346300013363,0.0,0.0008323746104118736,0.0008323746104118736,4500,4500,4500,4500,4500,4500,4500,4500,4500,4500,4500
GET,/predict?cb_nonce=73953,1,1,4181.37140001636,4181.37140001636,4181.37140001636,4181.37140001636,0.0,0.0008323746104118736,0.0008323746104118736,4200,4200,4200,4200,4200,4200,4200,4200,4200,4200,4200
GET,/predict?cb_nonce=739690,1,0,1709.4308999367058,1709.4308999367058,1709.4308999367058,1709.4308999367058,39.0,0.0008323746104118736,0.0,1700,1700,1700,1700,1700,1700,1700,1700,1700,1700,1700
GET,/predict?cb_nonce=739938,1,0,1919.379899976775,1919.379899976775,1919.379899976775,1919.379899976775,39.0,0.0008323746104118736,0.0,1900,1900,1900,1900,1900,1900,1900,1900,1900,1900,1900
GET,/predict?cb_nonce=740061,1,0,1969.8855000315234,1969.8855000315234,1969.8855000315234,1969.8855000315234,39.0,0.0008323746104118736,0.0,2000,2000,2000,2000,2000,2000,2000,2000,2000,2000,2000
GET,/predict?cb_nonce=740096,1,0,28964.20919999946,28964.20919999946,28964.20919999946,28964.20919999946,39.0,0.0008323746104118736,0.0,29000,29000,29000,29000,29000,29000,29000,29000,29000,29000,29000
GET,/predict?cb_nonce=740937,1,0,5030.3025000030175,5030.3025000030175,5030.3025000030175,5030.3025000030175,39.0,0.0008323746104118736,0.0,5000,5000,5000,5000,5000,5000,5000,5000,5000,5000,5000
GET,/predict?cb_nonce=741065,1,1,4269.276300095953,4269.276300095953,4269.276300095953,4269.276300095953,0.0,0.0008323746104118736,0.0008323746104118736,4300,4300,4300,4300,4300,4300,4300,4300,4300,4300,4300
GET,/predict?cb_nonce=74118,1,0,1561.0420999582857,1561.0420999582857,1561.0420999582857,1561.0420999582857,39.0,0.0008323746104118736,0.0,1600,1600,1600,1600,1600,1600,1600,1600,1600,1600,1600
GET,/predict?cb_nonce=741252,1,1,4309.05859998893,4309.05859998893,4309.05859998893,4309.05859998893,0.0,0.0008323746104118736,0.0008323746104118736,4300,4300,4300,4300,4300,4300,4300,4300,4300,4300,4300
GET,/predict?cb_nonce=741564,1,0,2232.5816999655217,2232.5816999655217,2232.5816999655217,2232.5816999655217,39.0,0.0008323746104118736,0.0,2200,2200,2200,2200,2200,2200,2200,2200,2200,2200,2200
GET,/predict?cb_nonce=742022,1,1,4071.3930999627337,4071.3930999627337,4071.3930999627337,4071.3930999627337,0.0,0.0008323746104118736,0.0008323746104118736,4100,4100,4100,4100,4100,4100,4100,4100,4100,4100,4100
GET,/predict?cb_nonce=742171,1,1,5281.974200042896,5281.974200042896,5281.974200042896,5281.974200042896,0.0,0.0008323746104118736,0.0008323746104118736,5300,5300,5300,5300,5300,5300,5300,5300,5300,5300,5300
GET,/predict?cb_nonce=74220,1,1,4791.075500077568,4791.075500077568,4791.075500077568,4791.075500077568,0.0,0.0008323746104118736,0.0008323746104118736,4800,4800,4800,4800,4800,4800,4800,4800,4800,4800,4800
GET,/predict?cb_nonce=74241,1,1,5184.08310005907,5184.08310005907,5184.08310005907,5184.08310005907,0.0,0.0008323746104118736,0.0008323746104118736,5200,5200,5200,5200,5200,5200,5200,5200,5200,5200,5200
GET,/predict?cb_nonce=74307,1,0,2192.3553000669926,2192.3553000669926,2192.3553000669926,2192.3553000669926,39.0,0.0008323746104118736,0.0,2200,2200,2200,2200,2200,2200,2200,2200,2200,2200,2200
GET,/predict?cb_nonce=743493,1,1,4090.323199983686,4090.323199983686,4090.323199983686,4090.323199983686,0.0,0.0008323746104118736,0.0008323746104118736,4100,4100,4100,4100,4100,4100,4100,4100,4100,4100,4100
GET,/predict?cb_nonce=743563,1,1,4091.5693000424653,4091.5693000424653,4091.5693000424653,4091.5693000424653,0.0,0.0008323746104118736,0.0008323746104118736,4100,4100,4100,4100,4100,4100,4100,4100,4100,4100,4100
GET,/predict?cb_nonce=743653,1,0,1670.6437999382615,1670.6437999382615,1670.6437999382615,1670.6437999382615,39.0,0.0008323746104118736,0.0,1700,1700,1700,1700,1700,1700,1700,1700,1700,1700,1700
GET,/predict?cb_nonce=743848,1,0,2273.9943000487983,2273.9943000487983,2273.9943000487983,2273.9943000487983,39.0,0.0008323746104118736,0.0,2300,2300,2300,2300,2300,2300,2300,2300,2300,2300,2300
GET,/predict?cb_nonce=744596,1,0,1279.914499958977,1279.914499958977,1279.914499958977,1279.914499958977,39.0,0.0008323746104118736,0.0,1300,1300,1300,1300,1300,1300,1300,1300,1300,1300,1300
GET,/predict?cb_nonce=744902,1,0,2564.688600017689,2564.688600017689,2564.688600017689,2564.688600017689,39.0,0.0008323746104118736,0.0,2600,2600,2600,2600,2600,2600,2600,2600,2600,2600,2600
GET,/predict?cb_nonce=744932,1,0,5930.2410000236705,5930.2410000236705,5930.2410000236705,5930.2410000236705,39.0,0.0008323746104118736,0.0,5900,5900,5900,5900,5900,5900,5900,5900,5900,5900,5900
GET,/predict?cb_nonce=745147,1,0,1243.2383999694139,1243.2383999694139,1243.2383999694139,1243.2383999694139,39.0,0.0008323746104118736,0.0,1200,1200,1200,1200,1200,1200,1200,1200,1200,1200,1200
GET,/predict?cb_nonce=745792,1,0,2726.604500086978,2726.604500086978,2726.604500086978,2726.604500086978,39.0,0.0008323746104118736,0.0,2700,2700,2700,2700,2700,2700,2700,2700,2700,2700,2700
GET,/predict?cb_nonce=746702,1,1,5109.692099969834,5109.692099969834,5109.692099969834,5109.692099969834,0.0,0.0008323746104118736,0.0008323746104118736,5100,5100,5100,5100,5100,5100,5100,5100,5100,5100,5100
GET,/predict?cb_nonce=747147,1,0,3941.2348000332713,3941.2348000332713,3941.2348000332713,3941.2348000332713,39.0,0.0008323746104118736,0.0,3900,3900,3900,3900,3900,3900,3900,3900,3900,3900,3900
GET,/predict?cb_nonce=747160,1,0,2309.9003999959677,2309.9003999959677,2309.9003999959677,2309.9003999959677,39.0,0.0008323746104118736,0.0,2300,2300,2300,2300,2300,2300,2300,2300,2300,2300,2300
GET,/predict?cb_nonce=747637,1,0,1978.5225000232458,1978.5225000232458,1978.5225000232458,1978.5225000232458,39.0,0.0008323746104118736,0.0,2000,2000,2000,2000,2000,2000,2000,2000,2000,2000,2000
GET,/predict?cb_nonce=747808,1,1,4088.4539999533445,4088.4539999533445,4088.4539999533445,4088.4539999533445,0.0,0.0008323746104118736,0.0008323746104118736,4100,4100,4100,4100,4100,4100,4100,4100,4100,4100,4100
GET,/predict?cb_nonce=747851,1,1,4267.591399955563,4267.591399955563,4267.591399955563,4267.591399955563,0.0,0.0008323746104118736,0.0008323746104118736,4300,4300,4300,4300,4300,4300,4300,4300,4300,4300,4300
GET,/predict?cb_nonce=747921,1,0,2288.524499977939,2288.524499977939,2288.524499977939,2288.524499977939,39.0,0.0008323746104118736,0.0,2300,2300,2300,2300,2300,2300,2300,2300,2300,2300,2300
GET,/predict?cb_nonce=74874,1,1,4340.686599956825,4340.686599956825,4340.686599956825,4340.686599956825,0.0,0.0008323746104118736,0.0008323746104118736,4300,4300,4300,4300,4300,4300,4300,4300,4300,4300,4300
GET,/predict?cb_nonce=748861,1,0,2214.2349000787362,2214.2349000787362,2214.2349000787362,2214.2349000787362,39.0,0.0008323746104118736,0.0,2200,2200,2200,2200,2200,2200,2200,2200,2200,2200,2200
GET,/predict?cb_nonce=749088,1,0,1936.8603999027982,1936.8603999027982,1936.8603999027982,1936.8603999027982,39.0,0.0008323746104118736,0.0,1900,1900,1900,1900,1900,1900,1900,1900,1900,1900,1900
GET,/predict?cb_nonce=750112,1,1,4296.893500024453,4296.893500024453,4296.893500024453,4296.893500024453,0.0,0.0008323746104118736,0.0008323746104118736,4300,4300,4300,4300,4300,4300,4300,4300,4300,4300,4300
GET,/predict?cb_nonce=750396,1,0,1613.7227000435814,1613.7227000435814,1613.7227000435814,1613.7227000435814,39.0,0.0008323746104118736,0.0,1600,1600,1600,1600,1600,1600,1600,1600,1600,1600,1600
GET,/predict?cb_nonce=751362,1,1,4257.828600006178,4257.828600006178,4257.828600006178,4257.828600006178,0.0,0.0008323746104118736,0.0008323746104118736,4300,4300,4300,4300,4300,4300,4300,4300,4300,4300,4300
GET,/predict?cb_nonce=75199,1,0,33678.63109998871,33678.63109998871,33678.63109998871,33678.63109998871,39.0,0.0008323746104118736,0.0,34000,34000,34000,34000,34000,34000,34000,34000,34000,34000,34000
GET,/predict?cb_nonce=752203,1,0,1973.130099941045,1973.130099941045,1973.130099941045,1973.130099941045,39.0,0.0008323746104118736,0.0,2000,2000,2000,2000,2000,2000,2000,2000,2000,2000,2000
GET,/predict?cb_nonce=753216,1,0,1988.67320001591,1988.67320001591,1988.67320001591,1988.67320001591,39.0,0.0008323746104118736,0.0,2000,2000,2000,2000,2000,2000,2000,2000,2000,2000,2000
GET,/predict?cb_nonce=753488,1,1,4167.6638999488205,4167.6638999488205,4167.6638999488205,4167.6638999488205,0.0,0.0008323746104118736,0.0008323746104118736,4200,4200,4200,4200,4200,4200,4200,4200,4200,4200,4200
GET,/predict?cb_nonce=753911,1,1,4069.15479991585,4069.15479991585,4069.15479991585,4069.15479991585,0.0,0.0008323746104118736,0.0008323746104118736,4100,4100,4100,4100,4100,4100,4100,4100,4100,4100,4100
GET,/predict?cb_nonce=754312,1,0,1857.5262000085786,1857.5262000085786,1857.5262000085786,1857.5262000085786,39.0,0.0008323746104118736,0.0,1900,1900,1900,1900,1900,1900,1900,1900,1900,1900,1900
GET,/predict?cb_nonce=755277,1,1,4269.927400047891,4269.927400047891,4269.927400047891,4269.927400047891,0.0,0.0008323746104118736,0.0008323746104118736,4300,4300,4300,4300,4300,4300,4300,4300,4300,4300,4300
GET,/predict?cb_nonce=755764,1,1,4873.8423000322655,4873.8423000322655,4873.8423000322655,4873.8423000322655,0.0,0.0008323746104118736,0.0008323746104118736,4900,4900,4900,4900,4900,4900,4900,4900,4900,4900,4900
GET,/predict?cb_nonce=756115,1,0,894.8344000382349,894.8344000382349,894.8344000382349,894.8344000382349,39.0,0.0008323746104118736,0.0,890,890,890,890,890,890,890,890,890,890,890
GET,/predict?cb_nonce=756165,1,1,4844.667900004424,4844.667900004424,4844.667900004424,4844.667900004424,0.0,0.0008323746104118736,0.0008323746104118736,4800,4800,4800,4800,4800,4800,4800,4800,4800,4800,4800
GET,/predict?cb_nonce=75629,1,0,2299.6544999768957,2299.6544999768957,2299.6544999768957,2299.6544999768957,39.0,0.0008323746104118736,0.0,2300,2300,2300,2300,2300,2300,2300,2300,2300,2300,2300
GET,/predict?cb_nonce=756944,1,1,4570.578999933787,4570.578999933787,4570.578999933787,4570.578999933787,0.0,0.0008323746104118736,0.0008323746104118736,4600,4600,4600,4600,4600,4600,4600,4600,4600,4600,4600
GET,/predict?cb_nonce=756969,1,1,5405.005800072104,5405.005800072104,5405.005800072104,5405.005800072104,0.0,0.0008323746104118736,0.0008323746104118736,5400,5400,5400,5400,5400,5400,5400,5400,5400,5400,5400
GET,/predict?cb_nonce=757107,1,1,4076.4186999294907,4076.4186999294907,4076.4186999294907,4076.4186999294907,0.0,0.0008323746104118736,0.0008323746104118736,4100,4100,4100,4100,4100,4100,4100,4100,4100,4100,4100
GET,/predict?cb_nonce=757351,1,1,4210.045799962245,4210.045799962245,4210.045799962245,4210.045799962245,0.0,0.0008323746104118736,0.0008323746104118736,4200,4200,4200,4200,4200,4200,4200,4200,4200,4200,4200
GET,/predict?cb_nonce=757464,1,0,2333.4095999598503,2333.4095999598503,2333.4095999598503,2333.4095999598503,39.0,0.0008323746104118736,0.0,2300,2300,2300,2300,2300,2300,2300,2300,2300,2300,2300
GET,/predict?cb_nonce=75759,1,1,4073.2797000091523,4073.2797000091523,4073.2797000091523,4073.2797000091523,0.0,0.0008323746104118736,0.0008323746104118736,4100,4100,4100,4100,4100,4100,4100,4100,4100,4100,4100
GET,/predict?cb_nonce=758351,1,0,50847.83820004668,50847.83820004668,50847.83820004668,50847.83820004668,39.0,0.0008323746104118736,0.0,51000,51000,51000,51000,51000,51000,51000,51000,51000,51000,51000
GET,/predict?cb_nonce=758415,1,0,2009.5631000585854,2009.5631000585854,2009.5631000585854,2009.5631000585854,39.0,0.0008323746104118736,0.0,2000,2000,2000,2000,2000,2000,2000,2000,2000,2000,2000
GET,/predict?cb_nonce=759634,1,0,1698.8275999901816,1698.8275999901816,1698.8275999901816,1698.8275999901816,39.0,0.0008323746104118736,0.0,1700,1700,1700,1700,1700,1700,1700,1700,1700,1700,1700
GET,/predict?cb_nonce=759667,1,0,2268.459799932316,2268.459799932316,2268.459799932316,2268.459799932316,39.0,0.0008323746104118736,0.0,2300,2300,2300,2300,2300,2300,2300,2300,2300,2300,2300
GET,/predict?cb_nonce=759857,1,0,1071.4169999118894,1071.4169999118894,1071.4169999118894,1071.4169999118894,39.0,0.0008323746104118736,0.0,1100,1100,1100,1100,1100,1100,1100,1100,1100,1100,1100
GET,/predict?cb_nonce=760116,1,1,4103.397300001234,4103.397300001234,4103.397300001234,4103.397300001234,0.0,0.0008323746104118736,0.0008323746104118736,4100,4100,4100,4100,4100,4100,4100,4100,4100,4100,4100
GET,/predict?cb_nonce=760290,1,1,4327.23019993864,4327.23019993864,4327.23019993864,4327.23019993864,0.0,0.0008323746104118736,0.0008323746104118736,4300,4300,4300,4300,4300,4300,4300,4300,4300,4300,4300
GET,/predict?cb_nonce=760338,1,1,4205.914100049995,4205.914100049995,4205.914100049995,4205.914100049995,0.0,0.0008323746104118736,0.0008323746104118736,4200,4200,4200,4200,4200,4200,4200,4200,4200,4200,4200
GET,/predict?cb_nonce=761755,1,1,4124.6553000528365,4124.6553000528365,4124.6553000528365,4124.6553000528365,0.0,0.0008323746104118736,0.0008323746104118736,4100,4100,4100,4100,4100,4100,4100,4100,4100,4100,4100
GET,/predict?cb_nonce=762068,1,1,4902.797899907455,4902.797899907455,4902.797899907455,4902.797899907455,0.0,0.0008323746104118736,0.0008323746104118736,4900,4900,4900,4900,4900,4900,4900,4900,4900,4900,4900
GET,/predict?cb_nonce=762167,1,0,2093.6230999650434,2093.6230999650434,2093.6230999650434,2093.6230999650434,39.0,0.0008323746104118736,0.0,2100,2100,2100,2100,2100,2100,2100,2100,2100,2100,2100
GET,/predict?cb_nonce=762383,1,0,9723.803599947132,9723.803599947132,9723.803599947132,9723.803599947132,39.0,0.0008323746104118736,0.0,9700,9700,9700,9700,9700,9700,9700,9700,9700,9700,9700
GET,/predict?cb_nonce=762643,1,0,1892.8872999968007,1892.8872999968007,1892.8872999968007,1892.8872999968007,39.0,0.0008323746104118736,0.0,1900,1900,1900,1900,1900,1900,1900,1900,1900,1900,1900
GET,/predict?cb_nonce=762942,1,0,2502.176499925554,2502.176499925554,2502.176499925554,2502.176499925554,39.0,0.0008323746104118736,0.0,2500,2500,2500,2500,2500,2500,2500,2500,2500,2500,2500
GET,/predict?cb_nonce=763183,1,1,5244.263799977489,5244.263799977489,5244.263799977489,5244.263799977489,0.0,0.0008323746104118736,0.0008323746104118736,5200,5200,5200,5200,5200,5200,5200,5200,5200,5200,5200
GET,/predict?cb_nonce=763271,1,0,2539.4635000266135,2539.4635000266135,2539.4635000266135,2539.4635000266135,39.0,0.0008323746104118736,0.0,2500,2500,2500,2500,2500,2500,2500,2500,2500,2500,2500
GET,/predict?cb_nonce=76365,1,1,4131.3639000291005,4131.3639000291005,4131.3639000291005,4131.3639000291005,0.0,0.0008323746104118736,0.0008323746104118736,4100,4100,4100,4100,4100,4100,4100,4100,4100,4100,4100
GET,/predict?cb_nonce=76420,1,0,1888.660499942489,1888.660499942489,1888.660499942489,1888.660499942489,39.0,0.0008323746104118736,0.0,1900,1900,1900,1900,1900,1900,1900,1900,1900,1900,1900
GET,/predict?cb_nonce=764392,1,1,4122.0987000269815,4122.0987000269815,4122.0987000269815,4122.0987000269815,0.0,0.0008323746104118736,0.0008323746104118736,4100,4100,4100,4100,4100,4100,4100,4100,4100,4100,4100
GET,/predict?cb_nonce=764881,1,0,72389.30109993089,72389.30109993089,72389.30109993089,72389.30109993089,39.0,0.0008323746104118736,0.0,72000,72000,72000,72000,72000,72000,72000,72000,72000,72000,72000
GET,/predict?cb_nonce=764884,1,0,2385.1570999249816,2385.1570999249816,2385.1570999249816,2385.1570999249816,39.0,0.0008323746104118736,0.0,2400,2400,2400,2400,2400,2400,2400,2400,2400,2400,2400
GET,/predict?cb_nonce=76517,1,0,1423.1458000140265,1423.1458000140265,1423.1458000140265,1423.1458000140265,39.0,0.0008323746104118736,0.0,1400,1400,1400,1400,1400,1400,1400,1400,1400,1400,1400
GET,/predict?cb_nonce=765569,1,0,2344.6847000159323,2344.6847000159323,2344.6847000159323,2344.6847000159323,39.0,0.0008323746104118736,0.0,2300,2300,2300,2300,2300,2300,2300,2300,2300,2300,2300
GET,/predict?cb_nonce=766025,1,1,5153.263599961065,5153.263599961065,5153.263599961065,5153.263599961065,0.0,0.0008323746104118736,0.0008323746104118736,5200,5200,5200,5200,5200,5200,5200,5200,5200,5200,5200
GET,/predict?cb_nonce=766909,1,0,2619.6344000054523,2619.6344000054523,2619.6344000054523,2619.6344000054523,39.0,0.0008323746104118736,0.0,2600,2600,2600,2600,2600,2600,2600,2600,2600,2600,2600
GET,/predict?cb_nonce=767062,1,0,38925.33680004999,38925.33680004999,38925.33680004999,38925.33680004999,39.0,0.0008323746104118736,0.0,39000,39000,39000,39000,39000,39000,39000,39000,39000,39000,39000
GET,/predict?cb_nonce=767114,1,1,4530.89620009996,4530.89620009996,4530.89620009996,4530.89620009996,0.0,0.0008323746104118736,0.0008323746104118736,4500,4500,4500,4500,4500,4500,4500,4500,4500,4500,4500
GET,/predict?cb_nonce=767157,1,0,4574.9341999180615,4574.9341999180615,4574.9341999180615,4574.9341999180615,39.0,0.0008323746104118736,0.0,4600,4600,4600,4600,4600,4600,4600,4600,4600,4600,4600
GET,/predict?cb_nonce=767506,1,1,5006.4761999528855,5006.4761999528855,5006.4761999528855,5006.4761999528855,0.0,0.0008323746104118736,0.0008323746104118736,5000,5000,5000,5000,5000,5000,5000,5000,5000,5000,5000
GET,/predict?cb_nonce=767719,1,0,36171.302799950354,36171.302799950354,36171.302799950354,36171.302799950354,39.0,0.0008323746104118736,0.0,36000,36000,36000,36000,36000,36000,36000,36000,36000,36000,36000
GET,/predict?cb_nonce=768292,1,0,1410.5782000115141,1410.5782000115141,1410.5782000115141,1410.5782000115141,39.0,0.0008323746104118736,0.0,1400,1400,1400,1400,1400,1400,1400,1400,1400,1400,1400
GET,/predict?cb_nonce=768361,1,1,4329.240100109018,4329.240100109018,4329.240100109018,4329.240100109018,0.0,0.0008323746104118736,0.0008323746104118736,4300,4300,4300,4300,4300,4300,4300,4300,4300,4300,4300
GET,/predict?cb_nonce=768418,1,1,4072.2861000103876,4072.2861000103876,4072.2861000103876,4072.2861000103876,0.0,0.0008323746104118736,0.0008323746104118736,4100,4100,4100,4100,4100,4100,4100,4100,4100,4100,4100
GET,/predict?cb_nonce=76842,1,0,2062.892899964936,2062.892899964936,2062.892899964936,2062.892899964936,39.0,0.0008323746104118736,0.0,2100,2100,2100,2100,2100,2100,2100,2100,2100,2100,2100
GET,/predict?cb_nonce=768719,1,1,4568.388900021091,4568.388900021091,4568.388900021091,4568.388900021091,0.0,0.0008323746104118736,0.0008323746104118736,4600,4600,4600,4600,4600,4600,4600,4600,4600,4600,4600
GET,/predict?cb_nonce=769009,1,0,2248.2698999810964,2248.2698999810964,2248.2698999810964,2248.2698999810964,39.0,0.0008323746104118736,0.0,2200,2200,2200,2200,2200,2200,2200,2200,2200,2200,2200
GET,/predict?cb_nonce=769012,1,0,2374.691899982281,2374.691899982281,2374.691899982281,2374.691899982281,39.0,0.0008323746104118736,0.0,2400,2400,2400,2400,2400,2400,2400,2400,2400,2400,2400
GET,/predict?cb_nonce=769417,1,0,1827.7188000502065,1827.7188000502065,1827.7188000502065,1827.7188000502065,39.0,0.0008323746104118736,0.0,1800,1800,1800,1800,1800,1800,1800,1800,1800,1800,1800
GET,/predict?cb_nonce=769712,1,0,1561.731900088489,1561.731900088489,1561.731900088489,1561.731900088489,39.0,0.0008323746104118736,0.0,1600,1600,1600,1600,1600,1600,1600,1600,1600,1600,1600
GET,/predict?cb_nonce=770267,1,1,4092.17630000785,4092.17630000785,4092.17630000785,4092.17630000785,0.0,0.0008323746104118736,0.0008323746104118736,4100,4100,4100,4100,4100,4100,4100,4100,4100,4100,4100
GET,/predict?cb_nonce=770882,1,0,1351.393899996765,1351.393899996765,1351.393899996765,1351.393899996765,39.0,0.0008323746104118736,0.0,1400,1400,1400,1400,1400,1400,1400,1400,1400,1400,1400
GET,/predict?cb_nonce=771900,1,1,4230.459899990819,4230.459899990819,4230.459899990819,4230.459899990819,0.0,0.0008323746104118736,0.0008323746104118736,4200,4200,4200,4200,4200,4200,4200,4200,4200,4200,4200
GET,/predict?cb_nonce=773002,1,0,2207.4007999617606,2207.4007999617606,2207.4007999617606,2207.4007999617606,39.0,0.0008323746104118736,0.0,2200,2200,2200,2200,2200,2200,2200,2200,2200,2200,2200
GET,/predict?cb_nonce=773037,1,1,4897.1740999259055,4897.1740999259055,4897.1740999259055,4897.1740999259055,0.0,0.0008323746104118736,0.0008323746104118736,4900,4900,4900,4900,4900,4900,4900,4900,4900,4900,4900
GET,/predict?cb_nonce=773080,1,1,4907.8488000668585,4907.8488000668585,4907.8488000668585,4907.8488000668585,0.0,0.0008323746104118736,0.0008323746104118736,4900,4900,4900,4900,4900,4900,4900,4900,4900,4900,4900
GET,/predict?cb_nonce=773332,1,1,4068.5662000905722,4068.5662000905722,4068.5662000905722,4068.5662000905722,0.0,0.0008323746104118736,0.0008323746104118736,4100,4100,4100,4100,4100,4100,4100,4100,4100,4100,4100
GET,/predict?cb_nonce=773416,1,0,1674.3932999670506,1674.3932999670506,1674.3932999670506,1674.3932999670506,39.0,0.0008323746104118736,0.0,1700,1700,1700,1700,1700,1700,1700,1700,1700,1700,1700
GET,/predict?cb_nonce=773784,1,0,2323.5232000006363,2323.5232000006363,2323.5232000006363,2323.5232000006363,39.0,0.0008323746104118736,0.0,2300,2300,2300,2300,2300,2300,2300,2300,2300,2300,2300
GET,/predict?cb_nonce=774219,1,1,4121.450199978426,4121.450199978426,4121.450199978426,4121.450199978426,0.0,0.0008323746104118736,0.0008323746104118736,4100,4100,4100,4100,4100,4100,4100,4100,4100,4100,4100
GET,/predict?cb_nonce=774293,1,0,2712.7306000329554,2712.7306000329554,2712.7306000329554,2712.7306000329554,39.0,0.0008323746104118736,0.0,2700,2700,2700,2700,2700,2700,2700,2700,2700,2700,2700
GET,/predict?cb_nonce=774335,1,1,5532.813600031659,5532.813600031659,5532.813600031659,5532.813600031659,0.0,0.0008323746104118736,0.0008323746104118736,5500,5500,5500,5500,5500,5500,5500,5500,5500,5500,5500
GET,/predict?cb_nonce=774386,1,0,2560.385899967514,2560.385899967514,2560.385899967514,2560.385899967514,39.0,0.0008323746104118736,0.0,2600,2600,2600,2600,2600,2600,2600,2600,2600,2600,2600
GET,/predict?cb_nonce=774661,1,1,4224.501900025643,4224.501900025643,4224.501900025643,4224.501900025643,0.0,0.0008323746104118736,0.0008323746104118736,4200,4200,4200,4200,4200,4200,4200,4200,4200,4200,4200
GET,/predict?cb_nonce=775075,1,0,1546.4906999841332,1546.4906999841332,1546.4906999841332,1546.4906999841332,39.0,0.0008323746104118736,0.0,1500,1500,1500,1500,1500,1500,1500,1500,1500,1500,1500
GET,/predict?cb_nonce=775508,1,1,4634.762900066562,4634.762900066562,4634.762900066562,4634.762900066562,0.0,0.0008323746104118736,0.0008323746104118736,4600,4600,4600,4600,4600,4600,4600,4600,4600,4600,4600
GET,/predict?cb_nonce=775525,1,0,15156.001599971205,15156.001599971205,15156.001599971205,15156.001599971205,39.0,0.0008323746104118736,0.0,15000,15000,15000,15000,15000,15000,15000,15000,15000,15000,15000
GET,/predict?cb_nonce=775975,1,1,4743.240999989212,4743.240999989212,4743.240999989212,4743.240999989212,0.0,0.0008323746104118736,0.0008323746104118736,4700,4700,4700,4700,4700,4700,4700,4700,4700,4700,4700
GET,/predict?cb_nonce=776072,1,0,4450.0732999295,4450.0732999295,4450.0732999295,4450.0732999295,39.0,0.0008323746104118736,0.0,4500,4500,4500,4500,4500,4500,4500,4500,4500,4500,4500
GET,/predict?cb_nonce=776271,1,0,1283.8181999977678,1283.8181999977678,1283.8181999977678,1283.8181999977678,39.0,0.0008323746104118736,0.0,1300,1300,1300,1300,1300,1300,1300,1300,1300,1300,1300
GET,/predict?cb_nonce=776650,1,0,1545.1657000230625,1545.1657000230625,1545.1657000230625,1545.1657000230625,39.0,0.0008323746104118736,0.0,1500,1500,1500,1500,1500,1500,1500,1500,1500,1500,1500
GET,/predict?cb_nonce=777062,1,1,4113.555200048722,4113.555200048722,4113.555200048722,4113.555200048722,0.0,0.0008323746104118736,0.0008323746104118736,4100,4100,4100,4100,4100,4100,4100,4100,4100,4100,4100
GET,/predict?cb_nonce=777351,1,1,4569.133799988776,4569.133799988776,4569.133799988776,4569.133799988776,0.0,0.0008323746104118736,0.0008323746104118736,4600,4600,4600,4600,4600,4600,4600,4600,4600,4600,4600
GET,/predict?cb_nonce=777408,1,0,1805.4270000429824,1805.4270000429824,1805.4270000429824,1805.4270000429824,39.0,0.0008323746104118736,0.0,1800,1800,1800,1800,1800,1800,1800,1800,1800,1800,1800
GET,/predict?cb_nonce=777829,1,1,4076.0946000227705,4076.0946000227705,4076.0946000227705,4076.0946000227705,0.0,0.0008323746104118736,0.0008323746104118736,4100,4100,4100,4100,4100,4100,4100,4100,4100,4100,4100
GET,/predict?cb_nonce=778251,1,0,1496.214299928397,1496.214299928397,1496.214299928397,1496.214299928397,39.0,0.0008323746104118736,0.0,1500,1500,1500,1500,1500,1500,1500,1500,1500,1500,1500
GET,/predict?cb_nonce=778954,1,0,71961.20860008523,71961.20860008523,71961.20860008523,71961.20860008523,39.0,0.0008323746104118736,0.0,72000,72000,72000,72000,72000,72000,72000,72000,72000,72000,72000
GET,/predict?cb_nonce=778979,1,1,4085.0985000142828,4085.0985000142828,4085.0985000142828,4085.0985000142828,0.0,0.0008323746104118736,0.0008323746104118736,4100,4100,4100,4100,4100,4100,4100,4100,4100,4100,4100
GET,/predict?cb_nonce=780047,1,1,4080.2088999189436,4080.2088999189436,4080.2088999189436,4080.2088999189436,0.0,0.0008323746104118736,0.0008323746104118736,4100,4100,4100,4100,4100,4100,4100,4100,4100,4100,4100
GET,/predict?cb_nonce=780637,1,0,2278.161399997771,2278.161399997771,2278.161399997771,2278.161399997771,39.0,0.0008323746104118736,0.0,2300,2300,2300,2300,2300,2300,2300,2300,2300,2300,2300
GET,/predict?cb_nonce=781046,1,0,1498.2525000814348,1498.2525000814348,1498.2525000814348,1498.2525000814348,39.0,0.0008323746104118736,0.0,1500,1500,1500,1500,1500,1500,1500,1500,1500,1500,1500
GET,/predict?cb_nonce=78146,1,1,4096.101099974476,4096.101099974476,4096.101099974476,4096.101099974476,0.0,0.0008323746104118736,0.0008323746104118736,4100,4100,4100,4100,4100,4100,4100,4100,4100,4100,4100
GET,/predict?cb_nonce=782405,1,1,4060.6554999249056,4060.6554999249056,4060.6554999249056,4060.6554999249056,0.0,0.0008323746104118736,0.0008323746104118736,4100,4100,4100,4100,4100,4100,4100,4100,4100,4100,4100
GET,/predict?cb_nonce=782554,1,1,4830.865800031461,4830.865800031461,4830.865800031461,4830.865800031461,0.0,0.0008323746104118736,0.0008323746104118736,4800,4800,4800,4800,4800,4800,4800,4800,4800,4800,4800
GET,/predict?cb_nonce=783000,1,1,4330.944900051691,4330.944900051691,4330.944900051691,4330.944900051691,0.0,0.0008323746104118736,0.0008323746104118736,4300,4300,4300,4300,4300,4300,4300,4300,4300,4300,4300
GET,/predict?cb_nonce=783146,1,1,4342.266199993901,4342.266199993901,4342.266199993901,4342.266199993901,0.0,0.0008323746104118736,0.0008323746104118736,4300,4300,4300,4300,4300,4300,4300,4300,4300,4300,4300
GET,/predict?cb_nonce=783531,1,1,4348.212200100534,4348.212200100534,4348.212200100534,4348.212200100534,0.0,0.0008323746104118736,0.0008323746104118736,4300,4300,4300,4300,4300,4300,4300,4300,4300,4300,4300
GET,/predict?cb_nonce=784295,1,1,4625.896899960935,4625.896899960935,4625.896899960935,4625.896899960935,0.0,0.0008323746104118736,0.0008323746104118736,4600,4600,4600,4600,4600,4600,4600,4600,4600,4600,4600
GET,/predict?cb_nonce=784322,1,0,2949.318500002846,2949.318500002846,2949.318500002846,2949.318500002846,39.0,0.0008323746104118736,0.0,2900,2900,2900,2900,2900,2900,2900,2900,2900,2900,2900
GET,/predict?cb_nonce=784364,1,0,2527.8789999429137,2527.8789999429137,2527.8789999429137,2527.8789999429137,39.0,0.0008323746104118736,0.0,2500,2500,2500,2500,2500,2500,2500,2500,2500,2500,2500
GET,/predict?cb_nonce=785190,1,1,4112.902399967425,4112.902399967425,4112.902399967425,4112.902399967425,0.0,0.0008323746104118736,0.0008323746104118736,4100,4100,4100,4100,4100,4100,4100,4100,4100,4100,4100
GET,/predict?cb_nonce=785254,1,1,5014.238800038584,5014.238800038584,5014.238800038584,5014.238800038584,0.0,0.0008323746104118736,0.0008323746104118736,5000,5000,5000,5000,5000,5000,5000,5000,5000,5000,5000
GET,/predict?cb_nonce=78572,1,0,3824.375999975018,3824.375999975018,3824.375999975018,3824.375999975018,39.0,0.0008323746104118736,0.0,3800,3800,3800,3800,3800,3800,3800,3800,3800,3800,3800
GET,/predict?cb_nonce=785875,1,0,1982.639899943024,1982.639899943024,1982.639899943024,1982.639899943024,39.0,0.0008323746104118736,0.0,2000,2000,2000,2000,2000,2000,2000,2000,2000,2000,2000
GET,/predict?cb_nonce=786497,1,1,4041.863599908538,4041.863599908538,4041.863599908538,4041.863599908538,0.0,0.0008323746104118736,0.0008323746104118736,4000,4000,4000,4000,4000,4000,4000,4000,4000,4000,4000
GET,/predict?cb_nonce=786563,1,0,11835.874099982902,11835.874099982902,11835.874099982902,11835.874099982902,39.0,0.0008323746104118736,0.0,12000,12000,12000,12000,12000,12000,12000,12000,12000,12000,12000
GET,/predict?cb_nonce=786664,1,1,4216.069900081493,4216.069900081493,4216.069900081493,4216.069900081493,0.0,0.0008323746104118736,0.0008323746104118736,4200,4200,4200,4200,4200,4200,4200,4200,4200,4200,4200
GET,/predict?cb_nonce=786782,1,0,36231.731400010176,36231.731400010176,36231.731400010176,36231.731400010176,39.0,0.0008323746104118736,0.0,36000,36000,36000,36000,36000,36000,36000,36000,36000,36000,36000
GET,/predict?cb_nonce=786814,1,1,4917.264300049283,4917.264300049283,4917.264300049283,4917.264300049283,0.0,0.0008323746104118736,0.0008323746104118736,4900,4900,4900,4900,4900,4900,4900,4900,4900,4900,4900
GET,/predict?cb_nonce=787109,1,1,4301.052000024356,4301.052000024356,4301.052000024356,4301.052000024356,0.0,0.0008323746104118736,0.0008323746104118736,4300,4300,4300,4300,4300,4300,4300,4300,4300,4300,4300
GET,/predict?cb_nonce=787180,1,1,4092.8668999113142,4092.8668999113142,4092.8668999113142,4092.8668999113142,0.0,0.0008323746104118736,0.0008323746104118736,4100,4100,4100,4100,4100,4100,4100,4100,4100,4100,4100
GET,/predict?cb_nonce=787250,1,1,4208.292299997993,4208.292299997993,4208.292299997993,4208.292299997993,0.0,0.0008323746104118736,0.0008323746104118736,4200,4200,4200,4200,4200,4200,4200,4200,4200,4200,4200
GET,/predict?cb_nonce=788113,1,0,28787.61909995228,28787.61909995228,28787.61909995228,28787.61909995228,39.0,0.0008323746104118736,0.0,29000,29000,29000,29000,29000,29000,29000,29000,29000,29000,29000
GET,/predict?cb_nonce=788206,1,0,8533.583499956876,8533.583499956876,8533.583499956876,8533.583499956876,39.0,0.0008323746104118736,0.0,8500,8500,8500,8500,8500,8500,8500,8500,8500,8500,8500
GET,/predict?cb_nonce=788339,1,1,4794.162199948914,4794.162199948914,4794.162199948914,4794.162199948914,0.0,0.0008323746104118736,0.0008323746104118736,4800,4800,4800,4800,4800,4800,4800,4800,4800,4800,4800
GET,/predict?cb_nonce=788372,1,1,4064.1113000456244,4064.1113000456244,4064.1113000456244,4064.1113000456244,0.0,0.0008323746104118736,0.0008323746104118736,4100,4100,4100,4100,4100,4100,4100,4100,4100,4100,4100
GET,/predict?cb_nonce=788689,1,0,2411.3582000136375,2411.3582000136375,2411.3582000136375,2411.3582000136375,39.0,0.0008323746104118736,0.0,2400,2400,2400,2400,2400,2400,2400,2400,2400,2400,2400
GET,/predict?cb_nonce=789048,1,0,2447.8330001002178,2447.8330001002178,2447.8330001002178,2447.8330001002178,39.0,0.0008323746104118736,0.0,2400,2400,2400,2400,2400,2400,2400,2400,2400,2400,2400
GET,/predict?cb_nonce=789556,1,0,2490.658499998972,2490.658499998972,2490.658499998972,2490.658499998972,39.0,0.0008323746104118736,0.0,2500,2500,2500,2500,2500,2500,2500,2500,2500,2500,2500
GET,/predict?cb_nonce=789569,1,1,4056.3326000701636,4056.3326000701636,4056.3326000701636,4056.3326000701636,0.0,0.0008323746104118736,0.0008323746104118736,4100,4100,4100,4100,4100,4100,4100,4100,4100,4100,4100
GET,/predict?cb_nonce=790352,1,1,4880.904600024223,4880.904600024223,4880.904600024223,4880.904600024223,0.0,0.0008323746104118736,0.0008323746104118736,4900,4900,4900,4900,4900,4900,4900,4900,4900,4900,4900
GET,/predict?cb_nonce=790366,1,1,4226.524899946526,4226.524899946526,4226.524899946526,4226.524899946526,0.0,0.0008323746104118736,0.0008323746104118736,4200,4200,4200,4200,4200,4200,4200,4200,4200,4200,4200
GET,/predict?cb_nonce=790548,1,0,2448.306699981913,2448.306699981913,2448.306699981913,2448.306699981913,39.0,0.0008323746104118736,0.0,2400,2400,2400,2400,2400,2400,2400,2400,2400,2400,2400
GET,/predict?cb_nonce=790727,1,0,28694.26919997204,28694.26919997204,28694.26919997204,28694.26919997204,39.0,0.0008323746104118736,0.0,29000,29000,29000,29000,29000,29000,29000,29000,29000,29000,29000
GET,/predict?cb_nonce=792139,1,1,4632.168799987994,4632.168799987994,4632.168799987994,4632.168799987994,0.0,0.0008323746104118736,0.0008323746104118736,4600,4600,4600,4600,4600,4600,4600,4600,4600,4600,4600
GET,/predict?cb_nonce=792544,1,1,4237.151500070468,4237.151500070468,4237.151500070468,4237.151500070468,0.0,0.0008323746104118736,0.0008323746104118736,4200,4200,4200,4200,4200,4200,4200,4200,4200,4200,4200
GET,/predict?cb_nonce=793050,1,1,4751.182400039397,4751.182400039397,4751.182400039397,4751.182400039397,0.0,0.0008323746104118736,0.0008323746104118736,4800,4800,4800,4800,4800,4800,4800,4800,4800,4800,4800
GET,/predict?cb_nonce=79320,1,0,1973.7014999845996,1973.7014999845996,1973.7014999845996,1973.7014999845996,39.0,0.0008323746104118736,0.0,2000,2000,2000,2000,2000,2000,2000,2000,2000,2000,2000
GET,/predict?cb_nonce=793403,1,0,1569.8169999523088,1569.8169999523088,1569.8169999523088,1569.8169999523088,39.0,0.0008323746104118736,0.0,1600,1600,1600,1600,1600,1600,1600,1600,1600,1600,1600
GET,/predict?cb_nonce=793807,1,0,2534.7082000225782,2534.7082000225782,2534.7082000225782,2534.7082000225782,39.0,0.0008323746104118736,0.0,2500,2500,2500,2500,2500,2500,2500,2500,2500,2500,2500
GET,/predict?cb_nonce=794037,1,0,2659.769400022924,2659.769400022924,2659.769400022924,2659.769400022924,39.0,0.0008323746104118736,0.0,2700,2700,2700,2700,2700,2700,2700,2700,2700,2700,2700
GET,/predict?cb_nonce=794368,1,1,4060.7062000781298,4060.7062000781298,4060.7062000781298,4060.7062000781298,0.0,0.0008323746104118736,0.0008323746104118736,4100,4100,4100,4100,4100,4100,4100,4100,4100,4100,4100
GET,/predict?cb_nonce=794638,1,0,1165.2621999382973,1165.2621999382973,1165.2621999382973,1165.2621999382973,39.0,0.0008323746104118736,0.0,1200,1200,1200,1200,1200,1200,1200,1200,1200,1200,1200
GET,/predict?cb_nonce=794782,1,0,2325.9212999837473,2325.9212999837473,2325.9212999837473,2325.9212999837473,39.0,0.0008323746104118736,0.0,2300,2300,2300,2300,2300,2300,2300,2300,2300,2300,2300
GET,/predict?cb_nonce=79546,1,1,4289.7128000622615,4289.7128000622615,4289.7128000622615,4289.7128000622615,0.0,0.0008323746104118736,0.0008323746104118736,4300,4300,4300,4300,4300,4300,4300,4300,4300,4300,4300
GET,/predict?cb_nonce=795642,1,0,2309.3526000157,2309.3526000157,2309.3526000157,2309.3526000157,39.0,0.0008323746104118736,0.0,2300,2300,2300,2300,2300,2300,2300,2300,2300,2300,2300
GET,/predict?cb_nonce=795872,1,1,4507.12049996946,4507.12049996946,4507.12049996946,4507.12049996946,0.0,0.0008323746104118736,0.0008323746104118736,4500,4500,4500,4500,4500,4500,4500,4500,4500,4500,4500
GET,/predict?cb_nonce=796306,1,0,2411.4691000431776,2411.4691000431776,2411.4691000431776,2411.4691000431776,39.0,0.0008323746104118736,0.0,2400,2400,2400,2400,2400,2400,2400,2400,2400,2400,2400
GET,/predict?cb_nonce=797043,1,0,1361.4110000198707,1361.4110000198707,1361.4110000198707,1361.4110000198707,39.0,0.0008323746104118736,0.0,1400,1400,1400,1400,1400,1400,1400,1400,1400,1400,1400
GET,/predict?cb_nonce=797281,1,1,4226.318100001663,4226.318100001663,4226.318100001663,4226.318100001663,0.0,0.0008323746104118736,0.0008323746104118736,4200,4200,4200,4200,4200,4200,4200,4200,4200,4200,4200
GET,/predict?cb_nonce=797396,1,1,4210.3868999984115,4210.3868999984115,4210.3868999984115,4210.3868999984115,0.0,0.0008323746104118736,0.0008323746104118736,4200,4200,4200,4200,4200,4200,4200,4200,4200,4200,4200
GET,/predict?cb_nonce=797559,1,1,4818.083000020124,4818.083000020124,4818.083000020124,4818.083000020124,0.0,0.0008323746104118736,0.0008323746104118736,4800,4800,4800,4800,4800,4800,4800,4800,4800,4800,4800
GET,/predict?cb_nonce=797955,1,0,1416.8189000338316,1416.8189000338316,1416.8189000338316,1416.8189000338316,39.0,0.0008323746104118736,0.0,1400,1400,1400,1400,1400,1400,1400,1400,1400,1400,1400
GET,/predict?cb_nonce=798458,1,1,5040.754299960099,5040.754299960099,5040.754299960099,5040.754299960099,0.0,0.0008323746104118736,0.0008323746104118736,5000,5000,5000,5000,5000,5000,5000,5000,5000,5000,5000
GET,/predict?cb_nonce=798514,1,0,1770.3854999272153,1770.3854999272153,1770.3854999272153,1770.3854999272153,39.0,0.0008323746104118736,0.0,1800,1800,1800,1800,1800,1800,1800,1800,1800,1800,1800
GET,/predict?cb_nonce=798541,1,0,1732.9340999713168,1732.9340999713168,1732.9340999713168,1732.9340999713168,39.0,0.0008323746104118736,0.0,1700,1700,1700,1700,1700,1700,1700,1700,1700,1700,1700
GET,/predict?cb_nonce=798922,1,0,35056.82580010034,35056.82580010034,35056.82580010034,35056.82580010034,39.0,0.0008323746104118736,0.0,35000,35000,35000,35000,35000,35000,35000,35000,35000,35000,35000
GET,/predict?cb_nonce=799050,1,1,5175.52920000162,5175.52920000162,5175.52920000162,5175.52920000162,0.0,0.0008323746104118736,0.0008323746104118736,5200,5200,5200,5200,5200,5200,5200,5200,5200,5200,5200
GET,/predict?cb_nonce=799504,1,1,4312.503100023605,4312.503100023605,4312.503100023605,4312.503100023605,0.0,0.0008323746104118736,0.0008323746104118736,4300,4300,4300,4300,4300,4300,4300,4300,4300,4300,4300
GET,/predict?cb_nonce=800781,1,1,4307.122300029732,4307.122300029732,4307.122300029732,4307.122300029732,0.0,0.0008323746104118736,0.0008323746104118736,4300,4300,4300,4300,4300,4300,4300,4300,4300,4300,4300
GET,/predict?cb_nonce=800821,1,0,51318.78129998222,51318.78129998222,51318.78129998222,51318.78129998222,39.0,0.0008323746104118736,0.0,51000,51000,51000,51000,51000,51000,51000,51000,51000,51000,51000
GET,/predict?cb_nonce=800970,1,0,1198.3564000111073,1198.3564000111073,1198.3564000111073,1198.3564000111073,39.0,0.0008323746104118736,0.0,1200,1200,1200,1200,1200,1200,1200,1200,1200,1200,1200
GET,/predict?cb_nonce=801580,1,0,2100.6751999957487,2100.6751999957487,2100.6751999957487,2100.6751999957487,39.0,0.0008323746104118736,0.0,2100,2100,2100,2100,2100,2100,2100,2100,2100,2100,2100
GET,/predict?cb_nonce=802121,1,1,4309.696499956772,4309.696499956772,4309.696499956772,4309.696499956772,0.0,0.0008323746104118736,0.0008323746104118736,4300,4300,4300,4300,4300,4300,4300,4300,4300,4300,4300
GET,/predict?cb_nonce=802159,1,0,2229.8282000701874,2229.8282000701874,2229.8282000701874,2229.8282000701874,39.0,0.0008323746104118736,0.0,2200,2200,2200,2200,2200,2200,2200,2200,2200,2200,2200
GET,/predict?cb_nonce=802686,1,0,1637.4168000184,1637.4168000184,1637.4168000184,1637.4168000184,39.0,0.0008323746104118736,0.0,1600,1600,1600,1600,1600,1600,1600,1600,1600,1600,1600
GET,/predict?cb_nonce=803094,1,0,2790.591199998744,2790.591199998744,2790.591199998744,2790.591199998744,39.0,0.0008323746104118736,0.0,2800,2800,2800,2800,2800,2800,2800,2800,2800,2800,2800
GET,/predict?cb_nonce=803166,1,0,17911.624899948947,17911.624899948947,17911.624899948947,17911.624899948947,39.0,0.0008323746104118736,0.0,18000,18000,18000,18000,18000,18000,18000,18000,18000,18000,18000
GET,/predict?cb_nonce=803219,1,1,4721.9714999664575,4721.9714999664575,4721.9714999664575,4721.9714999664575,0.0,0.0008323746104118736,0.0008323746104118736,4700,4700,4700,4700,4700,4700,4700,4700,4700,4700,4700
GET,/predict?cb_nonce=803349,1,1,4483.604799956083,4483.604799956083,4483.604799956083,4483.604799956083,0.0,0.0008323746104118736,0.0008323746104118736,4500,4500,4500,4500,4500,4500,4500,4500,4500,4500,4500
GET,/predict?cb_nonce=803633,1,0,2620.5934999743477,2620.5934999743477,2620.5934999743477,2620.5934999743477,39.0,0.0008323746104118736,0.0,2600,2600,2600,2600,2600,2600,2600,2600,2600,2600,2600
GET,/predict?cb_nonce=803692,1,1,4788.709800108336,4788.709800108336,4788.709800108336,4788.709800108336,0.0,0.0008323746104118736,0.0008323746104118736,4800,4800,4800,4800,4800,4800,4800,4800,4800,4800,4800
GET,/predict?cb_nonce=803758,1,1,4086.8670999770984,4086.8670999770984,4086.8670999770984,4086.8670999770984,0.0,0.0008323746104118736,0.0008323746104118736,4100,4100,4100,4100,4100,4100,4100,4100,4100,4100,4100
GET,/predict?cb_nonce=80389,1,1,4186.920700012706,4186.920700012706,4186.920700012706,4186.920700012706,0.0,0.0008323746104118736,0.0008323746104118736,4200,4200,4200,4200,4200,4200,4200,4200,4200,4200,4200
GET,/predict?cb_nonce=804652,1,0,1965.8582999836653,1965.8582999836653,1965.8582999836653,1965.8582999836653,39.0,0.0008323746104118736,0.0,2000,2000,2000,2000,2000,2000,2000,2000,2000,2000,2000
GET,/predict?cb_nonce=805141,1,0,1527.4560999823734,1527.4560999823734,1527.4560999823734,1527.4560999823734,39.0,0.0008323746104118736,0.0,1500,1500,1500,1500,1500,1500,1500,1500,1500,1500,1500
GET,/predict?cb_nonce=805331,1,1,4216.306200018153,4216.306200018153,4216.306200018153,4216.306200018153,0.0,0.0008323746104118736,0.0008323746104118736,4200,4200,4200,4200,4200,4200,4200,4200,4200,4200,4200
GET,/predict?cb_nonce=805482,1,0,2261.4639999810606,2261.4639999810606,2261.4639999810606,2261.4639999810606,39.0,0.0008323746104118736,0.0,2300,2300,2300,2300,2300,2300,2300,2300,2300,2300,2300
GET,/predict?cb_nonce=806172,1,1,4078.0871000606567,4078.0871000606567,4078.0871000606567,4078.0871000606567,0.0,0.0008323746104118736,0.0008323746104118736,4100,4100,4100,4100,4100,4100,4100,4100,4100,4100,4100
GET,/predict?cb_nonce=806612,1,0,1432.7482999069616,1432.7482999069616,1432.7482999069616,1432.7482999069616,39.0,0.0008323746104118736,0.0,1400,1400,1400,1400,1400,1400,1400,1400,1400,1400,1400
GET,/predict?cb_nonce=806682,1,0,2051.4810000313446,2051.4810000313446,2051.4810000313446,2051.4810000313446,39.0,0.0008323746104118736,0.0,2100,2100,2100,2100,2100,2100,2100,2100,2100,2100,2100
GET,/predict?cb_nonce=807093,1,0,1427.9363000532612,1427.9363000532612,1427.9363000532612,1427.9363000532612,39.0,0.0008323746104118736,0.0,1400,1400,1400,1400,1400,1400,1400,1400,1400,1400,1400
GET,/predict?cb_nonce=807117,1,1,4152.745399973355,4152.745399973355,4152.745399973355,4152.745399973355,0.0,0.0008323746104118736,0.0008323746104118736,4200,4200,4200,4200,4200,4200,4200,4200,4200,4200,4200
GET,/predict?cb_nonce=80757,1,0,1621.9033000525087,1621.9033000525087,1621.9033000525087,1621.9033000525087,39.0,0.0008323746104118736,0.0,1600,1600,1600,1600,1600,1600,1600,1600,1600,1600,1600
GET,/predict?cb_nonce=807828,1,1,4084.313499974087,4084.313499974087,4084.313499974087,4084.313499974087,0.0,0.0008323746104118736,0.0008323746104118736,4100,4100,4100,4100,4100,4100,4100,4100,4100,4100,4100
GET,/predict?cb_nonce=808032,1,0,1415.2864000061527,1415.2864000061527,1415.2864000061527,1415.2864000061527,39.0,0.0008323746104118736,0.0,1400,1400,1400,1400,1400,1400,1400,1400,1400,1400,1400
GET,/predict?cb_nonce=808385,1,1,5029.760199948214,5029.760199948214,5029.760199948214,5029.760199948214,0.0,0.0008323746104118736,0.0008323746104118736,5000,5000,5000,5000,5000,5000,5000,5000,5000,5000,5000
GET,/predict?cb_nonce=808457,1,1,4488.529600086622,4488.529600086622,4488.529600086622,4488.529600086622,0.0,0.0008323746104118736,0.0008323746104118736,4500,4500,4500,4500,4500,4500,4500,4500,4500,4500,4500
GET,/predict?cb_nonce=808957,1,1,4391.467600013129,4391.467600013129,4391.467600013129,4391.467600013129,0.0,0.0008323746104118736,0.0008323746104118736,4400,4400,4400,4400,4400,4400,4400,4400,4400,4400,4400
GET,/predict?cb_nonce=809033,1,1,4107.181300059892,4107.181300059892,4107.181300059892,4107.181300059892,0.0,0.0008323746104118736,0.0008323746104118736,4100,4100,4100,4100,4100,4100,4100,4100,4100,4100,4100
GET,/predict?cb_nonce=809400,1,0,1597.500699921511,1597.500699921511,1597.500699921511,1597.500699921511,39.0,0.0008323746104118736,0.0,1600,1600,1600,1600,1600,1600,1600,1600,1600,1600,1600
GET,/predict?cb_nonce=809592,1,0,7498.441300005652,7498.441300005652,7498.441300005652,7498.441300005652,39.0,0.0008323746104118736,0.0,7500,7500,7500,7500,7500,7500,7500,7500,7500,7500,7500
GET,/predict?cb_nonce=809723,1,0,2125.198800000362,2125.198800000362,2125.198800000362,2125.198800000362,39.0,0.0008323746104118736,0.0,2100,2100,2100,2100,2100,2100,2100,2100,2100,2100,2100
GET,/predict?cb_nonce=809726,1,1,4075.9819999802858,4075.9819999802858,4075.9819999802858,4075.9819999802858,0.0,0.0008323746104118736,0.0008323746104118736,4100,4100,4100,4100,4100,4100,4100,4100,4100,4100,4100
GET,/predict?cb_nonce=809827,1,0,2547.4958000704646,2547.4958000704646,2547.4958000704646,2547.4958000704646,39.0,0.0008323746104118736,0.0,2500,2500,2500,2500,2500,2500,2500,2500,2500,2500,2500
GET,/predict?cb_nonce=810100,1,0,2464.5004000049084,2464.5004000049084,2464.5004000049084,2464.5004000049084,39.0,0.0008323746104118736,0.0,2500,2500,2500,2500,2500,2500,2500,2500,2500,2500,2500
GET,/predict?cb_nonce=810823,1,0,5046.6325000161305,5046.6325000161305,5046.6325000161305,5046.6325000161305,39.0,0.0008323746104118736,0.0,5000,5000,5000,5000,5000,5000,5000,5000,5000,5000,5000
GET,/predict?cb_nonce=811000,1,0,1554.3637999799103,1554.3637999799103,1554.3637999799103,1554.3637999799103,39.0,0.0008323746104118736,0.0,1600,1600,1600,1600,1600,1600,1600,1600,1600,1600,1600
GET,/predict?cb_nonce=811514,1,1,4084.8171999678016,4084.8171999678016,4084.8171999678016,4084.8171999678016,0.0,0.0008323746104118736,0.0008323746104118736,4100,4100,4100,4100,4100,4100,4100,4100,4100,4100,4100
GET,/predict?cb_nonce=812232,1,0,18428.031700081192,18428.031700081192,18428.031700081192,18428.031700081192,39.0,0.0008323746104118736,0.0,18000,18000,18000,18000,18000,18000,18000,18000,18000,18000,18000
GET,/predict?cb_nonce=812837,1,0,2190.562600037083,2190.562600037083,2190.562600037083,2190.562600037083,39.0,0.0008323746104118736,0.0,2200,2200,2200,2200,2200,2200,2200,2200,2200,2200,2200
GET,/predict?cb_nonce=813318,1,1,4296.506299986504,4296.506299986504,4296.506299986504,4296.506299986504,0.0,0.0008323746104118736,0.0008323746104118736,4300,4300,4300,4300,4300,4300,4300,4300,4300,4300,4300
GET,/predict?cb_nonce=814279,1,0,1988.8918000506237,1988.8918000506237,1988.8918000506237,1988.8918000506237,39.0,0.0008323746104118736,0.0,2000,2000,2000,2000,2000,2000,2000,2000,2000,2000,2000
GET,/predict?cb_nonce=814454,1,1,4082.928599906154,4082.928599906154,4082.928599906154,4082.928599906154,0.0,0.0008323746104118736,0.0008323746104118736,4100,4100,4100,4100,4100,4100,4100,4100,4100,4100,4100
GET,/predict?cb_nonce=814702,1,0,1214.0340999467298,1214.0340999467298,1214.0340999467298,1214.0340999467298,39.0,0.0008323746104118736,0.0,1200,1200,1200,1200,1200,1200,1200,1200,1200,1200,1200
GET,/predict?cb_nonce=814768,1,1,4290.271400008351,4290.271400008351,4290.271400008351,4290.271400008351,0.0,0.0008323746104118736,0.0008323746104118736,4300,4300,4300,4300,4300,4300,4300,4300,4300,4300,4300
GET,/predict?cb_nonce=81498,1,1,4213.0852999398485,4213.0852999398485,4213.0852999398485,4213.0852999398485,0.0,0.0008323746104118736,0.0008323746104118736,4200,4200,4200,4200,4200,4200,4200,4200,4200,4200,4200
GET,/predict?cb_nonce=815001,1,0,2096.6282000299543,2096.6282000299543,2096.6282000299543,2096.6282000299543,39.0,0.0008323746104118736,0.0,2100,2100,2100,2100,2100,2100,2100,2100,2100,2100,2100
GET,/predict?cb_nonce=815612,1,0,893.9984000753611,893.9984000753611,893.9984000753611,893.9984000753611,39.0,0.0008323746104118736,0.0,890,890,890,890,890,890,890,890,890,890,890
GET,/predict?cb_nonce=816303,1,1,4329.190099961124,4329.190099961124,4329.190099961124,4329.190099961124,0.0,0.0008323746104118736,0.0008323746104118736,4300,4300,4300,4300,4300,4300,4300,4300,4300,4300,4300
GET,/predict?cb_nonce=816422,1,0,1223.6421999987215,1223.6421999987215,1223.6421999987215,1223.6421999987215,39.0,0.0008323746104118736,0.0,1200,1200,1200,1200,1200,1200,1200,1200,1200,1200,1200
GET,/predict?cb_nonce=817201,1,1,4083.4338000277057,4083.4338000277057,4083.4338000277057,4083.4338000277057,0.0,0.0008323746104118736,0.0008323746104118736,4100,4100,4100,4100,4100,4100,4100,4100,4100,4100,4100
GET,/predict?cb_nonce=817454,1,0,2013.0353999556974,2013.0353999556974,2013.0353999556974,2013.0353999556974,39.0,0.0008323746104118736,0.0,2000,2000,2000,2000,2000,2000,2000,2000,2000,2000,2000
GET,/predict?cb_nonce=818417,1,1,4129.4052000157535,4129.4052000157535,4129.4052000157535,4129.4052000157535,0.0,0.0008323746104118736,0.0008323746104118736,4100,4100,4100,4100,4100,4100,4100,4100,4100,4100,4100
GET,/predict?cb_nonce=819191,1,0,2499.578900053166,2499.578900053166,2499.578900053166,2499.578900053166,39.0,0.0008323746104118736,0.0,2500,2500,2500,2500,2500,2500,2500,2500,2500,2500,2500
GET,/predict?cb_nonce=819308,1,0,2240.8581998897716,2240.8581998897716,2240.8581998897716,2240.8581998897716,39.0,0.0008323746104118736,0.0,2200,2200,2200,2200,2200,2200,2200,2200,2200,2200,2200
GET,/predict?cb_nonce=82125,1,1,4095.5817999783903,4095.5817999783903,4095.5817999783903,4095.5817999783903,0.0,0.0008323746104118736,0.0008323746104118736,4100,4100,4100,4100,4100,4100,4100,4100,4100,4100,4100
GET,/predict?cb_nonce=821723,1,0,26163.10180001892,26163.10180001892,26163.10180001892,26163.10180001892,39.0,0.0008323746104118736,0.0,26000,26000,26000,26000,26000,26000,26000,26000,26000,26000,26000
GET,/predict?cb_nonce=821951,1,1,4498.231300036423,4498.231300036423,4498.231300036423,4498.231300036423,0.0,0.0008323746104118736,0.0008323746104118736,4500,4500,4500,4500,4500,4500,4500,4500,4500,4500,4500
GET,/predict?cb_nonce=822508,1,0,2792.702400009148,2792.702400009148,2792.702400009148,2792.702400009148,39.0,0.0008323746104118736,0.0,2800,2800,2800,2800,2800,2800,2800,2800,2800,2800,2800
GET,/predict?cb_nonce=823189,1,0,1433.5898000281304,1433.5898000281304,1433.5898000281304,1433.5898000281304,39.0,0.0008323746104118736,0.0,1400,1400,1400,1400,1400,1400,1400,1400,1400,1400,1400
GET,/predict?cb_nonce=82426,1,0,2777.6917999144644,2777.6917999144644,2777.6917999144644,2777.6917999144644,39.0,0.0008323746104118736,0.0,2800,2800,2800,2800,2800,2800,2800,2800,2800,2800,2800
GET,/predict?cb_nonce=824483,1,0,1436.819100053981,1436.819100053981,1436.819100053981,1436.819100053981,39.0,0.0008323746104118736,0.0,1400,1400,1400,1400,1400,1400,1400,1400,1400,1400,1400
GET,/predict?cb_nonce=824766,1,0,2860.8168999198824,2860.8168999198824,2860.8168999198824,2860.8168999198824,39.0,0.0008323746104118736,0.0,2900,2900,2900,2900,2900,2900,2900,2900,2900,2900,2900
GET,/predict?cb_nonce=825959,1,0,33931.33539997507,33931.33539997507,33931.33539997507,33931.33539997507,39.0,0.0008323746104118736,0.0,34000,34000,34000,34000,34000,34000,34000,34000,34000,34000,34000
GET,/predict?cb_nonce=827466,1,0,17958.68080004584,17958.68080004584,17958.68080004584,17958.68080004584,39.0,0.0008323746104118736,0.0,18000,18000,18000,18000,18000,18000,18000,18000,18000,18000,18000
GET,/predict?cb_nonce=827547,1,0,30449.141299934126,30449.141299934126,30449.141299934126,30449.141299934126,39.0,0.0008323746104118736,0.0,30000,30000,30000,30000,30000,30000,30000,30000,30000,30000,30000
GET,/predict?cb_nonce=827690,1,1,4074.202600051649,4074.202600051649,4074.202600051649,4074.202600051649,0.0,0.0008323746104118736,0.0008323746104118736,4100,4100,4100,4100,4100,4100,4100,4100,4100,4100,4100
GET,/predict?cb_nonce=829151,1,1,4215.741700027138,4215.741700027138,4215.741700027138,4215.741700027138,0.0,0.0008323746104118736,0.0008323746104118736,4200,4200,4200,4200,4200,4200,4200,4200,4200,4200,4200
GET,/predict?cb_nonce=829460,1,1,4105.241499957629,4105.241499957629,4105.241499957629,4105.241499957629,0.0,0.0008323746104118736,0.0008323746104118736,4100,4100,4100,4100,4100,4100,4100,4100,4100,4100,4100
GET,/predict?cb_nonce=829493,1,0,1930.1586999790743,1930.1586999790743,1930.1586999790743,1930.1586999790743,39.0,0.0008323746104118736,0.0,1900,1900,1900,1900,1900,1900,1900,1900,1900,1900,1900
GET,/predict?cb_nonce=829566,1,1,4534.269800060429,4534.269800060429,4534.269800060429,4534.269800060429,0.0,0.0008323746104118736,0.0008323746104118736,4500,4500,4500,4500,4500,4500,4500,4500,4500,4500,4500
GET,/predict?cb_nonce=829567,1,1,4307.116799987853,4307.116799987853,4307.116799987853,4307.116799987853,0.0,0.0008323746104118736,0.0008323746104118736,4300,4300,4300,4300,4300,4300,4300,4300,4300,4300,4300
GET,/predict?cb_nonce=82988,1,0,2683.179199928418,2683.179199928418,2683.179199928418,2683.179199928418,39.0,0.0008323746104118736,0.0,2700,2700,2700,2700,2700,2700,2700,2700,2700,2700,2700
GET,/predict?cb_nonce=831117,1,0,3234.530600020662,3234.530600020662,3234.530600020662,3234.530600020662,39.0,0.0008323746104118736,0.0,3200,3200,3200,3200,3200,3200,3200,3200,3200,3200,3200
GET,/predict?cb_nonce=831558,1,0,3373.5080000478774,3373.5080000478774,3373.5080000478774,3373.5080000478774,39.0,0.0008323746104118736,0.0,3400,3400,3400,3400,3400,3400,3400,3400,3400,3400,3400
GET,/predict?cb_nonce=831797,1,1,4113.353400025517,4113.353400025517,4113.353400025517,4113.353400025517,0.0,0.0008323746104118736,0.0008323746104118736,4100,4100,4100,4100,4100,4100,4100,4100,4100,4100,4100
GET,/predict?cb_nonce=831939,1,0,1710.841799969785,1710.841799969785,1710.841799969785,1710.841799969785,39.0,0.0008323746104118736,0.0,1700,1700,1700,1700,1700,1700,1700,1700,1700,1700,1700
GET,/predict?cb_nonce=834158,1,1,4219.2731000250205,4219.2731000250205,4219.2731000250205,4219.2731000250205,0.0,0.0008323746104118736,0.0008323746104118736,4200,4200,4200,4200,4200,4200,4200,4200,4200,4200,4200
GET,/predict?cb_nonce=834833,1,0,11910.465799970552,11910.465799970552,11910.465799970552,11910.465799970552,39.0,0.0008323746104118736,0.0,12000,12000,12000,12000,12000,12000,12000,12000,12000,12000,12000
GET,/predict?cb_nonce=835105,1,1,4364.094199961983,4364.094199961983,4364.094199961983,4364.094199961983,0.0,0.0008323746104118736,0.0008323746104118736,4400,4400,4400,4400,4400,4400,4400,4400,4400,4400,4400
GET,/predict?cb_nonce=835120,1,0,2374.9607000499964,2374.9607000499964,2374.9607000499964,2374.9607000499964,39.0,0.0008323746104118736,0.0,2400,2400,2400,2400,2400,2400,2400,2400,2400,2400,2400
GET,/predict?cb_nonce=835313,1,1,4988.46040002536,4988.46040002536,4988.46040002536,4988.46040002536,0.0,0.0008323746104118736,0.0008323746104118736,5000,5000,5000,5000,5000,5000,5000,5000,5000,5000,5000
GET,/predict?cb_nonce=835393,1,1,4081.0901999939233,4081.0901999939233,4081.0901999939233,4081.0901999939233,0.0,0.0008323746104118736,0.0008323746104118736,4100,4100,4100,4100,4100,4100,4100,4100,4100,4100,4100
GET,/predict?cb_nonce=835742,1,0,1921.5550000080839,1921.5550000080839,1921.5550000080839,1921.5550000080839,39.0,0.0008323746104118736,0.0,1900,1900,1900,1900,1900,1900,1900,1900,1900,1900,1900
GET,/predict?cb_nonce=837382,1,0,2193.47140006721,2193.47140006721,2193.47140006721,2193.47140006721,39.0,0.0008323746104118736,0.0,2200,2200,2200,2200,2200,2200,2200,2200,2200,2200,2200
GET,/predict?cb_nonce=837451,1,0,2079.1693000355735,2079.1693000355735,2079.1693000355735,2079.1693000355735,39.0,0.0008323746104118736,0.0,2100,2100,2100,2100,2100,2100,2100,2100,2100,2100,2100
GET,/predict?cb_nonce=838364,1,0,1642.2043000347912,1642.2043000347912,1642.2043000347912,1642.2043000347912,39.0,0.0008323746104118736,0.0,1600,1600,1600,1600,1600,1600,1600,1600,1600,1600,1600
GET,/predict?cb_nonce=838651,1,0,2494.3965000566095,2494.3965000566095,2494.3965000566095,2494.3965000566095,39.0,0.0008323746104118736,0.0,2500,2500,2500,2500,2500,2500,2500,2500,2500,2500,2500
GET,/predict?cb_nonce=838816,1,1,4076.5002999687567,4076.5002999687567,4076.5002999687567,4076.5002999687567,0.0,0.0008323746104118736,0.0008323746104118736,4100,4100,4100,4100,4100,4100,4100,4100,4100,4100,4100
GET,/predict?cb_nonce=839334,1,0,2201.6524000791833,2201.6524000791833,2201.6524000791833,2201.6524000791833,39.0,0.0008323746104118736,0.0,2200,2200,2200,2200,2200,2200,2200,2200,2200,2200,2200
GET,/predict?cb_nonce=839466,1,1,4127.653299947269,4127.653299947269,4127.653299947269,4127.653299947269,0.0,0.0008323746104118736,0.0008323746104118736,4100,4100,4100,4100,4100,4100,4100,4100,4100,4100,4100
GET,/predict?cb_nonce=839633,1,1,4058.4015999920666,4058.4015999920666,4058.4015999920666,4058.4015999920666,0.0,0.0008323746104118736,0.0008323746104118736,4100,4100,4100,4100,4100,4100,4100,4100,4100,4100,4100
GET,/predict?cb_nonce=839682,1,1,4835.162199917249,4835.162199917249,4835.162199917249,4835.162199917249,0.0,0.0008323746104118736,0.0008323746104118736,4800,4800,4800,4800,4800,4800,4800,4800,4800,4800,4800
GET,/predict?cb_nonce=840123,1,0,1344.00220005773,1344.00220005773,1344.00220005773,1344.00220005773,39.0,0.0008323746104118736,0.0,1300,1300,1300,1300,1300,1300,1300,1300,1300,1300,1300
GET,/predict?cb_nonce=840344,1,0,2060.6167999794707,2060.6167999794707,2060.6167999794707,2060.6167999794707,39.0,0.0008323746104118736,0.0,2100,2100,2100,2100,2100,2100,2100,2100,2100,2100,2100
GET,/predict?cb_nonce=840557,1,1,4411.41190007329,4411.41190007329,4411.41190007329,4411.41190007329,0.0,0.0008323746104118736,0.0008323746104118736,4400,4400,4400,4400,4400,4400,4400,4400,4400,4400,4400
GET,/predict?cb_nonce=840631,1,1,4780.4105000104755,4780.4105000104755,4780.4105000104755,4780.4105000104755,0.0,0.0008323746104118736,0.0008323746104118736,4800,4800,4800,4800,4800,4800,4800,4800,4800,4800,4800
GET,/predict?cb_nonce=84089,1,1,4123.072799993679,4123.072799993679,4123.072799993679,4123.072799993679,0.0,0.0008323746104118736,0.0008323746104118736,4100,4100,4100,4100,4100,4100,4100,4100,4100,4100,4100
GET,/predict?cb_nonce=84101,1,0,7591.792099992745,7591.792099992745,7591.792099992745,7591.792099992745,39.0,0.0008323746104118736,0.0,7600,7600,7600,7600,7600,7600,7600,7600,7600,7600,7600
GET,/predict?cb_nonce=841051,1,0,1698.3154999325052,1698.3154999325052,1698.3154999325052,1698.3154999325052,39.0,0.0008323746104118736,0.0,1700,1700,1700,1700,1700,1700,1700,1700,1700,1700,1700
GET,/predict?cb_nonce=841469,1,0,1761.5299000171944,1761.5299000171944,1761.5299000171944,1761.5299000171944,39.0,0.0008323746104118736,0.0,1800,1800,1800,1800,1800,1800,1800,1800,1800,1800,1800
GET,/predict?cb_nonce=841524,1,0,22415.00569996424,22415.00569996424,22415.00569996424,22415.00569996424,39.0,0.0008323746104118736,0.0,22000,22000,22000,22000,22000,22000,22000,22000,22000,22000,22000
GET,/predict?cb_nonce=841673,1,0,1698.7850000150502,1698.7850000150502,1698.7850000150502,1698.7850000150502,39.0,0.0008323746104118736,0.0,1700,1700,1700,1700,1700,1700,1700,1700,1700,1700,1700
GET,/predict?cb_nonce=841710,1,0,2021.0810999851674,2021.0810999851674,2021.0810999851674,2021.0810999851674,39.0,0.0008323746104118736,0.0,2000,2000,2000,2000,2000,2000,2000,2000,2000,2000,2000
GET,/predict?cb_nonce=841738,1,0,2913.8835000339895,2913.8835000339895,2913.8835000339895,2913.8835000339895,39.0,0.0008323746104118736,0.0,2900,2900,2900,2900,2900,2900,2900,2900,2900,2900,2900
GET,/predict?cb_nonce=843086,1,0,1553.444700082764,1553.444700082764,1553.444700082764,1553.444700082764,39.0,0.0008323746104118736,0.0,1600,1600,1600,1600,1600,1600,1600,1600,1600,1600,1600
GET,/predict?cb_nonce=843187,1,1,4534.884900087491,4534.884900087491,4534.884900087491,4534.884900087491,0.0,0.0008323746104118736,0.0008323746104118736,4500,4500,4500,4500,4500,4500,4500,4500,4500,4500,4500
GET,/predict?cb_nonce=844670,1,0,6182.161599979736,6182.161599979736,6182.161599979736,6182.161599979736,39.0,0.0008323746104118736,0.0,6200,6200,6200,6200,6200,6200,6200,6200,6200,6200,6200
GET,/predict?cb_nonce=844677,1,1,5152.020699926652,5152.020699926652,5152.020699926652,5152.020699926652,0.0,0.0008323746104118736,0.0008323746104118736,5200,5200,5200,5200,5200,5200,5200,5200,5200,5200,5200
GET,/predict?cb_nonce=845081,1,0,1427.0677999593318,1427.0677999593318,1427.0677999593318,1427.0677999593318,39.0,0.0008323746104118736,0.0,1400,1400,1400,1400,1400,1400,1400,1400,1400,1400,1400
GET,/predict?cb_nonce=845544,1,0,2680.564900045283,2680.564900045283,2680.564900045283,2680.564900045283,39.0,0.0008323746104118736,0.0,2700,2700,2700,2700,2700,2700,2700,2700,2700,2700,2700
GET,/predict?cb_nonce=845648,1,1,4935.501600033604,4935.501600033604,4935.501600033604,4935.501600033604,0.0,0.0008323746104118736,0.0008323746104118736,4900,4900,4900,4900,4900,4900,4900,4900,4900,4900,4900
GET,/predict?cb_nonce=845883,1,0,2503.0826999573037,2503.0826999573037,2503.0826999573037,2503.0826999573037,39.0,0.0008323746104118736,0.0,2500,2500,2500,2500,2500,2500,2500,2500,2500,2500,2500
GET,/predict?cb_nonce=846040,1,1,4086.3723000511527,4086.3723000511527,4086.3723000511527,4086.3723000511527,0.0,0.0008323746104118736,0.0008323746104118736,4100,4100,4100,4100,4100,4100,4100,4100,4100,4100,4100
GET,/predict?cb_nonce=847854,1,0,2281.7436000332236,2281.7436000332236,2281.7436000332236,2281.7436000332236,39.0,0.0008323746104118736,0.0,2300,2300,2300,2300,2300,2300,2300,2300,2300,2300,2300
GET,/predict?cb_nonce=848583,1,0,1771.6554999351501,1771.6554999351501,1771.6554999351501,1771.6554999351501,39.0,0.0008323746104118736,0.0,1800,1800,1800,1800,1800,1800,1800,1800,1800,1800,1800
GET,/predict?cb_nonce=848733,1,1,4082.81429996714,4082.81429996714,4082.81429996714,4082.81429996714,0.0,0.0008323746104118736,0.0008323746104118736,4100,4100,4100,4100,4100,4100,4100,4100,4100,4100,4100
GET,/predict?cb_nonce=849050,1,0,1864.9837999837473,1864.9837999837473,1864.9837999837473,1864.9837999837473,39.0,0.0008323746104118736,0.0,1900,1900,1900,1900,1900,1900,1900,1900,1900,1900,1900
GET,/predict?cb_nonce=849154,1,0,1806.9706000387669,1806.9706000387669,1806.9706000387669,1806.9706000387669,39.0,0.0008323746104118736,0.0,1800,1800,1800,1800,1800,1800,1800,1800,1800,1800,1800
GET,/predict?cb_nonce=849606,1,1,4053.3911999082193,4053.3911999082193,4053.3911999082193,4053.3911999082193,0.0,0.0008323746104118736,0.0008323746104118736,4100,4100,4100,4100,4100,4100,4100,4100,4100,4100,4100
GET,/predict?cb_nonce=849683,1,0,22747.075500083156,22747.075500083156,22747.075500083156,22747.075500083156,39.0,0.0008323746104118736,0.0,23000,23000,23000,23000,23000,23000,23000,23000,23000,23000,23000
GET,/predict?cb_nonce=850808,1,0,2381.9656999548897,2381.9656999548897,2381.9656999548897,2381.9656999548897,39.0,0.0008323746104118736,0.0,2400,2400,2400,2400,2400,2400,2400,2400,2400,2400,2400
GET,/predict?cb_nonce=851022,1,0,18028.160499990918,18028.160499990918,18028.160499990918,18028.160499990918,39.0,0.0008323746104118736,0.0,18000,18000,18000,18000,18000,18000,18000,18000,18000,18000,18000
GET,/predict?cb_nonce=851576,1,0,1654.4230000581592,1654.4230000581592,1654.4230000581592,1654.4230000581592,39.0,0.0008323746104118736,0.0,1700,1700,1700,1700,1700,1700,1700,1700,1700,1700,1700
GET,/predict?cb_nonce=852311,1,1,4056.45050003659,4056.45050003659,4056.45050003659,4056.45050003659,0.0,0.0008323746104118736,0.0008323746104118736,4100,4100,4100,4100,4100,4100,4100,4100,4100,4100,4100
GET,/predict?cb_nonce=852789,1,0,69853.605399956,69853.605399956,69853.605399956,69853.605399956,39.0,0.0008323746104118736,0.0,70000,70000,70000,70000,70000,70000,70000,70000,70000,70000,70000
GET,/predict?cb_nonce=852927,1,1,4782.937300042249,4782.937300042249,4782.937300042249,4782.937300042249,0.0,0.0008323746104118736,0.0008323746104118736,4800,4800,4800,4800,4800,4800,4800,4800,4800,4800,4800
GET,/predict?cb_nonce=853040,1,0,1632.5387000106275,1632.5387000106275,1632.5387000106275,1632.5387000106275,39.0,0.0008323746104118736,0.0,1600,1600,1600,1600,1600,1600,1600,1600,1600,1600,1600
GET,/predict?cb_nonce=853251,1,0,1437.8694000188261,1437.8694000188261,1437.8694000188261,1437.8694000188261,39.0,0.0008323746104118736,0.0,1400,1400,1400,1400,1400,1400,1400,1400,1400,1400,1400
GET,/predict?cb_nonce=853784,1,0,2263.541499967687,2263.541499967687,2263.541499967687,2263.541499967687,39.0,0.0008323746104118736,0.0,2300,2300,2300,2300,2300,2300,2300,2300,2300,2300,2300
GET,/predict?cb_nonce=854287,1,0,2379.18179994449,2379.18179994449,2379.18179994449,2379.18179994449,39.0,0.0008323746104118736,0.0,2400,2400,2400,2400,2400,2400,2400,2400,2400,2400,2400
GET,/predict?cb_nonce=854721,1,0,2354.2314999504015,2354.2314999504015,2354.2314999504015,2354.2314999504015,39.0,0.0008323746104118736,0.0,2400,2400,2400,2400,2400,2400,2400,2400,2400,2400,2400
GET,/predict?cb_nonce=854745,1,0,2445.0892999302596,2445.0892999302596,2445.0892999302596,2445.0892999302596,39.0,0.0008323746104118736,0.0,2400,2400,2400,2400,2400,2400,2400,2400,2400,2400,2400
GET,/predict?cb_nonce=854886,1,0,2362.9164000740275,2362.9164000740275,2362.9164000740275,2362.9164000740275,39.0,0.0008323746104118736,0.0,2400,2400,2400,2400,2400,2400,2400,2400,2400,2400,2400
GET,/predict?cb_nonce=855124,1,1,4135.369599913247,4135.369599913247,4135.369599913247,4135.369599913247,0.0,0.0008323746104118736,0.0008323746104118736,4100,4100,4100,4100,4100,4100,4100,4100,4100,4100,4100
GET,/predict?cb_nonce=855152,1,1,4122.430099989288,4122.430099989288,4122.430099989288,4122.430099989288,0.0,0.0008323746104118736,0.0008323746104118736,4100,4100,4100,4100,4100,4100,4100,4100,4100,4100,4100
GET,/predict?cb_nonce=855185,1,0,1538.1224999437109,1538.1224999437109,1538.1224999437109,1538.1224999437109,39.0,0.0008323746104118736,0.0,1500,1500,1500,1500,1500,1500,1500,1500,1500,1500,1500
GET,/predict?cb_nonce=855519,1,0,2467.4092000350356,2467.4092000350356,2467.4092000350356,2467.4092000350356,39.0,0.0008323746104118736,0.0,2500,2500,2500,2500,2500,2500,2500,2500,2500,2500,2500
GET,/predict?cb_nonce=85840,1,0,2564.625700004399,2564.625700004399,2564.625700004399,2564.625700004399,39.0,0.0008323746104118736,0.0,2600,2600,2600,2600,2600,2600,2600,2600,2600,2600,2600
GET,/predict?cb_nonce=858796,1,1,4532.8821000875905,4532.8821000875905,4532.8821000875905,4532.8821000875905,0.0,0.0008323746104118736,0.0008323746104118736,4500,4500,4500,4500,4500,4500,4500,4500,4500,4500,4500
GET,/predict?cb_nonce=859412,1,1,4093.7197000021115,4093.7197000021115,4093.7197000021115,4093.7197000021115,0.0,0.0008323746104118736,0.0008323746104118736,4100,4100,4100,4100,4100,4100,4100,4100,4100,4100,4100
GET,/predict?cb_nonce=86,1,1,4065.384399960749,4065.384399960749,4065.384399960749,4065.384399960749,0.0,0.0008323746104118736,0.0008323746104118736,4100,4100,4100,4100,4100,4100,4100,4100,4100,4100,4100
GET,/predict?cb_nonce=860863,1,0,4590.962300077081,4590.962300077081,4590.962300077081,4590.962300077081,39.0,0.0008323746104118736,0.0,4600,4600,4600,4600,4600,4600,4600,4600,4600,4600,4600
GET,/predict?cb_nonce=861361,1,1,4081.630399916321,4081.630399916321,4081.630399916321,4081.630399916321,0.0,0.0008323746104118736,0.0008323746104118736,4100,4100,4100,4100,4100,4100,4100,4100,4100,4100,4100
GET,/predict?cb_nonce=862992,1,0,1344.6246000239626,1344.6246000239626,1344.6246000239626,1344.6246000239626,39.0,0.0008323746104118736,0.0,1300,1300,1300,1300,1300,1300,1300,1300,1300,1300,1300
GET,/predict?cb_nonce=86363,1,0,14563.74130002223,14563.74130002223,14563.74130002223,14563.74130002223,39.0,0.0008323746104118736,0.0,15000,15000,15000,15000,15000,15000,15000,15000,15000,15000,15000
GET,/predict?cb_nonce=863924,1,0,2303.8723999634385,2303.8723999634385,2303.8723999634385,2303.8723999634385,39.0,0.0008323746104118736,0.0,2300,2300,2300,2300,2300,2300,2300,2300,2300,2300,2300
GET,/predict?cb_nonce=864598,1,1,4186.471899971366,4186.471899971366,4186.471899971366,4186.471899971366,0.0,0.0008323746104118736,0.0008323746104118736,4200,4200,4200,4200,4200,4200,4200,4200,4200,4200,4200
GET,/predict?cb_nonce=864892,1,1,4115.760699962266,4115.760699962266,4115.760699962266,4115.760699962266,0.0,0.0008323746104118736,0.0008323746104118736,4100,4100,4100,4100,4100,4100,4100,4100,4100,4100,4100
GET,/predict?cb_nonce=865046,1,0,1758.9822999434546,1758.9822999434546,1758.9822999434546,1758.9822999434546,39.0,0.0008323746104118736,0.0,1800,1800,1800,1800,1800,1800,1800,1800,1800,1800,1800
GET,/predict?cb_nonce=865894,1,1,4218.595099984668,4218.595099984668,4218.595099984668,4218.595099984668,0.0,0.0008323746104118736,0.0008323746104118736,4200,4200,4200,4200,4200,4200,4200,4200,4200,4200,4200
GET,/predict?cb_nonce=865917,1,0,51982.537999982014,51982.537999982014,51982.537999982014,51982.537999982014,39.0,0.0008323746104118736,0.0,52000,52000,52000,52000,52000,52000,52000,52000,52000,52000,52000
GET,/predict?cb_nonce=866467,1,0,1340.850199921988,1340.850199921988,1340.850199921988,1340.850199921988,39.0,0.0008323746104118736,0.0,1300,1300,1300,1300,1300,1300,1300,1300,1300,1300,1300
GET,/predict?cb_nonce=866608,1,0,2538.4615999646485,2538.4615999646485,2538.4615999646485,2538.4615999646485,39.0,0.0008323746104118736,0.0,2500,2500,2500,2500,2500,2500,2500,2500,2500,2500,2500
GET,/predict?cb_nonce=866688,1,1,4297.350000008009,4297.350000008009,4297.350000008009,4297.350000008009,0.0,0.0008323746104118736,0.0008323746104118736,4300,4300,4300,4300,4300,4300,4300,4300,4300,4300,4300
GET,/predict?cb_nonce=867619,1,0,7146.56670007389,7146.56670007389,7146.56670007389,7146.56670007389,39.0,0.0008323746104118736,0.0,7100,7100,7100,7100,7100,7100,7100,7100,7100,7100,7100
GET,/predict?cb_nonce=868534,1,1,4187.8323999699205,4187.8323999699205,4187.8323999699205,4187.8323999699205,0.0,0.0008323746104118736,0.0008323746104118736,4200,4200,4200,4200,4200,4200,4200,4200,4200,4200,4200
GET,/predict?cb_nonce=869033,1,0,14236.22229998,14236.22229998,14236.22229998,14236.22229998,39.0,0.0008323746104118736,0.0,14000,14000,14000,14000,14000,14000,14000,14000,14000,14000,14000
GET,/predict?cb_nonce=869224,1,0,1413.6645999969915,1413.6645999969915,1413.6645999969915,1413.6645999969915,39.0,0.0008323746104118736,0.0,1400,1400,1400,1400,1400,1400,1400,1400,1400,1400,1400
GET,/predict?cb_nonce=869295,1,1,4218.167899991386,4218.167899991386,4218.167899991386,4218.167899991386,0.0,0.0008323746104118736,0.0008323746104118736,4200,4200,4200,4200,4200,4200,4200,4200,4200,4200,4200
GET,/predict?cb_nonce=869445,1,0,1610.8343999367207,1610.8343999367207,1610.8343999367207,1610.8343999367207,39.0,0.0008323746104118736,0.0,1600,1600,1600,1600,1600,1600,1600,1600,1600,1600,1600
GET,/predict?cb_nonce=869530,1,0,2187.4424999114126,2187.4424999114126,2187.4424999114126,2187.4424999114126,39.0,0.0008323746104118736,0.0,2200,2200,2200,2200,2200,2200,2200,2200,2200,2200,2200
GET,/predict?cb_nonce=86980,1,1,4636.308000073768,4636.308000073768,4636.308000073768,4636.308000073768,0.0,0.0008323746104118736,0.0008323746104118736,4600,4600,4600,4600,4600,4600,4600,4600,4600,4600,4600
GET,/predict?cb_nonce=870893,1,0,2513.613299932331,2513.613299932331,2513.613299932331,2513.613299932331,39.0,0.0008323746104118736,0.0,2500,2500,2500,2500,2500,2500,2500,2500,2500,2500,2500
GET,/predict?cb_nonce=871337,1,1,4328.690299997106,4328.690299997106,4328.690299997106,4328.690299997106,0.0,0.0008323746104118736,0.0008323746104118736,4300,4300,4300,4300,4300,4300,4300,4300,4300,4300,4300
GET,/predict?cb_nonce=871920,1,0,2376.6478000907227,2376.6478000907227,2376.6478000907227,2376.6478000907227,39.0,0.0008323746104118736,0.0,2400,2400,2400,2400,2400,2400,2400,2400,2400,2400,2400
GET,/predict?cb_nonce=871985,1,0,3015.202400041744,3015.202400041744,3015.202400041744,3015.202400041744,39.0,0.0008323746104118736,0.0,3000,3000,3000,3000,3000,3000,3000,3000,3000,3000,3000
GET,/predict?cb_nonce=872543,1,1,4152.135899988934,4152.135899988934,4152.135899988934,4152.135899988934,0.0,0.0008323746104118736,0.0008323746104118736,4200,4200,4200,4200,4200,4200,4200,4200,4200,4200,4200
GET,/predict?cb_nonce=8731,1,0,2565.2203999925405,2565.2203999925405,2565.2203999925405,2565.2203999925405,39.0,0.0008323746104118736,0.0,2600,2600,2600,2600,2600,2600,2600,2600,2600,2600,2600
GET,/predict?cb_nonce=873122,1,0,2457.9105000011623,2457.9105000011623,2457.9105000011623,2457.9105000011623,39.0,0.0008323746104118736,0.0,2500,2500,2500,2500,2500,2500,2500,2500,2500,2500,2500
GET,/predict?cb_nonce=873139,1,1,4528.347500017844,4528.347500017844,4528.347500017844,4528.347500017844,0.0,0.0008323746104118736,0.0008323746104118736,4500,4500,4500,4500,4500,4500,4500,4500,4500,4500,4500
GET,/predict?cb_nonce=873472,1,0,17706.649599946104,17706.649599946104,17706.649599946104,17706.649599946104,39.0,0.0008323746104118736,0.0,18000,18000,18000,18000,18000,18000,18000,18000,18000,18000,18000
GET,/predict?cb_nonce=874394,1,0,3017.9525999119505,3017.9525999119505,3017.9525999119505,3017.9525999119505,39.0,0.0008323746104118736,0.0,3000,3000,3000,3000,3000,3000,3000,3000,3000,3000,3000
GET,/predict?cb_nonce=874727,1,1,4218.764599994756,4218.764599994756,4218.764599994756,4218.764599994756,0.0,0.0008323746104118736,0.0008323746104118736,4200,4200,4200,4200,4200,4200,4200,4200,4200,4200,4200
GET,/predict?cb_nonce=875608,1,0,2448.241899954155,2448.241899954155,2448.241899954155,2448.241899954155,39.0,0.0008323746104118736,0.0,2400,2400,2400,2400,2400,2400,2400,2400,2400,2400,2400
GET,/predict?cb_nonce=875774,1,0,2212.3934000264853,2212.3934000264853,2212.3934000264853,2212.3934000264853,39.0,0.0008323746104118736,0.0,2200,2200,2200,2200,2200,2200,2200,2200,2200,2200,2200
GET,/predict?cb_nonce=876543,1,0,2491.772699984722,2491.772699984722,2491.772699984722,2491.772699984722,39.0,0.0008323746104118736,0.0,2500,2500,2500,2500,2500,2500,2500,2500,2500,2500,2500
GET,/predict?cb_nonce=877012,1,1,4070.835300022736,4070.835300022736,4070.835300022736,4070.835300022736,0.0,0.0008323746104118736,0.0008323746104118736,4100,4100,4100,4100,4100,4100,4100,4100,4100,4100,4100
GET,/predict?cb_nonce=877078,1,0,2209.98290006537,2209.98290006537,2209.98290006537,2209.98290006537,39.0,0.0008323746104118736,0.0,2200,2200,2200,2200,2200,2200,2200,2200,2200,2200,2200
GET,/predict?cb_nonce=877392,1,0,49207.79989997391,49207.79989997391,49207.79989997391,49207.79989997391,39.0,0.0008323746104118736,0.0,49000,49000,49000,49000,49000,49000,49000,49000,49000,49000,49000
GET,/predict?cb_nonce=877476,1,0,2276.7394999973476,2276.7394999973476,2276.7394999973476,2276.7394999973476,39.0,0.0008323746104118736,0.0,2300,2300,2300,2300,2300,2300,2300,2300,2300,2300,2300
GET,/predict?cb_nonce=877670,1,0,2164.6346000488847,2164.6346000488847,2164.6346000488847,2164.6346000488847,39.0,0.0008323746104118736,0.0,2200,2200,2200,2200,2200,2200,2200,2200,2200,2200,2200
GET,/predict?cb_nonce=877930,1,0,1503.160799969919,1503.160799969919,1503.160799969919,1503.160799969919,39.0,0.0008323746104118736,0.0,1500,1500,1500,1500,1500,1500,1500,1500,1500,1500,1500
GET,/predict?cb_nonce=878235,1,1,4074.646000051871,4074.646000051871,4074.646000051871,4074.646000051871,0.0,0.0008323746104118736,0.0008323746104118736,4100,4100,4100,4100,4100,4100,4100,4100,4100,4100,4100
GET,/predict?cb_nonce=87840,1,0,1381.6176999825984,1381.6176999825984,1381.6176999825984,1381.6176999825984,39.0,0.0008323746104118736,0.0,1400,1400,1400,1400,1400,1400,1400,1400,1400,1400,1400
GET,/predict?cb_nonce=878729,1,1,4104.58170005586,4104.58170005586,4104.58170005586,4104.58170005586,0.0,0.0008323746104118736,0.0008323746104118736,4100,4100,4100,4100,4100,4100,4100,4100,4100,4100,4100
GET,/predict?cb_nonce=879010,1,0,1923.2717999257147,1923.2717999257147,1923.2717999257147,1923.2717999257147,39.0,0.0008323746104118736,0.0,1900,1900,1900,1900,1900,1900,1900,1900,1900,1900,1900
GET,/predict?cb_nonce=879624,1,0,2303.974899929017,2303.974899929017,2303.974899929017,2303.974899929017,39.0,0.0008323746104118736,0.0,2300,2300,2300,2300,2300,2300,2300,2300,2300,2300,2300
GET,/predict?cb_nonce=879877,1,0,1659.0544999344274,1659.0544999344274,1659.0544999344274,1659.0544999344274,39.0,0.0008323746104118736,0.0,1700,1700,1700,1700,1700,1700,1700,1700,1700,1700,1700
GET,/predict?cb_nonce=880437,1,0,1304.59559999872,1304.59559999872,1304.59559999872,1304.59559999872,39.0,0.0008323746104118736,0.0,1300,1300,1300,1300,1300,1300,1300,1300,1300,1300,1300
GET,/predict?cb_nonce=880596,1,0,2370.5165000865236,2370.5165000865236,2370.5165000865236,2370.5165000865236,39.0,0.0008323746104118736,0.0,2400,2400,2400,2400,2400,2400,2400,2400,2400,2400,2400
GET,/predict?cb_nonce=881099,1,0,1563.9092000201344,1563.9092000201344,1563.9092000201344,1563.9092000201344,39.0,0.0008323746104118736,0.0,1600,1600,1600,1600,1600,1600,1600,1600,1600,1600,1600
GET,/predict?cb_nonce=881136,1,0,1364.394300035201,1364.394300035201,1364.394300035201,1364.394300035201,39.0,0.0008323746104118736,0.0,1400,1400,1400,1400,1400,1400,1400,1400,1400,1400,1400
GET,/predict?cb_nonce=881180,1,1,5153.385999961756,5153.385999961756,5153.385999961756,5153.385999961756,0.0,0.0008323746104118736,0.0008323746104118736,5200,5200,5200,5200,5200,5200,5200,5200,5200,5200,5200
GET,/predict?cb_nonce=881349,1,1,4200.098700006492,4200.098700006492,4200.098700006492,4200.098700006492,0.0,0.0008323746104118736,0.0008323746104118736,4200,4200,4200,4200,4200,4200,4200,4200,4200,4200,4200
GET,/predict?cb_nonce=881519,1,0,2276.827000081539,2276.827000081539,2276.827000081539,2276.827000081539,39.0,0.0008323746104118736,0.0,2300,2300,2300,2300,2300,2300,2300,2300,2300,2300,2300
GET,/predict?cb_nonce=88203,1,0,1201.6723999986425,1201.6723999986425,1201.6723999986425,1201.6723999986425,39.0,0.0008323746104118736,0.0,1200,1200,1200,1200,1200,1200,1200,1200,1200,1200,1200
GET,/predict?cb_nonce=882529,1,0,22723.04409998469,22723.04409998469,22723.04409998469,22723.04409998469,39.0,0.0008323746104118736,0.0,23000,23000,23000,23000,23000,23000,23000,23000,23000,23000,23000
GET,/predict?cb_nonce=882630,1,0,4418.948899954557,4418.948899954557,4418.948899954557,4418.948899954557,39.0,0.0008323746104118736,0.0,4400,4400,4400,4400,4400,4400,4400,4400,4400,4400,4400
GET,/predict?cb_nonce=882999,1,1,4708.316799951717,4708.316799951717,4708.316799951717,4708.316799951717,0.0,0.0008323746104118736,0.0008323746104118736,4700,4700,4700,4700,4700,4700,4700,4700,4700,4700,4700
GET,/predict?cb_nonce=883024,1,0,1765.9987999359146,1765.9987999359146,1765.9987999359146,1765.9987999359146,39.0,0.0008323746104118736,0.0,1800,1800,1800,1800,1800,1800,1800,1800,1800,1800,1800
GET,/predict?cb_nonce=883379,1,1,5497.906100004911,5497.906100004911,5497.906100004911,5497.906100004911,0.0,0.0008323746104118736,0.0008323746104118736,5500,5500,5500,5500,5500,5500,5500,5500,5500,5500,5500
GET,/predict?cb_nonce=883872,1,0,2394.6225000545382,2394.6225000545382,2394.6225000545382,2394.6225000545382,39.0,0.0008323746104118736,0.0,2400,2400,2400,2400,2400,2400,2400,2400,2400,2400,2400
GET,/predict?cb_nonce=884298,1,0,1346.9099999638274,1346.9099999638274,1346.9099999638274,1346.9099999638274,39.0,0.0008323746104118736,0.0,1300,1300,1300,1300,1300,1300,1300,1300,1300,1300,1300
GET,/predict?cb_nonce=884453,2,2,4320.1104999752715,4552.145149966236,4320.1104999752715,4784.179799957201,0.0,0.0016647492208237472,0.0016647492208237472,4800,4800,4800,4800,4800,4800,4800,4800,4800,4800,4800
GET,/predict?cb_nonce=884554,1,1,4204.825000022538,4204.825000022538,4204.825000022538,4204.825000022538,0.0,0.0008323746104118736,0.0008323746104118736,4200,4200,4200,4200,4200,4200,4200,4200,4200,4200,4200
GET,/predict?cb_nonce=886167,1,0,1219.4796999683604,1219.4796999683604,1219.4796999683604,1219.4796999683604,39.0,0.0008323746104118736,0.0,1200,1200,1200,1200,1200,1200,1200,1200,1200,1200,1200
GET,/predict?cb_nonce=886178,1,1,4093.1653999723494,4093.1653999723494,4093.1653999723494,4093.1653999723494,0.0,0.0008323746104118736,0.0008323746104118736,4100,4100,4100,4100,4100,4100,4100,4100,4100,4100,4100
GET,/predict?cb_nonce=886368,1,0,1620.7481999881566,1620.7481999881566,1620.7481999881566,1620.7481999881566,39.0,0.0008323746104118736,0.0,1600,1600,1600,1600,1600,1600,1600,1600,1600,1600,1600
GET,/predict?cb_nonce=886450,1,1,5242.618800024502,5242.618800024502,5242.618800024502,5242.618800024502,0.0,0.0008323746104118736,0.0008323746104118736,5200,5200,5200,5200,5200,5200,5200,5200,5200,5200,5200
GET,/predict?cb_nonce=88686,1,0,2343.7197000021115,2343.7197000021115,2343.7197000021115,2343.7197000021115,39.0,0.0008323746104118736,0.0,2300,2300,2300,2300,2300,2300,2300,2300,2300,2300,2300
GET,/predict?cb_nonce=887551,1,0,10354.244799935259,10354.244799935259,10354.244799935259,10354.244799935259,39.0,0.0008323746104118736,0.0,10000,10000,10000,10000,10000,10000,10000,10000,10000,10000,10000
GET,/predict?cb_nonce=887984,1,0,1554.587799939327,1554.587799939327,1554.587799939327,1554.587799939327,39.0,0.0008323746104118736,0.0,1600,1600,1600,1600,1600,1600,1600,1600,1600,1600,1600
GET,/predict?cb_nonce=889167,1,1,4263.259500032291,4263.259500032291,4263.259500032291,4263.259500032291,0.0,0.0008323746104118736,0.0008323746104118736,4300,4300,4300,4300,4300,4300,4300,4300,4300,4300,4300
GET,/predict?cb_nonce=889286,1,0,2709.584099939093,2709.584099939093,2709.584099939093,2709.584099939093,39.0,0.0008323746104118736,0.0,2700,2700,2700,2700,2700,2700,2700,2700,2700,2700,2700
GET,/predict?cb_nonce=889685,1,0,2214.8610999574885,2214.8610999574885,2214.8610999574885,2214.8610999574885,39.0,0.0008323746104118736,0.0,2200,2200,2200,2200,2200,2200,2200,2200,2200,2200,2200
GET,/predict?cb_nonce=889862,1,0,2477.997299982235,2477.997299982235,2477.997299982235,2477.997299982235,39.0,0.0008323746104118736,0.0,2500,2500,2500,2500,2500,2500,2500,2500,2500,2500,2500
GET,/predict?cb_nonce=890614,1,0,1120.0523000443354,1120.0523000443354,1120.0523000443354,1120.0523000443354,39.0,0.0008323746104118736,0.0,1100,1100,1100,1100,1100,1100,1100,1100,1100,1100,1100
GET,/predict?cb_nonce=890939,1,0,20776.1769000208,20776.1769000208,20776.1769000208,20776.1769000208,39.0,0.0008323746104118736,0.0,21000,21000,21000,21000,21000,21000,21000,21000,21000,21000,21000
GET,/predict?cb_nonce=891368,1,0,2022.092100000009,2022.092100000009,2022.092100000009,2022.092100000009,39.0,0.0008323746104118736,0.0,2000,2000,2000,2000,2000,2000,2000,2000,2000,2000,2000
GET,/predict?cb_nonce=891444,1,0,1568.8423999818042,1568.8423999818042,1568.8423999818042,1568.8423999818042,39.0,0.0008323746104118736,0.0,1600,1600,1600,1600,1600,1600,1600,1600,1600,1600,1600
GET,/predict?cb_nonce=892124,1,0,18501.84529996477,18501.84529996477,18501.84529996477,18501.84529996477,39.0,0.0008323746104118736,0.0,19000,19000,19000,19000,19000,19000,19000,19000,19000,19000,19000
GET,/predict?cb_nonce=892261,1,0,1653.560800012201,1653.560800012201,1653.560800012201,1653.560800012201,39.0,0.0008323746104118736,0.0,1700,1700,1700,1700,1700,1700,1700,1700,1700,1700,1700
GET,/predict?cb_nonce=892863,1,0,2279.7484999755397,2279.7484999755397,2279.7484999755397,2279.7484999755397,39.0,0.0008323746104118736,0.0,2300,2300,2300,2300,2300,2300,2300,2300,2300,2300,2300
GET,/predict?cb_nonce=893143,1,0,1556.439399952069,1556.439399952069,1556.439399952069,1556.439399952069,39.0,0.0008323746104118736,0.0,1600,1600,1600,1600,1600,1600,1600,1600,1600,1600,1600
GET,/predict?cb_nonce=893164,1,1,4284.640699974261,4284.640699974261,4284.640699974261,4284.640699974261,0.0,0.0008323746104118736,0.0008323746104118736,4300,4300,4300,4300,4300,4300,4300,4300,4300,4300,4300
GET,/predict?cb_nonce=893773,1,1,4205.868799937889,4205.868799937889,4205.868799937889,4205.868799937889,0.0,0.0008323746104118736,0.0008323746104118736,4200,4200,4200,4200,4200,4200,4200,4200,4200,4200,4200
GET,/predict?cb_nonce=894170,1,1,4518.687200034037,4518.687200034037,4518.687200034037,4518.687200034037,0.0,0.0008323746104118736,0.0008323746104118736,4500,4500,4500,4500,4500,4500,4500,4500,4500,4500,4500
GET,/predict?cb_nonce=89469,1,1,4287.687900010496,4287.687900010496,4287.687900010496,4287.687900010496,0.0,0.0008323746104118736,0.0008323746104118736,4300,4300,4300,4300,4300,4300,4300,4300,4300,4300,4300
GET,/predict?cb_nonce=895176,1,1,4085.088099935092,4085.088099935092,4085.088099935092,4085.088099935092,0.0,0.0008323746104118736,0.0008323746104118736,4100,4100,4100,4100,4100,4100,4100,4100,4100,4100,4100
GET,/predict?cb_nonce=89597,1,0,8942.941199988127,8942.941199988127,8942.941199988127,8942.941199988127,39.0,0.0008323746104118736,0.0,8900,8900,8900,8900,8900,8900,8900,8900,8900,8900,8900
GET,/predict?cb_nonce=896236,1,1,4062.483499990776,4062.483499990776,4062.483499990776,4062.483499990776,0.0,0.0008323746104118736,0.0008323746104118736,4100,4100,4100,4100,4100,4100,4100,4100,4100,4100,4100
GET,/predict?cb_nonce=896495,1,1,4180.553599959239,4180.553599959239,4180.553599959239,4180.553599959239,0.0,0.0008323746104118736,0.0008323746104118736,4200,4200,4200,4200,4200,4200,4200,4200,4200,4200,4200
GET,/predict?cb_nonce=896624,1,0,22647.062800009735,22647.062800009735,22647.062800009735,22647.062800009735,39.0,0.0008323746104118736,0.0,23000,23000,23000,23000,23000,23000,23000,23000,23000,23000,23000
GET,/predict?cb_nonce=897392,1,1,5164.260299992748,5164.260299992748,5164.260299992748,5164.260299992748,0.0,0.0008323746104118736,0.0008323746104118736,5200,5200,5200,5200,5200,5200,5200,5200,5200,5200,5200
GET,/predict?cb_nonce=897494,1,0,1967.926700017415,1967.926700017415,1967.926700017415,1967.926700017415,39.0,0.0008323746104118736,0.0,2000,2000,2000,2000,2000,2000,2000,2000,2000,2000,2000
GET,/predict?cb_nonce=898339,1,0,2276.5767999226227,2276.5767999226227,2276.5767999226227,2276.5767999226227,39.0,0.0008323746104118736,0.0,2300,2300,2300,2300,2300,2300,2300,2300,2300,2300,2300
GET,/predict?cb_nonce=898446,1,1,4109.027600032277,4109.027600032277,4109.027600032277,4109.027600032277,0.0,0.0008323746104118736,0.0008323746104118736,4100,4100,4100,4100,4100,4100,4100,4100,4100,4100,4100
GET,/predict?cb_nonce=898583,1,0,1461.2580999964848,1461.2580999964848,1461.2580999964848,1461.2580999964848,39.0,0.0008323746104118736,0.0,1500,1500,1500,1500,1500,1500,1500,1500,1500,1500,1500
GET,/predict?cb_nonce=90007,1,0,5651.117100031115,5651.117100031115,5651.117100031115,5651.117100031115,39.0,0.0008323746104118736,0.0,5700,5700,5700,5700,5700,5700,5700,5700,5700,5700,5700
GET,/predict?cb_nonce=900220,1,0,2205.3832999663427,2205.3832999663427,2205.3832999663427,2205.3832999663427,39.0,0.0008323746104118736,0.0,2200,2200,2200,2200,2200,2200,2200,2200,2200,2200,2200
GET,/predict?cb_nonce=90050,1,1,5197.124300058931,5197.124300058931,5197.124300058931,5197.124300058931,0.0,0.0008323746104118736,0.0008323746104118736,5200,5200,5200,5200,5200,5200,5200,5200,5200,5200,5200
GET,/predict?cb_nonce=901175,1,1,5322.370499954559,5322.370499954559,5322.370499954559,5322.370499954559,0.0,0.0008323746104118736,0.0008323746104118736,5300,5300,5300,5300,5300,5300,5300,5300,5300,5300,5300
GET,/predict?cb_nonce=901447,1,0,2931.967300013639,2931.967300013639,2931.967300013639,2931.967300013639,39.0,0.0008323746104118736,0.0,2900,2900,2900,2900,2900,2900,2900,2900,2900,2900,2900
GET,/predict?cb_nonce=901677,1,1,4268.412699922919,4268.412699922919,4268.412699922919,4268.412699922919,0.0,0.0008323746104118736,0.0008323746104118736,4300,4300,4300,4300,4300,4300,4300,4300,4300,4300,4300
GET,/predict?cb_nonce=901699,1,1,4878.299300093204,4878.299300093204,4878.299300093204,4878.299300093204,0.0,0.0008323746104118736,0.0008323746104118736,4900,4900,4900,4900,4900,4900,4900,4900,4900,4900,4900
GET,/predict?cb_nonce=901801,1,1,4698.879100033082,4698.879100033082,4698.879100033082,4698.879100033082,0.0,0.0008323746104118736,0.0008323746104118736,4700,4700,4700,4700,4700,4700,4700,4700,4700,4700,4700
GET,/predict?cb_nonce=901852,1,0,1780.8050999883562,1780.8050999883562,1780.8050999883562,1780.8050999883562,39.0,0.0008323746104118736,0.0,1800,1800,1800,1800,1800,1800,1800,1800,1800,1800,1800
GET,/predict?cb_nonce=901936,1,0,30269.651900045574,30269.651900045574,30269.651900045574,30269.651900045574,39.0,0.0008323746104118736,0.0,30000,30000,30000,30000,30000,30000,30000,30000,30000,30000,30000
GET,/predict?cb_nonce=903049,1,0,2538.490999955684,2538.490999955684,2538.490999955684,2538.490999955684,39.0,0.0008323746104118736,0.0,2500,2500,2500,2500,2500,2500,2500,2500,2500,2500,2500
GET,/predict?cb_nonce=903066,1,1,4300.5982000613585,4300.5982000613585,4300.5982000613585,4300.5982000613585,0.0,0.0008323746104118736,0.0008323746104118736,4300,4300,4300,4300,4300,4300,4300,4300,4300,4300,4300
GET,/predict?cb_nonce=903264,1,0,1406.9463999476284,1406.9463999476284,1406.9463999476284,1406.9463999476284,39.0,0.0008323746104118736,0.0,1400,1400,1400,1400,1400,1400,1400,1400,1400,1400,1400
GET,/predict?cb_nonce=903764,1,0,2028.1295999884605,2028.1295999884605,2028.1295999884605,2028.1295999884605,39.0,0.0008323746104118736,0.0,2000,2000,2000,2000,2000,2000,2000,2000,2000,2000,2000
GET,/predict?cb_nonce=904933,1,0,2441.707400023006,2441.707400023006,2441.707400023006,2441.707400023006,39.0,0.0008323746104118736,0.0,2400,2400,2400,2400,2400,2400,2400,2400,2400,2400,2400
GET,/predict?cb_nonce=906419,1,0,4313.39270004537,4313.39270004537,4313.39270004537,4313.39270004537,39.0,0.0008323746104118736,0.0,4300,4300,4300,4300,4300,4300,4300,4300,4300,4300,4300
GET,/predict?cb_nonce=907023,1,0,1494.6579000679776,1494.6579000679776,1494.6579000679776,1494.6579000679776,39.0,0.0008323746104118736,0.0,1500,1500,1500,1500,1500,1500,1500,1500,1500,1500,1500
GET,/predict?cb_nonce=90747,1,0,57781.72790003009,57781.72790003009,57781.72790003009,57781.72790003009,39.0,0.0008323746104118736,0.0,58000,58000,58000,58000,58000,58000,58000,58000,58000,58000,58000
GET,/predict?cb_nonce=908004,1,1,4057.0556999882683,4057.0556999882683,4057.0556999882683,4057.0556999882683,0.0,0.0008323746104118736,0.0008323746104118736,4100,4100,4100,4100,4100,4100,4100,4100,4100,4100,4100
GET,/predict?cb_nonce=908276,1,1,4262.663400033489,4262.663400033489,4262.663400033489,4262.663400033489,0.0,0.0008323746104118736,0.0008323746104118736,4300,4300,4300,4300,4300,4300,4300,4300,4300,4300,4300
GET,/predict?cb_nonce=908608,1,1,4792.293099919334,4792.293099919334,4792.293099919334,4792.293099919334,0.0,0.0008323746104118736,0.0008323746104118736,4800,4800,4800,4800,4800,4800,4800,4800,4800,4800,4800
GET,/predict?cb_nonce=908672,1,0,1138.801799970679,1138.801799970679,1138.801799970679,1138.801799970679,39.0,0.0008323746104118736,0.0,1100,1100,1100,1100,1100,1100,1100,1100,1100,1100,1100
GET,/predict?cb_nonce=908745,1,0,1499.0735000465065,1499.0735000465065,1499.0735000465065,1499.0735000465065,39.0,0.0008323746104118736,0.0,1500,1500,1500,1500,1500,1500,1500,1500,1500,1500,1500
GET,/predict?cb_nonce=909680,1,0,2371.685400023125,2371.685400023125,2371.685400023125,2371.685400023125,39.0,0.0008323746104118736,0.0,2400,2400,2400,2400,2400,2400,2400,2400,2400,2400,2400
GET,/predict?cb_nonce=909733,1,1,4080.640200059861,4080.640200059861,4080.640200059861,4080.640200059861,0.0,0.0008323746104118736,0.0008323746104118736,4100,4100,4100,4100,4100,4100,4100,4100,4100,4100,4100
GET,/predict?cb_nonce=909747,1,0,2574.8969999840483,2574.8969999840483,2574.8969999840483,2574.8969999840483,39.0,0.0008323746104118736,0.0,2600,2600,2600,2600,2600,2600,2600,2600,2600,2600,2600
GET,/predict?cb_nonce=910066,1,1,4092.7854999899864,4092.7854999899864,4092.7854999899864,4092.7854999899864,0.0,0.0008323746104118736,0.0008323746104118736,4100,4100,4100,4100,4100,4100,4100,4100,4100,4100,4100
GET,/predict?cb_nonce=910846,1,0,15262.944899965078,15262.944899965078,15262.944899965078,15262.944899965078,39.0,0.0008323746104118736,0.0,15000,15000,15000,15000,15000,15000,15000,15000,15000,15000,15000
GET,/predict?cb_nonce=910978,1,0,38547.19299997669,38547.19299997669,38547.19299997669,38547.19299997669,39.0,0.0008323746104118736,0.0,39000,39000,39000,39000,39000,39000,39000,39000,39000,39000,39000
GET,/predict?cb_nonce=911009,1,0,1908.323899959214,1908.323899959214,1908.323899959214,1908.323899959214,39.0,0.0008323746104118736,0.0,1900,1900,1900,1900,1900,1900,1900,1900,1900,1900,1900
GET,/predict?cb_nonce=91135,1,0,5501.387600088492,5501.387600088492,5501.387600088492,5501.387600088492,39.0,0.0008323746104118736,0.0,5500,5500,5500,5500,5500,5500,5500,5500,5500,5500,5500
GET,/predict?cb_nonce=911645,1,0,1713.4466000134125,1713.4466000134125,1713.4466000134125,1713.4466000134125,39.0,0.0008323746104118736,0.0,1700,1700,1700,1700,1700,1700,1700,1700,1700,1700,1700
GET,/predict?cb_nonce=91213,1,1,4284.441100084223,4284.441100084223,4284.441100084223,4284.441100084223,0.0,0.0008323746104118736,0.0008323746104118736,4300,4300,4300,4300,4300,4300,4300,4300,4300,4300,4300
GET,/predict?cb_nonce=912528,1,0,1909.3520999886096,1909.3520999886096,1909.3520999886096,1909.3520999886096,39.0,0.0008323746104118736,0.0,1900,1900,1900,1900,1900,1900,1900,1900,1900,1900,1900
GET,/predict?cb_nonce=913004,1,0,2509.315099916421,2509.315099916421,2509.315099916421,2509.315099916421,39.0,0.0008323746104118736,0.0,2500,2500,2500,2500,2500,2500,2500,2500,2500,2500,2500
GET,/predict?cb_nonce=913241,1,0,1845.120699959807,1845.120699959807,1845.120699959807,1845.120699959807,39.0,0.0008323746104118736,0.0,1800,1800,1800,1800,1800,1800,1800,1800,1800,1800,1800
GET,/predict?cb_nonce=913349,1,1,4349.031100049615,4349.031100049615,4349.031100049615,4349.031100049615,0.0,0.0008323746104118736,0.0008323746104118736,4300,4300,4300,4300,4300,4300,4300,4300,4300,4300,4300
GET,/predict?cb_nonce=913490,1,0,1419.1694000037387,1419.1694000037387,1419.1694000037387,1419.1694000037387,39.0,0.0008323746104118736,0.0,1400,1400,1400,1400,1400,1400,1400,1400,1400,1400,1400
GET,/predict?cb_nonce=914872,1,0,2328.763799974695,2328.763799974695,2328.763799974695,2328.763799974695,39.0,0.0008323746104118736,0.0,2300,2300,2300,2300,2300,2300,2300,2300,2300,2300,2300
GET,/predict?cb_nonce=914955,1,0,2623.149299994111,2623.149299994111,2623.149299994111,2623.149299994111,39.0,0.0008323746104118736,0.0,2600,2600,2600,2600,2600,2600,2600,2600,2600,2600,2600
GET,/predict?cb_nonce=91513,1,1,4053.982899989933,4053.982899989933,4053.982899989933,4053.982899989933,0.0,0.0008323746104118736,0.0008323746104118736,4100,4100,4100,4100,4100,4100,4100,4100,4100,4100,4100
GET,/predict?cb_nonce=915355,1,1,4268.80970003549,4268.80970003549,4268.80970003549,4268.80970003549,0.0,0.0008323746104118736,0.0008323746104118736,4300,4300,4300,4300,4300,4300,4300,4300,4300,4300,4300
GET,/predict?cb_nonce=91572,1,0,2354.6102000400424,2354.6102000400424,2354.6102000400424,2354.6102000400424,39.0,0.0008323746104118736,0.0,2400,2400,2400,2400,2400,2400,2400,2400,2400,2400,2400
GET,/predict?cb_nonce=916066,1,0,8685.883500031196,8685.883500031196,8685.883500031196,8685.883500031196,39.0,0.0008323746104118736,0.0,8700,8700,8700,8700,8700,8700,8700,8700,8700,8700,8700
GET,/predict?cb_nonce=916207,1,1,4921.524000004865,4921.524000004865,4921.524000004865,4921.524000004865,0.0,0.0008323746104118736,0.0008323746104118736,4900,4900,4900,4900,4900,4900,4900,4900,4900,4900,4900
GET,/predict?cb_nonce=916281,1,1,4075.4648000001907,4075.4648000001907,4075.4648000001907,4075.4648000001907,0.0,0.0008323746104118736,0.0008323746104118736,4100,4100,4100,4100,4100,4100,4100,4100,4100,4100,4100
GET,/predict?cb_nonce=916506,1,0,60209.598100045696,60209.598100045696,60209.598100045696,60209.598100045696,39.0,0.0008323746104118736,0.0,60000,60000,60000,60000,60000,60000,60000,60000,60000,60000,60000
GET,/predict?cb_nonce=917242,1,1,4067.52719997894,4067.52719997894,4067.52719997894,4067.52719997894,0.0,0.0008323746104118736,0.0008323746104118736,4100,4100,4100,4100,4100,4100,4100,4100,4100,4100,4100
GET,/predict?cb_nonce=917463,1,0,2273.079700069502,2273.079700069502,2273.079700069502,2273.079700069502,39.0,0.0008323746104118736,0.0,2300,2300,2300,2300,2300,2300,2300,2300,2300,2300,2300
GET,/predict?cb_nonce=917647,1,1,4098.464800044894,4098.464800044894,4098.464800044894,4098.464800044894,0.0,0.0008323746104118736,0.0008323746104118736,4100,4100,4100,4100,4100,4100,4100,4100,4100,4100,4100
GET,/predict?cb_nonce=918320,1,0,2723.6028000479564,2723.6028000479564,2723.6028000479564,2723.6028000479564,39.0,0.0008323746104118736,0.0,2700,2700,2700,2700,2700,2700,2700,2700,2700,2700,2700
GET,/predict?cb_nonce=918743,1,1,4185.060900053941,4185.060900053941,4185.060900053941,4185.060900053941,0.0,0.0008323746104118736,0.0008323746104118736,4200,4200,4200,4200,4200,4200,4200,4200,4200,4200,4200
GET,/predict?cb_nonce=920361,1,0,2520.45489999,2520.45489999,2520.45489999,2520.45489999,39.0,0.0008323746104118736,0.0,2500,2500,2500,2500,2500,2500,2500,2500,2500,2500,2500
GET,/predict?cb_nonce=920535,1,1,4192.6102000288665,4192.6102000288665,4192.6102000288665,4192.6102000288665,0.0,0.0008323746104118736,0.0008323746104118736,4200,4200,4200,4200,4200,4200,4200,4200,4200,4200,4200
GET,/predict?cb_nonce=920724,1,1,4308.938900008798,4308.938900008798,4308.938900008798,4308.938900008798,0.0,0.0008323746104118736,0.0008323746104118736,4300,4300,4300,4300,4300,4300,4300,4300,4300,4300,4300
GET,/predict?cb_nonce=920904,1,0,1100.851699942723,1100.851699942723,1100.851699942723,1100.851699942723,39.0,0.0008323746104118736,0.0,1100,1100,1100,1100,1100,1100,1100,1100,1100,1100,1100
GET,/predict?cb_nonce=920979,1,0,2249.883000040427,2249.883000040427,2249.883000040427,2249.883000040427,39.0,0.0008323746104118736,0.0,2200,2200,2200,2200,2200,2200,2200,2200,2200,2200,2200
GET,/predict?cb_nonce=921416,1,0,2678.607299923897,2678.607299923897,2678.607299923897,2678.607299923897,39.0,0.0008323746104118736,0.0,2700,2700,2700,2700,2700,2700,2700,2700,2700,2700,2700
GET,/predict?cb_nonce=92167,1,1,4093.7011999776587,4093.7011999776587,4093.7011999776587,4093.7011999776587,0.0,0.0008323746104118736,0.0008323746104118736,4100,4100,4100,4100,4100,4100,4100,4100,4100,4100,4100
GET,/predict?cb_nonce=921738,1,0,1492.8738999878988,1492.8738999878988,1492.8738999878988,1492.8738999878988,39.0,0.0008323746104118736,0.0,1500,1500,1500,1500,1500,1500,1500,1500,1500,1500,1500
GET,/predict?cb_nonce=921892,1,1,4078.6869999719784,4078.6869999719784,4078.6869999719784,4078.6869999719784,0.0,0.0008323746104118736,0.0008323746104118736,4100,4100,4100,4100,4100,4100,4100,4100,4100,4100,4100
GET,/predict?cb_nonce=92272,1,1,4156.640199944377,4156.640199944377,4156.640199944377,4156.640199944377,0.0,0.0008323746104118736,0.0008323746104118736,4200,4200,4200,4200,4200,4200,4200,4200,4200,4200,4200
GET,/predict?cb_nonce=922776,1,0,1238.842900027521,1238.842900027521,1238.842900027521,1238.842900027521,39.0,0.0008323746104118736,0.0,1200,1200,1200,1200,1200,1200,1200,1200,1200,1200,1200
GET,/predict?cb_nonce=922913,1,1,4501.185500063002,4501.185500063002,4501.185500063002,4501.185500063002,0.0,0.0008323746104118736,0.0008323746104118736,4500,4500,4500,4500,4500,4500,4500,4500,4500,4500,4500
GET,/predict?cb_nonce=922933,1,0,2654.5767999486998,2654.5767999486998,2654.5767999486998,2654.5767999486998,39.0,0.0008323746104118736,0.0,2700,2700,2700,2700,2700,2700,2700,2700,2700,2700,2700
GET,/predict?cb_nonce=923179,1,1,4195.068400003947,4195.068400003947,4195.068400003947,4195.068400003947,0.0,0.0008323746104118736,0.0008323746104118736,4200,4200,4200,4200,4200,4200,4200,4200,4200,4200,4200
GET,/predict?cb_nonce=923787,1,1,4834.222400095314,4834.222400095314,4834.222400095314,4834.222400095314,0.0,0.0008323746104118736,0.0008323746104118736,4800,4800,4800,4800,4800,4800,4800,4800,4800,4800,4800
GET,/predict?cb_nonce=924216,1,1,4076.5594000695273,4076.5594000695273,4076.5594000695273,4076.5594000695273,0.0,0.0008323746104118736,0.0008323746104118736,4100,4100,4100,4100,4100,4100,4100,4100,4100,4100,4100
GET,/predict?cb_nonce=92497,1,0,1493.3758999686688,1493.3758999686688,1493.3758999686688,1493.3758999686688,39.0,0.0008323746104118736,0.0,1500,1500,1500,1500,1500,1500,1500,1500,1500,1500,1500
GET,/predict?cb_nonce=925286,1,1,4287.010499974713,4287.010499974713,4287.010499974713,4287.010499974713,0.0,0.0008323746104118736,0.0008323746104118736,4300,4300,4300,4300,4300,4300,4300,4300,4300,4300,4300
GET,/predict?cb_nonce=925891,1,1,4121.878399979323,4121.878399979323,4121.878399979323,4121.878399979323,0.0,0.0008323746104118736,0.0008323746104118736,4100,4100,4100,4100,4100,4100,4100,4100,4100,4100,4100
GET,/predict?cb_nonce=926137,1,1,4077.2219999926165,4077.2219999926165,4077.2219999926165,4077.2219999926165,0.0,0.0008323746104118736,0.0008323746104118736,4100,4100,4100,4100,4100,4100,4100,4100,4100,4100,4100
GET,/predict?cb_nonce=926992,1,1,4073.6525000538677,4073.6525000538677,4073.6525000538677,4073.6525000538677,0.0,0.0008323746104118736,0.0008323746104118736,4100,4100,4100,4100,4100,4100,4100,4100,4100,4100,4100
GET,/predict?cb_nonce=928069,1,0,20263.406499987468,20263.406499987468,20263.406499987468,20263.406499987468,39.0,0.0008323746104118736,0.0,20000,20000,20000,20000,20000,20000,20000,20000,20000,20000,20000
GET,/predict?cb_nonce=928371,1,1,5530.877099954523,5530.877099954523,5530.877099954523,5530.877099954523,0.0,0.0008323746104118736,0.0008323746104118736,5500,5500,5500,5500,5500,5500,5500,5500,5500,5500,5500
GET,/predict?cb_nonce=929265,1,1,4095.3273999039084,4095.3273999039084,4095.3273999039084,4095.3273999039084,0.0,0.0008323746104118736,0.0008323746104118736,4100,4100,4100,4100,4100,4100,4100,4100,4100,4100,4100
GET,/predict?cb_nonce=929383,1,0,71784.79820000939,71784.79820000939,71784.79820000939,71784.79820000939,39.0,0.0008323746104118736,0.0,72000,72000,72000,72000,72000,72000,72000,72000,72000,72000,72000
GET,/predict?cb_nonce=929453,1,0,1324.9205999309197,1324.9205999309197,1324.9205999309197,1324.9205999309197,39.0,0.0008323746104118736,0.0,1300,1300,1300,1300,1300,1300,1300,1300,1300,1300,1300
GET,/predict?cb_nonce=929753,1,0,2518.2260000146925,2518.2260000146925,2518.2260000146925,2518.2260000146925,39.0,0.0008323746104118736,0.0,2500,2500,2500,2500,2500,2500,2500,2500,2500,2500,2500
GET,/predict?cb_nonce=929968,1,0,1426.724800025113,1426.724800025113,1426.724800025113,1426.724800025113,39.0,0.0008323746104118736,0.0,1400,1400,1400,1400,1400,1400,1400,1400,1400,1400,1400
GET,/predict?cb_nonce=93023,1,1,4080.533599946648,4080.533599946648,4080.533599946648,4080.533599946648,0.0,0.0008323746104118736,0.0008323746104118736,4100,4100,4100,4100,4100,4100,4100,4100,4100,4100,4100
GET,/predict?cb_nonce=930364,1,1,5450.255800038576,5450.255800038576,5450.255800038576,5450.255800038576,0.0,0.0008323746104118736,0.0008323746104118736,5500,5500,5500,5500,5500,5500,5500,5500,5500,5500,5500
GET,/predict?cb_nonce=93077,1,0,2464.7548999637365,2464.7548999637365,2464.7548999637365,2464.7548999637365,39.0,0.0008323746104118736,0.0,2500,2500,2500,2500,2500,2500,2500,2500,2500,2500,2500
GET,/predict?cb_nonce=930994,1,1,4535.299700102769,4535.299700102769,4535.299700102769,4535.299700102769,0.0,0.0008323746104118736,0.0008323746104118736,4500,4500,4500,4500,4500,4500,4500,4500,4500,4500,4500
GET,/predict?cb_nonce=93111,1,1,4627.701599965803,4627.701599965803,4627.701599965803,4627.701599965803,0.0,0.0008323746104118736,0.0008323746104118736,4600,4600,4600,4600,4600,4600,4600,4600,4600,4600,4600
GET,/predict?cb_nonce=93151,1,1,4109.54530001618,4109.54530001618,4109.54530001618,4109.54530001618,0.0,0.0008323746104118736,0.0008323746104118736,4100,4100,4100,4100,4100,4100,4100,4100,4100,4100,4100
GET,/predict?cb_nonce=932371,1,0,1626.7269999952987,1626.7269999952987,1626.7269999952987,1626.7269999952987,39.0,0.0008323746104118736,0.0,1600,1600,1600,1600,1600,1600,1600,1600,1600,1600,1600
GET,/predict?cb_nonce=932391,1,1,4630.51709998399,4630.51709998399,4630.51709998399,4630.51709998399,0.0,0.0008323746104118736,0.0008323746104118736,4600,4600,4600,4600,4600,4600,4600,4600,4600,4600,4600
GET,/predict?cb_nonce=932668,1,1,4089.3250999506563,4089.3250999506563,4089.3250999506563,4089.3250999506563,0.0,0.0008323746104118736,0.0008323746104118736,4100,4100,4100,4100,4100,4100,4100,4100,4100,4100,4100
GET,/predict?cb_nonce=933243,1,1,4239.358499995433,4239.358499995433,4239.358499995433,4239.358499995433,0.0,0.0008323746104118736,0.0008323746104118736,4200,4200,4200,4200,4200,4200,4200,4200,4200,4200,4200
GET,/predict?cb_nonce=933277,1,1,4144.184199976735,4144.184199976735,4144.184199976735,4144.184199976735,0.0,0.0008323746104118736,0.0008323746104118736,4100,4100,4100,4100,4100,4100,4100,4100,4100,4100,4100
GET,/predict?cb_nonce=933378,1,1,4235.006499919109,4235.006499919109,4235.006499919109,4235.006499919109,0.0,0.0008323746104118736,0.0008323746104118736,4200,4200,4200,4200,4200,4200,4200,4200,4200,4200,4200
GET,/predict?cb_nonce=933991,1,0,2485.3862000163645,2485.3862000163645,2485.3862000163645,2485.3862000163645,39.0,0.0008323746104118736,0.0,2500,2500,2500,2500,2500,2500,2500,2500,2500,2500,2500
GET,/predict?cb_nonce=934317,1,1,4536.180499941111,4536.180499941111,4536.180499941111,4536.180499941111,0.0,0.0008323746104118736,0.0008323746104118736,4500,4500,4500,4500,4500,4500,4500,4500,4500,4500,4500
GET,/predict?cb_nonce=934715,1,1,4234.16630004067,4234.16630004067,4234.16630004067,4234.16630004067,0.0,0.0008323746104118736,0.0008323746104118736,4200,4200,4200,4200,4200,4200,4200,4200,4200,4200,4200
GET,/predict?cb_nonce=935153,1,0,2988.0486999172717,2988.0486999172717,2988.0486999172717,2988.0486999172717,39.0,0.0008323746104118736,0.0,3000,3000,3000,3000,3000,3000,3000,3000,3000,3000,3000
GET,/predict?cb_nonce=935783,1,0,17955.927100032568,17955.927100032568,17955.927100032568,17955.927100032568,39.0,0.0008323746104118736,0.0,18000,18000,18000,18000,18000,18000,18000,18000,18000,18000,18000
GET,/predict?cb_nonce=935817,1,0,3403.403599979356,3403.403599979356,3403.403599979356,3403.403599979356,39.0,0.0008323746104118736,0.0,3400,3400,3400,3400,3400,3400,3400,3400,3400,3400,3400
GET,/predict?cb_nonce=936423,1,1,4066.087599960156,4066.087599960156,4066.087599960156,4066.087599960156,0.0,0.0008323746104118736,0.0008323746104118736,4100,4100,4100,4100,4100,4100,4100,4100,4100,4100,4100
GET,/predict?cb_nonce=936761,1,1,5076.871099998243,5076.871099998243,5076.871099998243,5076.871099998243,0.0,0.0008323746104118736,0.0008323746104118736,5100,5100,5100,5100,5100,5100,5100,5100,5100,5100,5100
GET,/predict?cb_nonce=937631,1,1,4272.196599980816,4272.196599980816,4272.196599980816,4272.196599980816,0.0,0.0008323746104118736,0.0008323746104118736,4300,4300,4300,4300,4300,4300,4300,4300,4300,4300,4300
GET,/predict?cb_nonce=93767,1,1,4102.330799913034,4102.330799913034,4102.330799913034,4102.330799913034,0.0,0.0008323746104118736,0.0008323746104118736,4100,4100,4100,4100,4100,4100,4100,4100,4100,4100,4100
GET,/predict?cb_nonce=937742,1,0,2057.681400096044,2057.681400096044,2057.681400096044,2057.681400096044,39.0,0.0008323746104118736,0.0,2100,2100,2100,2100,2100,2100,2100,2100,2100,2100,2100
GET,/predict?cb_nonce=937863,1,1,4157.145900069736,4157.145900069736,4157.145900069736,4157.145900069736,0.0,0.0008323746104118736,0.0008323746104118736,4200,4200,4200,4200,4200,4200,4200,4200,4200,4200,4200
GET,/predict?cb_nonce=938478,1,1,4092.8223999217153,4092.8223999217153,4092.8223999217153,4092.8223999217153,0.0,0.0008323746104118736,0.0008323746104118736,4100,4100,4100,4100,4100,4100,4100,4100,4100,4100,4100
GET,/predict?cb_nonce=93901,1,0,1421.0803000023589,1421.0803000023589,1421.0803000023589,1421.0803000023589,39.0,0.0008323746104118736,0.0,1400,1400,1400,1400,1400,1400,1400,1400,1400,1400,1400
GET,/predict?cb_nonce=939531,1,0,2257.7495999867097,2257.7495999867097,2257.7495999867097,2257.7495999867097,39.0,0.0008323746104118736,0.0,2300,2300,2300,2300,2300,2300,2300,2300,2300,2300,2300
GET,/predict?cb_nonce=939548,1,1,4102.533799945377,4102.533799945377,4102.533799945377,4102.533799945377,0.0,0.0008323746104118736,0.0008323746104118736,4100,4100,4100,4100,4100,4100,4100,4100,4100,4100,4100
GET,/predict?cb_nonce=940112,1,1,4057.8472999623045,4057.8472999623045,4057.8472999623045,4057.8472999623045,0.0,0.0008323746104118736,0.0008323746104118736,4100,4100,4100,4100,4100,4100,4100,4100,4100,4100,4100
GET,/predict?cb_nonce=940253,1,0,2696.045899996534,2696.045899996534,2696.045899996534,2696.045899996534,39.0,0.0008323746104118736,0.0,2700,2700,2700,2700,2700,2700,2700,2700,2700,2700,2700
GET,/predict?cb_nonce=940774,1,0,1117.5386999966577,1117.5386999966577,1117.5386999966577,1117.5386999966577,39.0,0.0008323746104118736,0.0,1100,1100,1100,1100,1100,1100,1100,1100,1100,1100,1100
GET,/predict?cb_nonce=940936,1,1,4942.179700010456,4942.179700010456,4942.179700010456,4942.179700010456,0.0,0.0008323746104118736,0.0008323746104118736,4900,4900,4900,4900,4900,4900,4900,4900,4900,4900,4900
GET,/predict?cb_nonce=941169,1,1,4565.52920001559,4565.52920001559,4565.52920001559,4565.52920001559,0.0,0.0008323746104118736,0.0008323746104118736,4600,4600,4600,4600,4600,4600,4600,4600,4600,4600,4600
GET,/predict?cb_nonce=941224,1,0,1362.2169999871403,1362.2169999871403,1362.2169999871403,1362.2169999871403,39.0,0.0008323746104118736,0.0,1400,1400,1400,1400,1400,1400,1400,1400,1400,1400,1400
GET,/predict?cb_nonce=941752,1,0,7618.349500000477,7618.349500000477,7618.349500000477,7618.349500000477,39.0,0.0008323746104118736,0.0,7600,7600,7600,7600,7600,7600,7600,7600,7600,7600,7600
GET,/predict?cb_nonce=941771,1,1,4337.161000003107,4337.161000003107,4337.161000003107,4337.161000003107,0.0,0.0008323746104118736,0.0008323746104118736,4300,4300,4300,4300,4300,4300,4300,4300,4300,4300,4300
GET,/predict?cb_nonce=941973,1,0,2302.1756999660283,2302.1756999660283,2302.1756999660283,2302.1756999660283,39.0,0.0008323746104118736,0.0,2300,2300,2300,2300,2300,2300,2300,2300,2300,2300,2300
GET,/predict?cb_nonce=942476,1,0,31632.85769999493,31632.85769999493,31632.85769999493,31632.85769999493,39.0,0.0008323746104118736,0.0,32000,32000,32000,32000,32000,32000,32000,32000,32000,32000,32000
GET,/predict?cb_nonce=943126,1,0,1677.96559992712,1677.96559992712,1677.96559992712,1677.96559992712,39.0,0.0008323746104118736,0.0,1700,1700,1700,1700,1700,1700,1700,1700,1700,1700,1700
GET,/predict?cb_nonce=943508,1,1,4149.889799999073,4149.889799999073,4149.889799999073,4149.889799999073,0.0,0.0008323746104118736,0.0008323746104118736,4100,4100,4100,4100,4100,4100,4100,4100,4100,4100,4100
GET,/predict?cb_nonce=944537,1,0,2024.5240000076592,2024.5240000076592,2024.5240000076592,2024.5240000076592,39.0,0.0008323746104118736,0.0,2000,2000,2000,2000,2000,2000,2000,2000,2000,2000,2000
GET,/predict?cb_nonce=944593,1,0,1589.1200000187382,1589.1200000187382,1589.1200000187382,1589.1200000187382,39.0,0.0008323746104118736,0.0,1600,1600,1600,1600,1600,1600,1600,1600,1600,1600,1600
GET,/predict?cb_nonce=944718,1,1,4086.3029999891296,4086.3029999891296,4086.3029999891296,4086.3029999891296,0.0,0.0008323746104118736,0.0008323746104118736,4100,4100,4100,4100,4100,4100,4100,4100,4100,4100,4100
GET,/predict?cb_nonce=945207,1,0,449.8634999617934,449.8634999617934,449.8634999617934,449.8634999617934,39.0,0.0008323746104118736,0.0,450,450,450,450,450,450,450,450,450,450,450
GET,/predict?cb_nonce=945305,1,1,4100.750599987805,4100.750599987805,4100.750599987805,4100.750599987805,0.0,0.0008323746104118736,0.0008323746104118736,4100,4100,4100,4100,4100,4100,4100,4100,4100,4100,4100
GET,/predict?cb_nonce=945461,1,0,2021.659699967131,2021.659699967131,2021.659699967131,2021.659699967131,39.0,0.0008323746104118736,0.0,2000,2000,2000,2000,2000,2000,2000,2000,2000,2000,2000
GET,/predict?cb_nonce=945753,1,0,2348.0735000921413,2348.0735000921413,2348.0735000921413,2348.0735000921413,39.0,0.0008323746104118736,0.0,2300,2300,2300,2300,2300,2300,2300,2300,2300,2300,2300
GET,/predict?cb_nonce=94594,1,1,4149.2334000067785,4149.2334000067785,4149.2334000067785,4149.2334000067785,0.0,0.0008323746104118736,0.0008323746104118736,4100,4100,4100,4100,4100,4100,4100,4100,4100,4100,4100
GET,/predict?cb_nonce=946131,1,1,5196.520400000736,5196.520400000736,5196.520400000736,5196.520400000736,0.0,0.0008323746104118736,0.0008323746104118736,5200,5200,5200,5200,5200,5200,5200,5200,5200,5200,5200
GET,/predict?cb_nonce=946971,1,0,2243.8324000686407,2243.8324000686407,2243.8324000686407,2243.8324000686407,39.0,0.0008323746104118736,0.0,2200,2200,2200,2200,2200,2200,2200,2200,2200,2200,2200
GET,/predict?cb_nonce=947759,1,0,2151.9681999925524,2151.9681999925524,2151.9681999925524,2151.9681999925524,39.0,0.0008323746104118736,0.0,2200,2200,2200,2200,2200,2200,2200,2200,2200,2200,2200
GET,/predict?cb_nonce=947912,1,0,2398.898100014776,2398.898100014776,2398.898100014776,2398.898100014776,39.0,0.0008323746104118736,0.0,2400,2400,2400,2400,2400,2400,2400,2400,2400,2400,2400
GET,/predict?cb_nonce=948142,1,1,4333.285900065675,4333.285900065675,4333.285900065675,4333.285900065675,0.0,0.0008323746104118736,0.0008323746104118736,4300,4300,4300,4300,4300,4300,4300,4300,4300,4300,4300
GET,/predict?cb_nonce=948456,1,0,2392.0288000954315,2392.0288000954315,2392.0288000954315,2392.0288000954315,39.0,0.0008323746104118736,0.0,2400,2400,2400,2400,2400,2400,2400,2400,2400,2400,2400
GET,/predict?cb_nonce=949203,1,0,2463.9197000069544,2463.9197000069544,2463.9197000069544,2463.9197000069544,39.0,0.0008323746104118736,0.0,2500,2500,2500,2500,2500,2500,2500,2500,2500,2500,2500
GET,/predict?cb_nonce=949397,1,0,1376.2722000246868,1376.2722000246868,1376.2722000246868,1376.2722000246868,39.0,0.0008323746104118736,0.0,1400,1400,1400,1400,1400,1400,1400,1400,1400,1400,1400
GET,/predict?cb_nonce=949894,1,1,4316.622199956328,4316.622199956328,4316.622199956328,4316.622199956328,0.0,0.0008323746104118736,0.0008323746104118736,4300,4300,4300,4300,4300,4300,4300,4300,4300,4300,4300
GET,/predict?cb_nonce=950133,1,0,12723.649899940938,12723.649899940938,12723.649899940938,12723.649899940938,39.0,0.0008323746104118736,0.0,13000,13000,13000,13000,13000,13000,13000,13000,13000,13000,13000
GET,/predict?cb_nonce=950407,1,0,1684.5613999757916,1684.5613999757916,1684.5613999757916,1684.5613999757916,39.0,0.0008323746104118736,0.0,1700,1700,1700,1700,1700,1700,1700,1700,1700,1700,1700
GET,/predict?cb_nonce=950432,1,1,4189.373799948953,4189.373799948953,4189.373799948953,4189.373799948953,0.0,0.0008323746104118736,0.0008323746104118736,4200,4200,4200,4200,4200,4200,4200,4200,4200,4200,4200
GET,/predict?cb_nonce=95060,1,0,1909.005400026217,1909.005400026217,1909.005400026217,1909.005400026217,39.0,0.0008323746104118736,0.0,1900,1900,1900,1900,1900,1900,1900,1900,1900,1900,1900
GET,/predict?cb_nonce=95067,1,0,1269.8740999912843,1269.8740999912843,1269.8740999912843,1269.8740999912843,39.0,0.0008323746104118736,0.0,1300,1300,1300,1300,1300,1300,1300,1300,1300,1300,1300
GET,/predict?cb_nonce=951047,1,0,1517.4263999797404,1517.4263999797404,1517.4263999797404,1517.4263999797404,39.0,0.0008323746104118736,0.0,1500,1500,1500,1500,1500,1500,1500,1500,1500,1500,1500
GET,/predict?cb_nonce=951536,1,1,4085.275699966587,4085.275699966587,4085.275699966587,4085.275699966587,0.0,0.0008323746104118736,0.0008323746104118736,4100,4100,4100,4100,4100,4100,4100,4100,4100,4100,4100
GET,/predict?cb_nonce=951929,1,1,4090.276899980381,4090.276899980381,4090.276899980381,4090.276899980381,0.0,0.0008323746104118736,0.0008323746104118736,4100,4100,4100,4100,4100,4100,4100,4100,4100,4100,4100
GET,/predict?cb_nonce=952459,1,0,1757.0896999677643,1757.0896999677643,1757.0896999677643,1757.0896999677643,39.0,0.0008323746104118736,0.0,1800,1800,1800,1800,1800,1800,1800,1800,1800,1800,1800
GET,/predict?cb_nonce=952657,1,0,27317.555999965407,27317.555999965407,27317.555999965407,27317.555999965407,39.0,0.0008323746104118736,0.0,27000,27000,27000,27000,27000,27000,27000,27000,27000,27000,27000
GET,/predict?cb_nonce=9531,1,0,2521.1116999853402,2521.1116999853402,2521.1116999853402,2521.1116999853402,39.0,0.0008323746104118736,0.0,2500,2500,2500,2500,2500,2500,2500,2500,2500,2500,2500
GET,/predict?cb_nonce=953288,1,0,2580.2368000149727,2580.2368000149727,2580.2368000149727,2580.2368000149727,39.0,0.0008323746104118736,0.0,2600,2600,2600,2600,2600,2600,2600,2600,2600,2600,2600
GET,/predict?cb_nonce=953621,1,0,18050.434799981304,18050.434799981304,18050.434799981304,18050.434799981304,39.0,0.0008323746104118736,0.0,18000,18000,18000,18000,18000,18000,18000,18000,18000,18000,18000
GET,/predict?cb_nonce=953758,1,0,1541.7289999313653,1541.7289999313653,1541.7289999313653,1541.7289999313653,39.0,0.0008323746104118736,0.0,1500,1500,1500,1500,1500,1500,1500,1500,1500,1500,1500
GET,/predict?cb_nonce=953759,1,1,4323.2551999390125,4323.2551999390125,4323.2551999390125,4323.2551999390125,0.0,0.0008323746104118736,0.0008323746104118736,4300,4300,4300,4300,4300,4300,4300,4300,4300,4300,4300
GET,/predict?cb_nonce=954619,1,0,2221.8516999855638,2221.8516999855638,2221.8516999855638,2221.8516999855638,39.0,0.0008323746104118736,0.0,2200,2200,2200,2200,2200,2200,2200,2200,2200,2200,2200
GET,/predict?cb_nonce=955211,1,0,2836.6669000824913,2836.6669000824913,2836.6669000824913,2836.6669000824913,39.0,0.0008323746104118736,0.0,2800,2800,2800,2800,2800,2800,2800,2800,2800,2800,2800
GET,/predict?cb_nonce=955407,1,1,4213.398199994117,4213.398199994117,4213.398199994117,4213.398199994117,0.0,0.0008323746104118736,0.0008323746104118736,4200,4200,4200,4200,4200,4200,4200,4200,4200,4200,4200
GET,/predict?cb_nonce=955467,1,0,1824.4361999677494,1824.4361999677494,1824.4361999677494,1824.4361999677494,39.0,0.0008323746104118736,0.0,1800,1800,1800,1800,1800,1800,1800,1800,1800,1800,1800
GET,/predict?cb_nonce=955527,1,1,4475.168799981475,4475.168799981475,4475.168799981475,4475.168799981475,0.0,0.0008323746104118736,0.0008323746104118736,4500,4500,4500,4500,4500,4500,4500,4500,4500,4500,4500
GET,/predict?cb_nonce=95638,1,1,4312.030699918978,4312.030699918978,4312.030699918978,4312.030699918978,0.0,0.0008323746104118736,0.0008323746104118736,4300,4300,4300,4300,4300,4300,4300,4300,4300,4300,4300
GET,/predict?cb_nonce=956519,1,0,38749.07499994151,38749.07499994151,38749.07499994151,38749.07499994151,39.0,0.0008323746104118736,0.0,39000,39000,39000,39000,39000,39000,39000,39000,39000,39000,39000
GET,/predict?cb_nonce=956539,1,1,4866.413799929433,4866.413799929433,4866.413799929433,4866.413799929433,0.0,0.0008323746104118736,0.0008323746104118736,4900,4900,4900,4900,4900,4900,4900,4900,4900,4900,4900
GET,/predict?cb_nonce=956603,1,0,10729.63289998006,10729.63289998006,10729.63289998006,10729.63289998006,39.0,0.0008323746104118736,0.0,11000,11000,11000,11000,11000,11000,11000,11000,11000,11000,11000
GET,/predict?cb_nonce=956784,1,0,1415.314199985005,1415.314199985005,1415.314199985005,1415.314199985005,39.0,0.0008323746104118736,0.0,1400,1400,1400,1400,1400,1400,1400,1400,1400,1400,1400
GET,/predict?cb_nonce=956932,1,0,2553.0506999930367,2553.0506999930367,2553.0506999930367,2553.0506999930367,39.0,0.0008323746104118736,0.0,2600,2600,2600,2600,2600,2600,2600,2600,2600,2600,2600
GET,/predict?cb_nonce=957040,1,0,445.1010999036953,445.1010999036953,445.1010999036953,445.1010999036953,39.0,0.0008323746104118736,0.0,450,450,450,450,450,450,450,450,450,450,450
GET,/predict?cb_nonce=957677,1,0,2062.7225000644103,2062.7225000644103,2062.7225000644103,2062.7225000644103,39.0,0.0008323746104118736,0.0,2100,2100,2100,2100,2100,2100,2100,2100,2100,2100,2100
GET,/predict?cb_nonce=958784,1,0,1509.6597999799997,1509.6597999799997,1509.6597999799997,1509.6597999799997,39.0,0.0008323746104118736,0.0,1500,1500,1500,1500,1500,1500,1500,1500,1500,1500,1500
GET,/predict?cb_nonce=958911,1,0,1659.3214999884367,1659.3214999884367,1659.3214999884367,1659.3214999884367,39.0,0.0008323746104118736,0.0,1700,1700,1700,1700,1700,1700,1700,1700,1700,1700,1700
GET,/predict?cb_nonce=959891,1,1,4226.822299999185,4226.822299999185,4226.822299999185,4226.822299999185,0.0,0.0008323746104118736,0.0008323746104118736,4200,4200,4200,4200,4200,4200,4200,4200,4200,4200,4200
GET,/predict?cb_nonce=960232,1,1,4120.4333999194205,4120.4333999194205,4120.4333999194205,4120.4333999194205,0.0,0.0008323746104118736,0.0008323746104118736,4100,4100,4100,4100,4100,4100,4100,4100,4100,4100,4100
GET,/predict?cb_nonce=960784,1,0,10313.771599903703,10313.771599903703,10313.771599903703,10313.771599903703,39.0,0.0008323746104118736,0.0,10000,10000,10000,10000,10000,10000,10000,10000,10000,10000,10000
GET,/predict?cb_nonce=961377,1,0,2895.497600082308,2895.497600082308,2895.497600082308,2895.497600082308,39.0,0.0008323746104118736,0.0,2900,2900,2900,2900,2900,2900,2900,2900,2900,2900,2900
GET,/predict?cb_nonce=961549,1,0,1567.2686999896541,1567.2686999896541,1567.2686999896541,1567.2686999896541,39.0,0.0008323746104118736,0.0,1600,1600,1600,1600,1600,1600,1600,1600,1600,1600,1600
GET,/predict?cb_nonce=961655,1,1,4244.130300008692,4244.130300008692,4244.130300008692,4244.130300008692,0.0,0.0008323746104118736,0.0008323746104118736,4200,4200,4200,4200,4200,4200,4200,4200,4200,4200,4200
GET,/predict?cb_nonce=962914,1,1,4258.502800017595,4258.502800017595,4258.502800017595,4258.502800017595,0.0,0.0008323746104118736,0.0008323746104118736,4300,4300,4300,4300,4300,4300,4300,4300,4300,4300,4300
GET,/predict?cb_nonce=963086,1,1,4100.387100013904,4100.387100013904,4100.387100013904,4100.387100013904,0.0,0.0008323746104118736,0.0008323746104118736,4100,4100,4100,4100,4100,4100,4100,4100,4100,4100,4100
GET,/predict?cb_nonce=963503,1,1,4354.232500074431,4354.232500074431,4354.232500074431,4354.232500074431,0.0,0.0008323746104118736,0.0008323746104118736,4400,4400,4400,4400,4400,4400,4400,4400,4400,4400,4400
GET,/predict?cb_nonce=964125,1,0,3018.6173000838608,3018.6173000838608,3018.6173000838608,3018.6173000838608,39.0,0.0008323746104118736,0.0,3000,3000,3000,3000,3000,3000,3000,3000,3000,3000,3000
GET,/predict?cb_nonce=964367,1,0,1553.701400058344,1553.701400058344,1553.701400058344,1553.701400058344,39.0,0.0008323746104118736,0.0,1600,1600,1600,1600,1600,1600,1600,1600,1600,1600,1600
GET,/predict?cb_nonce=964926,1,0,1799.7535999165848,1799.7535999165848,1799.7535999165848,1799.7535999165848,39.0,0.0008323746104118736,0.0,1800,1800,1800,1800,1800,1800,1800,1800,1800,1800,1800
GET,/predict?cb_nonce=964929,1,0,2119.5406999904662,2119.5406999904662,2119.5406999904662,2119.5406999904662,39.0,0.0008323746104118736,0.0,2100,2100,2100,2100,2100,2100,2100,2100,2100,2100,2100
GET,/predict?cb_nonce=965110,1,1,4055.1469000056386,4055.1469000056386,4055.1469000056386,4055.1469000056386,0.0,0.0008323746104118736,0.0008323746104118736,4100,4100,4100,4100,4100,4100,4100,4100,4100,4100,4100
GET,/predict?cb_nonce=965669,1,1,4287.874099914916,4287.874099914916,4287.874099914916,4287.874099914916,0.0,0.0008323746104118736,0.0008323746104118736,4300,4300,4300,4300,4300,4300,4300,4300,4300,4300,4300
GET,/predict?cb_nonce=966677,1,0,900.3825999097899,900.3825999097899,900.3825999097899,900.3825999097899,39.0,0.0008323746104118736,0.0,900,900,900,900,900,900,900,900,900,900,900
GET,/predict?cb_nonce=967264,1,0,28891.351200058125,28891.351200058125,28891.351200058125,28891.351200058125,39.0,0.0008323746104118736,0.0,29000,29000,29000,29000,29000,29000,29000,29000,29000,29000,29000
GET,/predict?cb_nonce=967622,1,1,5206.808299990371,5206.808299990371,5206.808299990371,5206.808299990371,0.0,0.0008323746104118736,0.0008323746104118736,5200,5200,5200,5200,5200,5200,5200,5200,5200,5200,5200
GET,/predict?cb_nonce=968611,1,0,2543.3239999692887,2543.3239999692887,2543.3239999692887,2543.3239999692887,39.0,0.0008323746104118736,0.0,2500,2500,2500,2500,2500,2500,2500,2500,2500,2500,2500
GET,/predict?cb_nonce=971743,1,1,4143.102700007148,4143.102700007148,4143.102700007148,4143.102700007148,0.0,0.0008323746104118736,0.0008323746104118736,4100,4100,4100,4100,4100,4100,4100,4100,4100,4100,4100
GET,/predict?cb_nonce=973020,1,0,1687.8704000264406,1687.8704000264406,1687.8704000264406,1687.8704000264406,39.0,0.0008323746104118736,0.0,1700,1700,1700,1700,1700,1700,1700,1700,1700,1700,1700
GET,/predict?cb_nonce=973626,1,0,2495.2638000249863,2495.2638000249863,2495.2638000249863,2495.2638000249863,39.0,0.0008323746104118736,0.0,2500,2500,2500,2500,2500,2500,2500,2500,2500,2500,2500
GET,/predict?cb_nonce=97400,1,0,2725.6820000475273,2725.6820000475273,2725.6820000475273,2725.6820000475273,39.0,0.0008323746104118736,0.0,2700,2700,2700,2700,2700,2700,2700,2700,2700,2700,2700
GET,/predict?cb_nonce=974208,1,1,4139.162799925543,4139.162799925543,4139.162799925543,4139.162799925543,0.0,0.0008323746104118736,0.0008323746104118736,4100,4100,4100,4100,4100,4100,4100,4100,4100,4100,4100
GET,/predict?cb_nonce=97426,1,1,4127.571500022896,4127.571500022896,4127.571500022896,4127.571500022896,0.0,0.0008323746104118736,0.0008323746104118736,4100,4100,4100,4100,4100,4100,4100,4100,4100,4100,4100
GET,/predict?cb_nonce=975039,1,0,2606.391999986954,2606.391999986954,2606.391999986954,2606.391999986954,39.0,0.0008323746104118736,0.0,2600,2600,2600,2600,2600,2600,2600,2600,2600,2600,2600
GET,/predict?cb_nonce=975398,1,0,2935.3893999941647,2935.3893999941647,2935.3893999941647,2935.3893999941647,39.0,0.0008323746104118736,0.0,2900,2900,2900,2900,2900,2900,2900,2900,2900,2900,2900
GET,/predict?cb_nonce=975806,1,0,1863.9745999826118,1863.9745999826118,1863.9745999826118,1863.9745999826118,39.0,0.0008323746104118736,0.0,1900,1900,1900,1900,1900,1900,1900,1900,1900,1900,1900
GET,/predict?cb_nonce=976449,1,0,1744.2821000004187,1744.2821000004187,1744.2821000004187,1744.2821000004187,39.0,0.0008323746104118736,0.0,1700,1700,1700,1700,1700,1700,1700,1700,1700,1700,1700
GET,/predict?cb_nonce=976819,1,1,4077.6335999835283,4077.6335999835283,4077.6335999835283,4077.6335999835283,0.0,0.0008323746104118736,0.0008323746104118736,4100,4100,4100,4100,4100,4100,4100,4100,4100,4100,4100
GET,/predict?cb_nonce=97911,1,0,1419.6776000317186,1419.6776000317186,1419.6776000317186,1419.6776000317186,39.0,0.0008323746104118736,0.0,1400,1400,1400,1400,1400,1400,1400,1400,1400,1400,1400
GET,/predict?cb_nonce=979312,1,0,32151.103099924512,32151.103099924512,32151.103099924512,32151.103099924512,39.0,0.0008323746104118736,0.0,32000,32000,32000,32000,32000,32000,32000,32000,32000,32000,32000
GET,/predict?cb_nonce=979501,1,0,2473.161300062202,2473.161300062202,2473.161300062202,2473.161300062202,39.0,0.0008323746104118736,0.0,2500,2500,2500,2500,2500,2500,2500,2500,2500,2500,2500
GET,/predict?cb_nonce=979616,1,1,4108.8094000006095,4108.8094000006095,4108.8094000006095,4108.8094000006095,0.0,0.0008323746104118736,0.0008323746104118736,4100,4100,4100,4100,4100,4100,4100,4100,4100,4100,4100
GET,/predict?cb_nonce=979729,1,1,4149.705999996513,4149.705999996513,4149.705999996513,4149.705999996513,0.0,0.0008323746104118736,0.0008323746104118736,4100,4100,4100,4100,4100,4100,4100,4100,4100,4100,4100
GET,/predict?cb_nonce=979928,1,0,2328.1265000114217,2328.1265000114217,2328.1265000114217,2328.1265000114217,39.0,0.0008323746104118736,0.0,2300,2300,2300,2300,2300,2300,2300,2300,2300,2300,2300
GET,/predict?cb_nonce=979995,1,0,2355.7823000010103,2355.7823000010103,2355.7823000010103,2355.7823000010103,39.0,0.0008323746104118736,0.0,2400,2400,2400,2400,2400,2400,2400,2400,2400,2400,2400
GET,/predict?cb_nonce=981733,1,0,2589.3767999950796,2589.3767999950796,2589.3767999950796,2589.3767999950796,39.0,0.0008323746104118736,0.0,2600,2600,2600,2600,2600,2600,2600,2600,2600,2600,2600
GET,/predict?cb_nonce=981762,1,1,4440.508999978192,4440.508999978192,4440.508999978192,4440.508999978192,0.0,0.0008323746104118736,0.0008323746104118736,4400,4400,4400,4400,4400,4400,4400,4400,4400,4400,4400
GET,/predict?cb_nonce=981809,1,0,2332.392600015737,2332.392600015737,2332.392600015737,2332.392600015737,39.0,0.0008323746104118736,0.0,2300,2300,2300,2300,2300,2300,2300,2300,2300,2300,2300
GET,/predict?cb_nonce=981893,1,1,4083.2264999626204,4083.2264999626204,4083.2264999626204,4083.2264999626204,0.0,0.0008323746104118736,0.0008323746104118736,4100,4100,4100,4100,4100,4100,4100,4100,4100,4100,4100
GET,/predict?cb_nonce=982094,1,1,4088.706100010313,4088.706100010313,4088.706100010313,4088.706100010313,0.0,0.0008323746104118736,0.0008323746104118736,4100,4100,4100,4100,4100,4100,4100,4100,4100,4100,4100
GET,/predict?cb_nonce=982332,1,0,1391.8407999444753,1391.8407999444753,1391.8407999444753,1391.8407999444753,39.0,0.0008323746104118736,0.0,1400,1400,1400,1400,1400,1400,1400,1400,1400,1400,1400
GET,/predict?cb_nonce=982380,1,1,4134.460199973546,4134.460199973546,4134.460199973546,4134.460199973546,0.0,0.0008323746104118736,0.0008323746104118736,4100,4100,4100,4100,4100,4100,4100,4100,4100,4100,4100
GET,/predict?cb_nonce=98256,1,1,4365.704900003038,4365.704900003038,4365.704900003038,4365.704900003038,0.0,0.0008323746104118736,0.0008323746104118736,4400,4400,4400,4400,4400,4400,4400,4400,4400,4400,4400
GET,/predict?cb_nonce=982616,1,0,1899.5951000833884,1899.5951000833884,1899.5951000833884,1899.5951000833884,39.0,0.0008323746104118736,0.0,1900,1900,1900,1900,1900,1900,1900,1900,1900,1900,1900
GET,/predict?cb_nonce=983084,1,1,4066.1767999408767,4066.1767999408767,4066.1767999408767,4066.1767999408767,0.0,0.0008323746104118736,0.0008323746104118736,4100,4100,4100,4100,4100,4100,4100,4100,4100,4100,4100
GET,/predict?cb_nonce=983104,1,0,2485.6323999119923,2485.6323999119923,2485.6323999119923,2485.6323999119923,39.0,0.0008323746104118736,0.0,2500,2500,2500,2500,2500,2500,2500,2500,2500,2500,2500
GET,/predict?cb_nonce=983391,1,0,2286.957799922675,2286.957799922675,2286.957799922675,2286.957799922675,39.0,0.0008323746104118736,0.0,2300,2300,2300,2300,2300,2300,2300,2300,2300,2300,2300
GET,/predict?cb_nonce=983632,1,1,4726.258800015785,4726.258800015785,4726.258800015785,4726.258800015785,0.0,0.0008323746104118736,0.0008323746104118736,4700,4700,4700,4700,4700,4700,4700,4700,4700,4700,4700
GET,/predict?cb_nonce=983634,1,1,5588.759499951266,5588.759499951266,5588.759499951266,5588.759499951266,0.0,0.0008323746104118736,0.0008323746104118736,5600,5600,5600,5600,5600,5600,5600,5600,5600,5600,5600
GET,/predict?cb_nonce=98403,1,1,4086.145000066608,4086.145000066608,4086.145000066608,4086.145000066608,0.0,0.0008323746104118736,0.0008323746104118736,4100,4100,4100,4100,4100,4100,4100,4100,4100,4100,4100
GET,/predict?cb_nonce=984072,1,0,16338.255499955267,16338.255499955267,16338.255499955267,16338.255499955267,39.0,0.0008323746104118736,0.0,16000,16000,16000,16000,16000,16000,16000,16000,16000,16000,16000
GET,/predict?cb_nonce=984475,1,0,27608.928200090304,27608.928200090304,27608.928200090304,27608.928200090304,39.0,0.0008323746104118736,0.0,28000,28000,28000,28000,28000,28000,28000,28000,28000,28000,28000
GET,/predict?cb_nonce=985351,1,1,4237.133000046015,4237.133000046015,4237.133000046015,4237.133000046015,0.0,0.0008323746104118736,0.0008323746104118736,4200,4200,4200,4200,4200,4200,4200,4200,4200,4200,4200
GET,/predict?cb_nonce=985615,1,0,2372.6112000877038,2372.6112000877038,2372.6112000877038,2372.6112000877038,39.0,0.0008323746104118736,0.0,2400,2400,2400,2400,2400,2400,2400,2400,2400,2400,2400
GET,/predict?cb_nonce=986190,1,0,8864.95560000185,8864.95560000185,8864.95560000185,8864.95560000185,39.0,0.0008323746104118736,0.0,8900,8900,8900,8900,8900,8900,8900,8900,8900,8900,8900
GET,/predict?cb_nonce=986224,1,0,2874.0802999818698,2874.0802999818698,2874.0802999818698,2874.0802999818698,39.0,0.0008323746104118736,0.0,2900,2900,2900,2900,2900,2900,2900,2900,2900,2900,2900
GET,/predict?cb_nonce=986452,1,1,5624.844699981622,5624.844699981622,5624.844699981622,5624.844699981622,0.0,0.0008323746104118736,0.0008323746104118736,5600,5600,5600,5600,5600,5600,5600,5600,5600,5600,5600
GET,/predict?cb_nonce=987232,1,0,1841.6372999781743,1841.6372999781743,1841.6372999781743,1841.6372999781743,39.0,0.0008323746104118736,0.0,1800,1800,1800,1800,1800,1800,1800,1800,1800,1800,1800
GET,/predict?cb_nonce=987797,1,0,1650.201499927789,1650.201499927789,1650.201499927789,1650.201499927789,39.0,0.0008323746104118736,0.0,1700,1700,1700,1700,1700,1700,1700,1700,1700,1700,1700
GET,/predict?cb_nonce=98912,1,0,27030.27360001579,27030.27360001579,27030.27360001579,27030.27360001579,39.0,0.0008323746104118736,0.0,27000,27000,27000,27000,27000,27000,27000,27000,27000,27000,27000
GET,/predict?cb_nonce=989470,1,0,28768.06769997347,28768.06769997347,28768.06769997347,28768.06769997347,39.0,0.0008323746104118736,0.0,29000,29000,29000,29000,29000,29000,29000,29000,29000,29000,29000
GET,/predict?cb_nonce=989533,1,0,2616.372299962677,2616.372299962677,2616.372299962677,2616.372299962677,39.0,0.0008323746104118736,0.0,2600,2600,2600,2600,2600,2600,2600,2600,2600,2600,2600
GET,/predict?cb_nonce=989778,1,1,4953.304100083187,4953.304100083187,4953.304100083187,4953.304100083187,0.0,0.0008323746104118736,0.0008323746104118736,5000,5000,5000,5000,5000,5000,5000,5000,5000,5000,5000
GET,/predict?cb_nonce=989968,1,0,1432.5524000450969,1432.5524000450969,1432.5524000450969,1432.5524000450969,39.0,0.0008323746104118736,0.0,1400,1400,1400,1400,1400,1400,1400,1400,1400,1400,1400
GET,/predict?cb_nonce=990102,1,0,2710.5084999930114,2710.5084999930114,2710.5084999930114,2710.5084999930114,39.0,0.0008323746104118736,0.0,2700,2700,2700,2700,2700,2700,2700,2700,2700,2700,2700
GET,/predict?cb_nonce=99014,1,0,70162.00179990847,70162.00179990847,70162.00179990847,70162.00179990847,39.0,0.0008323746104118736,0.0,70000,70000,70000,70000,70000,70000,70000,70000,70000,70000,70000
GET,/predict?cb_nonce=990462,1,1,4078.683700063266,4078.683700063266,4078.683700063266,4078.683700063266,0.0,0.0008323746104118736,0.0008323746104118736,4100,4100,4100,4100,4100,4100,4100,4100,4100,4100,4100
GET,/predict?cb_nonce=990499,1,0,2444.1921999678016,2444.1921999678016,2444.1921999678016,2444.1921999678016,39.0,0.0008323746104118736,0.0,2400,2400,2400,2400,2400,2400,2400,2400,2400,2400,2400
GET,/predict?cb_nonce=990569,1,0,2553.610200062394,2553.610200062394,2553.610200062394,2553.610200062394,39.0,0.0008323746104118736,0.0,2600,2600,2600,2600,2600,2600,2600,2600,2600,2600,2600
GET,/predict?cb_nonce=991836,1,1,4079.666299978271,4079.666299978271,4079.666299978271,4079.666299978271,0.0,0.0008323746104118736,0.0008323746104118736,4100,4100,4100,4100,4100,4100,4100,4100,4100,4100,4100
GET,/predict?cb_nonce=992534,1,0,27229.27690006327,27229.27690006327,27229.27690006327,27229.27690006327,39.0,0.0008323746104118736,0.0,27000,27000,27000,27000,27000,27000,27000,27000,27000,27000,27000
GET,/predict?cb_nonce=992725,1,1,4577.231999952346,4577.231999952346,4577.231999952346,4577.231999952346,0.0,0.0008323746104118736,0.0008323746104118736,4600,4600,4600,4600,4600,4600,4600,4600,4600,4600,4600
GET,/predict?cb_nonce=993256,1,1,4090.323599986732,4090.323599986732,4090.323599986732,4090.323599986732,0.0,0.0008323746104118736,0.0008323746104118736,4100,4100,4100,4100,4100,4100,4100,4100,4100,4100,4100
GET,/predict?cb_nonce=993314,1,0,2292.309599928558,2292.309599928558,2292.309599928558,2292.309599928558,39.0,0.0008323746104118736,0.0,2300,2300,2300,2300,2300,2300,2300,2300,2300,2300,2300
GET,/predict?cb_nonce=993498,1,1,4091.2696999730542,4091.2696999730542,4091.2696999730542,4091.2696999730542,0.0,0.0008323746104118736,0.0008323746104118736,4100,4100,4100,4100,4100,4100,4100,4100,4100,4100,4100
GET,/predict?cb_nonce=994,1,1,5233.883399982005,5233.883399982005,5233.883399982005,5233.883399982005,0.0,0.0008323746104118736,0.0008323746104118736,5200,5200,5200,5200,5200,5200,5200,5200,5200,5200,5200
GET,/predict?cb_nonce=995034,1,1,4073.810899979435,4073.810899979435,4073.810899979435,4073.810899979435,0.0,0.0008323746104118736,0.0008323746104118736,4100,4100,4100,4100,4100,4100,4100,4100,4100,4100,4100
GET,/predict?cb_nonce=995795,1,1,4244.136899942532,4244.136899942532,4244.136899942532,4244.136899942532,0.0,0.0008323746104118736,0.0008323746104118736,4200,4200,4200,4200,4200,4200,4200,4200,4200,4200,4200
GET,/predict?cb_nonce=995808,1,0,2137.3306999448687,2137.3306999448687,2137.3306999448687,2137.3306999448687,39.0,0.0008323746104118736,0.0,2100,2100,2100,2100,2100,2100,2100,2100,2100,2100,2100
GET,/predict?cb_nonce=99675,1,0,2692.6589000504464,2692.6589000504464,2692.6589000504464,2692.6589000504464,39.0,0.0008323746104118736,0.0,2700,2700,2700,2700,2700,2700,2700,2700,2700,2700,2700
GET,/predict?cb_nonce=997957,1,0,2155.756099964492,2155.756099964492,2155.756099964492,2155.756099964492,39.0,0.0008323746104118736,0.0,2200,2200,2200,2200,2200,2200,2200,2200,2200,2200,2200
GET,/predict?cb_nonce=998880,1,1,4939.104299992323,4939.104299992323,4939.104299992323,4939.104299992323,0.0,0.0008323746104118736,0.0008323746104118736,4900,4900,4900,4900,4900,4900,4900,4900,4900,4900,4900
,Aggregated,11608,4921,4100.0,6234.14724301358,69.53380000777543,156435.61689998023,22.466660923501035,9.662204477661028,4.09611545783683,4100,4200,4300,4600,6200,29000,51000,70000,116000,148000,156000
